accession,organism,taxid,bioproject,biosample,year,release_date,technology,platform,level,ani_status,ani_best,retrieved_utc
GCA_000008305.1,Mesoplasma florum L1,265311,PRJNA10650,SAMN03081416,2004,2004-07-19,,Unknown,Complete Genome,OK,Mesoplasma grammopterae,2026-09-29
GCA_000009845.1,Onion yellows phytoplasma OY-M,262768,PRJNA9615,SAMD00061121,2007,2007-12-15,,Unknown,Complete Genome,Inconclusive,Candidatus Phytoplasma vignae,2026-09-29
GCA_000011445.1,Mycoplasma mycoides subsp. mycoides SC str. PG1,272632,PRJNA10616,SAMEA3138208,2007,2007-02-27,,Unknown,Complete Genome,Inconclusive,Mycoplasma mycoides,2026-09-29
GCA_000012225.1,Aster yellows witches'-broom phytoplasma AYWB,322098,PRJNA13478,SAMN02603687,2006,2006-01-11,,Unknown,Complete Genome,Inconclusive,Candidatus Phytoplasma stylosanthis,2026-09-29
GCA_000012765.1,Mycoplasma capricolum subsp. capricolum ATCC 27343,340047,PRJNA16208,SAMN02603434,2005,2005-12-06,,Unknown,Complete Genome,OK,Mycoplasma capricolum,2026-09-29
GCA_000018785.1,Acholeplasma laidlawii PG-8A,441768,PRJNA19259,SAMN02603756,2007,2007-12-07,,Unknown,Complete Genome,OK,Acholeplasma laidlawii,2026-09-29
GCA_000023165.1,Mycoplasma mycoides subsp. capri str. GM12,436113,PRJNA19245,SAMN02603437,2009,2009-08-21,,Unknown,Complete Genome,OK,Mycoplasma mycoides,2026-09-29
GCA_000023685.1,Mycoplasma mycoides subsp. capri str. GM12,436113,PRJNA39245,SAMN02603459,2009,2009-08-21,,Unknown,Complete Genome,OK,Mycoplasma mycoides,2026-09-29
GCA_000025845.1,Mycoplasma crocodyli MP145,512564,PRJNA29021,SAMN02603450,2010,2010-03-26,,Unknown,Complete Genome,OK,Mycoplasma crocodyli,2026-09-29
GCA_000026205.1,Candidatus Phytoplasma mali,37692,PRJEA25335,SAMEA2272373,2008,2008-07-04,,Unknown,Complete Genome,Inconclusive,Candidatus Phytoplasma stylosanthis,2026-09-29
GCA_000069925.1,Candidatus Phytoplasma australiense,59748,PRJNA29469,SAMEA3138281,2008,2008-04-02,,Unknown,Complete Genome,Inconclusive,Candidatus Phytoplasma vignae,2026-09-29
GCA_000143865.1,Mycoplasma mycoides subsp. mycoides SC str. Gladysdale,865867,PRJNA27713,SAMN02603457,2010,2010-07-26,,Unknown,Complete Genome,OK,Mycoplasma mycoides,2026-09-29
GCA_000179035.2,Mycoplasma suis str. Illinois,768700,PRJNA49421,SAMN02603730,2011,2011-02-18,,Unknown,Complete Genome,OK,Mycoplasma wenyonii,2026-09-29
GCA_000183365.1,Mycoplasma leachii PG50,880447,PRJNA27715,SAMN02603458,2010,2010-11-30,,Unknown,Complete Genome,OK,Mycoplasma capricolum,2026-09-29
GCA_000186985.3,Mycoplasma haemofelis Ohio2,859194,PRJNA50029,SAMN02603731,2011,2011-05-27,,Unknown,Complete Genome,OK,Mycoplasma haemofelis,2026-09-29
GCA_000192395.2,Mycoplasma capricolum subsp. capripneumoniae M1601,927701,PRJNA60247,SAMN02469495,2016,2016-09-16,Illumina,Short,Complete Genome,OK,Mycoplasma capricolum,2026-09-29
GCA_000200735.1,Mycoplasma haemofelis str. Langford 1,941640,PRJEA61503,SAMEA2272171,2011,2011-01-20,,Unknown,Complete Genome,OK,Mycoplasma wenyonii,2026-09-29
GCA_000203215.1,Mycoplasma suis KI3806,708248,PRJNA43245,SAMEA3138343,2011,2011-02-17,,Unknown,Complete Genome,OK,Mycoplasma suis,2026-09-29
GCA_000215935.3,Haloplasma contractile SSD-17B,1033810,PRJNA66977,SAMN02472186,2013,2013-09-12,454; Illumina GAII,Short,Contig,OK,Clostridium combesii,2026-09-29
GCA_000224105.1,Mycoplasma putrefaciens KS1,743965,PRJNA46453,SAMN02604224,2011,2011-08-19,454 Titanium,Short,Complete Genome,OK,Mycoplasma putrefaciens,2026-09-29
GCA_000236085.3,Spiroplasma melliferum KC3,570509,PRJNA32299,SAMN02470890,2014,2014-04-22,chromosome: Sanger; SOLiD 4; plasmids: PacBio,Long,Contig,Inconclusive,Spiroplasma citri,2026-09-29
GCA_000238995.1,Mycoplasma haemocanis str. Illinois,1111676,PRJNA76583,SAMN02603733,2011,2011-12-20,Illumina HiScanSQ,Short,Complete Genome,Inconclusive,Mycoplasma haemofelis,2026-09-29
GCA_000253075.1,Mycoplasma mycoides subsp. capri LC str. 95010,862259,PRJEA50391,SAMEA2272808,2011,2011-04-12,,Unknown,Complete Genome,OK,Mycoplasma mycoides,2026-09-29
GCA_000253095.1,Mycoplasma leachii 99/014/6,866629,PRJEA50599,SAMEA2272153,2011,2011-07-04,,Unknown,Chromosome,OK,Mycoplasma leachii,2026-09-29
GCA_000277795.1,Mycoplasma wenyonii str. Massachusetts,1197325,PRJNA168067,SAMN02603734,2012,2012-07-16,,Unknown,Complete Genome,OK,Mycoplasma ovis,2026-09-29
GCA_000281235.1,Candidatus Mycoplasma haematolamae str. Purdue,1212765,PRJNA68151,SAMN02603732,2012,2012-07-24,,Unknown,Complete Genome,Inconclusive,Mycoplasma wenyonii,2026-09-29
GCA_000300695.1,Italian clover phyllody phytoplasma str. MA1,1196421,PRJNA167147,SAMN01041250,2012,2012-10-01,Illumina GAIIx,Short,Contig,Inconclusive,Candidatus Phytoplasma melaleucae,2026-09-29
GCA_000309405.1,Vaccinium witches'-broom phytoplasma str. VAC,1196419,PRJNA167147,SAMN01041252,2012,2012-10-01,Illumina GAIIx,Short,Contig,Inconclusive,Candidatus Phytoplasma melaleucae,2026-09-29
GCA_000309465.1,Poinsettia branch-inducing phytoplasma str. JR1,1196416,PRJNA167147,SAMN01041249,2012,2012-10-01,Illumina GAIIx,Short,Contig,Inconclusive,Candidatus Phytoplasma citri,2026-09-29
GCA_000309485.1,Milkweed yellows phytoplasma str. MW1,1196417,PRJNA167147,SAMN01041251,2012,2012-10-01,Illumina GAIIx,Short,Contig,Inconclusive,Candidatus Phytoplasma melaleucae,2026-09-29
GCA_000319365.1,Candidatus Mycoplasma haematominutum 'Birmingham 1',1116213,PRJNA76933,SAMEA4532336,2011,2011-11-22,,Unknown,Contig,Inconclusive,Mycoplasma suis,2026-09-29
GCA_000327395.2,Mycoplasma feriruminatoris,1179777,PRJNA175935,SAMN01730980,2022,2022-02-24,Illumina MiSeq; Oxford Nanopore GridION,Hybrid,Complete Genome,OK,Mycoplasma mycoides,2026-09-29
GCA_000328865.1,Spiroplasma melliferum IPMB4A,1129368,PRJNA80357,SAMN02393725,2012,2012-12-31,Illumina HiSeq,Short,Contig,Inconclusive,Spiroplasma citri,2026-09-29
GCA_000339035.1,Mycoplasma mycoides subsp. capri PG3,1188246,PRJNA178078,SAMN02469926,2013,2013-02-19,Illumina HiSeq,Short,Scaffold,OK,Mycoplasma mycoides,2026-09-29
GCA_000364425.1,Peanut witches'-broom phytoplasma NTU2011,1163385,PRJNA89719,SAMN02393726,2013,2013-03-26,Illumina HiSeq,Short,Contig,OK,Candidatus Phytoplasma australasiaticum,2026-09-29
GCA_000376625.1,Mycoplasma putrefaciens Mput9231,1292033,PRJNA188690,SAMN02603228,2013,2013-04-22,Sanger,Unknown,Complete Genome,OK,Mycoplasma putrefaciens,2026-09-29
GCA_000380285.1,Mycoplasma yeatsii 13926,1188240,PRJNA164763,SAMN02471343,2013,2013-04-23,454; Illumina,Short,Contig,OK,Mycoplasma yeatsii,2026-09-29
GCA_000397185.1,Strawberry lethal yellows phytoplasma (CPA) str. NZSb11,980422,PRJNA62247,SAMN02603946,2013,2013-05-16,,Unknown,Complete Genome,Inconclusive,Candidatus Phytoplasma fabacearum,2026-09-29
GCA_000400935.1,Spiroplasma chrysopicola DF-1,1276227,PRJNA184747,SAMN02602968,2013,2013-05-22,Illumina HiSeq,Short,Complete Genome,OK,Spiroplasma syrphidicola,2026-09-29
GCA_000400955.1,Spiroplasma syrphidicola EA-1,1276229,PRJNA184748,SAMN02602969,2013,2013-05-22,Illumina HiSeq,Short,Complete Genome,OK,Spiroplasma chrysopicola,2026-09-29
GCA_000428705.1,Haploplasma axanthum ATCC 25176,1278311,PRJNA185235,SAMN02441544,2013,2013-09-05,Illumina HiSeq 2000,Short,Scaffold,OK,Haploplasma axanthum,2026-09-29
GCA_000432255.1,Acholeplasma sp. CAG:878,1262686,PRJEB1026,SAMEA3138500,2013,2013-07-17,,Unknown,Scaffold,Inconclusive,[Mycoplasma] collis,2026-09-29
GCA_000433455.1,Mycoplasma sp. CAG:877,1262907,PRJEB1025,SAMEA3138560,2013,2013-07-17,,Unknown,Scaffold,Inconclusive,na,2026-09-29
GCA_000433475.1,Mycoplasma sp. CAG:956,1262908,PRJEB1041,SAMEA3138561,2013,2013-07-17,,Unknown,Scaffold,Inconclusive,Clostridium puniceum,2026-09-29
GCA_000434175.1,Mycoplasma sp. CAG:611,1262905,PRJEB959,SAMEA3138596,2013,2013-07-17,,Unknown,Scaffold,Inconclusive,Clostridium tarantellae,2026-09-29
GCA_000437315.1,Mycoplasma sp. CAG:472,1262904,PRJEB896,SAMEA3138750,2013,2013-07-17,,Unknown,Scaffold,Inconclusive,Oceanotoga teriensis,2026-09-29
GCA_000438195.1,Mycoplasma sp. CAG:776,1262906,PRJEB1002,SAMEA3138794,2013,2013-07-17,,Unknown,Scaffold,Inconclusive,na,2026-09-29
GCA_000439435.1,Spiroplasma taiwanense CT-1,1276220,PRJNA184744,SAMN02602966,2013,2013-07-17,Illumina HiSeq,Short,Complete Genome,OK,Spiroplasma diminutum,2026-09-29
GCA_000439455.1,Spiroplasma diminutum CUAS-1,1276221,PRJNA184745,SAMN02602967,2013,2013-07-17,Illumina HiSeq,Short,Complete Genome,OK,Spiroplasma floricola,2026-09-29
GCA_000477415.1,Mycoplasma parvum str. Indiana,1403316,PRJNA219646,SAMN02360547,2013,2013-10-21,Illumina HiSeq,Short,Complete Genome,Inconclusive,Mycoplasma suis,2026-09-29
GCA_000479355.1,Mesoplasma florum W37,1406864,PRJNA222289,SAMN02604109,2013,2013-10-24,Illumina; Pacific Biosciences; Sanger,Short,Complete Genome,OK,Mesoplasma florum,2026-09-29
GCA_000483165.1,Tullyiplasma multilocale ATCC 49900,1278299,PRJNA185218,SAMN02441097,2013,2013-10-25,Illumina HiSeq 2000,Short,Scaffold,OK,Mesoplasma seiffertii,2026-09-29
GCA_000495255.1,Candidatus Phytoplasma tritici,321961,PRJNA214439,SAMN02470708,2013,2013-11-01,Illumina HiSeq; Illumina MiSeq,Short,Contig,Inconclusive,Candidatus Phytoplasma vignae,2026-09-29
GCA_000500935.1,Spiroplasma apis B31,1276258,PRJNA184751,SAMN02641479,2013,2013-12-03,Illumina HiSeq,Short,Complete Genome,OK,Spiroplasma diminutum,2026-09-29
GCA_000508245.1,Mycoplasma ovis str. Michigan,1415773,PRJNA225755,SAMN02641557,2013,2013-12-16,Illumina HiSeq; Illumina MiSeq,Short,Complete Genome,OK,Mycoplasma wenyonii,2026-09-29
GCA_000517365.1,Spiroplasma mirum ATCC 29335,838561,PRJNA49731,SAMN02641528,2014,2014-01-09,,Unknown,Complete Genome,OK,Spiroplasma mirum,2026-09-29
GCA_000518285.1,Williamsoniiplasma lucivorax ATCC 49196,1399797,PRJNA218806,SAMN02584998,2014,2014-01-13,Illumina HiSeq 2000,Short,Scaffold,OK,Williamsoniiplasma lucivorax,2026-09-29
GCA_000518725.1,Mesoplasma seiffertii ATCC 49495,1336238,PRJNA204095,SAMN02584967,2014,2014-01-13,Illumina HiSeq 2000,Short,Scaffold,OK,Mesoplasma syrphidae,2026-09-29
GCA_000518825.1,Mesoplasma chauliocola ATCC 49578,1336232,PRJNA204049,SAMN02584961,2014,2014-01-13,Illumina HiSeq 2000,Short,Scaffold,OK,Mesoplasma chauliocola,2026-09-29
GCA_000526235.1,Acholeplasma granularum ATCC 19168,1278304,PRJNA185223,SAMN02584924,2014,2014-01-14,Illumina HiSeq 2000,Short,Contig,OK,Acholeplasma laidlawii,2026-09-29
GCA_000526835.1,Williamsoniiplasma somnilux ATCC 49194,1399795,PRJNA218803,SAMN02584996,2014,2014-01-14,Illumina HiSeq 2000,Short,Contig,OK,Williamsoniiplasma somnilux,2026-09-29
GCA_000526855.1,Williamsoniiplasma luminosum ATCC 49195,1399796,PRJNA218805,SAMN02584997,2014,2014-01-14,Illumina HiSeq 2000,Short,Contig,OK,Williamsoniiplasma luminosum,2026-09-29
GCA_000565175.1,Spiroplasma culicicola AES-1,1276246,PRJNA184749,SAMN03081474,2014,2014-02-07,Illumina HiSeq,Short,Complete Genome,OK,Spiroplasma chinense,2026-09-29
GCA_000565195.1,Spiroplasma mirum ATCC 29335,838561,PRJNA217816,SAMN03081484,2014,2014-02-07,,Unknown,Complete Genome,OK,Spiroplasma mirum,2026-09-29
GCA_000565215.1,Spiroplasma sabaudiense Ar-1343,1276257,PRJNA184750,SAMN03081504,2014,2014-02-07,Illumina MiSeq 251-bp paired-end reads,Short,Complete Genome,OK,Spiroplasma alleghenense,2026-09-29
GCA_000582535.1,Candidatus Hepatoplasma crinochetorum Av,1427984,PRJNA229465,SAMN03081503,2014,2014-02-26,Illumina GA IIx,Short,Complete Genome,OK,Candidatus Hepatoplasma scabrum,2026-09-29
GCA_000590435.1,Mycoplasma mycoides subsp. capri PG3,1188246,PRJNA164791,SAMN02952980,2014,2014-03-12,Illumina,Short,Contig,OK,Mycoplasma mycoides,2026-09-29
GCA_000622205.1,Mycoplasma leonicaptivi ATCC 49890,1448135,PRJNA234423,SAMN02744030,2014,2014-04-08,Illumina HiSeq 2000,Short,Scaffold,OK,Mycoplasmopsis felis,2026-09-29
GCA_000685885.1,Mesoplasma melaleucae ATCC 49191,1408435,PRJNA223073,SAMN02743375,2014,2014-05-08,Illumina HiSeq 2000; Illumina,Short,Contig,OK,Mesoplasma melaleucae,2026-09-29
GCA_000686545.1,Mesoplasma syrphidae ATCC 51578,1408449,PRJNA223038,SAMN02743351,2014,2014-05-08,Illumina HiSeq 2000; Illumina,Short,Scaffold,OK,Mesoplasma syrphidae,2026-09-29
GCA_000687735.1,Acholeplasma equifetale ATCC 29724,1408415,PRJNA223127,SAMN02743882,2014,2014-04-08,Illumina HiSeq 2000; Illumina,Short,Contig,OK,Acholeplasma granularum,2026-09-29
GCA_000687815.1,Mycoplasma elephantis ATCC 51980,1408459,PRJNA223074,SAMN02743892,2014,2014-04-08,Illumina HiSeq 2000,Short,Contig,OK,Mycoplasmopsis equigenitalium,2026-09-29
GCA_000687835.1,Haploplasma modicum ATCC 29102,1408417,PRJNA223044,SAMN02743893,2014,2014-04-08,Illumina HiSeq 2000,Short,Contig,OK,Acholeplasma hippikon,2026-09-29
GCA_000701525.1,Mesoplasma grammopterae ATCC 49580,1408447,PRJNA223004,SAMN02841185,2014,2014-06-11,Illumina HiSeq 2000; Illumina,Short,Scaffold,OK,Mesoplasma florum,2026-09-29
GCA_000702705.1,Mycoplasma simbae ATCC 49888,1408469,PRJNA223019,SAMN02841157,2014,2014-06-11,Illumina HiSeq 2000; Illumina,Short,Contig,OK,Mycoplasma zalophidermidis,2026-09-29
GCA_000702725.1,Mesoplasma photuris ATCC 49581,1408448,PRJNA223039,SAMN02841188,2014,2014-06-11,Illumina HiSeq 2000; Illumina,Short,Contig,OK,Tullyiplasma multilocale,2026-09-29
GCA_000702765.1,Acholeplasma hippikon ATCC 29725,1408416,PRJNA223075,SAMN02841174,2014,2014-06-11,Illumina HiSeq 2000; Illumina,Short,Contig,OK,Acholeplasma hippikon,2026-09-29
GCA_000723365.1,Mycoplasma amphoriforme A39,572419,PRJEB5305,SAMEA3865287,2014,2014-05-12,,Unknown,Complete Genome,OK,Mycoplasmoides alvi,2026-09-29
GCA_000731685.1,Mycoplasma capricolum subsp. capripneumoniae 99108,1188243,PRJNA164785,SAMN02741410,2014,2014-07-18,Illumina,Short,Contig,OK,Mycoplasma capricolum,2026-09-29
GCA_000731875.1,Mycoplasma capricolum subsp. capricolum 14232,1188238,PRJNA164757,SAMN02927604,2014,2014-07-21,Illumina,Short,Contig,OK,Mycoplasma capricolum,2026-09-29
GCA_000733865.1,Mycoplasma buteonis,171280,PRJNA245612,SAMN02745656,2014,2014-07-24,Illumina HiSeq 2000,Short,Scaffold,OK,Mycoplasmopsis gallopavonis,2026-09-29
GCA_000744065.1,'Chrysanthemum coronarium' phytoplasma,1520703,PRJDB2922,SAMD00018609,2014,2014-08-14,454 GS FLX; Illumina Hiseq,Short,Contig,Inconclusive,Candidatus Phytoplasma vignae,2026-09-29
GCA_000753575.1,Candidatus Izimoplasma sp. HR2,1541960,PRJNA259563,SAMN03009493,2014,2014-09-09,Illumina HiSeq,Short,Scaffold,Inconclusive,Clostridium thermobutyricum,2026-09-29
GCA_000755705.1,Candidatus Izimoplasma sp. HR1,1541959,PRJNA259530,SAMN03009086,2014,2014-09-18,Illumina HiSeq2000,Short,Complete Genome,Inconclusive,Eubacterium multiforme,2026-09-29
GCA_000800785.1,Mycoplasma mycoides subsp. mycoides,2103,PRJNA266092,SAMN03162163,2014,2014-12-11,IonTorrent,Unknown,Complete Genome,OK,Mycoplasma mycoides,2026-09-29
GCA_000803325.1,Chrysanthemum yellows phytoplasma,238674,PRJNA266098,SAMN03159445,2014,2014-12-18,Illumina GAIIx,Short,Contig,Inconclusive,Candidatus Phytoplasma vignae,2026-09-29
GCA_000820525.2,Spiroplasma poulsonii,2138,PRJNA256019,SAMN07737451,2018,2018-03-02,PacBio,Long,Scaffold,Inconclusive,Spiroplasma phoeniceum,2026-09-29
GCA_000830335.1,Mycoplasma capricolum subsp. capricolum,40479,PRJNA241088,SAMN03283040,2015,2015-01-30,PacBio,Long,Contig,OK,Mycoplasma capricolum,2026-09-29
GCA_000835085.1,Mycoplasma capricolum subsp. capripneumoniae 87001,1124992,PRJNA78705,SAMN03275448,2015,2015-02-10,Roche 454 GS FLX; ABI,Short,Complete Genome,OK,Mycoplasma capricolum,2026-09-29
GCA_000875755.1,Mycoplasma yeatsii GM274B,743967,PRJNA46457,SAMN02700145,2015,2015-02-13,PacBio,Long,Complete Genome,OK,Mycoplasma yeatsii,2026-09-29
GCA_000952915.1,Mycoplasma capricolum subsp. capripneumoniae,40480,PRJEB6140,SAMEA2547818,2014,2014-08-16,PacBio RS II,Long,Complete Genome,OK,Mycoplasma capricolum,2026-09-29
GCA_000953195.1,Acholeplasma oculi,35623,PRJEB6255,SAMEA2522063,2014,2014-06-02,PacBio RS II; HiSeq2500,Hybrid,Complete Genome,OK,Acholeplasma oculi,2026-09-29
GCA_000953235.1,Mycoplasma capricolum subsp. capripneumoniae,40480,PRJEB7065,SAMEA2710682,2014,2014-09-04,Illumina HiSeq,Short,Complete Genome,OK,Mycoplasma capricolum,2026-09-29
GCA_000953375.1,Mycoplasma capricolum subsp. capripneumoniae,40480,PRJEB7064,SAMEA2710297,2014,2014-08-27,Illumina HiSeq,Short,Complete Genome,OK,Mycoplasma capricolum,2026-09-29
GCA_000959055.1,Mycoplasma mycoides subsp. mycoides,2103,PRJNA272471,SAMN03282439,2015,2015-03-20,PacBio,Long,Contig,OK,Mycoplasma mycoides,2026-09-29
GCA_000959065.1,Mycoplasma mycoides subsp. mycoides,2103,PRJNA272775,SAMN03286960,2015,2015-03-20,Illumina MiSeq; PacBio,Hybrid,Contig,OK,Mycoplasma mycoides,2026-09-29
GCA_000967915.1,Acholeplasma brassicae,61635,PRJEB1741,SAMEA4532333,2013,2013-10-11,,Unknown,Complete Genome,OK,Acholeplasma laidlawii,2026-09-29
GCA_000968055.1,Alteracholeplasma palmae J233,1318466,PRJEB1742,SAMEA4532332,2013,2013-10-11,,Unknown,Complete Genome,OK,Acholeplasma granularum,2026-09-29
GCA_000970375.1,Candidatus Phytoplasma solani,69896,PRJEB1231,SAMEA4532330,2013,2013-10-22,,Unknown,Chromosome,Inconclusive,Candidatus Phytoplasma stylosanthis,2026-09-29
GCA_000970395.1,Candidatus Phytoplasma solani,69896,PRJEB1230,SAMEA4532331,2013,2013-10-22,,Unknown,Chromosome,Inconclusive,Candidatus Phytoplasma stylosanthis,2026-09-29
GCA_001005165.1,Mycoplasma capricolum subsp. capricolum,40479,PRJNA282481,SAMN03570464,2015,2015-05-08,Illumina,Short,Scaffold,OK,Mycoplasma capricolum,2026-09-29
GCA_001017675.1,Mycoplasmataceae bacterium CE_OT135,1525752,PRJNA255995,SAMN02934550,2015,2015-06-02,Illumina HiSeq,Short,Contig,Inconclusive,na,2026-09-29
GCA_001017685.1,Mycoplasmataceae bacterium RV_VA103A,1528105,PRJNA256996,SAMN03003637,2015,2015-06-02,Illumina HiSeq,Short,Contig,Inconclusive,na,2026-09-29
GCA_001017705.1,Mycoplasmataceae bacterium RC_NB112A,1524337,PRJNA255736,SAMN02928331,2015,2015-06-02,Illumina HiSeq,Short,Contig,Inconclusive,Marinitoga litoralis,2026-09-29
GCA_001029245.1,Spiroplasma mirum,2144,PRJNA253349,SAMN03488049,2015,2015-06-17,Illumina MiSeq,Short,Complete Genome,OK,Spiroplasma mirum,2026-09-29
GCA_001029265.1,Spiroplasma eriocheiris,315358,PRJNA253647,SAMN03488050,2015,2015-06-17,Illumina MiSeq,Short,Complete Genome,OK,Spiroplasma eriocheiris,2026-09-29
GCA_001179805.1,Hepatoplasma crinochetorum (SeqCode),295596,PRJEB9152,SAMEA3387527,2015,2015-07-07,Illumina HiSeq2000,Short,Scaffold,OK,Candidatus Hepatoplasma scabrum,2026-09-29
GCA_001189415.1,Candidatus Phytoplasma phoenicium,198422,PRJNA253787,SAMN02903325,2015,2015-07-30,Illumina,Short,Contig,Inconclusive,Candidatus Phytoplasma vignae,2026-09-29
GCA_001199495.1,Mycoplasma sp. HU2014,1664275,PRJNA286079,SAMN03764574,2015,2015-08-04,Illumina,Short,Scaffold,OK,Mycoplasma cottewii,2026-09-29
GCA_001262715.1,Spiroplasma turonicum,216946,PRJNA291635,SAMN03948565,2015,2015-08-07,Pacbio,Long,Complete Genome,OK,Spiroplasma turonicum,2026-09-29
GCA_001267155.1,Spiroplasma litorale,216942,PRJNA253651,SAMN03938703,2015,2015-08-13,Illumina MiSeq,Short,Complete Genome,OK,Spiroplasma corruscae,2026-09-29
GCA_001267815.1,Mycoplasma mycoides subsp. capri,40477,PRJNA285728,SAMN03758384,2015,2015-08-17,PacBio,Long,Complete Genome,OK,Mycoplasma mycoides,2026-09-29
GCA_001274875.1,Spiroplasma kunkelii CR2-3x,273035,PRJNA270865,SAMN03269975,2015,2015-08-26,PacBio,Long,Complete Genome,Inconclusive,Spiroplasma phoeniceum,2026-09-29
GCA_001277135.1,Candidatus Phytoplasma pruni,479893,PRJNA283111,SAMN03603757,2015,2015-09-01,454,Short,Contig,Inconclusive,Candidatus Phytoplasma crotalariae,2026-09-29
GCA_001281045.1,Spiroplasma cantharicola,362837,PRJNA253642,SAMN03955382,2015,2015-09-11,Illumina MiSeq,Short,Complete Genome,OK,Spiroplasma diminutum,2026-09-29
GCA_001307505.2,Candidatus Phytoplasma australasiaticum subsp. taiwanense,1123738,PRJNA294131,SAMN04017316,2020,2020-09-22,Illumina MiSeq; Oxford Nanopore MiniION,Hybrid,Complete Genome,OK,Candidatus Phytoplasma australasiaticum,2026-09-29
GCA_001484045.1,Mycoplasma sp. (ex Biomphalaria glabrata),1749074,PRJNA12879,SAMN04147048,2016,2016-01-04,454,Short,Complete Genome,Inconclusive,Mycoplasma capricolum,2026-09-29
GCA_001512455.1,Acholeplasmatales bacterium DTU067,1671634,PRJNA283298,SAMN03778949,2016,2016-01-12,Illumina HiSeq,Short,Scaffold,Inconclusive,na,2026-09-29
GCA_001512985.1,Acholeplasmatales bacterium DTU056,1671633,PRJNA283298,SAMN03776757,2016,2016-01-12,Illumina HiSeq,Short,Scaffold,Inconclusive,na,2026-09-29
GCA_001512995.1,Acholeplasmatales bacterium DTU067,1671634,PRJNA283298,SAMN03778949,2016,2016-01-12,Illumina HiSeq,Short,Scaffold,Inconclusive,na,2026-09-29
GCA_001513715.1,Spiroplasma turonicum,216946,PRJNA253654,SAMN04219521,2016,2016-01-12,Illumina MiSeq,Short,Complete Genome,OK,Spiroplasma turonicum,2026-09-29
GCA_001554055.1,Mycoplasma mycoides subsp. mycoides,2103,PRJNA280349,SAMN03459584,2016,2016-02-09,454; Illumina,Short,Complete Genome,OK,Mycoplasma mycoides,2026-09-29
GCA_001554075.1,Mycoplasma mycoides subsp. mycoides,2103,PRJNA280353,SAMN04479833,2016,2016-02-09,454; Illumina,Short,Complete Genome,OK,Mycoplasma mycoides,2026-09-29
GCA_001554095.1,Mycoplasma mycoides subsp. mycoides,2103,PRJNA280354,SAMN04479834,2016,2016-02-09,454; Illumina,Short,Complete Genome,OK,Mycoplasma mycoides,2026-09-29
GCA_001554115.1,Mycoplasma mycoides subsp. mycoides,2103,PRJNA280355,SAMN04479835,2016,2016-02-09,454; Illumina,Short,Complete Genome,OK,Mycoplasma mycoides,2026-09-29
GCA_001554155.1,Mycoplasma mycoides subsp. mycoides,2103,PRJNA280356,SAMN04479836,2016,2016-02-09,454; Illumina,Short,Complete Genome,OK,Mycoplasma mycoides,2026-09-29
GCA_001564435.1,Mycoplasma mycoides subsp. mycoides,2103,PRJNA310401,SAMN04451932,2016,2016-02-22,PacBio,Long,Complete Genome,OK,Mycoplasma mycoides,2026-09-29
GCA_001578535.1,Candidatus Phytoplasma oryzae,203274,PRJNA310404,SAMN04452058,2016,2016-03-02,Illumina Hiseq,Short,Contig,Inconclusive,Candidatus Phytoplasma vignae,2026-09-29
GCA_001604495.1,Acholeplasmatales bacterium Tener_01,1674909,PRJNA284316,SAMN03837574,2016,2016-03-30,Illumina HiSeq,Short,Scaffold,Inconclusive,na,2026-09-29
GCA_001604505.1,Entomoplasmatales bacterium Tener_02,1674919,PRJNA284316,SAMN03837575,2016,2016-03-30,Illumina HiSeq,Short,Scaffold,Inconclusive,Clostridium thermosuccinogenes,2026-09-29
GCA_001623385.2,Phytoplasma sp. Vc33,1836886,PRJNA293833,SAMN04010523,2016,2016-04-19,IonTorrent,Unknown,Scaffold,Inconclusive,Candidatus Phytoplasma gossypii,2026-09-29
GCA_001641205.1,Mycoplasma sp. Bg1,1784822,PRJNA309720,SAMN04386405,2016,2016-05-10,Illumina MiSeq,Short,Contig,Inconclusive,Candidatus Tyloplasma litorale,2026-09-29
GCA_001641225.1,Mycoplasma sp. Bg2,1784823,PRJNA309720,SAMN04386406,2016,2016-05-10,Illumina MiSeq,Short,Contig,Inconclusive,Candidatus Tyloplasma litorale,2026-09-29
GCA_001645765.1,Candidatus Mycoplasma haematobovis,432608,PRJNA319681,SAMN04903359,2016,2016-05-17,Illumina MiSeq,Short,Contig,Inconclusive,Mycoplasma haemofelis,2026-09-29
GCA_001650335.1,Acholeplasma laidlawii,2148,PRJNA315625,SAMN04566713,2016,2016-05-24,454,Short,Contig,OK,Acholeplasma laidlawii,2026-09-29
GCA_001712875.1,Candidatus Phytoplasma zeae,202462,PRJNA317711,SAMN04623572,2016,2016-08-25,Illumina MiSeq,Short,Complete Genome,Inconclusive,Candidatus Phytoplasma vignae,2026-09-29
GCA_001715535.1,Spiroplasma helicoides,216938,PRJNA253649,SAMN05578878,2016,2016-08-29,Illumina MiSeq,Short,Complete Genome,OK,Spiroplasma tabanidicola,2026-09-29
GCA_001729645.1,Acholeplasma laidlawii,2148,PRJNA325217,SAMN05225430,2016,2016-09-16,454,Short,Contig,OK,Acholeplasma laidlawii,2026-09-29
GCA_001729655.1,Acholeplasma laidlawii,2148,PRJNA325216,SAMN05225429,2016,2016-09-16,454,Short,Contig,OK,Acholeplasma laidlawii,2026-09-29
GCA_001730135.1,Acholeplasma laidlawii,2148,PRJNA342499,SAMN05761484,2016,2016-09-16,Illumina MiSeq,Short,Scaffold,OK,Acholeplasma laidlawii,2026-09-29
GCA_001792795.1,Spiroplasma sp. TU-14,1898044,PRJNA341843,SAMN05729610,2016,2016-10-20,Illumina MiSeq,Short,Complete Genome,OK,Spiroplasma citri,2026-09-29
GCA_001866375.1,Rice orange leaf phytoplasma,146897,PRJNA341900,SAMN05730130,2016,2016-11-04,Illumina HiSeq,Short,Contig,Inconclusive,Candidatus Phytoplasma vignae,2026-09-29
GCA_001886495.1,Spiroplasma sp. NBRC 100390,1914410,PRJNA351766,SAMN05954264,2016,2016-11-28,Illumina MiSeq,Short,Complete Genome,OK,Spiroplasma citri,2026-09-29
GCA_001886855.1,Spiroplasma citri,2133,PRJNA296877,SAMN04110376,2016,2016-11-28,PacBio,Long,Complete Genome,OK,Spiroplasma phoeniceum,2026-09-29
GCA_001917275.1,Mycoplasma sp. CAG:611_25_7,1897009,PRJNA321218,SAMN05717310,2016,2016-12-23,Illumina HiSeq,Short,Scaffold,Inconclusive,na,2026-09-29
GCA_001940985.1,Mollicutes bacterium Phil14,1930023,PRJNA357304,SAMN06140821,2017,2017-01-10,Illumina HiSeq,Short,Scaffold,Inconclusive,Clostridium moniliforme,2026-09-29
GCA_002009215.1,Mycoplasma capricolum subsp. capripneumoniae,40480,PRJNA358856,SAMN06186601,2017,2017-03-02,Pacbio,Long,Complete Genome,OK,Mycoplasma capricolum,2026-09-29
GCA_002009625.1,Candidatus Phytoplasma citri,180978,PRJNA376491,SAMN06434186,2017,2017-03-02,Illumina HiSeq,Short,Contig,OK,Candidatus Phytoplasma citri,2026-09-29
GCA_002028345.1,Spiroplasma eriocheiris CCTCC M 207170,743698,PRJNA46263,SAMN03418104,2017,2017-03-15,Roche 454 GS FLX,Short,Complete Genome,OK,Spiroplasma eriocheiris,2026-09-29
GCA_002118325.2,Entomoplasmatales bacterium EntAcro1,1941207,PRJNA369645,SAMN06251630,2019,2019-08-23,Illumina MiSeq,Short,Contig,Inconclusive,Mesoplasma whartonense,2026-09-29
GCA_002118355.2,Entomoplasmatales bacterium EntAcro10,1941208,PRJNA369645,SAMN06251631,2019,2019-08-23,Illumina MiSeq,Short,Contig,Inconclusive,Spiroplasma attinicola,2026-09-29
GCA_002135175.2,Candidatus Spiroplasma holothuricola,1963034,PRJNA376231,SAMN06368401,2017,2017-08-24,Illumina MiSeq,Short,Complete Genome,Inconclusive,Candidatus Hepatoplasma vulgare,2026-09-29
GCA_002163565.1,Spiroplasma clarkii,2139,PRJNA303055,SAMN04285339,2017,2017-06-02,PacBio,Long,Complete Genome,OK,Spiroplasma clarkii,2026-09-29
GCA_002210205.1,Acholeplasma laidlawii,2148,PRJNA321821,SAMN05004555,2017,2017-06-28,454 Roche JS Junior,Short,Contig,OK,Acholeplasma laidlawii,2026-09-29
GCA_002237575.1,Spiroplasma corruscae,216934,PRJNA253645,SAMN07267299,2017,2017-07-31,Illumina MiSeq,Short,Complete Genome,OK,Spiroplasma litorale,2026-09-29
GCA_002245785.1,Mycoplasma testudineum,244584,PRJNA394956,SAMN07367954,2017,2017-08-10,Illumina NextSeq 500,Short,Scaffold,OK,Mycoplasma testudineum,2026-09-29
GCA_002252075.2,Acholeplasma laidlawii,2148,PRJNA383989,SAMN06821038,2017,2017-11-05,Illumina MiSeq,Short,Contig,OK,Acholeplasma laidlawii,2026-09-29
GCA_002252185.2,Acholeplasma laidlawii,2148,PRJNA383991,SAMN06821057,2017,2017-11-05,Illumina MiSeq,Short,Contig,OK,Acholeplasma laidlawii,2026-09-29
GCA_002285055.1,Candidatus Izimoplasma sp. ZiA1,2024899,PRJNA397120,SAMN07449349,2017,2017-09-04,PacBio,Long,Scaffold,Inconclusive,Arcobacter roscoffensis,2026-09-29
GCA_002290085.1,Mesoplasma chauliocola,216427,PRJNA400791,SAMN07573570,2017,2017-09-12,Illumina MiSeq; Oxford-Nanopore Minion,Hybrid,Complete Genome,OK,Mesoplasma chauliocola,2026-09-29
GCA_002298905.1,Mycoplasma sp. UBA710,1946970,PRJNA348753,SAMN06453697,2017,2017-09-12,Illumina,Short,Scaffold,Inconclusive,Mesomycoplasma moatsii,2026-09-29
GCA_002345705.1,Acholeplasmataceae bacterium UBA2284,1951309,PRJNA348753,SAMN06452303,2017,2017-09-22,Illumina,Short,Scaffold,Inconclusive,Peloplasma aerotolerans,2026-09-29
GCA_002372615.1,Mycoplasmataceae bacterium UBA3729,1952266,PRJNA348753,SAMN06452513,2017,2017-09-26,Illumina,Short,Contig,Inconclusive,na,2026-09-29
GCA_002397505.1,Acholeplasmataceae bacterium UBA4950,1951313,PRJNA348753,SAMN06455153,2017,2017-09-28,Illumina,Short,Scaffold,Inconclusive,Hujiaoplasma nucleasis,2026-09-29
GCA_002398145.1,Acholeplasmataceae bacterium UBA4904,1951312,PRJNA348753,SAMN06457454,2017,2017-09-28,Illumina,Short,Scaffold,Inconclusive,Hujiaoplasma nucleasis,2026-09-29
GCA_002398445.1,Acholeplasmataceae bacterium UBA5000,1951314,PRJNA348753,SAMN06450981,2017,2017-09-28,Illumina,Short,Scaffold,Inconclusive,Acholeplasma brassicae,2026-09-29
GCA_002399485.1,Acholeplasmataceae bacterium UBA4870,1951311,PRJNA348753,SAMN06456589,2017,2017-09-28,Illumina,Short,Scaffold,Inconclusive,Lactobacillus acetotolerans,2026-09-29
GCA_002399815.1,Acholeplasmataceae bacterium UBA4853,1951310,PRJNA348753,SAMN06453586,2017,2017-09-28,Illumina,Short,Scaffold,Inconclusive,Acholeplasma oculi,2026-09-29
GCA_002407985.1,Acholeplasmataceae bacterium UBA5354,1951319,PRJNA348753,SAMN06451886,2017,2017-10-03,Illumina,Short,Scaffold,Inconclusive,Hujiaoplasma nucleasis,2026-09-29
GCA_002408505.1,Acholeplasmataceae bacterium UBA5282,1951318,PRJNA348753,SAMN06455092,2017,2017-10-03,Illumina,Short,Scaffold,Inconclusive,Hujiaoplasma nucleasis,2026-09-29
GCA_002408805.1,Acholeplasmataceae bacterium UBA5250,1951316,PRJNA348753,SAMN06452243,2017,2017-10-03,Illumina,Short,Scaffold,Inconclusive,Hujiaoplasma nucleasis,2026-09-29
GCA_002410615.1,Acholeplasmataceae bacterium UBA5409,1951321,PRJNA348753,SAMN06452524,2017,2017-10-03,Illumina,Short,Scaffold,Inconclusive,Hujiaoplasma nucleasis,2026-09-29
GCA_002410795.1,Acholeplasmataceae bacterium UBA5386,1951320,PRJNA348753,SAMN06457197,2017,2017-10-03,Illumina,Short,Scaffold,Inconclusive,Hujiaoplasma nucleasis,2026-09-29
GCA_002411585.1,Acholeplasmataceae bacterium UBA5264,1951317,PRJNA348753,SAMN06457556,2017,2017-10-03,Illumina,Short,Scaffold,Inconclusive,Hujiaoplasma nucleasis,2026-09-29
GCA_002412315.1,Acholeplasmataceae bacterium UBA5222,1951315,PRJNA348753,SAMN06454566,2017,2017-10-03,Illumina,Short,Scaffold,Inconclusive,Hujiaoplasma nucleasis,2026-09-29
GCA_002418725.1,Acholeplasmataceae bacterium UBA5769,1951328,PRJNA348753,SAMN06451457,2017,2017-10-03,Illumina,Short,Scaffold,Inconclusive,Haploplasma axanthum,2026-09-29
GCA_002421365.1,Acholeplasmataceae bacterium UBA5635,1951327,PRJNA348753,SAMN06452378,2017,2017-10-03,Illumina,Short,Scaffold,Inconclusive,Haploplasma axanthum,2026-09-29
GCA_002422045.1,Acholeplasmataceae bacterium UBA6190,1951331,PRJNA348753,SAMN06457400,2017,2017-10-04,Illumina,Short,Scaffold,Inconclusive,Mariniplasma anaerobium,2026-09-29
GCA_002422135.1,Acholeplasmataceae bacterium UBA6181,1951330,PRJNA348753,SAMN06454855,2017,2017-10-04,Illumina,Short,Scaffold,Inconclusive,Peloplasma aerotolerans,2026-09-29
GCA_002423145.1,Acholeplasmataceae bacterium UBA6150,1951329,PRJNA348753,SAMN06453525,2017,2017-10-04,Illumina,Short,Contig,Inconclusive,Paracholeplasma manati,2026-09-29
GCA_002424575.1,Acholeplasmataceae bacterium UBA5617,1951326,PRJNA348753,SAMN06451146,2017,2017-10-04,Illumina,Short,Scaffold,Inconclusive,Paracholeplasma manati,2026-09-29
GCA_002426705.1,Acholeplasmataceae bacterium UBA5430,1951322,PRJNA348753,SAMN06456065,2017,2017-10-04,Illumina,Short,Scaffold,Inconclusive,Hujiaoplasma nucleasis,2026-09-29
GCA_002427085.1,Acholeplasmataceae bacterium UBA5491,1951325,PRJNA348753,SAMN06454103,2017,2017-10-04,Illumina,Short,Scaffold,Inconclusive,Lactobacillus acetotolerans,2026-09-29
GCA_002427245.1,Acholeplasmataceae bacterium UBA5468,1951324,PRJNA348753,SAMN06452761,2017,2017-10-04,Illumina,Short,Scaffold,Inconclusive,Hujiaoplasma nucleasis,2026-09-29
GCA_002427375.1,Acholeplasmataceae bacterium UBA5453,1951323,PRJNA348753,SAMN06453599,2017,2017-10-04,Illumina,Short,Scaffold,Inconclusive,na,2026-09-29
GCA_002441525.1,Acholeplasmataceae bacterium UBA6235,1951332,PRJNA348753,SAMN06450456,2017,2017-10-04,Illumina,Short,Scaffold,Inconclusive,Paracholeplasma manati,2026-09-29
GCA_002441935.1,Mesoplasma lactucae ATCC 49193,81460,PRJNA412357,SAMN07709945,2017,2017-10-04,Illumina MiSeq; Oxford-Nanopore Minion,Hybrid,Complete Genome,OK,Mesoplasma lactucae,2026-09-29
GCA_002483695.1,Acholeplasmataceae bacterium UBA7643,1951333,PRJNA348753,SAMN06454696,2017,2017-10-06,Illumina,Short,Scaffold,Inconclusive,Hujiaoplasma nucleasis,2026-09-29
GCA_002504365.1,Mesoplasma florum,2151,PRJNA412852,SAMN07735426,2017,2017-10-10,Illumina MiSeq; Oxford Nanopore Minion,Hybrid,Complete Genome,OK,Mesoplasma florum,2026-09-29
GCA_002504385.1,Mesoplasma florum,2151,PRJNA412852,SAMN07735427,2017,2017-10-10,Illumina MiSeq; Oxford Nanopore Minion,Hybrid,Complete Genome,OK,Mesoplasma florum,2026-09-29
GCA_002554195.1,New Jersey aster yellows phytoplasma,270520,PRJNA327174,SAMN05323707,2017,2017-10-16,454,Short,Contig,Inconclusive,Candidatus Phytoplasma citri,2026-09-29
GCA_002749675.1,Mesoplasma entomophilum,2149,PRJNA415956,SAMN07838951,2017,2017-11-03,Illumina MiSeq; Oxford-Nanopore Minion,Hybrid,Complete Genome,OK,Mesoplasma entomophilum,2026-09-29
GCA_002795265.1,Spiroplasma clarkii,2139,PRJNA253644,SAMN07540836,2017,2017-11-23,Illumina MiSeq,Short,Complete Genome,OK,Spiroplasma clarkii,2026-09-29
GCA_002803985.1,Williamsoniiplasma luminosum,214888,PRJNA330900,SAMN05429629,2017,2017-12-04,Illumina MiSeq,Short,Complete Genome,OK,Williamsoniiplasma luminosum,2026-09-29
GCA_002804005.1,Williamsoniiplasma somnilux,215578,PRJNA330903,SAMN05429912,2017,2017-12-04,Illumina MiSeq,Short,Complete Genome,OK,Williamsoniiplasma somnilux,2026-09-29
GCA_002804025.1,Mesoplasma tabanidae,219745,PRJNA331060,SAMN05436730,2017,2017-12-04,Illumina MiSeq,Short,Complete Genome,OK,Mesoplasma coleopterae,2026-09-29
GCA_002804105.1,Mesoplasma melaleucae,81459,PRJNA330902,SAMN05429631,2017,2017-12-04,Illumina MiSeq,Short,Complete Genome,OK,Mesoplasma melaleucae,2026-09-29
GCA_002804125.1,Mesoplasma entomophilum,2149,PRJNA331056,SAMN05436726,2017,2017-12-04,Illumina MiSeq,Short,Complete Genome,OK,Mesoplasma entomophilum,2026-09-29
GCA_002804205.1,Entomoplasma freundtii,74700,PRJNA330899,SAMN05429604,2017,2017-12-04,Illumina MiSeq,Short,Complete Genome,OK,Entomoplasma freundtii,2026-09-29
GCA_002804225.1,Mesoplasma lactucae ATCC 49193,81460,PRJNA331057,SAMN05436727,2017,2017-12-04,Illumina MiSeq,Short,Complete Genome,OK,Mesoplasma lactucae,2026-09-29
GCA_002804245.1,Mesoplasma coleopterae,324078,PRJNA331059,SAMN05436729,2017,2017-12-04,Illumina MiSeq,Short,Complete Genome,OK,Mesoplasma entomophilum,2026-09-29
GCA_002813555.1,Spiroplasma floricola 23-6,1336749,PRJNA205099,SAMN07981470,2017,2017-12-07,Illumina MiSeq,Short,Complete Genome,OK,Spiroplasma diminutum,2026-09-29
GCA_002843565.1,Mesoplasma syrphidae,225999,PRJNA421837,SAMN08158127,2017,2017-12-17,Illumina MiSeq; Oxford Nanopore Minion; Sanger,Hybrid,Complete Genome,OK,Mesoplasma syrphidae,2026-09-29
GCA_002865545.1,Spiroplasma monobiae MQ-1,1336748,PRJNA205098,SAMN03651236,2018,2018-01-07,Illumina MiSeq,Short,Complete Genome,OK,Spiroplasma floricola,2026-09-29
GCA_002868295.1,Spiroplasma melliferum,2134,PRJNA419864,SAMN08100015,2018,2018-01-08,Illumina,Short,Contig,Inconclusive,Spiroplasma citri,2026-09-29
GCA_002888635.2,endosymbiont DhMRE of Dentiscutata heterogama,1609546,PRJEB8356,SAMEA3257422,2015,2015-06-12,,Unknown,Chromosome,Inconclusive,na,2026-09-29
GCA_002930145.1,Mesoplasma corruscae,216874,PRJNA331058,SAMN05436728,2018,2018-02-15,Illumina MiSeq,Short,Contig,Inconclusive,Entomoplasma ellychniae,2026-09-29
GCA_002930155.1,Entomoplasma ellychniae,2114,PRJNA330898,SAMN05429603,2018,2018-02-15,Illumina MiSeq,Short,Contig,Inconclusive,Mesoplasma corruscae,2026-09-29
GCA_002930185.1,Williamsoniiplasma lucivorax,209274,PRJNA330901,SAMN05429630,2018,2018-02-15,Illumina MiSeq,Short,Contig,OK,Williamsoniiplasma lucivorax,2026-09-29
GCA_002968355.1,Spiroplasma sp. ChiS,2099885,PRJNA422968,SAMN08560477,2018,2018-03-04,Illumina MiSeq,Short,Contig,OK,Spiroplasma citri,2026-09-29
GCA_002968365.1,Candidatus Phytoplasma phoenicium,198422,PRJNA422968,SAMN08560476,2018,2018-03-04,Illumina MiSeq,Short,Contig,Inconclusive,Candidatus Phytoplasma vignae,2026-09-29
GCA_002999255.1,Mesoplasma florum,2151,PRJNA394317,SAMN07352418,2018,2018-03-14,Illumina HiSeq,Short,Complete Genome,OK,Mesoplasma florum,2026-09-29
GCA_002999275.1,Mesoplasma florum,2151,PRJNA394317,SAMN07352416,2018,2018-03-14,Illumina HiSeq,Short,Complete Genome,OK,Mesoplasma florum,2026-09-29
GCA_002999295.1,Mesoplasma florum,2151,PRJNA394317,SAMN07352422,2018,2018-03-14,Illumina HiSeq,Short,Complete Genome,OK,Mesoplasma florum,2026-09-29
GCA_002999315.1,Mesoplasma entomophilum,2149,PRJNA394317,SAMN07352420,2018,2018-03-14,Illumina HiSeq,Short,Chromosome,OK,Mesoplasma entomophilum,2026-09-29
GCA_002999355.1,Mesoplasma florum,2151,PRJNA394317,SAMN07352417,2018,2018-03-14,Illumina HiSeq,Short,Chromosome,OK,Mesoplasma florum,2026-09-29
GCA_002999375.1,Mesoplasma florum,2151,PRJNA394317,SAMN07352421,2018,2018-03-14,Illumina HiSeq,Short,Chromosome,OK,Mesoplasma florum,2026-09-29
GCA_002999395.1,Mesoplasma coleopterae,324078,PRJNA394317,SAMN07352414,2018,2018-03-14,Illumina HiSeq,Short,Chromosome,OK,Mesoplasma coleopterae,2026-09-29
GCA_002999415.1,Mesoplasma florum,2151,PRJNA394317,SAMN07352419,2018,2018-03-14,Illumina HiSeq,Short,Complete Genome,OK,Mesoplasma florum,2026-09-29
GCA_002999435.1,Mesoplasma florum,2151,PRJNA394317,SAMN07352415,2018,2018-03-14,Illumina HiSeq,Short,Complete Genome,OK,Mesoplasma florum,2026-09-29
GCA_002999455.1,Mesoplasma coleopterae,324078,PRJNA394317,SAMN07352413,2018,2018-03-14,Illumina HiSeq,Short,Chromosome,OK,Mesoplasma coleopterae,2026-09-29
GCA_003006095.1,Mesoplasma florum,2151,PRJNA394317,SAMN07352436,2018,2018-03-16,Illumina HiSeq; Sanger; PacBio,Hybrid,Chromosome,OK,Mesoplasma florum,2026-09-29
GCA_003013295.1,Williamsoniiplasma luminosum,214888,PRJNA378805,SAMN08574188,2018,2018-03-21,PacBio,Long,Complete Genome,Inconclusive,Williamsoniiplasma luminosum,2026-09-29
GCA_003034265.1,Mycoplasma leachii 06049,1188244,PRJNA164787,SAMN03452323,2018,2018-04-05,454; Illumina,Short,Contig,OK,Mycoplasma leachii,2026-09-29
GCA_003034275.1,Mycoplasma mycoides subsp. mycoides B345/93,1188251,PRJNA164803,SAMN03452324,2018,2018-04-05,454; Illumina,Short,Contig,OK,Mycoplasma mycoides,2026-09-29
GCA_003034305.1,Mycoplasma mycoides subsp. mycoides KH3J,1188258,PRJNA164827,SAMN03452328,2018,2018-04-05,454; Illumina,Short,Contig,OK,Mycoplasma mycoides,2026-09-29
GCA_003034315.1,Mycoplasma mycoides subsp. mycoides C425/93,1188255,PRJNA164815,SAMN03452326,2018,2018-04-05,454; Illumina,Short,Contig,OK,Mycoplasma mycoides,2026-09-29
GCA_003034345.1,Mycoplasma mycoides subsp. mycoides str. Gemu Goffa,1188259,PRJNA164831,SAMN03452330,2018,2018-04-05,454; Illumina,Short,Contig,OK,Mycoplasma mycoides,2026-09-29
GCA_003034355.1,Mycoplasma mycoides subsp. mycoides PO-67,1188248,PRJNA164795,SAMN03454261,2018,2018-04-05,454; Illumina,Short,Contig,OK,Mycoplasma mycoides,2026-09-29
GCA_003124105.1,Spiroplasma poulsonii,2138,PRJNA416288,SAMN07947877,2018,2018-05-15,PacBio,Long,Contig,Inconclusive,Spiroplasma phoeniceum,2026-09-29
GCA_003124115.1,Spiroplasma poulsonii,2138,PRJNA416288,SAMN07947876,2018,2018-05-15,PacBio,Long,Contig,Inconclusive,Spiroplasma phoeniceum,2026-09-29
GCA_003181115.1,'Brassica napus' phytoplasma,469009,PRJNA464391,SAMN09083457,2018,2018-05-31,Illumina MiSeq; Oxford nanopore MinIon,Hybrid,Contig,Inconclusive,Candidatus Phytoplasma stylosanthis,2026-09-29
GCA_003249785.1,Acholeplasmatales bacterium,2053494,PRJNA385762,SAMN09288117,2018,2018-06-19,Illumina HiSeq,Short,Contig,Inconclusive,Haploplasma axanthum,2026-09-29
GCA_003263355.1,Candidatus Phytoplasma oryzae,203274,PRJNA243293,SAMN02714138,2018,2018-06-25,Illumina,Short,Contig,Inconclusive,Candidatus Phytoplasma citri,2026-09-29
GCA_003265155.1,Mycoplasma wenyonii,65123,PRJNA475119,SAMN09379922,2018,2018-06-26,Illumina HiSeq,Short,Contig,Inconclusive,Mycoplasma wenyonii,2026-09-29
GCA_003339775.1,Spiroplasma phoeniceum P40,1276259,PRJNA435429,SAMN08579949,2018,2018-07-25,PacBio,Long,Complete Genome,OK,Spiroplasma citri,2026-09-29
GCA_003363775.1,Spiroplasma alleghenense,216931,PRJNA205100,SAMN09726146,2018,2018-08-07,Illumina MiSeq,Short,Complete Genome,OK,Spiroplasma sabaudiense,2026-09-29
GCA_003385765.1,Acholeplasma laidlawii,2148,PRJNA439852,SAMN08769264,2018,2018-08-14,Illumina HiSeq,Short,Scaffold,OK,Acholeplasma laidlawii,2026-09-29
GCA_003476205.1,Acholeplasmatales bacterium,2053494,PRJNA417962,SAMN08018110,2018,2018-09-06,Illumina HiSeq 2000,Short,Scaffold,Inconclusive,na,2026-09-29
GCA_003477305.1,Acholeplasmatales bacterium,2053494,PRJNA417962,SAMN08018072,2018,2018-09-06,Illumina HiSeq 2000,Short,Scaffold,Inconclusive,Conexibacter arvalis,2026-09-29
GCA_003487205.1,Acholeplasmataceae bacterium,1898209,PRJNA417962,SAMN08018367,2018,2018-09-06,Illumina HiSeq 2000,Short,Contig,Inconclusive,Acholeplasma laidlawii,2026-09-29
GCA_003497445.1,Acholeplasmataceae bacterium,1898209,PRJNA417962,SAMN08018608,2018,2018-09-07,Illumina Genome Analyzer IIx,Short,Scaffold,Inconclusive,Candidatus Phytoplasma stylosanthis,2026-09-29
GCA_003499865.1,Acholeplasmataceae bacterium,1898209,PRJNA417962,SAMN08018709,2018,2018-09-07,Illumina HiSeq 2000,Short,Scaffold,Inconclusive,Acholeplasma equirhinis,2026-09-29
GCA_003509585.1,Acholeplasmataceae bacterium,1898209,PRJNA417962,SAMN08019209,2018,2018-09-07,Illumina MiSeq,Short,Contig,Inconclusive,Acholeplasma brassicae,2026-09-29
GCA_003511045.1,Acholeplasmataceae bacterium,1898209,PRJNA417962,SAMN08019177,2018,2018-09-07,Illumina HiSeq 2000,Short,Contig,Inconclusive,Acholeplasma laidlawii,2026-09-29
GCA_003512145.1,Acholeplasmataceae bacterium,1898209,PRJNA417962,SAMN08019407,2018,2018-09-07,Illumina HiSeq 2000,Short,Scaffold,Inconclusive,Peloplasma aerotolerans,2026-09-29
GCA_003518475.1,Acholeplasmataceae bacterium,1898209,PRJNA417962,SAMN08019459,2018,2018-09-10,Illumina HiSeq 2000,Short,Scaffold,Inconclusive,Paracholeplasma morum,2026-09-29
GCA_003518985.1,Acholeplasmataceae bacterium,1898209,PRJNA417962,SAMN08019435,2018,2018-09-10,Illumina HiSeq 2000,Short,Contig,Inconclusive,Paracholeplasma morum,2026-09-29
GCA_003524005.1,Acholeplasmataceae bacterium,1898209,PRJNA417962,SAMN08018310,2018,2018-09-07,Illumina HiSeq 2000,Short,Contig,Inconclusive,Acholeplasma laidlawii,2026-09-29
GCA_003524985.1,Acholeplasmatales bacterium,2053494,PRJNA417962,SAMN08020431,2018,2018-09-10,Illumina HiSeq 2000,Short,Scaffold,Inconclusive,Clostridium moniliforme,2026-09-29
GCA_003531975.1,Acholeplasmatales bacterium,2053494,PRJNA417962,SAMN08019060,2018,2018-09-07,Illumina HiSeq 2000,Short,Scaffold,Inconclusive,na,2026-09-29
GCA_003537675.1,Acholeplasmataceae bacterium,1898209,PRJNA417962,SAMN08020053,2018,2018-09-10,Illumina HiSeq 2000,Short,Scaffold,Inconclusive,Paracholeplasma morum,2026-09-29
GCA_003539625.1,Acholeplasmatales bacterium,2053494,PRJNA417962,SAMN08019988,2018,2018-09-10,Illumina HiSeq 2000,Short,Scaffold,Inconclusive,Thomasclavelia spiroformis,2026-09-29
GCA_003546845.1,endosymbiont GvMRE of Glomus versiforme,2039283,PRJNA407498,SAMN07679736,2018,2018-09-11,Illumina HiSeq,Short,Scaffold,Inconclusive,Marinitoga hydrogenitolerans,2026-09-29
GCA_003550015.1,Anaeroplasma bactoclasticum,2088,PRJNA245591,SAMN02745153,2018,2018-09-12,Illumina HiSeq,Short,Scaffold,OK,na,2026-09-29
GCA_003550405.1,Mollicutes bacterium,37628,PRJNA434545,SAMN08575303,2018,2018-09-12,Illumina HiSeq,Short,Contig,Inconclusive,Staphylococcus capitis,2026-09-29
GCA_003551005.1,Mollicutes bacterium,37628,PRJNA434545,SAMN08575263,2018,2018-09-12,Illumina HiSeq,Short,Contig,Inconclusive,Streptomyces massasporeus,2026-09-29
GCA_003551405.1,Mollicutes bacterium,37628,PRJNA434545,SAMN08575240,2018,2018-09-12,Illumina HiSeq,Short,Contig,Inconclusive,Natronogracilivirga saccharolytica,2026-09-29
GCA_003551455.1,Mollicutes bacterium,37628,PRJNA434545,SAMN08575237,2018,2018-09-12,Illumina HiSeq,Short,Contig,Inconclusive,Rhodoplanes roseus,2026-09-29
GCA_003552275.1,Mollicutes bacterium,37628,PRJNA434545,SAMN08575295,2018,2018-09-12,Illumina HiSeq,Short,Contig,Inconclusive,na,2026-09-29
GCA_003552925.1,Mollicutes bacterium,37628,PRJNA434545,SAMN08575179,2018,2018-09-12,Illumina HiSeq,Short,Contig,Inconclusive,Halorubrum glutamatedens,2026-09-29
GCA_003553385.1,Mollicutes bacterium,37628,PRJNA434545,SAMN08575153,2018,2018-09-12,Illumina HiSeq,Short,Contig,Inconclusive,na,2026-09-29
GCA_003553945.1,Mollicutes bacterium,37628,PRJNA434545,SAMN08575148,2018,2018-09-12,Illumina HiSeq,Short,Contig,Inconclusive,Agromyces intestinalis,2026-09-29
GCA_003554025.1,Mollicutes bacterium,37628,PRJNA434545,SAMN08575131,2018,2018-09-12,Illumina HiSeq,Short,Contig,Inconclusive,Geobacillus stearothermophilus,2026-09-29
GCA_003554175.1,Mollicutes bacterium,37628,PRJNA434545,SAMN08575114,2018,2018-09-12,Illumina HiSeq,Short,Contig,Inconclusive,Agromyces tropicus,2026-09-29
GCA_003554485.1,Mollicutes bacterium,37628,PRJNA434545,SAMN08575095,2018,2018-09-12,Illumina HiSeq,Short,Contig,Inconclusive,na,2026-09-29
GCA_003554735.1,Mollicutes bacterium,37628,PRJNA434545,SAMN08575077,2018,2018-09-12,Illumina HiSeq,Short,Contig,Inconclusive,na,2026-09-29
GCA_003555335.1,Mollicutes bacterium,37628,PRJNA434545,SAMN08575078,2018,2018-09-12,Illumina HiSeq,Short,Contig,Inconclusive,na,2026-09-29
GCA_003556785.1,Mollicutes bacterium,37628,PRJNA434545,SAMN08574630,2018,2018-09-13,Illumina HiSeq,Short,Contig,Inconclusive,Lederbergia galactosidilytica,2026-09-29
GCA_003557505.1,Mollicutes bacterium,37628,PRJNA434545,SAMN08574576,2018,2018-09-13,Illumina HiSeq,Short,Contig,Inconclusive,Acholeplasma laidlawii,2026-09-29
GCA_003558005.1,Mollicutes bacterium,37628,PRJNA434545,SAMN08574543,2018,2018-09-13,Illumina HiSeq,Short,Contig,Inconclusive,na,2026-09-29
GCA_003558105.1,Mollicutes bacterium,37628,PRJNA434545,SAMN08574535,2018,2018-09-13,Illumina HiSeq,Short,Contig,Inconclusive,Staphylococcus shinii,2026-09-29
GCA_003558515.1,Mollicutes bacterium,37628,PRJNA434545,SAMN08574639,2018,2018-09-13,Illumina HiSeq,Short,Contig,Inconclusive,Alteribacillus bidgolensis,2026-09-29
GCA_003558795.1,Mollicutes bacterium,37628,PRJNA434545,SAMN08574591,2018,2018-09-13,Illumina HiSeq,Short,Contig,Inconclusive,na,2026-09-29
GCA_003559235.1,Mollicutes bacterium,37628,PRJNA434545,SAMN08574521,2018,2018-09-13,Illumina HiSeq,Short,Contig,Inconclusive,Vagococcus fessus,2026-09-29
GCA_003559495.1,Mollicutes bacterium,37628,PRJNA434545,SAMN08574495,2018,2018-09-13,Illumina HiSeq,Short,Contig,Inconclusive,Candidatus Hepatoplasma vulgare,2026-09-29
GCA_003559585.1,Mollicutes bacterium,37628,PRJNA434545,SAMN08574488,2018,2018-09-13,Illumina HiSeq,Short,Contig,Inconclusive,Candidatus Xianfuyuplasma coldseepsis,2026-09-29
GCA_003560395.1,Mollicutes bacterium,37628,PRJNA434545,SAMN08574427,2018,2018-09-13,Illumina HiSeq,Short,Contig,Inconclusive,na,2026-09-29
GCA_003560455.1,Mollicutes bacterium,37628,PRJNA434545,SAMN08574424,2018,2018-09-13,Illumina HiSeq,Short,Contig,Inconclusive,na,2026-09-29
GCA_003560995.1,Mollicutes bacterium,37628,PRJNA434545,SAMN08574435,2018,2018-09-13,Illumina HiSeq,Short,Contig,Inconclusive,Paracerasibacillus soli,2026-09-29
GCA_003566505.1,Mollicutes bacterium,37628,PRJNA434545,SAMN08574961,2018,2018-09-13,Illumina HiSeq,Short,Contig,Inconclusive,na,2026-09-29
GCA_003566975.1,Mollicutes bacterium,37628,PRJNA434545,SAMN08574918,2018,2018-09-13,Illumina HiSeq,Short,Contig,Inconclusive,Candidatus Xianfuyuplasma coldseepsis,2026-09-29
GCA_003568115.1,Mollicutes bacterium,37628,PRJNA434545,SAMN08574824,2018,2018-09-13,Illumina HiSeq,Short,Contig,Inconclusive,Conexibacter woesei,2026-09-29
GCA_003568315.1,Mollicutes bacterium,37628,PRJNA434545,SAMN08574842,2018,2018-09-13,Illumina HiSeq,Short,Contig,Inconclusive,Nocardioides aromaticivorans,2026-09-29
GCA_003568345.1,Mollicutes bacterium,37628,PRJNA434545,SAMN08574830,2018,2018-09-13,Illumina HiSeq,Short,Contig,Inconclusive,Thioalkalivibrio versutus,2026-09-29
GCA_003586005.1,Haloplasmatales bacterium 4B,1274318,PRJNA382612,SAMN06711112,2018,2018-09-20,Illumina NextSeq 500,Short,Contig,Inconclusive,Marinitoga hydrogenitolerans,2026-09-29
GCA_003605085.1,Acholeplasma sp.,33015,PRJNA355136,SAMN08499016,2018,2018-10-01,Illumina HiSeq,Short,Contig,Inconclusive,Acholeplasma equifetale,2026-09-29
GCA_003640545.1,Candidatus Phytoplasma ziziphi,135727,PRJNA420423,SAMN08111979,2018,2018-10-12,Illumina HiSeq 4000; PacBio RSII,Hybrid,Complete Genome,Inconclusive,Candidatus Phytoplasma stylosanthis,2026-09-29
GCA_003698095.1,Candidatus Phytoplasma solani,69896,PRJNA323760,SAMN05188712,2018,2018-10-30,Illumina MiSeq,Short,Contig,Inconclusive,Candidatus Phytoplasma stylosanthis,2026-09-29
GCA_003813745.1,Mycoplasma mycoides subsp. capri str. G1201,1176433,PRJNA74009,SAMN08454472,2018,2018-11-20,Illumina HiSeq,Short,Scaffold,Inconclusive,Mesomycoplasma ovipneumoniae,2026-09-29
GCA_003855455.1,Mycoplasma struthionis,538220,PRJNA505199,SAMN10411876,2018,2018-12-02,PacBio RSII,Long,Complete Genome,OK,[Mycoplasma] anseris,2026-09-29
GCA_003987485.1,Spiroplasma endosymbiont of Megaselia nigra,2478537,PRJNA495838,SAMN10232686,2018,2018-12-31,Illumina HiSeq,Short,Contig,Inconclusive,Spiroplasma phoeniceum,2026-09-29
GCA_003989055.1,Spiroplasma poulsonii,2138,PRJNA492288,SAMN10096205,2019,2019-01-04,Illumina HiSeq; PacBio RSII,Hybrid,Contig,Inconclusive,Spiroplasma citri,2026-09-29
GCA_004011945.1,Mycoplasma sp. ATU-Cv-508,2048001,PRJNA414892,SAMN07809904,2019,2019-01-11,PacBio,Long,Contig,Inconclusive,Mycoplasma procyoni,2026-09-29
GCA_004011965.1,Mycoplasma sp. ATU-Cv-703,2498595,PRJNA414892,SAMN07809902,2019,2019-01-11,Illumina MiSeq,Short,Scaffold,Inconclusive,Mesomycoplasma lagogenitalium,2026-09-29
GCA_004195325.1,Candidatus Izemoplasma acidinucleici,2975564,PRJNA510104,SAMN10805732,2019,2019-02-15,Illumina HiSeq 2500,Short,Contig,OK,Clostridium grantii,2026-09-29
GCA_004214875.1,'Catharanthus roseus' aster yellows phytoplasma,1193712,PRJNA522055,SAMN10923938,2019,2019-02-20,Illumina HiScan SQ,Short,Complete Genome,Inconclusive,Candidatus Phytoplasma vignae,2026-09-29
GCA_004335975.1,Mycoplasma marinum,1937190,PRJNA432938,SAMN08466820,2019,2019-03-08,Illumina HiSeq,Short,Contig,OK,Mycoplasma marinum,2026-09-29
GCA_004335995.1,Mycoplasma todarodis,1937191,PRJNA432939,SAMN08466821,2019,2019-03-08,Illumina HiSeq,Short,Contig,OK,Mycoplasma marinum,2026-09-29
GCA_004362335.1,Mycoplasma testudineum,244584,PRJNA245595,SAMN02745156,2019,2019-03-22,Illumina HiSeq,Short,Contig,OK,Mycoplasma testudineum,2026-09-29
GCA_004365505.1,Entomoplasma freundtii,74700,PRJNA257864,SAMN02982991,2019,2019-03-22,Illumina HiSeq,Short,Contig,OK,Entomoplasma freundtii,2026-09-29
GCA_004379335.1,Spiroplasma gladiatoris,2143,PRJNA253648,SAMN11157588,2019,2019-03-26,Illumina MiSeq,Short,Complete Genome,OK,Spiroplasma tabanidicola,2026-09-29
GCA_004551725.1,Mollicutes bacterium,37628,PRJNA494875,SAMN10183326,2019,2019-04-01,Illumina HiSeq,Short,Contig,Inconclusive,Clostridium tarantellae,2026-09-29
GCA_004552445.1,Mollicutes bacterium,37628,PRJNA494875,SAMN10183325,2019,2019-04-01,Illumina HiSeq,Short,Contig,Inconclusive,Lactobacillus amylovorus,2026-09-29
GCA_004553735.1,Mollicutes bacterium,37628,PRJNA494875,SAMN10183324,2019,2019-04-01,Illumina HiSeq,Short,Contig,Inconclusive,Clostridium tepidum,2026-09-29
GCA_004555315.1,Mollicutes bacterium,37628,PRJNA494875,SAMN10183323,2019,2019-04-01,Illumina HiSeq,Short,Contig,Inconclusive,na,2026-09-29
GCA_004558005.1,Mollicutes bacterium,37628,PRJNA494875,SAMN10183328,2019,2019-04-01,Illumina HiSeq,Short,Contig,Inconclusive,Clostridium tarantellae,2026-09-29
GCA_004558715.1,Mollicutes bacterium,37628,PRJNA494875,SAMN10183327,2019,2019-04-01,Illumina HiSeq,Short,Contig,Inconclusive,[Clostridium] colinum,2026-09-29
GCA_005093185.1,Periwinkle leaf yellowing phytoplasma,619518,PRJNA530090,SAMN11334315,2019,2019-05-02,Illumina MiSeq,Short,Contig,Inconclusive,Candidatus Phytoplasma vignae,2026-09-29
GCA_005222125.1,Spiroplasma melliferum,2134,PRJNA435428,SAMN08579952,2019,2019-05-07,PacBio,Long,Complete Genome,Inconclusive,Spiroplasma citri,2026-09-29
GCA_005774685.2,Texas Phoenix palm phytoplasma,176709,PRJNA542577,SAMN11633708,2021,2021-04-12,Illumina MiSeq,Short,Contig,Inconclusive,Candidatus Phytoplasma australasiaticum,2026-09-29
GCA_005795965.1,Spiroplasma sp. WSS,2575700,PRJNA540284,SAMN11527888,2019,2019-05-22,Illumina MiSeq,Short,Contig,Inconclusive,Spiroplasma platyhelix,2026-09-29
GCA_006228185.1,Mycoplasma nasistruthionis,353852,PRJNA545729,SAMN11916152,2019,2019-06-11,PacBio RSII,Long,Complete Genome,OK,Mycoplasmopsis canis,2026-09-29
GCA_006265075.1,Mycoplasma mycoides subsp. mycoides,2103,PRJNA543735,SAMN11775870,2019,2019-06-11,Illumina NextSeq,Short,Contig,OK,Mycoplasma mycoides,2026-09-29
GCA_006265105.1,Mycoplasma mycoides subsp. mycoides,2103,PRJNA543735,SAMN11775871,2019,2019-06-11,Illumina NextSeq,Short,Contig,OK,Mycoplasma mycoides,2026-09-29
GCA_006439365.1,Mycoplasma struthionis,538220,PRJNA549053,SAMN12070222,2019,2019-06-24,454,Short,Contig,OK,Mycoplasma struthionis,2026-09-29
GCA_006494695.1,Mycoplasma nasistruthionis,353852,PRJNA548662,SAMN12045895,2019,2019-06-27,454,Short,Chromosome,OK,Mycoplasma nasistruthionis,2026-09-29
GCA_006969105.1,Mycoplasma capricolum subsp. capripneumoniae,40480,PRJNA477945,SAMN09488308,2019,2019-07-15,Illumina HiSeq,Short,Complete Genome,OK,Mycoplasma capricolum,2026-09-29
GCA_006970065.1,Mycoplasma capricolum subsp. capripneumoniae,40480,PRJNA477939,SAMN09488261,2019,2019-07-15,Illumina HiSeq,Short,Complete Genome,OK,Mycoplasma capricolum,2026-09-29
GCA_006970285.1,Mycoplasma capricolum subsp. capripneumoniae,40480,PRJNA477944,SAMN09488307,2019,2019-07-15,Illumina HiSeq,Short,Complete Genome,OK,Mycoplasma capricolum,2026-09-29
GCA_007116105.1,Candidatus Izemoplasma sp.,2979197,PRJNA453733,SAMN10605153,2019,2019-07-18,Illumina HiSeq,Short,Contig,Inconclusive,Acholeplasma brassicae,2026-09-29
GCA_007116205.1,Candidatus Izemoplasma sp.,2979197,PRJNA453733,SAMN10605151,2019,2019-07-18,Illumina HiSeq,Short,Contig,Inconclusive,Faecalibacillus intestinalis,2026-09-29
GCA_007116245.1,Candidatus Izemoplasma sp.,2979197,PRJNA453733,SAMN10605149,2019,2019-07-18,Illumina HiSeq,Short,Contig,Inconclusive,Candidatus Izemoplasma acidinucleici,2026-09-29
GCA_007116395.1,Candidatus Izemoplasma sp.,2979197,PRJNA453733,SAMN10605141,2019,2019-07-18,Illumina HiSeq,Short,Contig,Inconclusive,na,2026-09-29
GCA_007117555.1,Candidatus Izemoplasma sp.,2979197,PRJNA453733,SAMN10605083,2019,2019-07-18,Illumina HiSeq,Short,Contig,Inconclusive,na,2026-09-29
GCA_007117565.1,Candidatus Izemoplasma sp.,2979197,PRJNA453733,SAMN10605081,2019,2019-07-18,Illumina HiSeq,Short,Contig,Inconclusive,na,2026-09-29
GCA_007117625.1,Candidatus Izemoplasma sp.,2979197,PRJNA453733,SAMN10605079,2019,2019-07-18,Illumina HiSeq,Short,Contig,Inconclusive,Malaciobacter marinus,2026-09-29
GCA_007117835.1,Candidatus Izemoplasma sp.,2979197,PRJNA453733,SAMN10605069,2019,2019-07-18,Illumina HiSeq,Short,Contig,Inconclusive,na,2026-09-29
GCA_007117885.1,Candidatus Izemoplasma sp.,2979197,PRJNA453733,SAMN10605067,2019,2019-07-18,Illumina HiSeq,Short,Contig,Inconclusive,Candidatus Xianfuyuplasma coldseepsis,2026-09-29
GCA_007123535.1,Candidatus Izemoplasma sp.,2979197,PRJNA453733,SAMN10606003,2019,2019-07-18,Illumina HiSeq,Short,Contig,Inconclusive,Nitrincola schmidtii,2026-09-29
GCA_007123975.1,Candidatus Izemoplasma sp.,2979197,PRJNA453733,SAMN10607248,2019,2019-07-18,Illumina HiSeq,Short,Contig,Inconclusive,Liberiplasma polymorphum,2026-09-29
GCA_007124145.1,Candidatus Izemoplasma sp.,2979197,PRJNA453733,SAMN10607241,2019,2019-07-18,Illumina HiSeq,Short,Contig,Inconclusive,Candidatus Izemoplasma acidinucleici,2026-09-29
GCA_007124305.1,Candidatus Izemoplasma sp.,2979197,PRJNA453733,SAMN10607231,2019,2019-07-18,Illumina HiSeq,Short,Contig,Inconclusive,Candidatus Xianfuyuplasma coldseepsis,2026-09-29
GCA_007125535.1,Candidatus Izemoplasma sp.,2979197,PRJNA453733,SAMN10607170,2019,2019-07-18,Illumina HiSeq,Short,Contig,Inconclusive,Candidatus Halarchaeoplasma halalkaliphilum,2026-09-29
GCA_007131405.1,Candidatus Izemoplasma sp.,2979197,PRJNA453733,SAMN10610618,2019,2019-07-18,Illumina HiSeq,Short,Contig,Inconclusive,Heyndrickxia shackletonii,2026-09-29
GCA_007131855.1,Candidatus Izemoplasma sp.,2979197,PRJNA453733,SAMN10610593,2019,2019-07-18,Illumina HiSeq,Short,Contig,Inconclusive,na,2026-09-29
GCA_007132145.1,Candidatus Izemoplasma sp.,2979197,PRJNA453733,SAMN10610579,2019,2019-07-18,Illumina HiSeq,Short,Contig,Inconclusive,na,2026-09-29
GCA_007132465.1,Candidatus Izemoplasma sp.,2979197,PRJNA453733,SAMN10610564,2019,2019-07-18,Illumina HiSeq,Short,Contig,Inconclusive,Candidatus Xianfuyuplasma coldseepsis,2026-09-29
GCA_007133355.1,Candidatus Izemoplasma sp.,2979197,PRJNA453733,SAMN10610519,2019,2019-07-18,Illumina HiSeq,Short,Contig,Inconclusive,Acholeplasma brassicae,2026-09-29
GCA_007135105.1,Candidatus Izemoplasma sp.,2979197,PRJNA453733,SAMN10610430,2019,2019-07-18,Illumina HiSeq,Short,Contig,Inconclusive,Paracerasibacillus soli,2026-09-29
GCA_007136515.1,Candidatus Izemoplasma sp.,2979197,PRJNA453733,SAMN10610360,2019,2019-07-18,Illumina HiSeq,Short,Contig,Inconclusive,na,2026-09-29
GCA_007197615.1,Acholeplasma laidlawii,2148,PRJNA554265,SAMN12261611,2019,2019-07-20,Illumina MiSeq,Short,Contig,OK,Acholeplasma laidlawii,2026-09-29
GCA_007692425.1,Acholeplasmataceae bacterium,1898209,PRJNA377096,SAMN10237378,2019,2019-07-30,Illumina NextSeq,Short,Contig,Inconclusive,Mariniplasma anaerobium,2026-09-29
GCA_007694145.1,Acholeplasmatales bacterium,2053494,PRJNA377096,SAMN10237377,2019,2019-07-30,Illumina NextSeq,Short,Contig,Inconclusive,Exiguobacterium mexicanum,2026-09-29
GCA_007821455.1,Candidatus Phytoplasma pini,267362,PRJNA474201,SAMN09289773,2019,2019-08-01,Illumina,Short,Contig,Inconclusive,Candidatus Phytoplasma melaleucae,2026-09-29
GCA_007858495.1,Mycoplasma anserisalpingitidis,519450,PRJNA553666,SAMN12242012,2019,2019-08-06,Illumina NextSeq,Short,Complete Genome,Inconclusive,Mycoplasma anserisalpingitidis,2026-09-29
GCA_007858515.1,Mycoplasma anserisalpingitidis,519450,PRJNA554567,SAMN12273890,2019,2019-08-06,Illumina NextSeq; Illumina MiSeq,Short,Complete Genome,OK,Mycoplasma anserisalpingitidis,2026-09-29
GCA_007859615.1,Mycoplasma anserisalpingitidis,519450,PRJNA554588,SAMN12274163,2019,2019-08-07,Illumina MiSeq,Short,Complete Genome,OK,Mycoplasmopsis anatis,2026-09-29
GCA_007993715.1,Spiroplasma citri,2133,PRJNA558054,SAMN12423348,2019,2019-08-13,PacBio RSII,Long,Complete Genome,OK,Spiroplasma citri,2026-09-29
GCA_008086545.1,Spiroplasma chinense,216932,PRJNA253643,SAMN12559111,2019,2019-08-26,Illumina MiSeq,Short,Complete Genome,OK,Spiroplasma culicicola,2026-09-29
GCA_008326325.1,Candidatus Mycoplasma haematohominis,1494318,PRJDB7871,SAMD00156495,2019,2019-04-09,MiSeq,Short,Contig,Inconclusive,Mycoplasma haemofelis,2026-09-29
GCA_009268075.1,'Cynodon dactylon' phytoplasma,295320,PRJNA564951,SAMN12727363,2019,2019-10-22,Illumina HiSeq; Oxford Nanopore MinION,Hybrid,Scaffold,Inconclusive,Candidatus Phytoplasma australasiaticum,2026-09-29
GCA_009268105.2,Candidatus Phytoplasma sacchari,2609813,PRJNA565134,SAMN12735220,2025,2025-07-24,Illumina HiSeq; Oxford Nanopore MinION,Hybrid,Complete Genome,Inconclusive,Candidatus Phytoplasma australasiaticum,2026-09-29
GCA_009730595.1,Spiroplasma tabanidicola,324079,PRJNA253652,SAMN13340650,2019,2019-12-05,Illumina MiSeq,Short,Complete Genome,OK,Spiroplasma gladiatoris,2026-09-29
GCA_009792315.1,Mycoplasma sp. NEAQ87857,2683967,PRJNA579329,SAMN13108394,2019,2019-12-23,Illumina MiSeq,Short,Complete Genome,Inconclusive,Mycoplasmopsis canis,2026-09-29
GCA_009832225.1,Mycoplasma sp. MF12,2283449,PRJNA478906,SAMN09532940,2020,2020-01-06,Illumina MiSeq,Short,Scaffold,Failed,Mesomycoplasma flocculare,2026-09-29
GCA_009866525.1,Spiroplasma poulsonii,2138,PRJNA256019,SAMN11349289,2020,2020-01-14,PacBio,Long,Chromosome,Inconclusive,Spiroplasma phoeniceum,2026-09-29
GCA_009884515.1,Candidatus Mycoplasma liparidae,2698225,PRJNA497967,SAMN10274256,2020,2020-01-15,Illumina MiSeq,Short,Contig,Inconclusive,Malacoplasma iowae,2026-09-29
GCA_010365785.1,Spiroplasma sp. TIUS-1,216963,PRJNA209115,SAMN12905643,2020,2020-02-10,Illumina HiSeq,Short,Complete Genome,Inconclusive,Spiroplasma tabanidicola,2026-09-29
GCA_010365805.1,Spiroplasma sp. BIUS-1,216964,PRJNA209114,SAMN12905642,2020,2020-02-10,Illumina HiSeq,Short,Complete Genome,OK,Spiroplasma monobiae,2026-09-29
GCA_010587055.1,Spiroplasma citri,2133,PRJNA591027,SAMN13349064,2020,2020-02-14,PacBio RS,Long,Complete Genome,OK,Spiroplasma citri,2026-09-29
GCA_010587105.1,Spiroplasma citri,2133,PRJNA591027,SAMN13349063,2020,2020-02-14,PacBio RSII,Long,Complete Genome,OK,Spiroplasma citri,2026-09-29
GCA_010587175.1,Spiroplasma citri,2133,PRJNA591027,SAMN13747535,2020,2020-02-14,PacBio RSII,Long,Complete Genome,OK,Spiroplasma citri,2026-09-29
GCA_010587255.1,Spiroplasma citri,2133,PRJNA591027,SAMN13350680,2020,2020-02-14,PacBio RSII,Long,Complete Genome,OK,Spiroplasma citri,2026-09-29
GCA_010587305.1,Spiroplasma citri,2133,PRJNA591027,SAMN13350677,2020,2020-02-14,PacBio RSII,Long,Complete Genome,OK,Spiroplasma citri,2026-09-29
GCA_011045555.1,Mycoplasma capricolum subsp. capripneumoniae,40480,PRJNA545943,SAMN11937985,2020,2020-03-02,Illumina HiSeq,Short,Complete Genome,OK,Mycoplasma capricolum,2026-09-29
GCA_011463755.1,Mycoplasma capricolum subsp. capripneumoniae,40480,PRJNA545943,SAMN12034849,2020,2020-03-19,Illumina HiSeq,Short,Complete Genome,OK,Mycoplasma capricolum,2026-09-29
GCA_011463895.1,Mycoplasma capricolum subsp. capripneumoniae,40480,PRJNA545943,SAMN12034850,2020,2020-03-19,Illumina HiSeq,Short,Complete Genome,OK,Mycoplasma capricolum,2026-09-29
GCA_011463995.1,Mycoplasma capricolum subsp. capripneumoniae,40480,PRJNA545943,SAMN12034851,2020,2020-03-19,Illumina HiSeq,Short,Complete Genome,OK,Mycoplasma capricolum,2026-09-29
GCA_011464015.1,Mycoplasma capricolum subsp. capripneumoniae,40480,PRJNA545943,SAMN12034852,2020,2020-03-19,Illumina HiSeq,Short,Complete Genome,OK,Mycoplasma capricolum,2026-09-29
GCA_011464035.1,Mycoplasma capricolum subsp. capripneumoniae,40480,PRJNA545943,SAMN12034853,2020,2020-03-19,Illumina HiSeq,Short,Complete Genome,OK,Mycoplasma capricolum,2026-09-29
GCA_011464055.1,Mycoplasma capricolum subsp. capripneumoniae,40480,PRJNA545943,SAMN12034854,2020,2020-03-19,Illumina HiSeq,Short,Complete Genome,OK,Mycoplasma capricolum,2026-09-29
GCA_011464075.1,Mycoplasma capricolum subsp. capripneumoniae,40480,PRJNA545943,SAMN12034856,2020,2020-03-19,Illumina HiSeq,Short,Complete Genome,OK,Mycoplasma capricolum,2026-09-29
GCA_011464195.1,Mycoplasma capricolum subsp. capripneumoniae,40480,PRJNA545943,SAMN12034857,2020,2020-03-19,Illumina HiSeq,Short,Complete Genome,OK,Mycoplasma capricolum,2026-09-29
GCA_011464375.1,Mycoplasma capricolum subsp. capripneumoniae,40480,PRJNA545943,SAMN12034858,2020,2020-03-19,Illumina HiSeq,Short,Complete Genome,OK,Mycoplasma capricolum,2026-09-29
GCA_011464495.1,Mycoplasma capricolum subsp. capripneumoniae,40480,PRJNA545943,SAMN12034859,2020,2020-03-19,Illumina HiSeq,Short,Complete Genome,OK,Mycoplasma capricolum,2026-09-29
GCA_011464655.1,Mycoplasma capricolum subsp. capripneumoniae,40480,PRJNA545943,SAMN12034861,2020,2020-03-19,Illumina HiSeq,Short,Complete Genome,OK,Mycoplasma capricolum,2026-09-29
GCA_011464815.1,Mycoplasma capricolum subsp. capripneumoniae,40480,PRJNA545943,SAMN12034862,2020,2020-03-19,Illumina HiSeq,Short,Complete Genome,OK,Mycoplasma capricolum,2026-09-29
GCA_011464975.1,Mycoplasma capricolum subsp. capripneumoniae,40480,PRJNA545943,SAMN12034864,2020,2020-03-19,Illumina HiSeq,Short,Complete Genome,OK,Mycoplasma capricolum,2026-09-29
GCA_011620375.1,Acholeplasmataceae bacterium,1898209,PRJNA592873,SAMN13475816,2020,2020-03-23,Illumina HiSeq,Short,Scaffold,Inconclusive,Haploplasma modicum,2026-09-29
GCA_012163225.1,Spiroplasma platyhelix PALS-1,1276218,PRJNA608455,SAMN14173566,2020,2020-04-07,Illumina MiSeq; Oxford Nanopore MinION,Hybrid,Contig,OK,Spiroplasma platyhelix,2026-09-29
GCA_012510695.1,Mollicutes bacterium,37628,PRJNA602310,SAMN13894722,2020,2020-04-17,NextSeq 500,Unknown,Contig,Inconclusive,Mesomycoplasma lagogenitalium,2026-09-29
GCA_012512085.1,Acholeplasmataceae bacterium,1898209,PRJNA602310,SAMN13894652,2020,2020-04-17,NextSeq 500,Unknown,Contig,Inconclusive,Haploplasma modicum,2026-09-29
GCA_012513485.1,Acholeplasmataceae bacterium,1898209,PRJNA602310,SAMN13894519,2020,2020-04-17,Illumina Hiseq 2500,Short,Contig,Inconclusive,Peloplasma aerotolerans,2026-09-29
GCA_012513875.1,Mollicutes bacterium,37628,PRJNA602310,SAMN13894499,2020,2020-04-17,Illumina Hiseq 2500,Short,Contig,Inconclusive,Candidatus Phytoplasma stylosanthis,2026-09-29
GCA_012515085.1,Acholeplasmataceae bacterium,1898209,PRJNA602310,SAMN13894440,2020,2020-04-17,Illumina Hiseq 2500,Short,Contig,Inconclusive,Hujiaoplasma nucleasis,2026-09-29
GCA_012515785.1,Acholeplasmataceae bacterium,1898209,PRJNA602310,SAMN13894404,2020,2020-04-17,Illumina Hiseq 2500,Short,Contig,Inconclusive,Haploplasma modicum,2026-09-29
GCA_012516495.1,Mycoplasma sp. 1654_15,2725994,PRJNA624169,SAMN14569832,2020,2020-04-19,Illumina MiSeq; Oxford Nanopore MinIon,Hybrid,Complete Genome,Inconclusive,Mesomycoplasma hyorhinis,2026-09-29
GCA_012516595.1,Acholeplasmataceae bacterium,1898209,PRJNA602310,SAMN13894340,2020,2020-04-18,Illumina Hiseq 2000,Short,Contig,Inconclusive,Burkholderia pyrrocinia,2026-09-29
GCA_012517145.1,Acholeplasmataceae bacterium,1898209,PRJNA602310,SAMN13894309,2020,2020-04-18,Illumina Hiseq 2500,Short,Contig,Inconclusive,Anaerostipes butyraticus,2026-09-29
GCA_012519065.1,Phytoplasma sp.,2155,PRJNA602310,SAMN13894170,2020,2020-04-18,Illumina HiSeq 2500,Short,Contig,Inconclusive,Acholeplasma equifetale,2026-09-29
GCA_012520055.1,Mollicutes bacterium,37628,PRJNA602310,SAMN13894123,2020,2020-04-18,Illumina HiSeq 2500,Short,Contig,Inconclusive,na,2026-09-29
GCA_012520435.1,Mollicutes bacterium,37628,PRJNA602310,SAMN13894105,2020,2020-04-18,Illumina HiSeq 2500,Short,Contig,Inconclusive,Fusobacterium perfoetens,2026-09-29
GCA_012520715.1,Acholeplasmataceae bacterium,1898209,PRJNA602310,SAMN13894090,2020,2020-04-18,Illumina HiSeq 2500,Short,Contig,Inconclusive,Acholeplasma equifetale,2026-09-29
GCA_012521255.1,Acholeplasmataceae bacterium,1898209,PRJNA602310,SAMN13894061,2020,2020-04-18,Illumina HiSeq 2500,Short,Contig,Inconclusive,Clostridium gallinarum,2026-09-29
GCA_012521265.1,Acholeplasmataceae bacterium,1898209,PRJNA602310,SAMN13894062,2020,2020-04-18,Illumina HiSeq 2500,Short,Contig,Inconclusive,na,2026-09-29
GCA_012521575.1,Mollicutes bacterium,37628,PRJNA602310,SAMN13894048,2020,2020-04-18,Illumina HiSeq 2500,Short,Contig,Inconclusive,[Mycoplasma] collis,2026-09-29
GCA_012522345.1,Acholeplasmataceae bacterium,1898209,PRJNA602310,SAMN13894007,2020,2020-04-18,NextSeq 500,Unknown,Contig,Inconclusive,na,2026-09-29
GCA_012718985.1,Acholeplasmataceae bacterium,1898209,PRJNA602310,SAMN13893652,2020,2020-04-23,Illumina Hiseq 2500,Short,Contig,Inconclusive,Spiroplasma taiwanense,2026-09-29
GCA_012719555.1,Acholeplasmataceae bacterium,1898209,PRJNA602310,SAMN13893559,2020,2020-04-23,NextSeq 500,Unknown,Contig,Inconclusive,Haloimpatiens lingqiaonensis,2026-09-29
GCA_012744295.1,Acholeplasmataceae bacterium,1898209,PRJNA602310,SAMN13893929,2020,2020-04-23,Illumina Hiseq 2500,Short,Contig,Inconclusive,Aminobacterium colombiense,2026-09-29
GCA_012799635.1,Mollicutes bacterium,37628,PRJNA602310,SAMN13894809,2020,2020-04-24,Illumina HiSeq 2500,Short,Contig,Inconclusive,Hypnocyclicus thermotrophus,2026-09-29
GCA_012800005.1,Acholeplasmataceae bacterium,1898209,PRJNA602310,SAMN13894789,2020,2020-04-24,Illumina HiSeq 2500,Short,Contig,Inconclusive,na,2026-09-29
GCA_012800225.1,Acholeplasmataceae bacterium,1898209,PRJNA602310,SAMN13894777,2020,2020-04-24,Illumina HiSeq 2500,Short,Contig,Inconclusive,na,2026-09-29
GCA_012800555.1,Acholeplasmataceae bacterium,1898209,PRJNA602310,SAMN13894762,2020,2020-04-24,Illumina HiSeq 2500,Short,Contig,Inconclusive,Gracilibacillus thailandensis,2026-09-29
GCA_012837395.1,Acholeplasma sp.,33015,PRJNA602310,SAMN13893860,2020,2020-04-25,Illumina HiSeq 2500,Short,Contig,Inconclusive,Haploplasma axanthum,2026-09-29
GCA_012837585.1,Acholeplasmataceae bacterium,1898209,PRJNA602310,SAMN13893851,2020,2020-04-25,Illumina HiSeq 2500,Short,Contig,Inconclusive,Haploplasma axanthum,2026-09-29
GCA_012837645.1,Acholeplasmataceae bacterium,1898209,PRJNA602310,SAMN13893849,2020,2020-04-25,Illumina HiSeq 2500,Short,Contig,Inconclusive,na,2026-09-29
GCA_012837765.1,Mollicutes bacterium,37628,PRJNA602310,SAMN13893843,2020,2020-04-25,Illumina HiSeq 2500,Short,Contig,Inconclusive,Paraclostridium sordellii,2026-09-29
GCA_012838065.1,Acholeplasma sp.,33015,PRJNA602310,SAMN13893827,2020,2020-04-25,Illumina HiSeq 2500,Short,Contig,Inconclusive,Acholeplasma hippikon,2026-09-29
GCA_012838395.1,Mollicutes bacterium,37628,PRJNA602310,SAMN13893811,2020,2020-04-25,Illumina HiSeq 2500,Short,Contig,Inconclusive,Exilispira thermophila,2026-09-29
GCA_012838545.1,Acholeplasmataceae bacterium,1898209,PRJNA602310,SAMN13893805,2020,2020-04-25,Illumina HiSeq 2500,Short,Contig,Inconclusive,na,2026-09-29
GCA_012838635.1,Acholeplasma sp.,33015,PRJNA602310,SAMN13893799,2020,2020-04-25,Illumina HiSeq 2500,Short,Contig,Inconclusive,Spiroplasma taiwanense,2026-09-29
GCA_012838705.1,Acholeplasmataceae bacterium,1898209,PRJNA602310,SAMN13893796,2020,2020-04-25,Illumina HiSeq 2500,Short,Contig,Inconclusive,na,2026-09-29
GCA_012838945.1,Acholeplasmataceae bacterium,1898209,PRJNA602310,SAMN13893783,2020,2020-04-25,Illumina HiSeq 2500,Short,Contig,Inconclusive,Acholeplasma equifetale,2026-09-29
GCA_012839355.1,Acholeplasma sp.,33015,PRJNA602310,SAMN13893619,2020,2020-04-25,Illumina HiSeq2000,Short,Contig,Inconclusive,Haploplasma modicum,2026-09-29
GCA_012839485.1,Acholeplasmataceae bacterium,1898209,PRJNA602310,SAMN13893614,2020,2020-04-25,Illumina HiSeq2000,Short,Contig,Inconclusive,Haploplasma axanthum,2026-09-29
GCA_012840815.1,Acholeplasmataceae bacterium,1898209,PRJNA602310,SAMN13894600,2020,2020-04-25,Illumina HiSeq 2500,Short,Contig,Inconclusive,Haploplasma axanthum,2026-09-29
GCA_012840905.1,Acholeplasmataceae bacterium,1898209,PRJNA602310,SAMN13894598,2020,2020-04-25,Illumina HiSeq 2500,Short,Contig,Inconclusive,Fusobacterium vincentii,2026-09-29
GCA_012841205.1,Mollicutes bacterium,37628,PRJNA602310,SAMN13894583,2020,2020-04-25,Illumina HiSeq 2500,Short,Contig,Inconclusive,Tissierella pigra,2026-09-29
GCA_012841465.1,Mollicutes bacterium,37628,PRJNA602310,SAMN13894571,2020,2020-04-25,Illumina HiSeq 2500,Short,Contig,Inconclusive,Clostridium aquiflavi,2026-09-29
GCA_012841725.1,Acholeplasmataceae bacterium,1898209,PRJNA602310,SAMN13894556,2020,2020-04-25,Illumina HiSeq 2500,Short,Contig,Inconclusive,Acholeplasma laidlawii,2026-09-29
GCA_012841765.1,Acholeplasmataceae bacterium,1898209,PRJNA602310,SAMN13894553,2020,2020-04-25,Illumina HiSeq 2500,Short,Contig,Inconclusive,na,2026-09-29
GCA_012841865.1,Acholeplasmataceae bacterium,1898209,PRJNA602310,SAMN13894550,2020,2020-04-25,Illumina HiSeq 2500,Short,Contig,Inconclusive,Flavobacterium potami,2026-09-29
GCA_012842875.1,Acholeplasma sp.,33015,PRJNA602310,SAMN13894862,2020,2020-04-25,Illumina HiSeq2000,Short,Contig,OK,Acholeplasma equifetale,2026-09-29
GCA_012842895.1,Acholeplasmataceae bacterium,1898209,PRJNA602310,SAMN13894863,2020,2020-04-25,Illumina HiSeq2000,Short,Contig,Inconclusive,Streptomyces glaucus,2026-09-29
GCA_012843105.1,Acholeplasmataceae bacterium,1898209,PRJNA602310,SAMN13894248,2020,2020-04-25,Illumina HiSeq2000,Short,Contig,Inconclusive,Sphingomonas parva (ex Maeng et al. 2020),2026-09-29
GCA_012934855.1,Mycoplasma phocoenae,754517,PRJNA624649,SAMN14575438,2020,2020-04-30,PacBio RSII,Long,Complete Genome,OK,[Mycoplasma] anseris,2026-09-29
GCA_012934885.1,Mycoplasma phocoeninasale,2726117,PRJNA624640,SAMN14575334,2020,2020-04-30,PacBio RSII; Illumina HiSeq,Hybrid,Complete Genome,OK,[Mycoplasma] phocae,2026-09-29
GCA_013008635.1,Mycoplasma miroungigenitalium,754515,PRJNA630203,SAMN14828358,2020,2020-05-11,PacBio RSII,Long,Complete Genome,OK,Mycoplasma zalophidermidis,2026-09-29
GCA_013008815.1,Mycoplasma miroungirhinis,754516,PRJNA630216,SAMN14828660,2020,2020-05-11,PacBio RSII,Long,Complete Genome,OK,Mycoplasma zalophi,2026-09-29
GCA_013113755.1,Spiroplasma citri,2133,PRJNA625113,SAMN14593315,2020,2020-05-18,Oxford Nanopore MiniION,Long,Complete Genome,OK,Spiroplasma citri,2026-09-29
GCA_013139135.1,Mycoplasmataceae bacterium,2685873,PRJNA562730,SAMN13287965,2020,2020-05-21,Illumina HiSeq,Short,Contig,Inconclusive,Candidatus Tyloplasma litorale,2026-09-29
GCA_013214765.1,Mycoplasmataceae bacterium,2685873,PRJNA482655,SAMN14675739,2020,2020-06-02,Illumina NextSeq,Short,Scaffold,Inconclusive,Mesomycoplasma neurolyticum,2026-09-29
GCA_013214845.1,Mycoplasmataceae bacterium,2685873,PRJNA482655,SAMN14675738,2020,2020-06-02,Illumina NextSeq,Short,Scaffold,Inconclusive,Mesomycoplasma neurolyticum,2026-09-29
GCA_013215685.1,Mycoplasmatales bacterium,2023991,PRJNA482655,SAMN14675756,2020,2020-06-02,Illumina NextSeq,Short,Scaffold,Inconclusive,Mesomycoplasma neurolyticum,2026-09-29
GCA_013215715.1,Mycoplasmatales bacterium,2023991,PRJNA482655,SAMN14675755,2020,2020-06-02,Illumina NextSeq,Short,Scaffold,Inconclusive,Mycoplasma todarodis,2026-09-29
GCA_013305285.1,Mycoplasma mycoides,2102,PRJNA636696,SAMN15082205,2020,2020-06-09,Illumina HiSeq,Short,Complete Genome,OK,Mycoplasma mycoides,2026-09-29
GCA_013332095.1,Candidatus Bathyoplasma sp. NZ,2799558,PRJNA628144,SAMN14732481,2020,2020-06-11,Illumina MiSeq,Short,Contig,Inconclusive,Candidatus Hepatoplasma vulgare,2026-09-29
GCA_013348745.1,Mycoplasma sp. OR1901,2742195,PRJNA637253,SAMN15099334,2020,2020-06-17,PacBio Sequel,Long,Complete Genome,Inconclusive,Mycoplasmopsis bovirhinis,2026-09-29
GCA_013372025.1,Rapeseed phyllody phytoplasma,2490543,PRJNA638508,SAMN15196273,2020,2020-06-24,Illumina MiSeq; Oxford Nanopore MiniION,Hybrid,Complete Genome,Inconclusive,Candidatus Phytoplasma vignae,2026-09-29
GCA_013389475.1,Acholeplasma laidlawii,2148,PRJNA642780,SAMN15398308,2020,2020-07-05,Sanger; Illumina,Short,Contig,OK,Acholeplasma laidlawii,2026-09-29
GCA_013389485.1,Acholeplasma laidlawii,2148,PRJNA642746,SAMN15398150,2020,2020-07-05,Sanger; Illumina,Short,Contig,OK,Acholeplasma laidlawii,2026-09-29
GCA_013389495.1,Acholeplasma laidlawii,2148,PRJNA642732,SAMN15398003,2020,2020-07-05,Sanger; Illumina,Short,Contig,OK,Acholeplasma laidlawii,2026-09-29
GCA_013389505.1,Acholeplasma laidlawii,2148,PRJNA642760,SAMN15398260,2020,2020-07-05,Sanger; Illumina,Short,Contig,OK,Acholeplasma laidlawii,2026-09-29
GCA_013391955.1,Candidatus Phytoplasma pruni,479893,PRJNA636643,SAMN15081177,2020,2020-07-08,Illumina HiSeq,Short,Contig,Inconclusive,Candidatus Phytoplasma gossypii,2026-09-29
GCA_013745115.1,Hujiaoplasma nucleasis,2725268,PRJNA623675,SAMN14556364,2020,2020-07-27,Oxford Nanopore MinION,Long,Complete Genome,OK,Paracholeplasma morum,2026-09-29
GCA_014023125.1,Candidatus Xianfuyuplasma coldseepsis,2782163,PRJNA607151,SAMN14122514,2020,2020-07-31,Illumina MiSeq,Short,Complete Genome,OK,Streptococcus parasuis,2026-09-29
GCA_014068355.1,Mycoplasma tullyi,1612150,PRJNA649564,SAMN15669431,2020,2020-08-05,Illumina MiSeq,Short,Complete Genome,OK,Mycoplasmoides gallisepticum,2026-09-29
GCA_014237595.1,Mycoplasmatales bacterium,2023991,PRJNA613976,SAMN14533013,2020,2020-08-18,Illumina HiSeq,Short,Contig,Inconclusive,Candidatus Hepatoplasma vulgare,2026-09-29
GCA_014238055.1,Mycoplasmatales bacterium,2023991,PRJNA613976,SAMN14533010,2020,2020-08-18,Illumina HiSeq,Short,Scaffold,Inconclusive,Spiroplasma phoeniceum,2026-09-29
GCA_014238225.1,Mycoplasmatales bacterium,2023991,PRJNA613976,SAMN14533012,2020,2020-08-18,Illumina HiSeq,Short,Scaffold,Inconclusive,Mycoplasma mycoides,2026-09-29
GCA_014238525.1,Mycoplasmatales bacterium,2023991,PRJNA613976,SAMN14533011,2020,2020-08-18,Illumina HiSeq,Short,Scaffold,Inconclusive,na,2026-09-29
GCA_014352955.1,Mycoplasma sp. Pen4,640330,PRJNA659024,SAMN15895002,2020,2020-09-01,PacBio,Long,Complete Genome,OK,Mycoplasma razini,2026-09-29
GCA_014803855.1,Mycoplasma sp.,2108,PRJNA613381,SAMN14407127,2020,2020-09-29,Illumina,Short,Contig,Inconclusive,Mesomycoplasma moatsii,2026-09-29
GCA_014804125.1,Mycoplasma sp.,2108,PRJNA613381,SAMN14407115,2020,2020-09-29,Illumina,Short,Contig,Inconclusive,Malacoplasma muris,2026-09-29
GCA_014860925.1,Acholeplasmataceae bacterium,1898209,PRJNA663545,SAMN16147999,2020,2020-10-07,Illumina MiSeq,Short,Contig,Inconclusive,Paracholeplasma morum,2026-09-29
GCA_015100165.3,Candidatus Phytoplasma asiaticum,2763338,PRJNA657417,SAMN15828327,2022,2022-05-19,Illumina HiSeq; Oxford Nanopore MinION,Hybrid,Complete Genome,Inconclusive,Candidatus Phytoplasma citri,2026-09-29
GCA_015239935.3,Candidatus Phytoplasma australasiaticum subsp. australasiaticum,2832407,PRJNA657415,SAMN15828264,2022,2022-05-19,Illumina HiSeq; Oxford Nanopore MinION,Hybrid,Complete Genome,OK,Candidatus Phytoplasma australasiaticum,2026-09-29
GCA_015657275.1,Mycoplasmataceae bacterium,2685873,PRJNA641528,SAMN15355148,2020,2020-11-23,Illumina NovaSeq,Short,Contig,Inconclusive,Ureaplasma parvum,2026-09-29
GCA_015708155.1,Mycoplasma sp. 'Moose RK',2780095,PRJNA669533,SAMN16454380,2020,2020-12-01,PacBio Sequel,Long,Contig,Inconclusive,Mesomycoplasma flocculare,2026-09-29
GCA_015709225.1,Acholeplasma laidlawii,2148,PRJNA325243,SAMN16288725,2020,2020-12-01,Illumina MiSeq,Short,Contig,Inconclusive,Acholeplasma laidlawii,2026-09-29
GCA_016082235.1,Spiroplasma sp. hyd1,1609976,PRJNA274591,SAMN03329537,2020,2020-12-15,Illumina HiSeq; PacBio,Hybrid,Scaffold,OK,Spiroplasma phoeniceum,2026-09-29
GCA_016082285.2,Spiroplasma sp. Moj,1922342,PRJNA355307,SAMN06074167,2025,2025-02-12,Illumina HiSeq,Short,Scaffold,OK,Spiroplasma phoeniceum,2026-09-29
GCA_016280795.1,Acholeplasmatales bacterium,2053494,PRJNA631951,SAMN16243487,2020,2020-12-22,Illumina HiSeq,Short,Contig,Inconclusive,Anaeroplasma bactoclasticum,2026-09-29
GCA_016280975.1,Acholeplasmatales bacterium,2053494,PRJNA631951,SAMN16243498,2020,2020-12-22,Illumina HiSeq,Short,Contig,Inconclusive,Anaeroplasma bactoclasticum,2026-09-29
GCA_016282815.1,Acholeplasmatales bacterium,2053494,PRJNA631951,SAMN16243602,2020,2020-12-22,Illumina HiSeq,Short,Contig,Inconclusive,Anaeroplasma bactoclasticum,2026-09-29
GCA_016288675.1,Acholeplasmatales bacterium,2053494,PRJNA631951,SAMN16243584,2020,2020-12-22,Illumina HiSeq,Short,Contig,Inconclusive,Anaeroplasma bactoclasticum,2026-09-29
GCA_016288695.1,Mycoplasmataceae bacterium,2685873,PRJNA631951,SAMN16243585,2020,2020-12-22,Illumina HiSeq,Short,Contig,Inconclusive,Mycoplasmoides alvi,2026-09-29
GCA_016288855.1,Acholeplasmatales bacterium,2053494,PRJNA631951,SAMN16243591,2020,2020-12-22,Illumina HiSeq,Short,Contig,Inconclusive,Anaeroplasma bactoclasticum,2026-09-29
GCA_016294165.1,Anaeroplasmataceae bacterium,2793037,PRJNA647157,SAMN16927153,2020,2020-12-22,Illumina NovaSeq,Short,Contig,Inconclusive,Thomasclavelia spiroformis,2026-09-29
GCA_016735145.1,Mycoplasmatales bacterium,2023991,PRJNA689840,SAMN17227924,2021,2021-01-20,Illumina HiSeq,Short,Contig,Inconclusive,na,2026-09-29
GCA_016767155.1,Mycoplasma mycoides subsp. capri,40477,PRJNA692989,SAMN17373639,2021,2021-01-28,Illumina HiSeq,Short,Complete Genome,OK,Mycoplasma mycoides,2026-09-29
GCA_016841945.1,Haloplasma contractile,471825,PRJNA630030,SAMN14918419,2021,2021-02-09,Illumina MiSeq,Short,Scaffold,Inconclusive,Haloplasma contractile,2026-09-29
GCA_016865445.1,Mariniplasma anaerobium,2735436,PRJDB9849,SAMD00227922,2021,2021-01-27,DNBSEQ; GridION,Short,Complete Genome,OK,Acholeplasma palmae,2026-09-29
GCA_016876135.2,Candidatus Phytoplasma meliae,1848402,PRJNA638346,SAMN15186628,2021,2021-04-14,Illumina NovaSeq,Short,Contig,Inconclusive,Candidatus Phytoplasma vignae,2026-09-29
GCA_016907055.1,Paracholeplasma morum,264637,PRJNA257872,SAMN02983008,2021,2021-02-19,Illumina HiSeq,Short,Contig,OK,Acholeplasma laidlawii,2026-09-29
GCA_016924815.1,Mycoplasma phocoeninasale,2726117,PRJNA702202,SAMN17928199,2021,2021-02-23,Illumina MiSeq,Short,Contig,OK,Mycoplasma phocoeninasale,2026-09-29
GCA_016925555.1,Mycoplasma tauri,547987,PRJNA700861,SAMN17840527,2021,2021-02-24,Oxford Nanopore MinION; Illumina MiSeq,Hybrid,Complete Genome,OK,Mycoplasmopsis columbina,2026-09-29
GCA_016934015.1,Acholeplasmataceae bacterium,1898209,PRJNA690107,SAMN17243410,2021,2021-02-24,Illumina HiSeq,Short,Contig,Inconclusive,Peloplasma aerotolerans,2026-09-29
GCA_016934175.1,Acholeplasmataceae bacterium,1898209,PRJNA690107,SAMN17243402,2021,2021-02-24,Illumina HiSeq,Short,Contig,Inconclusive,Mariniplasma anaerobium,2026-09-29
GCA_017052595.1,Mycoplasma procyoni,568784,PRJNA702192,SAMN17927872,2021,2021-02-27,Illumina MiSeq,Short,Contig,OK,[Mycoplasma] collis,2026-09-29
GCA_017052655.1,Acholeplasma equirhinis,555393,PRJNA702196,SAMN17927905,2021,2021-02-27,Illumina MiSeq,Short,Contig,OK,Acholeplasma hippikon,2026-09-29
GCA_017084445.1,Mycoplasma sp. Mirounga ES2805-ORL,754514,PRJNA703397,SAMN18016438,2021,2021-03-01,Illumina MiSeq,Short,Chromosome,Inconclusive,Mycoplasmopsis adleri,2026-09-29
GCA_017116825.1,Mycoplasma enhydrae,2499220,PRJNA703399,SAMN18016479,2021,2021-03-01,Illumina MiSeq,Short,Contig,Inconclusive,Mycoplasmopsis arginini,2026-09-29
GCA_017116845.1,Mycoplasma sp. CSL10137,2813824,PRJNA703400,SAMN18016480,2021,2021-03-01,Illumina MiSeq,Short,Contig,Inconclusive,Mycoplasmopsis lipophila,2026-09-29
GCA_017116885.1,Mycoplasma sp. CSL10166,2813825,PRJNA703402,SAMN18016526,2021,2021-03-01,Illumina MiSeq,Short,Contig,Inconclusive,[Mycoplasma] collis,2026-09-29
GCA_017385385.1,Mycoplasmataceae bacterium,2685873,PRJNA657473,SAMN16340414,2021,2021-03-18,Illumina NovaSeq,Short,Contig,Inconclusive,Malacoplasma muris,2026-09-29
GCA_017385625.1,Mycoplasmataceae bacterium,2685873,PRJNA657473,SAMN16340398,2021,2021-03-18,Illumina NovaSeq,Short,Contig,Inconclusive,[Mycoplasma] collis,2026-09-29
GCA_017385735.1,Mycoplasmataceae bacterium,2685873,PRJNA657473,SAMN16340395,2021,2021-03-18,Illumina NovaSeq,Short,Contig,Inconclusive,Malacoplasma muris,2026-09-29
GCA_017388605.1,Acholeplasmatales bacterium,2053494,PRJNA657473,SAMN16341534,2021,2021-03-18,Illumina NovaSeq,Short,Contig,Inconclusive,Anaeroplasma bactoclasticum,2026-09-29
GCA_017389835.1,Mycoplasma sp.,2108,PRJNA657473,SAMN16341418,2021,2021-03-18,Illumina NovaSeq,Short,Contig,Inconclusive,Candidatus Hennigella equi,2026-09-29
GCA_017413585.1,Acholeplasmatales bacterium,2053494,PRJNA657473,SAMN16341814,2021,2021-03-18,Illumina NovaSeq,Short,Contig,Inconclusive,Anaeroplasma bactoclasticum,2026-09-29
GCA_017415965.1,Acholeplasmatales bacterium,2053494,PRJNA657473,SAMN16342091,2021,2021-03-18,Illumina NovaSeq,Short,Contig,Inconclusive,Anaeroplasma bactoclasticum,2026-09-29
GCA_017428395.1,Mycoplasma sp.,2108,PRJNA657473,SAMN16343187,2021,2021-03-19,Illumina NovaSeq,Short,Contig,Inconclusive,Malacoplasma iowae,2026-09-29
GCA_017441525.1,Acholeplasmatales bacterium,2053494,PRJNA657473,SAMN16343351,2021,2021-03-19,Illumina NovaSeq,Short,Contig,Inconclusive,Anaeroplasma bactoclasticum,2026-09-29
GCA_017444645.1,Acholeplasmatales bacterium,2053494,PRJNA657473,SAMN16343998,2021,2021-03-19,Illumina NovaSeq,Short,Contig,Inconclusive,Anaeroplasma bactoclasticum,2026-09-29
GCA_017445965.1,Acholeplasmatales bacterium,2053494,PRJNA657473,SAMN16343882,2021,2021-03-19,Illumina NovaSeq,Short,Contig,Inconclusive,Anaeroplasma bactoclasticum,2026-09-29
GCA_017448885.1,Mycoplasma sp.,2108,PRJNA657473,SAMN16343698,2021,2021-03-19,Illumina NovaSeq,Short,Contig,Inconclusive,Candidatus Hennigella equi,2026-09-29
GCA_017449215.1,Acholeplasmatales bacterium,2053494,PRJNA657473,SAMN16343678,2021,2021-03-19,Illumina NovaSeq,Short,Contig,Inconclusive,Anaeroplasma bactoclasticum,2026-09-29
GCA_017454375.1,Acholeplasmatales bacterium,2053494,PRJNA657473,SAMN16344175,2021,2021-03-19,Illumina NovaSeq,Short,Contig,Inconclusive,Clostridium moniliforme,2026-09-29
GCA_017462645.1,Acholeplasmatales bacterium,2053494,PRJNA657473,SAMN16344529,2021,2021-03-19,Illumina NovaSeq,Short,Contig,Inconclusive,Anaeroplasma bactoclasticum,2026-09-29
GCA_017502185.1,Mycoplasmataceae bacterium,2685873,PRJNA657473,SAMN16345898,2021,2021-03-22,Illumina NovaSeq,Short,Contig,Inconclusive,[Mycoplasma] collis,2026-09-29
GCA_017505955.1,Mycoplasmataceae bacterium,2685873,PRJNA657473,SAMN16345712,2021,2021-03-22,Illumina NovaSeq,Short,Contig,Inconclusive,Mesomycoplasma moatsii,2026-09-29
GCA_017506515.1,Mycoplasmataceae bacterium,2685873,PRJNA657473,SAMN16345685,2021,2021-03-22,Illumina NovaSeq,Short,Contig,Inconclusive,[Mycoplasma] collis,2026-09-29
GCA_017510625.1,Mycoplasmataceae bacterium,2685873,PRJNA657473,SAMN16346351,2021,2021-03-22,Illumina NovaSeq,Short,Contig,Inconclusive,[Mycoplasma] collis,2026-09-29
GCA_017510945.1,Mycoplasmataceae bacterium,2685873,PRJNA657473,SAMN16346324,2021,2021-03-22,Illumina NovaSeq,Short,Contig,Inconclusive,[Mycoplasma] collis,2026-09-29
GCA_017511585.1,Mycoplasmataceae bacterium,2685873,PRJNA657473,SAMN16346259,2021,2021-03-22,Illumina NovaSeq,Short,Contig,Inconclusive,Mesomycoplasma moatsii,2026-09-29
GCA_017517345.1,Mycoplasmataceae bacterium,2685873,PRJNA657473,SAMN16346691,2021,2021-03-22,Illumina NovaSeq,Short,Contig,Inconclusive,Mesomycoplasma neurolyticum,2026-09-29
GCA_017520665.1,Mycoplasmataceae bacterium,2685873,PRJNA657473,SAMN16346834,2021,2021-03-22,Illumina NovaSeq,Short,Contig,Inconclusive,Mesomycoplasma neurolyticum,2026-09-29
GCA_017523145.1,Mycoplasmataceae bacterium,2685873,PRJNA657473,SAMN16346622,2021,2021-03-22,Illumina NovaSeq,Short,Contig,Inconclusive,[Mycoplasma] collis,2026-09-29
GCA_017524905.1,Acholeplasmatales bacterium,2053494,PRJNA657473,SAMN16347231,2021,2021-03-22,Illumina NovaSeq,Short,Contig,Inconclusive,Anaeroplasma bactoclasticum,2026-09-29
GCA_017528965.1,Acholeplasmatales bacterium,2053494,PRJNA657473,SAMN16347065,2021,2021-03-22,Illumina NovaSeq,Short,Contig,Inconclusive,Anaeroplasma bactoclasticum,2026-09-29
GCA_017539625.1,Acholeplasmatales bacterium,2053494,PRJNA657473,SAMN16347438,2021,2021-03-22,Illumina NovaSeq,Short,Contig,Inconclusive,Anaeroplasma bactoclasticum,2026-09-29
GCA_017542485.1,Acholeplasmatales bacterium,2053494,PRJNA657473,SAMN16347296,2021,2021-03-22,Illumina NovaSeq,Short,Contig,Inconclusive,Anaeroplasma bactoclasticum,2026-09-29
GCA_017626915.1,Acholeplasmatales bacterium,2053494,PRJNA657473,SAMN16348955,2021,2021-03-29,Illumina NovaSeq,Short,Contig,Inconclusive,Anaeroplasma bactoclasticum,2026-09-29
GCA_017628965.1,Acholeplasmatales bacterium,2053494,PRJNA657473,SAMN16350056,2021,2021-03-29,Illumina NovaSeq,Short,Contig,Inconclusive,Anaeroplasma bactoclasticum,2026-09-29
GCA_017847635.1,Spiroplasma ixodetis,2141,PRJNA655193,SAMN15723428,2021,2021-04-08,Illumina HiSeq,Short,Scaffold,Inconclusive,[Mycoplasma] collis,2026-09-29
GCA_017847655.1,Spiroplasma ixodetis,2141,PRJNA655193,SAMN15723429,2021,2021-04-08,Illumina HiSeq,Short,Scaffold,Inconclusive,Spiroplasma phoeniceum,2026-09-29
GCA_017847675.1,Spiroplasma ixodetis,2141,PRJNA655193,SAMN15723430,2021,2021-04-08,Illumina HiSeq,Short,Scaffold,Inconclusive,Spiroplasma attinicola,2026-09-29
GCA_017887765.1,Acholeplasmatales bacterium,2053494,PRJNA715658,SAMN18359837,2021,2021-04-08,Illumina NovaSeq,Short,Contig,Inconclusive,Solibaculum intestinale,2026-09-29
GCA_017959425.1,Mycoplasma sp.,2108,PRJNA657473,SAMN16350797,2021,2021-04-14,Illumina NovaSeq,Short,Contig,Inconclusive,Malacoplasma iowae,2026-09-29
GCA_017961685.1,Acholeplasmatales bacterium,2053494,PRJNA657473,SAMN16350698,2021,2021-04-14,Illumina NovaSeq,Short,Contig,Inconclusive,Anaeroplasma bactoclasticum,2026-09-29
GCA_018024475.1,Candidatus Phytoplasma luffae,35773,PRJNA636624,SAMN15080914,2021,2021-04-16,Oxford Nanopore MiniION; Illumina MiSeq,Hybrid,Complete Genome,Inconclusive,Candidatus Phytoplasma stylosanthis,2026-09-29
GCA_018264925.1,Acholeplasmatales bacterium,2053494,PRJNA593787,SAMN14944954,2021,2021-05-04,Illumina HiSeq,Short,Scaffold,Inconclusive,Anaeroplasma bactoclasticum,2026-09-29
GCA_018274325.1,'Fragaria x ananassa' phyllody phytoplasma,2358428,PRJNA719080,SAMN18585963,2021,2021-05-04,Illumina HiSeq,Short,Contig,Inconclusive,Candidatus Phytoplasma bonamiae,2026-09-29
GCA_018283495.1,'Santalum album' aster yellows phytoplasma,2831467,PRJNA725349,SAMN18876452,2021,2021-05-05,Illumina HiSeq; Oxford Nanopore MinION,Hybrid,Contig,Inconclusive,Candidatus Phytoplasma vignae,2026-09-29
GCA_018327665.1,Hydrangea phyllody phytoplasma,238673,PRJDB10389,SAMD00239572,2021,2021-04-28,Illumina MiSeq,Short,Contig,Inconclusive,Candidatus Phytoplasma vignae,2026-09-29
GCA_018371135.1,Acholeplasma sp.,33015,PRJNA698986,SAMN17801622,2021,2021-05-16,Illumina NovaSeq 6000,Short,Contig,Inconclusive,[Mycoplasma] collis,2026-09-29
GCA_018389545.1,Mycoplasma mycoides subsp. capri,40477,PRJNA682396,SAMN16987693,2021,2021-05-17,PacBio Sequel,Long,Complete Genome,OK,Mycoplasma mycoides,2026-09-29
GCA_018389565.1,Mycoplasma mycoides subsp. capri,40477,PRJNA682396,SAMN16987692,2021,2021-05-17,PacBio Sequel,Long,Complete Genome,OK,Mycoplasma mycoides,2026-09-29
GCA_018389585.1,Mycoplasma mycoides subsp. capri,40477,PRJNA682396,SAMN16987691,2021,2021-05-17,PacBio Sequel,Long,Complete Genome,OK,Mycoplasma mycoides,2026-09-29
GCA_018389605.1,Mycoplasma mycoides subsp. capri,40477,PRJNA682396,SAMN16987690,2021,2021-05-17,PacBio Sequel,Long,Complete Genome,OK,Mycoplasma mycoides,2026-09-29
GCA_018389625.1,Mycoplasma mycoides subsp. capri,40477,PRJNA682396,SAMN16987689,2021,2021-05-17,PacBio Sequel,Long,Complete Genome,OK,Mycoplasma mycoides,2026-09-29
GCA_018389645.1,Mycoplasma mycoides subsp. capri,40477,PRJNA682396,SAMN16987688,2021,2021-05-17,PacBio Sequel,Long,Complete Genome,OK,Mycoplasma mycoides,2026-09-29
GCA_018389665.1,Mycoplasma mycoides subsp. capri,40477,PRJNA682396,SAMN16987687,2021,2021-05-17,PacBio Sequel,Long,Complete Genome,OK,Mycoplasma mycoides,2026-09-29
GCA_018389685.1,Mycoplasma mycoides subsp. capri,40477,PRJNA682396,SAMN16987686,2021,2021-05-17,PacBio Sequel,Long,Complete Genome,OK,Mycoplasma mycoides,2026-09-29
GCA_018389705.1,Mycoplasma mycoides subsp. capri,40477,PRJNA682396,SAMN16987685,2021,2021-05-17,PacBio Sequel,Long,Complete Genome,OK,Mycoplasma mycoides,2026-09-29
GCA_018389725.1,Mycoplasma mycoides subsp. capri,40477,PRJNA682396,SAMN16987684,2021,2021-05-17,PacBio Sequel,Long,Complete Genome,OK,Mycoplasma mycoides,2026-09-29
GCA_018389745.1,Mycoplasma mycoides subsp. capri,40477,PRJNA682396,SAMN16987683,2021,2021-05-17,PacBio Sequel,Long,Complete Genome,OK,Mycoplasma mycoides,2026-09-29
GCA_018389765.1,Mycoplasma mycoides subsp. capri,40477,PRJNA682396,SAMN16987682,2021,2021-05-17,PacBio Sequel,Long,Complete Genome,OK,Mycoplasma mycoides,2026-09-29
GCA_018389805.1,Mycoplasma mycoides subsp. capri,40477,PRJNA682396,SAMN16987680,2021,2021-05-17,PacBio Sequel,Long,Complete Genome,OK,Mycoplasma mycoides,2026-09-29
GCA_018389825.1,Mycoplasma mycoides subsp. capri,40477,PRJNA682396,SAMN16987679,2021,2021-05-17,PacBio Sequel,Long,Complete Genome,OK,Mycoplasma mycoides,2026-09-29
GCA_018390775.2,Sesame phyllody phytoplasma,420408,PRJNA727971,SAMN19066185,2022,2022-02-08,Illumina NovaSeq; Oxford Nanopore MinION,Hybrid,Contig,OK,Candidatus Phytoplasma australasiaticum,2026-09-29
GCA_018399615.1,Acholeplasmataceae bacterium,1898209,PRJNA721826,SAMN19006039,2021,2021-05-19,Oxford Nanopore,Long,Contig,Inconclusive,na,2026-09-29
GCA_018400155.1,Acholeplasmataceae bacterium,1898209,PRJNA721826,SAMN19006029,2021,2021-05-19,Oxford Nanopore,Long,Contig,Inconclusive,na,2026-09-29
GCA_018400755.1,Acholeplasmataceae bacterium,1898209,PRJNA721826,SAMN19005988,2021,2021-05-19,Oxford Nanopore,Long,Contig,Inconclusive,Exiguobacterium indicum,2026-09-29
GCA_018402725.1,Candidatus Izemoplasma sp.,2979197,PRJNA721826,SAMN19005898,2021,2021-05-19,Oxford Nanopore,Long,Contig,Inconclusive,Candidatus Izemoplasma acidinucleici,2026-09-29
GCA_018406545.1,Mycoplasma mycoides,2102,PRJDB9213,SAMD00206613,2021,2021-04-28,Illumina NextSeq; Sanger,Short,Complete Genome,OK,Mycoplasma mycoides,2026-09-29
GCA_018598675.1,'Elaeagnus angustifolia' witches'-broom phytoplasma,1538355,PRJNA723969,SAMN18826970,2021,2021-05-30,Illumina,Short,Contig,Inconclusive,Candidatus Phytoplasma vignae,2026-09-29
GCA_018638275.1,Entomoplasma sp. MP1,2817024,PRJNA707339,SAMN18201729,2021,2021-06-02,Oxford Nanopore MinION,Long,Contig,Inconclusive,Mesoplasma melaleucae,2026-09-29
GCA_018715665.1,Candidatus Pelethenecus faecipullorum,2840900,PRJNA543206,SAMN15817226,2021,2021-06-04,Illumina HiSeq,Short,Contig,Inconclusive,Solibaculum intestinale,2026-09-29
GCA_018831625.1,Spiroplasma endosymbiont of 'Nebria riversi',2792084,PRJNA671697,SAMN16792404,2021,2021-06-10,PacBio Sequel; Illumina NovaSeq,Hybrid,Complete Genome,Inconclusive,Spiroplasma citri,2026-09-29
GCA_018913965.1,Mycoplasma sp. CSL7491-lung,549718,PRJNA737138,SAMN19683828,2021,2021-06-16,Illumina MiSeq,Short,Contig,Inconclusive,[Mycoplasma] collis,2026-09-29
GCA_018913985.1,Mycoplasma zalophidermidis,398174,PRJNA737144,SAMN19683934,2021,2021-06-16,Illumina MiSeq,Short,Contig,OK,Mycoplasma miroungigenitalium,2026-09-29
GCA_018914005.1,Mycoplasma zalophi,191287,PRJNA737142,SAMN19683932,2021,2021-06-16,Illumina MiSeq,Short,Contig,Inconclusive,Mycoplasma zalophi,2026-09-29
GCA_018914015.1,Mycoplasma zalophidermidis,398174,PRJNA737143,SAMN19683933,2021,2021-06-16,Illumina MiSeq,Short,Contig,OK,Mycoplasma zalophidermidis,2026-09-29
GCA_018914045.1,Mycoplasma miroungigenitalium,754515,PRJNA737145,SAMN19683935,2021,2021-06-16,Illumina MiSeq,Short,Contig,OK,Mycoplasma miroungigenitalium,2026-09-29
GCA_018914065.1,Mycoplasma zalophi,191287,PRJNA737140,SAMN19683930,2021,2021-06-16,Illumina MiSeq,Short,Contig,Inconclusive,Mycoplasma zalophi,2026-09-29
GCA_018914085.1,Mycoplasma miroungigenitalium,754515,PRJNA737148,SAMN19683963,2021,2021-06-16,Illumina MiSeq,Short,Contig,OK,Mycoplasma miroungigenitalium,2026-09-29
GCA_019295385.1,Spiroplasma poulsonii,2138,PRJNA507275,SAMN10488582,2021,2021-07-20,Oxford Nanopore MiniION; Illumina NovaSeq,Hybrid,Contig,Inconclusive,Spiroplasma phoeniceum,2026-09-29
GCA_019325155.1,Spiroplasma poulsonii,2138,PRJNA421356,SAMN08141335,2021,2021-07-22,PacBio,Long,Scaffold,Inconclusive,Spiroplasma phoeniceum,2026-09-29
GCA_019396865.1,Paulownia witches'-broom phytoplasma,39647,PRJNA624276,SAMN14573116,2021,2021-07-29,PacBio RSII,Long,Complete Genome,Inconclusive,Candidatus Phytoplasma vignae,2026-09-29
GCA_019646075.1,'Prunus persica' phytoplasma PP2,2700027,PRJNA719534,SAMN18631124,2021,2021-08-17,Illumina,Short,Contig,Inconclusive,Candidatus Phytoplasma stylosanthis,2026-09-29
GCA_019661745.1,Mollicutes bacterium PWAP,2885760,PRJNA646234,SAMN19298836,2021,2021-08-17,Illumina HiSeq,Short,Contig,Inconclusive,Mesomycoplasma neurolyticum,2026-09-29
GCA_019720735.1,Mycoplasma sp. Ms02,353851,PRJNA754294,SAMN20752397,2021,2021-08-23,PacBio Sequel II,Long,Complete Genome,Inconclusive,Mycoplasmopsis edwardii,2026-09-29
GCA_019841745.1,Candidatus Phytoplasma australiense,59748,PRJNA756976,SAMN20931228,2021,2021-08-31,Illumina 1.9,Short,Contig,Inconclusive,Candidatus Phytoplasma vignae,2026-09-29
GCA_019873825.1,Mycoplasma sp. E35C,2801918,PRJNA690205,SAMN17246049,2021,2021-09-03,Oxford Nanopore MinION; Illumina HiSeq,Hybrid,Complete Genome,OK,Mycoplasma bradburyae,2026-09-29
GCA_020024715.1,Mycoplasmataceae bacterium,2685873,PRJNA665590,SAMN19315135,2021,2021-09-17,Illumina HiSeq,Short,Contig,Inconclusive,[Mycoplasma] collis,2026-09-29
GCA_020024735.1,Mycoplasmataceae bacterium,2685873,PRJNA665590,SAMN19315134,2021,2021-09-17,Illumina HiSeq,Short,Contig,Inconclusive,Ureaplasma parvum,2026-09-29
GCA_020024755.1,Mycoplasmataceae bacterium,2685873,PRJNA665590,SAMN19315133,2021,2021-09-17,Illumina HiSeq,Short,Contig,Inconclusive,Malacoplasma muris,2026-09-29
GCA_020024985.1,Anaeroplasmataceae bacterium,2793037,PRJNA665590,SAMN19315122,2021,2021-09-17,Illumina HiSeq,Short,Contig,Inconclusive,Anaeroplasma bactoclasticum,2026-09-29
GCA_020025015.1,Anaeroplasmataceae bacterium,2793037,PRJNA665590,SAMN19315121,2021,2021-09-17,Illumina HiSeq,Short,Contig,Inconclusive,Thomasclavelia saccharogumia,2026-09-29
GCA_020035335.1,Mycoplasma tauri,547987,PRJNA761560,SAMN21354939,2021,2021-09-18,Illumina MiSeq,Short,Contig,OK,Mycoplasma tauri,2026-09-29
GCA_020035355.1,Mycoplasma tauri,547987,PRJNA761560,SAMN21354940,2021,2021-09-18,Illumina MiSeq,Short,Contig,OK,Mycoplasma tauri,2026-09-29
GCA_020035375.1,Mycoplasma tauri,547987,PRJNA761560,SAMN21354938,2021,2021-09-18,Illumina MiSeq,Short,Contig,OK,Mycoplasma tauri,2026-09-29
GCA_020035415.1,Mycoplasma tauri,547987,PRJNA761560,SAMN21354937,2021,2021-09-18,Illumina MiSeq,Short,Contig,OK,Mycoplasma tauri,2026-09-29
GCA_020035425.1,Mycoplasma tauri,547987,PRJNA761560,SAMN21354935,2021,2021-09-18,Illumina MiSeq,Short,Contig,OK,Mycoplasma tauri,2026-09-29
GCA_020035435.1,Mycoplasma tauri,547987,PRJNA761560,SAMN21354936,2021,2021-09-18,Illumina MiSeq,Short,Contig,OK,Mycoplasma tauri,2026-09-29
GCA_020060005.1,Acholeplasmatales bacterium,2053494,PRJNA563685,SAMN18076624,2021,2021-09-20,Illumina HiSeq 2500,Short,Contig,Inconclusive,Acholeplasma equifetale,2026-09-29
GCA_020312115.2,Candidatus Phytoplasma sp. AldY-WA1,2852100,PRJNA740265,SAMN19836676,2023,2023-06-07,Illumina MiSeq; Oxford Nanopore MinION,Hybrid,Contig,Inconclusive,Candidatus Phytoplasma stylosanthis,2026-09-29
GCA_020497585.1,Mycoplasma anserisalpingitidis,519450,PRJNA757899,SAMN20982331,2021,2021-10-14,Oxford Nanopore MiniION,Long,Complete Genome,OK,Mycoplasma anserisalpingitidis,2026-09-29
GCA_020497635.1,Mycoplasma anserisalpingitidis,519450,PRJNA602215,SAMN13885759,2021,2021-10-14,Oxford Nanopore MinION,Long,Complete Genome,OK,Mycoplasma anserisalpingitidis,2026-09-29
GCA_020714625.1,Mulberry dwarf phytoplasma,186171,PRJNA773635,SAMN22502797,2021,2021-11-02,Illumina NovaSeq,Short,Complete Genome,Inconclusive,Candidatus Phytoplasma vignae,2026-09-29
GCA_021108415.1,Acholeplasmataceae bacterium,1898209,PRJNA758896,SAMN21083231,2021,2021-12-07,Illumina HiSeq,Short,Contig,Inconclusive,Mariniplasma anaerobium,2026-09-29
GCA_021162035.1,Candidatus Izemoplasma sp.,2979197,PRJNA713414,SAMN18353699,2021,2021-12-10,Illumina HiSeq,Short,Contig,Inconclusive,Candidatus Izemoplasma acidinucleici,2026-09-29
GCA_021209445.1,Acholeplasmataceae bacterium,1898209,PRJNA655112,SAMN23440118,2021,2021-12-14,IonTorrent,Unknown,Contig,Inconclusive,Acholeplasma oculi,2026-09-29
GCA_021409605.1,Candidatus Moeniiplasma glomeromycotorum,1822367,PRJNA670049,SAMN16482783,2022,2022-01-10,Illumina HiSeq,Short,Contig,Inconclusive,[Mycoplasma] collis,2026-09-29
GCA_021409645.1,Candidatus Moeniiplasma glomeromycotorum,1822367,PRJNA670049,SAMN16482782,2022,2022-01-10,Illumina HiSeq,Short,Contig,Inconclusive,[Mycoplasma] collis,2026-09-29
GCA_021409665.1,Candidatus Moeniiplasma glomeromycotorum,1822367,PRJNA670049,SAMN16482781,2022,2022-01-10,Illumina HiSeq,Short,Contig,Inconclusive,[Mycoplasma] collis,2026-09-29
GCA_021409685.1,Candidatus Moeniiplasma glomeromycotorum,1822367,PRJNA670049,SAMN16482779,2022,2022-01-10,Illumina HiSeq,Short,Contig,Inconclusive,na,2026-09-29
GCA_021409705.1,Candidatus Moeniiplasma glomeromycotorum,1822367,PRJNA670049,SAMN16482780,2022,2022-01-10,Illumina HiSeq,Short,Contig,Inconclusive,na,2026-09-29
GCA_021409725.1,Candidatus Moeniiplasma glomeromycotorum,1822367,PRJNA670049,SAMN16482777,2022,2022-01-10,Illumina HiSeq,Short,Contig,Inconclusive,na,2026-09-29
GCA_021409745.1,Candidatus Moeniiplasma glomeromycotorum,1822367,PRJNA670049,SAMN16482778,2022,2022-01-10,Illumina HiSeq,Short,Contig,Inconclusive,na,2026-09-29
GCA_021496725.1,Spiroplasma platyhelix PALS-1,1276218,PRJNA184742,SAMN04274829,2022,2022-01-18,Illumina MiSeq,Short,Complete Genome,OK,Spiroplasma platyhelix,2026-09-29
GCA_021623605.1,Mycoplasma sp.,2108,PRJNA678454,SAMN23482915,2022,2022-01-26,Illumina HiSeq,Short,Scaffold,Inconclusive,Allocoprobacillus halotolerans,2026-09-29
GCA_021628585.1,Mycoplasma sp.,2108,PRJNA678454,SAMN23483868,2022,2022-01-26,Oxford Nanopore MinION; Illumina HiSeq,Hybrid,Contig,Inconclusive,Oceanotoga teriensis,2026-09-29
GCA_021628625.1,Mollicutes bacterium,37628,PRJNA678454,SAMN23483864,2022,2022-01-26,Oxford Nanopore MinION; Illumina HiSeq,Hybrid,Contig,Inconclusive,Clostridium thermobutyricum,2026-09-29
GCA_021633105.1,Mycoplasma sp.,2108,PRJNA678454,SAMN23483306,2022,2022-01-26,Illumina HiSeq,Short,Scaffold,Inconclusive,Fusobacterium hwasookii,2026-09-29
GCA_021736205.1,Candidatus Izemoplasma sp.,2979197,PRJNA639779,SAMN21020558,2022,2022-01-31,Illumina HiSeq,Short,Contig,Inconclusive,Candidatus Xianfuyuplasma coldseepsis,2026-09-29
GCA_021736285.1,Candidatus Izemoplasma sp.,2979197,PRJNA639779,SAMN21020513,2022,2022-01-31,Illumina HiSeq,Short,Contig,Inconclusive,Candidatus Xianfuyuplasma coldseepsis,2026-09-29
GCA_021736305.1,Candidatus Izemoplasma sp.,2979197,PRJNA639779,SAMN21020512,2022,2022-01-31,Illumina HiSeq,Short,Contig,Inconclusive,Hujiaoplasma nucleasis,2026-09-29
GCA_021736325.1,Acholeplasmataceae bacterium,1898209,PRJNA639779,SAMN21020453,2022,2022-01-31,Illumina HiSeq,Short,Contig,Inconclusive,Paracholeplasma morum,2026-09-29
GCA_021736335.1,Acholeplasmataceae bacterium,1898209,PRJNA639779,SAMN21020393,2022,2022-01-31,Illumina HiSeq,Short,Contig,Inconclusive,Haploplasma axanthum,2026-09-29
GCA_022058185.1,Candidatus Phytoplasma ziziphi,135727,PRJNA801779,SAMN25388284,2022,2022-02-08,Oxford Nanopore GridION,Long,Complete Genome,Inconclusive,Candidatus Phytoplasma stylosanthis,2026-09-29
GCA_022343605.1,Candidatus Phytoplasma mali,37692,PRJNA804530,SAMN25756516,2022,2022-02-19,Illumina,Short,Contig,Inconclusive,Candidatus Phytoplasma stylosanthis,2026-09-29
GCA_022569815.1,Spiroplasma poulsonii,2138,PRJNA640980,SAMN15339383,2022,2022-03-15,Oxford Nanopore MinION; Illumina HiSeq,Hybrid,Complete Genome,Inconclusive,Spiroplasma phoeniceum,2026-09-29
GCA_022712415.1,Spiroplasma sp.,2135,PRJNA801070,SAMN26087348,2022,2022-03-28,Illumina NextSeq,Short,Contig,Inconclusive,Spiroplasma tabanidicola,2026-09-29
GCA_022712555.1,Spiroplasma sp.,2135,PRJNA801070,SAMN26087346,2022,2022-03-28,Illumina NextSeq,Short,Contig,Inconclusive,Spiroplasma tabanidicola,2026-09-29
GCA_022716915.1,Mycoplasmataceae bacterium,2685873,PRJNA747761,SAMN20301015,2022,2022-03-28,Illumina HiSeq,Short,Contig,Inconclusive,Ureaplasma zalophigenitalium,2026-09-29
GCA_022717615.1,Mycoplasmataceae bacterium,2685873,PRJNA747761,SAMN20300980,2022,2022-03-28,Illumina HiSeq,Short,Contig,Inconclusive,Faecalibacillus faecis,2026-09-29
GCA_022717815.1,Mollicutes bacterium,37628,PRJNA747761,SAMN20300970,2022,2022-03-28,Illumina HiSeq,Short,Contig,Inconclusive,Staphylococcus durrellii,2026-09-29
GCA_022718095.1,Mollicutes bacterium,37628,PRJNA747761,SAMN20300956,2022,2022-03-28,Illumina HiSeq,Short,Contig,Inconclusive,Staphylococcus petrasii,2026-09-29
GCA_022727955.1,Mycoplasmataceae bacterium,2685873,PRJNA747761,SAMN20301521,2022,2022-03-28,Illumina HiSeq,Short,Contig,Inconclusive,Ureaplasma zalophigenitalium,2026-09-29
GCA_022730835.1,Mollicutes bacterium,37628,PRJNA747761,SAMN20302256,2022,2022-03-28,Illumina HiSeq,Short,Contig,Inconclusive,Faecalibacillus intestinalis,2026-09-29
GCA_022733275.1,Mollicutes bacterium,37628,PRJNA747761,SAMN20302133,2022,2022-03-28,Illumina HiSeq,Short,Contig,Inconclusive,Faecalibacillus intestinalis,2026-09-29
GCA_022742945.1,Mollicutes bacterium,37628,PRJNA747761,SAMN20301223,2022,2022-03-28,Illumina HiSeq,Short,Contig,Inconclusive,Mycoplasma cottewii,2026-09-29
GCA_022745575.1,Mycoplasmataceae bacterium,2685873,PRJNA747761,SAMN20301424,2022,2022-03-28,Illumina HiSeq,Short,Contig,Inconclusive,Ureaplasma zalophigenitalium,2026-09-29
GCA_022745665.1,Mollicutes bacterium,37628,PRJNA747761,SAMN20301363,2022,2022-03-28,Illumina HiSeq,Short,Contig,Inconclusive,[Clostridium] ammoniilyticum,2026-09-29
GCA_022745795.1,Mycoplasmataceae bacterium,2685873,PRJNA747761,SAMN20301349,2022,2022-03-28,Illumina HiSeq,Short,Contig,Inconclusive,Ureaplasma parvum,2026-09-29
GCA_022746855.1,Mycoplasmataceae bacterium,2685873,PRJNA747761,SAMN20301175,2022,2022-03-28,Illumina HiSeq,Short,Contig,Inconclusive,Ureaplasma zalophigenitalium,2026-09-29
GCA_022763865.1,Mollicutes bacterium,37628,PRJNA629856,SAMN26525475,2022,2022-03-31,Illumina NovaSeq,Short,Contig,Inconclusive,Marinitoga litoralis,2026-09-29
GCA_022766465.1,Acholeplasma sp.,33015,PRJNA629856,SAMN26525411,2022,2022-03-31,Illumina NovaSeq,Short,Contig,Inconclusive,na,2026-09-29
GCA_022767655.1,Acholeplasmatales bacterium,2053494,PRJNA629856,SAMN26525353,2022,2022-03-31,Illumina NovaSeq,Short,Contig,Inconclusive,Thomasclavelia spiroformis,2026-09-29
GCA_022768655.1,Anaeroplasma sp.,1872523,PRJNA629856,SAMN26525458,2022,2022-03-31,Illumina NovaSeq,Short,Contig,Inconclusive,Anaeroplasma bactoclasticum,2026-09-29
GCA_022769765.1,Acholeplasmataceae bacterium,1898209,PRJNA629856,SAMN26525275,2022,2022-03-31,Illumina NovaSeq,Short,Contig,Inconclusive,Clostridium mediterraneense,2026-09-29
GCA_022772225.1,Mollicutes bacterium,37628,PRJNA629856,SAMN26525723,2022,2022-03-31,Illumina NovaSeq,Short,Contig,Inconclusive,Clostridium chrysemydis,2026-09-29
GCA_022773805.1,Mollicutes bacterium,37628,PRJNA629856,SAMN26526070,2022,2022-04-01,Illumina NovaSeq,Short,Contig,Inconclusive,na,2026-09-29
GCA_022774555.1,Mollicutes bacterium,37628,PRJNA629856,SAMN26526022,2022,2022-04-01,Illumina NovaSeq,Short,Contig,Inconclusive,na,2026-09-29
GCA_022774605.1,Mollicutes bacterium,37628,PRJNA629856,SAMN26526021,2022,2022-04-01,Illumina NovaSeq,Short,Contig,Inconclusive,Longibaculum muris,2026-09-29
GCA_022779105.1,Mollicutes bacterium,37628,PRJNA629856,SAMN26526174,2022,2022-04-01,Illumina NovaSeq,Short,Contig,Inconclusive,Clostridium lentum,2026-09-29
GCA_022779965.1,Mollicutes bacterium,37628,PRJNA629856,SAMN26525660,2022,2022-04-01,Illumina NovaSeq,Short,Contig,Inconclusive,Segatella copri,2026-09-29
GCA_022780025.1,Mollicutes bacterium,37628,PRJNA629856,SAMN26525655,2022,2022-04-01,Illumina NovaSeq,Short,Contig,Inconclusive,na,2026-09-29
GCA_022780525.1,Mollicutes bacterium,37628,PRJNA629856,SAMN26525582,2022,2022-04-01,Illumina NovaSeq,Short,Contig,Inconclusive,Clostridium lentum,2026-09-29
GCA_022780565.1,Mollicutes bacterium,37628,PRJNA629856,SAMN26525594,2022,2022-04-01,Illumina NovaSeq,Short,Contig,Inconclusive,Fusobacterium nucleatum,2026-09-29
GCA_022781545.1,Mollicutes bacterium,37628,PRJNA629856,SAMN26525544,2022,2022-04-01,Illumina NovaSeq,Short,Contig,Inconclusive,Clostridium moniliforme,2026-09-29
GCA_022782935.1,Mollicutes bacterium,37628,PRJNA629856,SAMN26526042,2022,2022-04-01,Illumina NovaSeq,Short,Contig,Inconclusive,Mycoplasma feriruminatoris,2026-09-29
GCA_022784165.1,Mollicutes bacterium,37628,PRJNA629856,SAMN26927348,2022,2022-04-01,Illumina NovaSeq,Short,Contig,Inconclusive,na,2026-09-29
GCA_022784745.1,Mollicutes bacterium,37628,PRJNA629856,SAMN26927446,2022,2022-04-01,Illumina NovaSeq,Short,Contig,Inconclusive,Clostridium tarantellae,2026-09-29
GCA_022785685.1,Mollicutes bacterium,37628,PRJNA629856,SAMN26526117,2022,2022-04-01,Illumina NovaSeq,Short,Contig,Inconclusive,na,2026-09-29
GCA_022787065.1,Mollicutes bacterium,37628,PRJNA629856,SAMN26927429,2022,2022-04-01,Illumina NovaSeq,Short,Contig,Inconclusive,na,2026-09-29
GCA_022787845.1,Mollicutes bacterium,37628,PRJNA629856,SAMN26525614,2022,2022-04-01,Illumina NovaSeq,Short,Contig,Inconclusive,na,2026-09-29
GCA_022788045.1,Mollicutes bacterium,37628,PRJNA629856,SAMN26525605,2022,2022-04-01,Illumina NovaSeq,Short,Contig,Inconclusive,Sarcina ventriculi,2026-09-29
GCA_022798355.1,Acholeplasmatales bacterium,2053494,PRJNA603829,SAMN14273803,2022,2022-04-01,Illumina NovaSeq,Short,Contig,Inconclusive,na,2026-09-29
GCA_022804815.1,Acholeplasmatales bacterium,2053494,PRJNA603829,SAMN14273804,2022,2022-04-01,Illumina NovaSeq,Short,Contig,Inconclusive,Clostridium tepidum,2026-09-29
GCA_022838575.1,Acholeplasmataceae bacterium,1898209,PRJNA818325,SAMN26856739,2022,2022-04-08,Illumina HiSeq,Short,Scaffold,Inconclusive,na,2026-09-29
GCA_022839325.1,Acholeplasmataceae bacterium,1898209,PRJNA818325,SAMN26856711,2022,2022-04-08,Illumina HiSeq,Short,Scaffold,Inconclusive,Xylanivirga thermophila,2026-09-29
GCA_023141095.1,Candidatus Izemoplasma sp.,2979197,PRJNA707313,SAMN18451976,2022,2022-04-26,Illumina HiSeq,Short,Contig,Inconclusive,Candidatus Izemoplasma acidinucleici,2026-09-29
GCA_023145175.1,Candidatus Izemoplasma sp.,2979197,PRJNA707313,SAMN18451403,2022,2022-04-26,Illumina HiSeq,Short,Contig,Inconclusive,Haploplasma modicum,2026-09-29
GCA_023145415.1,Mycoplasmataceae bacterium,2685873,PRJNA707313,SAMN18451390,2022,2022-04-26,Illumina HiSeq,Short,Contig,Inconclusive,[Mycoplasma] collis,2026-09-29
GCA_023146155.1,Mycoplasmataceae bacterium,2685873,PRJNA707313,SAMN18451358,2022,2022-04-27,Illumina HiSeq,Short,Contig,Inconclusive,na,2026-09-29
GCA_023146625.1,Mycoplasmataceae bacterium,2685873,PRJNA707313,SAMN18451336,2022,2022-04-27,Illumina HiSeq,Short,Contig,Inconclusive,Candidatus Mycoplasma mahonii,2026-09-29
GCA_023195465.1,Mycoplasma capricolum subsp. capricolum,40479,PRJNA828459,SAMN27670618,2022,2022-04-30,Illumina,Short,Scaffold,OK,Mycoplasma capricolum,2026-09-29
GCA_023228755.1,Acholeplasmataceae bacterium,1898209,PRJNA823399,SAMN27301887,2022,2022-05-03,Illumina HiSeq,Short,Contig,Inconclusive,Seramator thermalis,2026-09-29
GCA_023229195.1,Acholeplasmataceae bacterium,1898209,PRJNA823399,SAMN27301865,2022,2022-05-03,Illumina HiSeq,Short,Contig,Inconclusive,na,2026-09-29
GCA_023230365.1,Acholeplasmataceae bacterium,1898209,PRJNA823399,SAMN27301807,2022,2022-05-03,Illumina HiSeq,Short,Contig,Inconclusive,na,2026-09-29
GCA_023230745.1,Acholeplasmataceae bacterium,1898209,PRJNA823399,SAMN27301788,2022,2022-05-03,Illumina HiSeq,Short,Contig,Inconclusive,Arcobacter caeni,2026-09-29
GCA_023230825.1,Acholeplasmataceae bacterium,1898209,PRJNA823399,SAMN27301783,2022,2022-05-03,Illumina HiSeq,Short,Contig,Inconclusive,Peloplasma aerotolerans,2026-09-29
GCA_023231385.1,Acholeplasmataceae bacterium,1898209,PRJNA823399,SAMN27301753,2022,2022-05-03,Illumina HiSeq,Short,Contig,Inconclusive,Clostridium bornimense,2026-09-29
GCA_023249455.1,Mycoplasmataceae bacterium,2685873,PRJNA699054,SAMN19017181,2022,2022-05-06,Illumina HiSeq,Short,Scaffold,Inconclusive,Mycoplasmopsis cricetuli,2026-09-29
GCA_023254895.1,Acholeplasmataceae bacterium,1898209,PRJNA730330,SAMN27177010,2022,2022-05-06,Illumina NovaSeq,Short,Contig,Inconclusive,Mariniplasma anaerobium,2026-09-29
GCA_023264085.1,Acholeplasmataceae bacterium,1898209,PRJNA730330,SAMN27163604,2022,2022-05-06,Illumina NovaSeq,Short,Contig,Inconclusive,Acholeplasma laidlawii,2026-09-29
GCA_023269015.1,Acholeplasmataceae bacterium,1898209,PRJNA730330,SAMN27177000,2022,2022-05-06,Illumina NovaSeq,Short,Contig,Inconclusive,Mariniplasma anaerobium,2026-09-29
GCA_023509825.1,Spiroplasma attinicola,2904537,PRJNA762720,SAMN23742857,2022,2022-05-19,Illumina MiSeq,Short,Contig,OK,Spiroplasma attinicola,2026-09-29
GCA_023566085.1,Spiroplasma attinicola,2904537,PRJNA762720,SAMN23742859,2022,2022-05-27,Illumina MiSeq,Short,Contig,OK,Spiroplasma attinicola,2026-09-29
GCA_023566095.1,Spiroplasma attinicola,2904537,PRJNA762720,SAMN23742858,2022,2022-05-27,Illumina MiSeq,Short,Contig,OK,Spiroplasma platyhelix,2026-09-29
GCA_023566145.1,Mesoplasma whartonense,2878854,PRJNA762720,SAMN21844336,2022,2022-05-27,Illumina MiSeq,Short,Contig,OK,Mesoplasma whartonense,2026-09-29
GCA_023566245.1,Mesoplasma whartonense,2878854,PRJNA762720,SAMN21844335,2022,2022-05-27,Illumina MiSeq,Short,Contig,OK,Mesoplasma whartonense,2026-09-29
GCA_023566275.1,Mesoplasma whartonense,2878854,PRJNA762720,SAMN21844334,2022,2022-05-27,Illumina MiSeq,Short,Contig,OK,Mesoplasma whartonense,2026-09-29
GCA_023566295.1,Mesoplasma whartonense,2878854,PRJNA762720,SAMN21844333,2022,2022-05-27,Illumina MiSeq,Short,Contig,OK,Mesoplasma whartonense,2026-09-29
GCA_023566315.1,Mesoplasma whartonense,2878854,PRJNA762720,SAMN21844332,2022,2022-05-27,Illumina MiSeq,Short,Contig,OK,Williamsoniiplasma somnilux,2026-09-29
GCA_023566335.1,Mesoplasma whartonense,2878854,PRJNA762720,SAMN21844331,2022,2022-05-27,Illumina MiSeq,Short,Contig,OK,Mesoplasma whartonense,2026-09-29
GCA_023566355.1,Mesoplasma whartonense,2878854,PRJNA762720,SAMN21844330,2022,2022-05-27,Illumina MiSeq,Short,Contig,OK,Mesoplasma whartonense,2026-09-29
GCA_023566375.1,Mesoplasma whartonense,2878854,PRJNA762720,SAMN21844329,2022,2022-05-27,Illumina MiSeq,Short,Contig,OK,Mesoplasma whartonense,2026-09-29
GCA_023566395.1,Mesoplasma lactucae ATCC 49193,81460,PRJNA762720,SAMN21844328,2022,2022-05-27,Illumina MiSeq,Short,Contig,OK,Mesoplasma lactucae,2026-09-29
GCA_023612375.1,Mycoplasma sp. SG1,2810348,PRJNA699893,SAMN17814272,2022,2022-05-31,PacBio RSII; Illumina MiSeq,Hybrid,Chromosome,Inconclusive,Spiroplasma taiwanense,2026-09-29
GCA_023663825.1,Anaeroplasma bactoclasticum,2088,PRJNA833303,SAMN18820380,2022,2022-06-07,Illumina HiSeq,Short,Contig,Inconclusive,Anaeroplasma bactoclasticum,2026-09-29
GCA_023667245.1,Anaeroplasma bactoclasticum,2088,PRJNA833303,SAMN18820541,2022,2022-06-07,Illumina HiSeq,Short,Scaffold,Inconclusive,Fusobacterium hwasookii,2026-09-29
GCA_023667685.1,Anaeroplasma bactoclasticum,2088,PRJNA833303,SAMN18820555,2022,2022-06-07,Illumina HiSeq,Short,Scaffold,Inconclusive,Anaeroplasma bactoclasticum,2026-09-29
GCA_023846195.1,Spiroplasma endosymbiont of Lariophagus distinguendus,2935082,PRJNA826431,SAMN27670553,2022,2022-06-22,Illumina HiSeq; Oxford Nanopore MinION,Hybrid,Contig,Inconclusive,Spiroplasma floricola,2026-09-29
GCA_023934045.1,Candidatus Phytoplasma vitis,131152,PRJNA838420,SAMN28422185,2022,2022-06-27,Oxford Nanopore and Illumina,Hybrid,Complete Genome,Inconclusive,Candidatus Phytoplasma stylosanthis,2026-09-29
GCA_024244685.1,Mycoplasma sp.,2108,PRJNA503328,SAMN13632625,2022,2022-07-12,Illumina HiSeq,Short,Contig,Inconclusive,[Mycoplasma] collis,2026-09-29
GCA_024338845.1,Mycoplasma bradburyae,2963128,PRJNA857427,SAMN29625309,2022,2022-07-20,Oxford Nanopore MinION; Illumina MiSeq,Hybrid,Complete Genome,OK,Mycoplasma bradburyae,2026-09-29
GCA_024339025.1,Mycoplasma bradburyae,2963128,PRJNA857429,SAMN29625316,2022,2022-07-20,Oxford Nanopore MinION; Illumina MiSeq,Hybrid,Complete Genome,OK,Mycoplasma bradburyae,2026-09-29
GCA_024425255.1,Candidatus Phytoplasma australasiaticum subsp. australasiaticum,2832407,PRJNA831585,SAMN27755119,2022,2022-07-25,Illumina NovaSeq,Short,Scaffold,OK,Candidatus Phytoplasma australasiaticum,2026-09-29
GCA_024425275.1,Candidatus Phytoplasma australasiaticum subsp. ipomoeae,101513,PRJNA831585,SAMN27755121,2022,2022-07-25,Illumina NovaSeq,Short,Scaffold,OK,Candidatus Phytoplasma australasiaticum,2026-09-29
GCA_024582675.1,Mycoplasma sp. 1018B,2967302,PRJNA861820,SAMN29927644,2022,2022-08-07,Oxford Nanopore MinION; Illumina MiSeq,Hybrid,Complete Genome,Inconclusive,Mycoplasmopsis meleagridis,2026-09-29
GCA_024582695.1,Mycoplasma sp. 1578d,2967299,PRJNA861816,SAMN29927641,2022,2022-08-07,Oxford Nanopore MinION; Illumina MiSeq,Hybrid,Complete Genome,Inconclusive,Mycoplasmopsis citelli,2026-09-29
GCA_024582715.1,Mycoplasma sp. 2045,2967301,PRJNA861819,SAMN29927643,2022,2022-08-07,Oxford Nanopore MinION; Illumina MiSeq,Hybrid,Complete Genome,OK,Mycoplasma haliaeeti,2026-09-29
GCA_024582775.1,Mycoplasma sp. 3686d,2967300,PRJNA861817,SAMN29927642,2022,2022-08-07,Oxford Nanopore MinION; Illumina MiSeq,Hybrid,Complete Genome,Inconclusive,Mycoplasmopsis citelli,2026-09-29
GCA_024586395.1,Candidatus Phytoplasma pruni,479893,PRJNA857992,SAMN29999457,2022,2022-08-08,Illumina HiSeq,Short,Scaffold,Inconclusive,Candidatus Phytoplasma crotalariae,2026-09-29
GCA_024621845.1,Haploplasma modicum,2150,PRJNA856981,SAMN29598269,2022,2022-08-10,Illumina HiSeq,Short,Scaffold,OK,Haploplasma modicum,2026-09-29
GCA_024681175.1,Acholeplasmatales bacterium,2053494,PRJNA746430,SAMN20247289,2022,2022-08-15,Illumina HiSeq,Short,Contig,Inconclusive,Anaeroplasma bactoclasticum,2026-09-29
GCA_024690445.1,Acholeplasmatales bacterium,2053494,PRJNA746430,SAMN20247057,2022,2022-08-15,Illumina HiSeq,Short,Contig,Inconclusive,Anaeroplasma bactoclasticum,2026-09-29
GCA_024695025.1,Acholeplasmatales bacterium,2053494,PRJNA746430,SAMN20246896,2022,2022-08-15,Illumina HiSeq,Short,Contig,Inconclusive,Clostridium tepidum,2026-09-29
GCA_024696565.1,Acholeplasmatales bacterium,2053494,PRJNA746430,SAMN20246837,2022,2022-08-15,Illumina HiSeq,Short,Contig,Inconclusive,Anaeroplasma bactoclasticum,2026-09-29
GCA_024697825.1,Acholeplasmatales bacterium,2053494,PRJNA746430,SAMN20246783,2022,2022-08-15,Illumina HiSeq,Short,Contig,Inconclusive,Anaeroplasma bactoclasticum,2026-09-29
GCA_024698125.1,Acholeplasmatales bacterium,2053494,PRJNA746430,SAMN20247122,2022,2022-08-15,Illumina HiSeq,Short,Contig,Inconclusive,Anaeroplasma bactoclasticum,2026-09-29
GCA_024698905.1,Acholeplasmatales bacterium,2053494,PRJNA746430,SAMN20247095,2022,2022-08-15,Illumina HiSeq,Short,Contig,Inconclusive,Anaeroplasma bactoclasticum,2026-09-29
GCA_024709245.1,Acholeplasmataceae bacterium,1898209,PRJNA848245,SAMN28993224,2022,2022-08-18,Illumina NextSeq,Short,Contig,Inconclusive,Haploplasma modicum,2026-09-29
GCA_024709405.1,Acholeplasmataceae bacterium,1898209,PRJNA848245,SAMN28993216,2022,2022-08-18,Illumina NextSeq,Short,Contig,Inconclusive,Paracholeplasma manati,2026-09-29
GCA_024710645.1,Acholeplasmataceae bacterium,1898209,PRJNA848245,SAMN28990830,2022,2022-08-18,Illumina NextSeq,Short,Contig,Inconclusive,Paracholeplasma manati,2026-09-29
GCA_024721275.1,Mycoplasma sp.,2108,PRJNA813845,SAMN28071671,2022,2022-08-19,Illumina NovaSeq,Short,Contig,Inconclusive,Mycoplasmopsis arginini,2026-09-29
GCA_024722375.1,Mycoplasma iguanae,292461,PRJNA869217,SAMN30297937,2022,2022-08-21,Oxford Nanopore MinION; Illumina MiSeq,Hybrid,Complete Genome,OK,Mesomycoplasma molare,2026-09-29
GCA_024742155.1,Mycoplasma zalophidermidis,398174,PRJNA870594,SAMN30380198,2022,2022-08-23,Illumina MiSeq,Short,Contig,OK,Mycoplasma zalophidermidis,2026-09-29
GCA_024758785.1,Mycoplasma capricolum subsp. capripneumoniae,40480,PRJNA857803,SAMN29636239,2022,2022-08-29,PacBio; Illumina,Hybrid,Complete Genome,OK,Mycoplasma capricolum,2026-09-29
GCA_024834065.1,Mycoplasma sp. CSL7475-4,2973942,PRJNA871777,SAMN30428248,2022,2022-09-01,Illumina MiSeq,Short,Contig,OK,Mycoplasma zalophidermidis,2026-09-29
GCA_024918975.1,Mycoplasma cottewii,51364,PRJNA872557,SAMN30469643,2022,2022-09-04,Oxford Nanopore MinION; Illumina MiSeq,Hybrid,Complete Genome,OK,Mycoplasma yeatsii,2026-09-29
GCA_025209835.1,Mycoplasma sp. HS2188,2976765,PRJNA876582,SAMN30661379,2022,2022-09-14,Illumina MiSeq,Short,Contig,OK,Mycoplasma zalophidermidis,2026-09-29
GCA_025446935.1,Paracholeplasma vituli,69473,PRJNA882918,SAMN30954114,2022,2022-09-27,Illumina MiSeq,Short,Contig,Inconclusive,Paracholeplasma manati,2026-09-29
GCA_025486335.1,Mycoplasma zalophi,191287,PRJNA883397,SAMN30964549,2022,2022-09-28,Illumina MiSeq,Short,Contig,OK,Mycoplasma miroungirhinis,2026-09-29
GCA_025515455.1,Mycoplasma sp. CSL7503-lung,536372,PRJNA883973,SAMN31004896,2022,2022-10-01,Illumina MiSeq,Short,Contig,Inconclusive,Mycoplasmopsis glycophila,2026-09-29
GCA_025742995.1,Paracholeplasma manati,591373,PRJNA882902,SAMN30953982,2022,2022-10-14,Illumina MiSeq,Short,Contig,OK,Acholeplasma granularum,2026-09-29
GCA_025779955.1,Mycoplasma enhydrae,2499220,PRJNA888795,SAMN31221232,2022,2022-10-20,Illumina MiSeq,Short,Contig,Inconclusive,Mycoplasmopsis arginini,2026-09-29
GCA_025780015.1,Mycoplasma enhydrae,2499220,PRJNA888794,SAMN31221183,2022,2022-10-20,Illumina MiSeq,Short,Contig,Inconclusive,Mycoplasmopsis arginini,2026-09-29
GCA_025884515.1,Acholeplasma laidlawii,2148,PRJNA874543,SAMN30552787,2022,2022-10-27,Oxford Nanopore,Long,Complete Genome,OK,Acholeplasma laidlawii,2026-09-29
GCA_026167645.1,Mycoplasma mycoides subsp. capri,40477,PRJNA813936,SAMN26528336,2022,2022-11-14,PacBio Sequel,Long,Complete Genome,OK,Mycoplasma mycoides,2026-09-29
GCA_026239475.1,Spiroplasma phoeniceum,47835,PRJNA885610,SAMN31274528,2022,2022-11-19,PacBio Sequel,Long,Complete Genome,Inconclusive,Spiroplasma phoeniceum,2026-09-29
GCA_026239495.1,Spiroplasma phoeniceum,47835,PRJNA885610,SAMN31274527,2022,2022-11-19,PacBio Sequel,Long,Complete Genome,Inconclusive,Spiroplasma phoeniceum,2026-09-29
GCA_026245995.1,Candidatus Phytoplasma australiense,59748,PRJNA878664,SAMN30742921,2022,2022-11-21,Illumina 1.9,Short,Contig,Inconclusive,Candidatus Phytoplasma vignae,2026-09-29
GCA_026821955.1,Candidatus Phytoplasma rubi,399025,PRJNA906321,SAMN31868164,2022,2022-12-12,Illumina NovaSeq; Oxford Nanopore MinION,Hybrid,Complete Genome,Inconclusive,Candidatus Phytoplasma stylosanthis,2026-09-29
GCA_027318595.1,Acholeplasmataceae bacterium,1898209,PRJNA834572,SAMN28403795,2022,2022-12-27,Illumina,Short,Contig,Inconclusive,Haploplasma modicum,2026-09-29
GCA_027564955.1,Spiroplasma sp. Tabriz.8,2980106,PRJNA882433,SAMN30935147,2023,2023-01-03,Illumina 1.9,Short,Contig,Inconclusive,Candidatus Phytoplasma stylosanthis,2026-09-29
GCA_027594465.1,Candidatus Phytoplasma sacchari,2609813,PRJNA914864,SAMN32359426,2023,2023-01-09,Illumina NovaSeq; Oxford Nanopore,Hybrid,Complete Genome,Inconclusive,Candidatus Phytoplasma melaleucae,2026-09-29
GCA_027923845.1,Spiroplasma ixodetis,2141,PRJDB14468,SAMD00547685,2022,2022-11-11,Nanopore minion; Illumina HiSeq 4000,Hybrid,Complete Genome,Inconclusive,Spiroplasma floricola,2026-09-29
GCA_027925225.1,Candidatus Hepatoplasma vulgare,3132032,PRJDB13888,SAMD00564981,2022,2022-12-21,ONT GridION; Illumina HiSeq4000,Short,Complete Genome,OK,Candidatus Hepatoplasma scabrum,2026-09-29
GCA_027925265.1,Hepatoplasma crinochetorum (SeqCode),295596,PRJDB13888,SAMD00564982,2022,2022-12-21,Illumina HiSeq 4000; ONT GridION,Short,Complete Genome,OK,Hepatoplasma crinochetorum (SeqCode),2026-09-29
GCA_027925325.1,Candidatus Hepatoplasma scabrum,3132033,PRJDB13888,SAMD00564983,2022,2022-12-21,Illumina HiSeq 4000; ONT GridION,Short,Complete Genome,OK,Hepatoplasma crinochetorum (SeqCode),2026-09-29
GCA_027942315.1,Mycoplasma capricolum subsp. capricolum,40479,PRJNA861060,SAMN29881928,2023,2023-01-23,Oxford Nanopore,Long,Complete Genome,OK,Mycoplasma capricolum,2026-09-29
GCA_027943885.1,Candidatus Tyloplasma litorale,3132031,PRJDB13886,SAMD00549921,2022,2022-12-13,ONT GridION; Illumina HiSeq4000,Short,Complete Genome,OK,Hepatoplasma crinochetorum (SeqCode),2026-09-29
GCA_027945135.1,Candidatus Phytoplasma oryzae,203274,PRJNA919199,SAMN32686720,2023,2023-01-24,Illumina paired end 150bp; PacBio HiFi,Hybrid,Complete Genome,Inconclusive,Candidatus Phytoplasma melaleucae,2026-09-29
GCA_028372015.1,Candidatus Izemoplasma sp.,2979197,PRJNA846736,SAMN29366194,2023,2023-01-31,Illumina NextSeq,Short,Contig,Inconclusive,Candidatus Izemoplasma acidinucleici,2026-09-29
GCA_028439365.1,Mycoplasma bradburyae,2963128,PRJNA778533,SAMN22963610,2023,2023-02-02,Illumina NovaSeq,Short,Contig,OK,Mycoplasma bradburyae,2026-09-29
GCA_028439375.1,Mycoplasma bradburyae,2963128,PRJNA778533,SAMN22963609,2023,2023-02-02,Illumina NovaSeq,Short,Contig,OK,Mycoplasma bradburyae,2026-09-29
GCA_028439405.1,Mycoplasma bradburyae,2963128,PRJNA778533,SAMN22963606,2023,2023-02-02,Illumina NovaSeq,Short,Contig,OK,Mycoplasma bradburyae,2026-09-29
GCA_028439415.1,Mycoplasma bradburyae,2963128,PRJNA778533,SAMN22963608,2023,2023-02-02,Illumina NovaSeq,Short,Contig,OK,Mycoplasma bradburyae,2026-09-29
GCA_028439445.1,Mycoplasma bradburyae,2963128,PRJNA778533,SAMN22963607,2023,2023-02-02,Illumina NovaSeq,Short,Contig,OK,Mycoplasma bradburyae,2026-09-29
GCA_028595955.1,Columbia Basin potato purple top phytoplasma,307134,PRJNA839414,SAMN27545508,2023,2023-02-11,Illumina,Short,Contig,OK,Candidatus Phytoplasma stylosanthis,2026-09-29
GCA_028622045.1,Spiroplasma endosymbiont of Drosophila atripex,614643,PRJNA928682,SAMN32939082,2023,2023-02-14,Illumina HiSeq; Oxford Nanopore MinION,Hybrid,Complete Genome,Inconclusive,Spiroplasma floricola,2026-09-29
GCA_028681655.1,Acholeplasmataceae bacterium,1898209,PRJNA900590,SAMN32733896,2023,2023-02-17,Illumina HiSeq,Short,Scaffold,Inconclusive,Caproiciproducens galactitolivorans,2026-09-29
GCA_028685975.1,Acholeplasmataceae bacterium,1898209,PRJNA900590,SAMN32733768,2023,2023-02-17,Illumina HiSeq,Short,Scaffold,Inconclusive,Acholeplasma hippikon,2026-09-29
GCA_028690555.1,Acholeplasmataceae bacterium,1898209,PRJNA900590,SAMN32734634,2023,2023-02-17,Illumina HiSeq,Short,Scaffold,Inconclusive,Acholeplasma brassicae,2026-09-29
GCA_028691195.1,Candidatus Izemoplasmatales bacterium,3018265,PRJNA900590,SAMN32734600,2023,2023-02-17,Illumina HiSeq,Short,Scaffold,Inconclusive,Candidatus Yanofskyibacterium parasiticum,2026-09-29
GCA_028691315.1,Candidatus Izemoplasmatales bacterium,3018265,PRJNA900590,SAMN32734595,2023,2023-02-17,Illumina HiSeq,Short,Scaffold,Inconclusive,na,2026-09-29
GCA_028691335.1,Candidatus Izemoplasmatales bacterium,3018265,PRJNA900590,SAMN32734592,2023,2023-02-17,Illumina HiSeq,Short,Contig,Inconclusive,Hujiaoplasma nucleasis,2026-09-29
GCA_028691485.1,Candidatus Izemoplasmatales bacterium,3018265,PRJNA900590,SAMN32734585,2023,2023-02-17,Illumina HiSeq,Short,Scaffold,Inconclusive,na,2026-09-29
GCA_028694875.1,Candidatus Izemoplasmatales bacterium,3018265,PRJNA900590,SAMN32734922,2023,2023-02-17,Illumina HiSeq,Short,Scaffold,Inconclusive,Seramator thermalis,2026-09-29
GCA_028697025.1,Candidatus Izemoplasmatales bacterium,3018265,PRJNA900590,SAMN32734816,2023,2023-02-18,Illumina HiSeq,Short,Scaffold,Inconclusive,Atribacter laminatus,2026-09-29
GCA_028698755.1,Candidatus Izemoplasmatales bacterium,3018265,PRJNA900590,SAMN32737475,2023,2023-02-18,Illumina HiSeq,Short,Scaffold,Inconclusive,Spiroplasma citri,2026-09-29
GCA_028698875.1,Candidatus Izemoplasmatales bacterium,3018265,PRJNA900590,SAMN32737468,2023,2023-02-18,Illumina HiSeq,Short,Scaffold,Inconclusive,Hujiaoplasma nucleasis,2026-09-29
GCA_028699855.1,Candidatus Izemoplasmatales bacterium,3018265,PRJNA900590,SAMN32737420,2023,2023-02-18,Illumina HiSeq,Short,Scaffold,Inconclusive,Peloplasma aerotolerans,2026-09-29
GCA_028701025.1,Candidatus Izemoplasmatales bacterium,3018265,PRJNA900590,SAMN32737359,2023,2023-02-18,Illumina HiSeq,Short,Scaffold,Inconclusive,Hujiaoplasma nucleasis,2026-09-29
GCA_028701445.1,Acholeplasmataceae bacterium,1898209,PRJNA900590,SAMN32737339,2023,2023-02-18,Illumina HiSeq,Short,Scaffold,Inconclusive,Clostridium oceanicum,2026-09-29
GCA_028702245.1,Candidatus Izemoplasmatales bacterium,3018265,PRJNA900590,SAMN32737299,2023,2023-02-18,Illumina HiSeq,Short,Scaffold,Inconclusive,Hujiaoplasma nucleasis,2026-09-29
GCA_028703125.1,Acholeplasmataceae bacterium,1898209,PRJNA900590,SAMN32737255,2023,2023-02-18,Illumina HiSeq,Short,Scaffold,Inconclusive,Paracholeplasma morum,2026-09-29
GCA_028703145.1,Acholeplasmataceae bacterium,1898209,PRJNA900590,SAMN32737253,2023,2023-02-18,Illumina HiSeq,Short,Scaffold,Inconclusive,Acholeplasma brassicae,2026-09-29
GCA_028704245.1,Candidatus Izemoplasmatales bacterium,3018265,PRJNA900590,SAMN32737199,2023,2023-02-18,Illumina HiSeq,Short,Scaffold,Inconclusive,Hujiaoplasma nucleasis,2026-09-29
GCA_028705515.1,Acholeplasmataceae bacterium,1898209,PRJNA900590,SAMN32737668,2023,2023-02-18,Illumina HiSeq,Short,Scaffold,Inconclusive,Methanocorpusculum parvum,2026-09-29
GCA_028707415.1,Candidatus Izemoplasmatales bacterium,3018265,PRJNA900590,SAMN32737609,2023,2023-02-18,Illumina HiSeq,Short,Contig,Inconclusive,Spiroplasma citri,2026-09-29
GCA_028709895.1,Acholeplasmataceae bacterium,1898209,PRJNA900590,SAMN32734431,2023,2023-02-18,Illumina HiSeq,Short,Scaffold,Inconclusive,Acholeplasma brassicae,2026-09-29
GCA_028710635.1,Candidatus Izemoplasmatales bacterium,3018265,PRJNA900590,SAMN32731939,2023,2023-02-18,Illumina HiSeq,Short,Scaffold,Inconclusive,Hujiaoplasma nucleasis,2026-09-29
GCA_028717365.1,Candidatus Izemoplasmatales bacterium,3018265,PRJNA900590,SAMN32734292,2023,2023-02-18,Illumina HiSeq,Short,Scaffold,Inconclusive,na,2026-09-29
GCA_028720585.1,Mollicutes bacterium,37628,PRJNA857725,SAMN32799639,2023,2023-02-18,Illumina NovaSeq,Short,Contig,Inconclusive,na,2026-09-29
GCA_028720705.1,Mollicutes bacterium,37628,PRJNA857725,SAMN32799633,2023,2023-02-18,Illumina NovaSeq,Short,Contig,Inconclusive,na,2026-09-29
GCA_028720805.1,Mollicutes bacterium,37628,PRJNA857725,SAMN32799628,2023,2023-02-18,Illumina NovaSeq,Short,Contig,Inconclusive,Solobacterium moorei,2026-09-29
GCA_028721765.1,Mycoplasma sp.,2108,PRJNA857725,SAMN32799578,2023,2023-02-18,Illumina NovaSeq,Short,Contig,Inconclusive,Oceanotoga teriensis,2026-09-29
GCA_028724465.1,Acholeplasmatales bacterium,2053494,PRJNA857725,SAMN32799366,2023,2023-02-18,Illumina NovaSeq,Short,Contig,Inconclusive,Thomasclavelia spiroformis,2026-09-29
GCA_028726965.1,Mollicutes bacterium,37628,PRJNA857725,SAMN32799687,2023,2023-02-18,Illumina NovaSeq,Short,Contig,Inconclusive,na,2026-09-29
GCA_028727645.1,Mollicutes bacterium,37628,PRJNA857725,SAMN32799507,2023,2023-02-18,Illumina NovaSeq,Short,Contig,Inconclusive,Streptococcus alactolyticus,2026-09-29
GCA_028728045.1,Mycoplasmataceae bacterium,2685873,PRJNA857725,SAMN32799484,2023,2023-02-18,Illumina NovaSeq,Short,Contig,Inconclusive,Malacoplasma muris,2026-09-29
GCA_028748905.1,Candidatus Izemoplasmatales bacterium,3018265,PRJNA900590,SAMN32731823,2023,2023-02-18,Illumina HiSeq,Short,Scaffold,Inconclusive,Peloplasma aerotolerans,2026-09-29
GCA_029007055.1,Mycoplasma sp.,2108,PRJNA857725,SAMN32798805,2023,2023-02-18,Illumina NovaSeq,Short,Contig,Inconclusive,na,2026-09-29
GCA_029009155.1,Mycoplasmataceae bacterium,2685873,PRJNA857725,SAMN32798876,2023,2023-02-18,Illumina NovaSeq,Short,Contig,Inconclusive,Malacoplasma muris,2026-09-29
GCA_029050385.1,Anaeroplasmataceae bacterium,2793037,PRJNA725899,SAMN19956091,2023,2023-03-08,Illumina NextSeq,Short,Scaffold,Inconclusive,Anaeroplasma bactoclasticum,2026-09-29
GCA_029050625.1,Anaeroplasmataceae bacterium,2793037,PRJNA725899,SAMN19956080,2023,2023-03-08,Illumina NextSeq,Short,Scaffold,Inconclusive,Anaeroplasma bactoclasticum,2026-09-29
GCA_029051735.1,Anaeroplasmataceae bacterium,2793037,PRJNA725899,SAMN19956043,2023,2023-03-08,Illumina NextSeq,Short,Scaffold,Inconclusive,Paeniclostridium hominis,2026-09-29
GCA_029053665.1,Anaeroplasmataceae bacterium,2793037,PRJNA725899,SAMN19955931,2023,2023-03-08,Illumina NextSeq,Short,Scaffold,Inconclusive,Anaeroplasma bactoclasticum,2026-09-29
GCA_029053715.1,Anaeroplasmataceae bacterium,2793037,PRJNA725899,SAMN19955928,2023,2023-03-08,Illumina NextSeq,Short,Scaffold,Inconclusive,Anaeroplasma bactoclasticum,2026-09-29
GCA_029055445.1,Anaeroplasmataceae bacterium,2793037,PRJNA725899,SAMN19955842,2023,2023-03-08,Illumina NextSeq,Short,Scaffold,Inconclusive,Anaeroplasma bactoclasticum,2026-09-29
GCA_029055765.1,Anaeroplasmataceae bacterium,2793037,PRJNA725899,SAMN19955825,2023,2023-03-08,Illumina NextSeq,Short,Scaffold,Inconclusive,Anaeroplasma bactoclasticum,2026-09-29
GCA_029057785.1,Anaeroplasmataceae bacterium,2793037,PRJNA725899,SAMN19956410,2023,2023-03-08,Illumina NextSeq,Short,Scaffold,Inconclusive,Anaeroplasma bactoclasticum,2026-09-29
GCA_029060945.1,Anaeroplasmataceae bacterium,2793037,PRJNA725899,SAMN19956252,2023,2023-03-08,Illumina NextSeq,Short,Scaffold,Inconclusive,Anaeroplasma bactoclasticum,2026-09-29
GCA_029061055.1,Anaeroplasmataceae bacterium,2793037,PRJNA725899,SAMN19956245,2023,2023-03-08,Illumina NextSeq,Short,Scaffold,Inconclusive,Anaeroplasma bactoclasticum,2026-09-29
GCA_029061445.1,Anaeroplasmataceae bacterium,2793037,PRJNA725899,SAMN19956227,2023,2023-03-08,Illumina NextSeq,Short,Scaffold,Inconclusive,Anaeroplasma bactoclasticum,2026-09-29
GCA_029062065.1,Anaeroplasmataceae bacterium,2793037,PRJNA725899,SAMN19956197,2023,2023-03-08,Illumina NextSeq,Short,Scaffold,Inconclusive,Anaeroplasma bactoclasticum,2026-09-29
GCA_029062305.1,Anaeroplasmataceae bacterium,2793037,PRJNA725899,SAMN19956186,2023,2023-03-08,Illumina NextSeq,Short,Scaffold,Inconclusive,Anaeroplasma bactoclasticum,2026-09-29
GCA_029064665.1,Anaeroplasmataceae bacterium,2793037,PRJNA725899,SAMN19956692,2023,2023-03-08,Illumina NextSeq,Short,Scaffold,Inconclusive,na,2026-09-29
GCA_029066075.1,Anaeroplasmataceae bacterium,2793037,PRJNA725899,SAMN19956618,2023,2023-03-08,Illumina NextSeq,Short,Contig,Inconclusive,Anaeroplasma bactoclasticum,2026-09-29
GCA_029066345.1,Anaeroplasmataceae bacterium,2793037,PRJNA725899,SAMN19956606,2023,2023-03-08,Illumina NextSeq,Short,Scaffold,Inconclusive,Anaeroplasma bactoclasticum,2026-09-29
GCA_029066385.1,Anaeroplasmataceae bacterium,2793037,PRJNA725899,SAMN19956604,2023,2023-03-08,Illumina NextSeq,Short,Scaffold,Inconclusive,Anaeroplasma bactoclasticum,2026-09-29
GCA_029066905.1,Anaeroplasmataceae bacterium,2793037,PRJNA725899,SAMN19956576,2023,2023-03-09,Illumina NextSeq,Short,Scaffold,Inconclusive,Anaeroplasma bactoclasticum,2026-09-29
GCA_029067355.1,Anaeroplasmataceae bacterium,2793037,PRJNA725899,SAMN19956554,2023,2023-03-09,Illumina NextSeq,Short,Scaffold,Inconclusive,Clostridium fallax,2026-09-29
GCA_029067585.1,Anaeroplasmataceae bacterium,2793037,PRJNA725899,SAMN19956544,2023,2023-03-09,Illumina NextSeq,Short,Scaffold,Inconclusive,Anaeroplasma bactoclasticum,2026-09-29
GCA_029068835.1,Anaeroplasmataceae bacterium,2793037,PRJNA725899,SAMN19956482,2023,2023-03-09,Illumina NextSeq,Short,Scaffold,Inconclusive,Tannockella kyphosi,2026-09-29
GCA_029203615.1,Mycoplasma sp.,2108,PRJNA797924,SAMN25134305,2023,2023-03-14,Illumina NovaSeq; Sanger,Short,Complete Genome,Inconclusive,Malacoplasma muris,2026-09-29
GCA_029219325.1,Mollicutes bacterium,37628,PRJNA857725,SAMN32799115,2023,2023-02-18,Illumina NovaSeq,Short,Contig,Inconclusive,na,2026-09-29
GCA_029240795.1,Haloplasmataceae bacterium,2862752,PRJNA725542,SAMN20393985,2023,2023-03-17,Illumina NovaSeq,Short,Contig,Inconclusive,na,2026-09-29
GCA_029258155.1,Mycoplasma sp.,2108,PRJNA735411,SAMN33569511,2023,2023-03-17,Illumina NovaSeq 6000,Short,Contig,OK,Mycoplasma phocimorsus,2026-09-29
GCA_029338495.1,Mollicutes bacterium,37628,PRJNA857725,SAMN32799306,2023,2023-02-18,Illumina NovaSeq,Short,Contig,Inconclusive,na,2026-09-29
GCA_029457555.1,Candidatus Phytoplasma citri,180978,PRJNA937424,SAMN33408018,2023,2023-03-29,Oxford Nanopore; Illumina,Hybrid,Complete Genome,Failed,Candidatus Phytoplasma australasiaticum,2026-09-29
GCA_029536585.1,Paracholeplasma manati,591373,PRJNA948473,SAMN33906258,2023,2023-04-01,Illumina MiSeq,Short,Contig,OK,Paracholeplasma manati,2026-09-29
GCA_029607405.2,Spiroplasma citri,2133,PRJNA830316,SAMN27687095,2023,2023-04-07,illumines,Short,Complete Genome,OK,Spiroplasma citri,2026-09-29
GCA_029607425.2,Spiroplasma citri,2133,PRJNA830316,SAMN27863602,2023,2023-04-07,illumines,Short,Complete Genome,OK,Spiroplasma citri,2026-09-29
GCA_029607445.2,Spiroplasma citri,2133,PRJNA830316,SAMN27865096,2023,2023-04-07,illumines,Short,Complete Genome,OK,Spiroplasma citri,2026-09-29
GCA_029677685.1,Mycoplasma feriruminatoris,1179777,PRJNA576434,SAMN12993633,2023,2023-04-11,Oxford Nanopore GridION; Illumina MiSeq,Hybrid,Complete Genome,OK,Mycoplasma feriruminatoris,2026-09-29
GCA_029677705.1,Mycoplasma feriruminatoris,1179777,PRJNA814635,SAMN26561933,2023,2023-04-11,Oxford Nanopore GridION; Illumina MiSeq,Hybrid,Complete Genome,OK,Mycoplasma feriruminatoris,2026-09-29
GCA_029677725.1,Mycoplasma feriruminatoris,1179777,PRJNA814632,SAMN26561918,2023,2023-04-11,Oxford Nanopore GridION; Illumina MiSeq,Hybrid,Complete Genome,OK,Mycoplasma feriruminatoris,2026-09-29
GCA_029677745.1,Mycoplasma feriruminatoris,1179777,PRJNA814633,SAMN26561922,2023,2023-04-11,Oxford Nanopore GridION; Illumina MiSeq,Hybrid,Complete Genome,OK,Mycoplasma feriruminatoris,2026-09-29
GCA_029677885.1,Mycoplasma feriruminatoris,1179777,PRJNA814636,SAMN26561936,2023,2023-04-11,Oxford Nanopore GridION; Illumina MiSeq,Hybrid,Complete Genome,OK,Mycoplasma feriruminatoris,2026-09-29
GCA_029677985.1,Mycoplasma feriruminatoris,1179777,PRJNA814638,SAMN26561941,2023,2023-04-11,Oxford Nanopore GridION; Illumina MiSeq,Hybrid,Complete Genome,OK,Mycoplasma feriruminatoris,2026-09-29
GCA_029678005.1,Mycoplasma feriruminatoris,1179777,PRJNA814639,SAMN26561942,2023,2023-04-11,Oxford Nanopore GridION; Illumina MiSeq,Hybrid,Complete Genome,OK,Mycoplasma feriruminatoris,2026-09-29
GCA_029678025.1,Mycoplasma feriruminatoris,1179777,PRJNA579028,SAMN13090985,2023,2023-04-11,Oxford Nanopore GridION; Illumina MiSeq,Hybrid,Complete Genome,OK,Mycoplasma feriruminatoris,2026-09-29
GCA_029746895.1,Candidatus Phytoplasma pruni,479893,PRJNA939941,SAMN33549442,2023,2023-04-14,Illumina NovaSeq; Oxford Nanopore MinION,Hybrid,Complete Genome,Inconclusive,Candidatus Phytoplasma crotalariae,2026-09-29
GCA_029783395.1,Mycoplasma capricolum subsp. capripneumoniae,40480,PRJNA940743,SAMN33578400,2023,2023-04-17,Illumina MiSeq; Oxford Nanopore GridION,Hybrid,Complete Genome,OK,Mycoplasma capricolum,2026-09-29
GCA_029866545.1,Mycoplasma sp. B17,2933905,PRJNA816903,SAMN27302535,2023,2023-04-25,Illumina NovaSeq,Short,Chromosome,Inconclusive,Malacoplasma muris,2026-09-29
GCA_029939615.1,Candidatus Izemoplasma sp.,2979197,PRJNA879229,SAMN30800585,2023,2023-05-03,Illumina NovaSeq,Short,Scaffold,Inconclusive,Malaciobacter molluscorum,2026-09-29
GCA_029939945.1,Candidatus Izemoplasma sp.,2979197,PRJNA879229,SAMN30800584,2023,2023-05-03,Illumina NovaSeq,Short,Scaffold,Inconclusive,Candidatus Izemoplasma acidinucleici,2026-09-29
GCA_029976705.1,Mollicutes bacterium,37628,PRJNA574146,SAMN34130285,2023,2023-05-11,Illumina HiSeq,Short,Contig,Inconclusive,Candidatus Phytoplasma vignae,2026-09-29
GCA_029992245.1,Mycoplasma sp.,2108,PRJNA532511,SAMN11401879,2023,2023-05-12,Illumina MiSeq,Short,Scaffold,Inconclusive,Mycoplasmopsis cricetuli,2026-09-29
GCA_030012175.1,Peloplasma aerotolerans,3044389,PRJNA966931,SAMN34567019,2023,2023-05-14,Illumina MiSeq,Short,Contig,OK,Candidatus Methanocrinis alkalitolerans,2026-09-29
GCA_030059765.1,Mollicutes bacterium,37628,PRJNA574146,SAMN34130284,2023,2023-05-22,Illumina HiSeq,Short,Chromosome,Inconclusive,[Mycoplasma] collis,2026-09-29
GCA_030060925.1,Spiroplasma sp. SV19,2570468,PRJNA532512,SAMN11401880,2023,2023-05-22,Nanopore,Long,Complete Genome,OK,Spiroplasma citri,2026-09-29
GCA_030077715.1,Mycoplasma phocimorsus,3045839,PRJNA970269,SAMN35005828,2023,2023-05-25,Illumina NextSeq,Short,Contig,OK,Mycoplasma phocimorsus,2026-09-29
GCA_030077805.1,Mycoplasma phocimorsus,3045839,PRJNA970269,SAMN35005787,2023,2023-05-25,Illumina NextSeq,Short,Contig,OK,Mycoplasma phocimorsus,2026-09-29
GCA_030077825.1,Mycoplasma phocimorsus,3045839,PRJNA970269,SAMN35005779,2023,2023-05-25,Illumina NextSeq,Short,Contig,OK,Mycoplasma phocimorsus,2026-09-29
GCA_030077835.1,Mycoplasma phocimorsus,3045839,PRJNA970269,SAMN35005798,2023,2023-05-25,Illumina NextSeq,Short,Contig,OK,Mycoplasma phocimorsus,2026-09-29
GCA_030077865.1,Mycoplasma phocimorsus,3045839,PRJNA970269,SAMN34997323,2023,2023-05-25,Illumina NextSeq,Short,Contig,OK,Mycoplasma elephantis,2026-09-29
GCA_030077875.1,Mycoplasma phocimorsus,3045839,PRJNA970269,SAMN35005777,2023,2023-05-25,Illumina NextSeq,Short,Contig,OK,Mycoplasma phocimorsus,2026-09-29
GCA_030127385.1,Candidatus Phytoplasma cynodontis,72990,PRJNA318828,SAMN04868714,2023,2023-05-30,Oxford Nanopore MinION; Illumina MiSeq,Hybrid,Complete Genome,Inconclusive,Candidatus Phytoplasma australasiaticum,2026-09-29
GCA_030154525.1,Mycoplasmataceae bacterium,2685873,PRJNA720530,SAMN18653201,2023,2023-06-02,Illumina MiSeq,Short,Contig,Inconclusive,Mycoplasmopsis cricetuli,2026-09-29
GCA_030166555.2,Acholeplasma laidlawii,2148,PRJNA975591,SAMN35335681,2025,2025-08-08,Oxford Nanopore,Long,Complete Genome,Inconclusive,Acholeplasma laidlawii,2026-09-29
GCA_030266845.1,Acholeplasma sp. OttesenSCG-928-E16,2885269,PRJNA734875,SAMN19548035,2023,2023-06-13,Illumina NextSeq,Short,Contig,Inconclusive,Peloplasma aerotolerans,2026-09-29
GCA_030316605.1,Spiroplasma ixodetis Y32,1276219,PRJNA184743,SAMN04275153,2023,2023-06-21,PacBio,Long,Complete Genome,Inconclusive,Spiroplasma phoeniceum,2026-09-29
GCA_030544865.1,Candidatus Phytoplasma australasiaticum,2754999,PRJNA834592,SAMN28048762,2023,2023-07-26,Illumina NovaSeq; Oxford Nanopore MinION,Hybrid,Complete Genome,OK,Candidatus Phytoplasma australasiaticum,2026-09-29
GCA_030550815.1,Candidatus Mycoplasma mahonii,3004105,PRJNA912223,SAMN32235174,2023,2023-07-28,PacBio Sequel,Long,Complete Genome,OK,Mesomycoplasma neurolyticum,2026-09-29
GCA_030586665.1,Candidatus Phytoplasma australasiaticum subsp. ipomoeae,101513,PRJNA884151,SAMN31013027,2023,2023-08-02,Illumina NovaSeq,Short,Scaffold,OK,Candidatus Phytoplasma australasiaticum,2026-09-29
GCA_030586685.1,Candidatus Phytoplasma australasiaticum subsp. ipomoeae,101513,PRJNA884151,SAMN31013024,2023,2023-08-02,Illumina NovaSeq,Short,Scaffold,OK,Candidatus Phytoplasma australasiaticum,2026-09-29
GCA_030586705.1,Candidatus Phytoplasma australasiaticum subsp. ipomoeae,101513,PRJNA884151,SAMN31013026,2023,2023-08-02,Illumina NovaSeq,Short,Scaffold,OK,Candidatus Phytoplasma australasiaticum,2026-09-29
GCA_030586715.1,Candidatus Phytoplasma australasiaticum subsp. ipomoeae,101513,PRJNA884151,SAMN31013025,2023,2023-08-02,Illumina NovaSeq,Short,Scaffold,OK,Candidatus Phytoplasma australasiaticum,2026-09-29
GCA_030586785.1,Candidatus Phytoplasma fabacearum,2982628,PRJNA884151,SAMN31013021,2023,2023-08-02,Illumina HiSeq,Short,Scaffold,OK,Candidatus Phytoplasma fabacearum,2026-09-29
GCA_030586805.1,Candidatus Phytoplasma fabacearum,2982628,PRJNA884151,SAMN31013020,2023,2023-08-02,Illumina HiSeq,Short,Scaffold,OK,Candidatus Phytoplasma bonamiae,2026-09-29
GCA_030586815.1,Candidatus Phytoplasma planchoniae,2982631,PRJNA884151,SAMN31013017,2023,2023-08-02,Illumina NovaSeq,Short,Scaffold,Inconclusive,Candidatus Phytoplasma australasiaticum,2026-09-29
GCA_030586845.1,Candidatus Phytoplasma bonamiae,2982626,PRJNA884151,SAMN31013016,2023,2023-08-02,Illumina NovaSeq,Short,Scaffold,OK,Candidatus Phytoplasma fabacearum,2026-09-29
GCA_030586865.1,Candidatus Phytoplasma crotalariae,2982627,PRJNA884151,SAMN31013015,2023,2023-08-02,Illumina NovaSeq,Short,Scaffold,Inconclusive,Candidatus Phytoplasma citri,2026-09-29
GCA_030586885.1,Candidatus Phytoplasma australasiaticum subsp. australasiaticum,2832407,PRJNA884151,SAMN31013012,2023,2023-08-02,Illumina NovaSeq,Short,Scaffold,OK,Candidatus Phytoplasma australasiaticum,2026-09-29
GCA_030586905.1,Candidatus Phytoplasma fabacearum,2982628,PRJNA884151,SAMN31013018,2023,2023-08-02,Illumina HiSeq,Short,Scaffold,OK,Candidatus Phytoplasma fabacearum,2026-09-29
GCA_030586915.1,'Vigna radiata' phytoplasma,1177238,PRJNA884151,SAMN31013014,2023,2023-08-02,Illumina NovaSeq,Short,Scaffold,OK,Candidatus Phytoplasma australasiaticum,2026-09-29
GCA_030586945.1,Candidatus Phytoplasma australasiaticum subsp. australasiaticum,2832407,PRJNA884151,SAMN31013011,2023,2023-08-02,Illumina NovaSeq,Short,Scaffold,OK,Candidatus Phytoplasma australasiaticum,2026-09-29
GCA_030586965.1,Candidatus Phytoplasma australasiaticum subsp. australasiaticum,2832407,PRJNA884151,SAMN31013010,2023,2023-08-02,Illumina NovaSeq,Short,Scaffold,OK,Candidatus Phytoplasma australasiaticum,2026-09-29
GCA_030586975.1,Candidatus Phytoplasma gossypii,2982629,PRJNA884151,SAMN31013013,2023,2023-08-02,Illumina NovaSeq,Short,Scaffold,Inconclusive,Candidatus Phytoplasma citri,2026-09-29
GCA_030586985.1,Candidatus Phytoplasma australasiaticum subsp. australasiaticum,2832407,PRJNA884151,SAMN31013006,2023,2023-08-02,Illumina NovaSeq,Short,Scaffold,OK,Candidatus Phytoplasma australasiaticum,2026-09-29
GCA_030587015.1,Candidatus Phytoplasma australasiaticum subsp. australasiaticum,2832407,PRJNA884151,SAMN31013008,2023,2023-08-02,Illumina NovaSeq,Short,Scaffold,OK,Candidatus Phytoplasma australasiaticum,2026-09-29
GCA_030587035.1,Candidatus Phytoplasma australasiaticum subsp. australasiaticum,2832407,PRJNA884151,SAMN31013009,2023,2023-08-02,Illumina NovaSeq,Short,Scaffold,OK,Candidatus Phytoplasma australasiaticum,2026-09-29
GCA_030587065.1,Candidatus Phytoplasma australasiaticum subsp. australasiaticum,2832407,PRJNA884151,SAMN31013005,2023,2023-08-02,Illumina NovaSeq,Short,Scaffold,OK,Candidatus Phytoplasma australasiaticum,2026-09-29
GCA_030587075.1,Candidatus Phytoplasma australasiaticum subsp. australasiaticum,2832407,PRJNA884151,SAMN31013004,2023,2023-08-02,Illumina NovaSeq,Short,Scaffold,OK,Candidatus Phytoplasma australasiaticum,2026-09-29
GCA_030587105.1,Candidatus Phytoplasma australasiaticum subsp. australasiaticum,2832407,PRJNA884151,SAMN31013003,2023,2023-08-02,Illumina NovaSeq,Short,Scaffold,OK,Candidatus Phytoplasma australasiaticum,2026-09-29
GCA_030587125.1,Candidatus Phytoplasma australasiaticum subsp. australasiaticum,2832407,PRJNA884151,SAMN31013001,2023,2023-08-02,Illumina NovaSeq,Short,Scaffold,OK,Candidatus Phytoplasma australasiaticum,2026-09-29
GCA_030587135.1,Candidatus Phytoplasma australasiaticum subsp. australasiaticum,2832407,PRJNA884151,SAMN31013002,2023,2023-08-02,Illumina NovaSeq,Short,Scaffold,OK,Candidatus Phytoplasma australasiaticum,2026-09-29
GCA_030587165.1,Candidatus Phytoplasma asiaticum,2763338,PRJNA884151,SAMN31013000,2023,2023-08-02,Illumina NovaSeq,Short,Scaffold,OK,Candidatus Phytoplasma asiaticum,2026-09-29
GCA_030587175.1,Candidatus Phytoplasma asiaticum,2763338,PRJNA884151,SAMN31012999,2023,2023-08-02,Illumina NovaSeq,Short,Scaffold,OK,Candidatus Phytoplasma asiaticum,2026-09-29
GCA_030587205.1,Candidatus Phytoplasma australasiaticum subsp. taiwanense,1123738,PRJNA884151,SAMN31012995,2023,2023-08-02,Illumina NovaSeq,Short,Scaffold,OK,Candidatus Phytoplasma australasiaticum,2026-09-29
GCA_030587215.1,Candidatus Phytoplasma citri,180978,PRJNA884151,SAMN31012998,2023,2023-08-02,Illumina NovaSeq,Short,Contig,Inconclusive,Candidatus Phytoplasma asiaticum,2026-09-29
GCA_030587225.1,Candidatus Phytoplasma citri,180978,PRJNA884151,SAMN31012996,2023,2023-08-02,Illumina NovaSeq,Short,Scaffold,OK,Candidatus Phytoplasma citri,2026-09-29
GCA_030588185.1,Candidatus Phytoplasma melaleucae,2982630,PRJNA884151,SAMN31013030,2023,2023-08-02,Illumina NovaSeq,Short,Scaffold,OK,Candidatus Phytoplasma stylosanthis,2026-09-29
GCA_030603805.1,Acholeplasmataceae bacterium,1898209,PRJNA950938,SAMN34049220,2023,2023-08-03,Illumina HiSeq,Short,Contig,Inconclusive,Acholeplasma equirhinis,2026-09-29
GCA_030621645.1,Mycoplasmataceae bacterium,2685873,PRJNA950938,SAMN34051144,2023,2023-08-03,Illumina HiSeq,Short,Contig,Inconclusive,Candidatus Hepatoplasma vulgare,2026-09-29
GCA_030656435.1,Acholeplasmataceae bacterium,1898209,PRJNA700657,SAMN36304426,2023,2023-08-05,Illumina NovaSeq,Short,Contig,Inconclusive,Mariniplasma anaerobium,2026-09-29
GCA_030686925.1,Candidatus Phytoplasma asteris,85620,PRJNA937408,SAMN33407024,2023,2023-03-29,Illumina; Oxford Nanopore,Hybrid,Complete Genome,Inconclusive,Candidatus Phytoplasma vignae,2026-09-29
GCA_030700385.1,Mycoplasma mycoides,2102,PRJNA954307,SAMN34138617,2023,2023-08-08,Illumina MiSeq,Short,Contig,OK,Mycoplasma mycoides,2026-09-29
GCA_030700395.1,Mycoplasma mycoides,2102,PRJNA954307,SAMN34138616,2023,2023-08-08,Illumina MiSeq,Short,Contig,OK,Mycoplasma mycoides,2026-09-29
GCA_030700425.1,Mycoplasma mycoides,2102,PRJNA954307,SAMN34138618,2023,2023-08-08,Illumina MiSeq,Short,Contig,OK,Mycoplasma mycoides,2026-09-29
GCA_030700445.1,Mycoplasma mycoides,2102,PRJNA954307,SAMN34138615,2023,2023-08-08,Illumina MiSeq,Short,Contig,OK,Mycoplasma mycoides,2026-09-29
GCA_030700465.1,Mycoplasma mycoides,2102,PRJNA954307,SAMN34138613,2023,2023-08-08,Illumina MiSeq,Short,Contig,OK,Mycoplasma mycoides,2026-09-29
GCA_030700485.1,Mycoplasma mycoides,2102,PRJNA954307,SAMN34138614,2023,2023-08-08,Illumina MiSeq,Short,Contig,OK,Mycoplasma mycoides,2026-09-29
GCA_030700495.1,Mycoplasma mycoides,2102,PRJNA954307,SAMN34138611,2023,2023-08-08,Illumina MiSeq,Short,Contig,OK,Mycoplasma mycoides,2026-09-29
GCA_030700545.1,Mycoplasma mycoides,2102,PRJNA954307,SAMN36781233,2023,2023-08-08,Illumina MiSeq,Short,Contig,OK,Mycoplasma mycoides,2026-09-29
GCA_030700565.1,Mycoplasma mycoides,2102,PRJNA954307,SAMN34138610,2023,2023-08-08,Illumina MiSeq,Short,Contig,OK,Mycoplasma mycoides,2026-09-29
GCA_030700585.1,Mycoplasma mycoides,2102,PRJNA954307,SAMN34138609,2023,2023-08-08,Illumina MiSeq,Short,Contig,OK,Mycoplasma mycoides,2026-09-29
GCA_030700595.1,Mycoplasma mycoides,2102,PRJNA954307,SAMN36781232,2023,2023-08-08,Illumina MiSeq,Short,Contig,OK,Mycoplasma mycoides,2026-09-29
GCA_030700645.1,Mycoplasma mycoides,2102,PRJNA954307,SAMN34138608,2023,2023-08-08,Illumina MiSeq,Short,Contig,OK,Mycoplasma mycoides,2026-09-29
GCA_030718845.1,Mycoplasma seminis,512749,PRJNA1002399,SAMN36843426,2023,2023-08-14,Oxford Nanopore MinION; Illumina MiniSeq,Hybrid,Complete Genome,Inconclusive,Mycoplasmopsis verecunda,2026-09-29
GCA_030815295.1,Mycoplasma yeatsii,51365,PRJNA709630,SAMN18247817,2023,2023-08-18,Illumina,Short,Contig,OK,Mycoplasma cottewii,2026-09-29
GCA_030913225.1,Spiroplasma sp. AdecLV25b,3027162,PRJNA921942,SAMN32746590,2023,2023-08-27,Illumina NovaSeq,Short,Contig,Inconclusive,Spiroplasma citri,2026-09-29
GCA_031119525.1,Spiroplasma sp.,2135,PRJNA995601,SAMN36993585,2023,2023-09-04,Illumina NovaSeq,Short,Scaffold,OK,Spiroplasma attinicola,2026-09-29
GCA_031255095.1,Mycoplasmataceae bacterium,2685873,PRJNA732531,SAMN21241283,2023,2023-09-07,Illumina NovaSeq,Short,Contig,Inconclusive,[Mycoplasma] collis,2026-09-29
GCA_031257095.1,Mycoplasmataceae bacterium,2685873,PRJNA732531,SAMN21241183,2023,2023-09-07,Illumina NovaSeq,Short,Contig,Inconclusive,Candidatus Hennigella equi,2026-09-29
GCA_031258945.1,Mycoplasmataceae bacterium,2685873,PRJNA732531,SAMN21241101,2023,2023-09-07,Illumina NovaSeq,Short,Contig,Inconclusive,Mycoplasmoides pirum,2026-09-29
GCA_031259945.1,Mycoplasmataceae bacterium,2685873,PRJNA732531,SAMN21241065,2023,2023-09-07,Illumina NovaSeq,Short,Contig,Inconclusive,Ureaplasma urealyticum,2026-09-29
GCA_031260145.1,Mycoplasmataceae bacterium,2685873,PRJNA732531,SAMN21241056,2023,2023-09-07,Illumina NovaSeq,Short,Contig,Inconclusive,Mycoplasmoides pirum,2026-09-29
GCA_031261045.1,Mycoplasmataceae bacterium,2685873,PRJNA732531,SAMN21241725,2023,2023-09-07,Illumina NovaSeq,Short,Contig,Inconclusive,na,2026-09-29
GCA_031261065.1,Mycoplasmataceae bacterium,2685873,PRJNA732531,SAMN21241724,2023,2023-09-07,Illumina NovaSeq,Short,Contig,Inconclusive,Malacoplasma iowae,2026-09-29
GCA_031262935.1,Mycoplasmataceae bacterium,2685873,PRJNA732531,SAMN21241637,2023,2023-09-07,Illumina NovaSeq,Short,Contig,Inconclusive,Ureaplasma parvum,2026-09-29
GCA_031265955.1,Mycoplasmataceae bacterium,2685873,PRJNA732531,SAMN21241511,2023,2023-09-07,Illumina NovaSeq,Short,Contig,Inconclusive,Candidatus Hennigella equi,2026-09-29
GCA_031271425.1,Spiroplasmataceae bacterium,2872178,PRJNA732531,SAMN21242026,2023,2023-09-08,Illumina NovaSeq,Short,Contig,Inconclusive,Spiroplasma taiwanense,2026-09-29
GCA_031273215.1,Mycoplasmataceae bacterium,2685873,PRJNA732531,SAMN21241934,2023,2023-09-08,Illumina NovaSeq,Short,Contig,Inconclusive,Malacoplasma iowae,2026-09-29
GCA_031275175.1,Mycoplasmataceae bacterium,2685873,PRJNA732531,SAMN21241854,2023,2023-09-08,Illumina NovaSeq,Short,Contig,Inconclusive,Malacoplasma iowae,2026-09-29
GCA_031278855.1,Mycoplasmataceae bacterium,2685873,PRJNA732531,SAMN21242389,2023,2023-09-08,Illumina NovaSeq,Short,Contig,Inconclusive,na,2026-09-29
GCA_031279765.1,Mycoplasmataceae bacterium,2685873,PRJNA732531,SAMN21242340,2023,2023-09-08,Illumina NovaSeq,Short,Contig,Inconclusive,Malacoplasma muris,2026-09-29
GCA_031281465.1,Mycoplasmataceae bacterium,2685873,PRJNA732531,SAMN21242275,2023,2023-09-08,Illumina NovaSeq,Short,Contig,Inconclusive,Malacoplasma iowae,2026-09-29
GCA_031281575.1,Mycoplasmataceae bacterium,2685873,PRJNA732531,SAMN21242271,2023,2023-09-08,Illumina NovaSeq,Short,Contig,Inconclusive,Mycoplasmoides alvi,2026-09-29
GCA_031282505.1,Mycoplasmataceae bacterium,2685873,PRJNA732531,SAMN21242231,2023,2023-09-08,Illumina NovaSeq,Short,Contig,Inconclusive,Mycoplasmoides pirum,2026-09-29
GCA_031282725.1,Mycoplasmataceae bacterium,2685873,PRJNA732531,SAMN21242219,2023,2023-09-08,Illumina NovaSeq,Short,Contig,Inconclusive,Mycoplasmoides pirum,2026-09-29
GCA_031284565.1,Mycoplasmataceae bacterium,2685873,PRJNA732531,SAMN21242756,2023,2023-09-08,Illumina NovaSeq,Short,Contig,Inconclusive,[Mycoplasma] collis,2026-09-29
GCA_031284585.1,Acholeplasmatales bacterium,2053494,PRJNA732531,SAMN21242755,2023,2023-09-08,Illumina NovaSeq,Short,Contig,Inconclusive,Haploplasma modicum,2026-09-29
GCA_031284595.1,Mycoplasmataceae bacterium,2685873,PRJNA732531,SAMN21242758,2023,2023-09-08,Illumina NovaSeq,Short,Contig,Inconclusive,Mycoplasmoides pirum,2026-09-29
GCA_031284605.1,Acholeplasmatales bacterium,2053494,PRJNA732531,SAMN21242757,2023,2023-09-08,Illumina NovaSeq,Short,Contig,Inconclusive,na,2026-09-29
GCA_031284745.1,Acholeplasmatales bacterium,2053494,PRJNA732531,SAMN21242745,2023,2023-09-08,Illumina NovaSeq,Short,Contig,Inconclusive,na,2026-09-29
GCA_031284865.1,Mycoplasmataceae bacterium,2685873,PRJNA732531,SAMN21242742,2023,2023-09-08,Illumina NovaSeq,Short,Contig,Inconclusive,Candidatus Hennigella equi,2026-09-29
GCA_031284985.1,Mycoplasmataceae bacterium,2685873,PRJNA732531,SAMN21242735,2023,2023-09-08,Illumina NovaSeq,Short,Contig,Inconclusive,Malacoplasma iowae,2026-09-29
GCA_031288285.1,Mycoplasmataceae bacterium,2685873,PRJNA732531,SAMN21242596,2023,2023-09-08,Illumina NovaSeq,Short,Contig,Inconclusive,Ureaplasma parvum,2026-09-29
GCA_031289475.1,Mycoplasmataceae bacterium,2685873,PRJNA732531,SAMN21242538,2023,2023-09-08,Illumina NovaSeq,Short,Contig,Inconclusive,Mycoplasmoides alvi,2026-09-29
GCA_031289655.1,Mycoplasmataceae bacterium,2685873,PRJNA732531,SAMN21242530,2023,2023-09-08,Illumina NovaSeq,Short,Contig,Inconclusive,Malacoplasma muris,2026-09-29
GCA_031290395.1,Mycoplasmataceae bacterium,2685873,PRJNA732531,SAMN21242489,2023,2023-09-08,Illumina NovaSeq,Short,Contig,Inconclusive,Ureaplasma urealyticum,2026-09-29
GCA_031323815.1,Acholeplasmataceae bacterium,1898209,PRJNA1010173,SAMN37182644,2023,2023-09-10,Illumina MiSeq,Short,Scaffold,Inconclusive,Peloplasma aerotolerans,2026-09-29
GCA_031326065.1,Candidatus Phytoplasma australasiaticum,2754999,PRJNA1008853,SAMN37131271,2023,2023-09-11,Illumina NovaSeq,Short,Complete Genome,OK,Candidatus Phytoplasma australasiaticum,2026-09-29
GCA_031549865.1,Anaeroplasmataceae bacterium,2793037,PRJNA948469,SAMN36469739,2023,2023-09-15,Illumina NovaSeq,Short,Contig,Inconclusive,Oceanotoga teriensis,2026-09-29
GCA_031550255.1,Anaeroplasmataceae bacterium,2793037,PRJNA948469,SAMN36469727,2023,2023-09-15,Illumina NovaSeq,Short,Contig,Inconclusive,Clostridium tarantellae,2026-09-29
GCA_031553215.1,Anaeroplasmataceae bacterium,2793037,PRJNA948469,SAMN36469653,2023,2023-09-15,Illumina NovaSeq,Short,Contig,Inconclusive,na,2026-09-29
GCA_031673075.1,Mycoplasmataceae bacterium,2685873,PRJNA924830,SAMN32772238,2023,2023-09-19,PacBio Sequel,Long,Complete Genome,Inconclusive,Candidatus Hepatoplasma vulgare,2026-09-29
GCA_031673915.1,Mycoplasmataceae bacterium,2685873,PRJNA924830,SAMN32772237,2023,2023-09-19,PacBio Sequel,Long,Complete Genome,Inconclusive,Spiroplasma taiwanense,2026-09-29
GCA_031674855.1,Mycoplasmataceae bacterium,2685873,PRJNA924830,SAMN32772240,2023,2023-09-19,PacBio Sequel,Long,Complete Genome,Inconclusive,na,2026-09-29
GCA_031675535.1,Mycoplasmataceae bacterium,2685873,PRJNA924830,SAMN32772239,2023,2023-09-19,PacBio RSII,Long,Complete Genome,Inconclusive,Mycoplasma mycoides,2026-09-29
GCA_032251215.1,Candidatus Izemoplasmatales bacterium,3018265,PRJNA1019644,SAMN37487601,2023,2023-10-01,DNBseq,Short,Scaffold,Inconclusive,Hujiaoplasma nucleasis,2026-09-29
GCA_032665465.1,Haloplasma sp. T6-7.5,3070057,PRJNA1004092,SAMN36922727,2023,2023-10-13,Illumina,Short,Contig,Inconclusive,na,2026-09-29
GCA_032666485.1,Haloplasma sp. T6-6.55,3070056,PRJNA1004092,SAMN36922699,2023,2023-10-13,Illumina,Short,Contig,Inconclusive,na,2026-09-29
GCA_032884535.1,Pigeon pea little leaf phytoplasma,126583,PRJNA980440,SAMN35636900,2023,2023-10-20,Illumina NovaSeq,Short,Scaffold,OK,Candidatus Phytoplasma fabacearum,2026-09-29
GCA_032884545.1,Candidatus Phytoplasma melaleucae,2982630,PRJNA980440,SAMN35636919,2023,2023-10-20,Illumina NovaSeq,Short,Scaffold,OK,Candidatus Phytoplasma melaleucae,2026-09-29
GCA_032884575.1,Candidatus Phytoplasma stylosanthis,2798314,PRJNA980440,SAMN35636996,2023,2023-10-20,Illumina NovaSeq,Short,Scaffold,OK,Candidatus Phytoplasma australasiaticum,2026-09-29
GCA_032884585.1,Candidatus Phytoplasma australasiaticum subsp. ipomoeae,101513,PRJNA980440,SAMN35636893,2023,2023-10-20,Illumina NovaSeq,Short,Scaffold,OK,Candidatus Phytoplasma australasiaticum,2026-09-29
GCA_032884595.1,Candidatus Phytoplasma australasiaticum subsp. ipomoeae,101513,PRJNA980440,SAMN35636889,2023,2023-10-20,Illumina NovaSeq,Short,Scaffold,OK,Candidatus Phytoplasma australasiaticum,2026-09-29
GCA_032884735.1,Candidatus Phytoplasma australasiaticum subsp. ipomoeae,101513,PRJNA980440,SAMN35636909,2023,2023-10-20,Illumina NovaSeq,Short,Scaffold,OK,Candidatus Phytoplasma australasiaticum,2026-09-29
GCA_032884755.1,Candidatus Phytoplasma australasiaticum,2754999,PRJNA980440,SAMN35636875,2023,2023-10-20,Illumina NovaSeq,Short,Scaffold,OK,Candidatus Phytoplasma australasiaticum,2026-09-29
GCA_032884775.1,Candidatus Phytoplasma stylosanthis,2798314,PRJNA980440,SAMN35636874,2023,2023-10-20,Illumina NovaSeq,Short,Scaffold,OK,Candidatus Phytoplasma stylosanthis,2026-09-29
GCA_032884785.1,Candidatus Phytoplasma australasiaticum,2754999,PRJNA980440,SAMN35636879,2023,2023-10-20,Illumina NovaSeq,Short,Scaffold,Failed,Candidatus Phytoplasma australasiaticum,2026-09-29
GCA_032884815.1,Candidatus Phytoplasma australasiaticum subsp. ipomoeae,101513,PRJNA980440,SAMN35636880,2023,2023-10-20,Illumina NovaSeq,Short,Scaffold,OK,Candidatus Phytoplasma australasiaticum,2026-09-29
GCA_032884915.1,Candidatus Phytoplasma australasiaticum,2754999,PRJNA980440,SAMN35636866,2023,2023-10-20,Illumina NovaSeq,Short,Scaffold,OK,Candidatus Phytoplasma australasiaticum,2026-09-29
GCA_032884955.1,Candidatus Phytoplasma vignae,126585,PRJNA980440,SAMN35636887,2023,2023-10-20,Illumina NovaSeq,Short,Scaffold,OK,Candidatus Phytoplasma australasiaticum,2026-09-29
GCA_032884965.1,Candidatus Phytoplasma australasiaticum subsp. ipomoeae,101513,PRJNA980440,SAMN35636946,2023,2023-10-20,Illumina NovaSeq,Short,Scaffold,OK,Candidatus Phytoplasma australasiaticum,2026-09-29
GCA_032884975.1,Candidatus Phytoplasma australasiaticum,2754999,PRJNA980440,SAMN35636993,2023,2023-10-20,Illumina NovaSeq,Short,Scaffold,OK,Candidatus Phytoplasma australasiaticum,2026-09-29
GCA_032885015.1,Candidatus Phytoplasma australasiaticum subsp. ipomoeae,101513,PRJNA980440,SAMN35636995,2023,2023-10-20,Illumina NovaSeq,Short,Scaffold,OK,Candidatus Phytoplasma australasiaticum,2026-09-29
GCA_032885135.1,Candidatus Phytoplasma australasiaticum,2754999,PRJNA980440,SAMN35636907,2023,2023-10-20,Illumina NovaSeq,Short,Scaffold,OK,Candidatus Phytoplasma australasiaticum,2026-09-29
GCA_032885155.1,Pigeon pea little leaf phytoplasma,126583,PRJNA980440,SAMN35636891,2023,2023-10-20,Illumina NovaSeq,Short,Scaffold,OK,Candidatus Phytoplasma fabacearum,2026-09-29
GCA_032885165.1,Pigeon pea little leaf phytoplasma,126583,PRJNA980440,SAMN35636870,2023,2023-10-20,Illumina NovaSeq,Short,Scaffold,OK,Candidatus Phytoplasma fabacearum,2026-09-29
GCA_032885195.1,Candidatus Phytoplasma australasiaticum,2754999,PRJNA980440,SAMN35636918,2023,2023-10-20,Illumina NovaSeq,Short,Scaffold,OK,Candidatus Phytoplasma australasiaticum,2026-09-29
GCA_032885235.1,Candidatus Phytoplasma australasiaticum subsp. ipomoeae,101513,PRJNA980440,SAMN35636897,2023,2023-10-20,Illumina NovaSeq,Short,Scaffold,OK,Candidatus Phytoplasma australasiaticum,2026-09-29
GCA_032885335.1,Candidatus Phytoplasma australasiaticum subsp. ipomoeae,101513,PRJNA980440,SAMN35636868,2023,2023-10-20,Illumina NovaSeq,Short,Scaffold,OK,Candidatus Phytoplasma australasiaticum,2026-09-29
GCA_032885355.1,Candidatus Phytoplasma australasiaticum subsp. ipomoeae,101513,PRJNA980440,SAMN35636920,2023,2023-10-20,Illumina NovaSeq,Short,Scaffold,OK,Candidatus Phytoplasma australasiaticum,2026-09-29
GCA_032885375.1,Candidatus Phytoplasma australasiaticum subsp. ipomoeae,101513,PRJNA980440,SAMN35636892,2023,2023-10-20,Illumina NovaSeq,Short,Scaffold,OK,Candidatus Phytoplasma australasiaticum,2026-09-29
GCA_032885455.1,Candidatus Phytoplasma australasiaticum subsp. ipomoeae,101513,PRJNA980440,SAMN35636867,2023,2023-10-20,Illumina NovaSeq,Short,Scaffold,OK,Candidatus Phytoplasma australasiaticum,2026-09-29
GCA_032885465.1,Candidatus Phytoplasma australasiaticum,2754999,PRJNA980440,SAMN35636888,2023,2023-10-20,Illumina NovaSeq,Short,Contig,OK,Candidatus Phytoplasma australasiaticum,2026-09-29
GCA_032885475.1,Candidatus Phytoplasma australasiaticum subsp. ipomoeae,101513,PRJNA980440,SAMN35636886,2023,2023-10-20,Illumina NovaSeq,Short,Scaffold,OK,Candidatus Phytoplasma australasiaticum,2026-09-29
GCA_032885485.1,Candidatus Phytoplasma australasiaticum,2754999,PRJNA980440,SAMN35636998,2023,2023-10-20,Illumina NovaSeq,Short,Scaffold,OK,Candidatus Phytoplasma australasiaticum,2026-09-29
GCA_032885555.1,Candidatus Phytoplasma australasiaticum subsp. ipomoeae,101513,PRJNA980440,SAMN35636885,2023,2023-10-20,Illumina NovaSeq,Short,Scaffold,OK,Candidatus Phytoplasma australasiaticum,2026-09-29
GCA_032885685.1,Candidatus Phytoplasma australasiaticum,2754999,PRJNA980440,SAMN35636992,2023,2023-10-20,Illumina NovaSeq,Short,Scaffold,OK,Candidatus Phytoplasma australasiaticum,2026-09-29
GCA_032885715.1,Candidatus Phytoplasma australasiaticum,2754999,PRJNA980440,SAMN35636991,2023,2023-10-20,Illumina NovaSeq,Short,Scaffold,OK,Candidatus Phytoplasma australasiaticum,2026-09-29
GCA_032885725.1,Candidatus Phytoplasma australasiaticum subsp. ipomoeae,101513,PRJNA980440,SAMN35636881,2023,2023-10-20,Illumina NovaSeq,Short,Scaffold,OK,Candidatus Phytoplasma australasiaticum,2026-09-29
GCA_032885735.1,Candidatus Phytoplasma australasiaticum,2754999,PRJNA980440,SAMN35636990,2023,2023-10-20,Illumina NovaSeq,Short,Scaffold,OK,Candidatus Phytoplasma australasiaticum,2026-09-29
GCA_032885795.1,Candidatus Phytoplasma australasiaticum,2754999,PRJNA980440,SAMN35636989,2023,2023-10-20,Illumina NovaSeq,Short,Scaffold,OK,Candidatus Phytoplasma australasiaticum,2026-09-29
GCA_032885895.1,Candidatus Phytoplasma australasiaticum,2754999,PRJNA980440,SAMN35636988,2023,2023-10-20,Illumina NovaSeq,Short,Scaffold,OK,Candidatus Phytoplasma australasiaticum,2026-09-29
GCA_032885905.1,Candidatus Phytoplasma australasiaticum,2754999,PRJNA980440,SAMN35636985,2023,2023-10-20,Illumina NovaSeq,Short,Scaffold,OK,Candidatus Phytoplasma australasiaticum,2026-09-29
GCA_032885935.1,Pigeon pea little leaf phytoplasma,126583,PRJNA980440,SAMN35636911,2023,2023-10-20,Illumina NovaSeq,Short,Scaffold,OK,Candidatus Phytoplasma fabacearum,2026-09-29
GCA_032885945.1,Candidatus Phytoplasma australasiaticum,2754999,PRJNA980440,SAMN35636987,2023,2023-10-20,Illumina NovaSeq,Short,Contig,OK,Candidatus Phytoplasma australasiaticum,2026-09-29
GCA_032886075.1,Candidatus Phytoplasma australasiaticum subsp. ipomoeae,101513,PRJNA980440,SAMN35636983,2023,2023-10-20,Illumina NovaSeq,Short,Scaffold,OK,Candidatus Phytoplasma australasiaticum,2026-09-29
GCA_032886095.1,Candidatus Phytoplasma australasiaticum,2754999,PRJNA980440,SAMN35636986,2023,2023-10-20,Illumina NovaSeq,Short,Scaffold,OK,Candidatus Phytoplasma australasiaticum,2026-09-29
GCA_032886105.1,Candidatus Phytoplasma australasiaticum,2754999,PRJNA980440,SAMN35636997,2023,2023-10-20,Illumina NovaSeq,Short,Scaffold,OK,Candidatus Phytoplasma australasiaticum,2026-09-29
GCA_032886155.1,Candidatus Phytoplasma australasiaticum,2754999,PRJNA980440,SAMN35636862,2023,2023-10-20,Illumina NovaSeq,Short,Scaffold,OK,Candidatus Phytoplasma australasiaticum,2026-09-29
GCA_032886175.1,Candidatus Phytoplasma australasiaticum,2754999,PRJNA980440,SAMN35636861,2023,2023-10-20,Illumina NovaSeq,Short,Scaffold,OK,Candidatus Phytoplasma australasiaticum,2026-09-29
GCA_032886195.1,Candidatus Phytoplasma australasiaticum subsp. ipomoeae,101513,PRJNA980440,SAMN35636945,2023,2023-10-20,Illumina NovaSeq,Short,Contig,OK,Candidatus Phytoplasma australasiaticum,2026-09-29
GCA_032886215.1,Candidatus Phytoplasma australasiaticum subsp. ipomoeae,101513,PRJNA980440,SAMN35636944,2023,2023-10-20,Illumina NovaSeq,Short,Contig,OK,Candidatus Phytoplasma australasiaticum,2026-09-29
GCA_032886225.1,Candidatus Phytoplasma australasiaticum,2754999,PRJNA980440,SAMN35636860,2023,2023-10-20,Illumina NovaSeq,Short,Scaffold,OK,Candidatus Phytoplasma australasiaticum,2026-09-29
GCA_032886255.1,Candidatus Phytoplasma australasiaticum,2754999,PRJNA980440,SAMN35636982,2023,2023-10-20,Illumina NovaSeq,Short,Scaffold,OK,Candidatus Phytoplasma australasiaticum,2026-09-29
GCA_032886275.1,Candidatus Phytoplasma australasiaticum,2754999,PRJNA980440,SAMN35636943,2023,2023-10-20,Illumina NovaSeq,Short,Contig,OK,Candidatus Phytoplasma australasiaticum,2026-09-29
GCA_032886295.1,Candidatus Phytoplasma australasiaticum subsp. ipomoeae,101513,PRJNA980440,SAMN35636981,2023,2023-10-20,Illumina NovaSeq,Short,Scaffold,OK,Candidatus Phytoplasma australasiaticum,2026-09-29
GCA_032886315.1,Candidatus Phytoplasma australasiaticum,2754999,PRJNA980440,SAMN35636980,2023,2023-10-20,Illumina NovaSeq,Short,Scaffold,OK,Candidatus Phytoplasma australasiaticum,2026-09-29
GCA_032886335.1,Candidatus Phytoplasma australasiaticum,2754999,PRJNA980440,SAMN35636979,2023,2023-10-20,Illumina NovaSeq,Short,Scaffold,OK,Candidatus Phytoplasma australasiaticum,2026-09-29
GCA_032886355.1,Candidatus Phytoplasma australasiaticum subsp. ipomoeae,101513,PRJNA980440,SAMN35636977,2023,2023-10-20,Illumina NovaSeq,Short,Scaffold,OK,Candidatus Phytoplasma australasiaticum,2026-09-29
GCA_032886375.1,Candidatus Phytoplasma australasiaticum subsp. ipomoeae,101513,PRJNA980440,SAMN35636976,2023,2023-10-20,Illumina NovaSeq,Short,Scaffold,OK,Candidatus Phytoplasma australasiaticum,2026-09-29
GCA_032886395.1,Candidatus Phytoplasma australasiaticum,2754999,PRJNA980440,SAMN35636975,2023,2023-10-20,Illumina NovaSeq,Short,Scaffold,OK,Candidatus Phytoplasma australasiaticum,2026-09-29
GCA_032886415.1,Candidatus Phytoplasma australasiaticum,2754999,PRJNA980440,SAMN35636878,2023,2023-10-20,Illumina NovaSeq,Short,Scaffold,OK,Candidatus Phytoplasma australasiaticum,2026-09-29
GCA_032886435.1,Candidatus Phytoplasma stylosanthis,2798314,PRJNA980440,SAMN35636905,2023,2023-10-20,Illumina NovaSeq,Short,Scaffold,OK,Candidatus Phytoplasma stylosanthis,2026-09-29
GCA_032886455.1,Candidatus Phytoplasma stylosanthis,2798314,PRJNA980440,SAMN35636906,2023,2023-10-20,Illumina NovaSeq,Short,Scaffold,OK,Candidatus Phytoplasma stylosanthis,2026-09-29
GCA_032886475.1,Candidatus Phytoplasma australasiaticum,2754999,PRJNA980440,SAMN35636978,2023,2023-10-20,Illumina NovaSeq,Short,Contig,OK,Candidatus Phytoplasma australasiaticum,2026-09-29
GCA_032886495.1,Candidatus Phytoplasma stylosanthis,2798314,PRJNA980440,SAMN35636904,2023,2023-10-20,Illumina NovaSeq,Short,Scaffold,OK,Candidatus Phytoplasma stylosanthis,2026-09-29
GCA_032886515.1,Candidatus Phytoplasma stylosanthis,2798314,PRJNA980440,SAMN35636873,2023,2023-10-20,Illumina NovaSeq,Short,Scaffold,OK,Candidatus Phytoplasma stylosanthis,2026-09-29
GCA_032886535.1,Candidatus Phytoplasma australasiaticum subsp. ipomoeae,101513,PRJNA980440,SAMN35636974,2023,2023-10-20,Illumina NovaSeq,Short,Scaffold,OK,Candidatus Phytoplasma australasiaticum,2026-09-29
GCA_032886555.1,Candidatus Phytoplasma vignae,126585,PRJNA980440,SAMN35636864,2023,2023-10-20,Illumina NovaSeq,Short,Scaffold,OK,Candidatus Phytoplasma vignae,2026-09-29
GCA_032886575.1,Candidatus Phytoplasma australasiaticum subsp. ipomoeae,101513,PRJNA980440,SAMN35636912,2023,2023-10-20,Illumina NovaSeq,Short,Scaffold,OK,Candidatus Phytoplasma australasiaticum,2026-09-29
GCA_032886595.1,Candidatus Phytoplasma australasiaticum,2754999,PRJNA980440,SAMN35636941,2023,2023-10-20,Illumina NovaSeq,Short,Scaffold,OK,Candidatus Phytoplasma australasiaticum,2026-09-29
GCA_032886615.1,Candidatus Phytoplasma australasiaticum,2754999,PRJNA980440,SAMN35636863,2023,2023-10-20,Illumina NovaSeq,Short,Scaffold,OK,Candidatus Phytoplasma australasiaticum,2026-09-29
GCA_032886635.1,Candidatus Phytoplasma australasiaticum subsp. ipomoeae,101513,PRJNA980440,SAMN35636942,2023,2023-10-20,Illumina NovaSeq,Short,Scaffold,OK,Candidatus Phytoplasma australasiaticum,2026-09-29
GCA_032886655.1,Candidatus Phytoplasma australasiaticum,2754999,PRJNA980440,SAMN35636973,2023,2023-10-20,Illumina NovaSeq,Short,Scaffold,OK,Candidatus Phytoplasma australasiaticum,2026-09-29
GCA_032886675.1,Pigeon pea little leaf phytoplasma,126583,PRJNA980440,SAMN35636972,2023,2023-10-20,Illumina NovaSeq,Short,Scaffold,OK,Candidatus Phytoplasma fabacearum,2026-09-29
GCA_032886695.1,'Waltheria sp.' little leaf phytoplasma,3052092,PRJNA980440,SAMN35636916,2023,2023-10-20,Illumina NovaSeq,Short,Scaffold,OK,Candidatus Phytoplasma crotalariae,2026-09-29
GCA_032886705.1,Candidatus Phytoplasma bonamiae,2982626,PRJNA980440,SAMN35636877,2023,2023-10-20,Illumina NovaSeq,Short,Scaffold,OK,Candidatus Phytoplasma bonamiae,2026-09-29
GCA_032886735.1,Candidatus Phytoplasma australasiaticum,2754999,PRJNA980440,SAMN35636970,2023,2023-10-20,Illumina NovaSeq,Short,Scaffold,OK,Candidatus Phytoplasma australasiaticum,2026-09-29
GCA_032886745.1,Candidatus Phytoplasma australasiaticum,2754999,PRJNA980440,SAMN35636971,2023,2023-10-20,Illumina NovaSeq,Short,Scaffold,OK,Candidatus Phytoplasma australasiaticum,2026-09-29
GCA_032886765.1,Candidatus Phytoplasma australasiaticum,2754999,PRJNA980440,SAMN35636915,2023,2023-10-20,Illumina NovaSeq,Short,Scaffold,OK,Candidatus Phytoplasma australasiaticum,2026-09-29
GCA_032886795.1,Candidatus Phytoplasma australasiaticum,2754999,PRJNA980440,SAMN35636914,2023,2023-10-20,Illumina NovaSeq,Short,Scaffold,OK,Candidatus Phytoplasma australasiaticum,2026-09-29
GCA_032886835.1,Candidatus Phytoplasma australasiaticum,2754999,PRJNA980440,SAMN35636913,2023,2023-10-20,Illumina NovaSeq,Short,Contig,OK,Candidatus Phytoplasma australasiaticum,2026-09-29
GCA_032886915.1,Candidatus Phytoplasma australasiaticum,2754999,PRJNA980440,SAMN35636968,2023,2023-10-20,Illumina NovaSeq,Short,Scaffold,OK,Candidatus Phytoplasma australasiaticum,2026-09-29
GCA_032886935.1,Candidatus Phytoplasma australasiaticum,2754999,PRJNA980440,SAMN35636969,2023,2023-10-20,Illumina NovaSeq,Short,Scaffold,OK,Candidatus Phytoplasma australasiaticum,2026-09-29
GCA_032886955.1,Candidatus Phytoplasma australasiaticum,2754999,PRJNA980440,SAMN35636940,2023,2023-10-20,Illumina NovaSeq,Short,Scaffold,OK,Candidatus Phytoplasma australasiaticum,2026-09-29
GCA_032886995.1,Candidatus Phytoplasma australasiaticum,2754999,PRJNA980440,SAMN35636967,2023,2023-10-20,Illumina NovaSeq,Short,Scaffold,OK,Candidatus Phytoplasma australasiaticum,2026-09-29
GCA_032887035.1,Candidatus Phytoplasma australasiaticum,2754999,PRJNA980440,SAMN35636966,2023,2023-10-20,Illumina NovaSeq,Short,Scaffold,OK,Candidatus Phytoplasma australasiaticum,2026-09-29
GCA_032887095.1,Candidatus Phytoplasma australasiaticum,2754999,PRJNA980440,SAMN35636964,2023,2023-10-20,Illumina NovaSeq,Short,Contig,OK,Candidatus Phytoplasma australasiaticum,2026-09-29
GCA_032887115.1,Candidatus Phytoplasma australasiaticum,2754999,PRJNA980440,SAMN35636965,2023,2023-10-20,Illumina NovaSeq,Short,Contig,OK,Candidatus Phytoplasma australasiaticum,2026-09-29
GCA_032887135.1,Candidatus Phytoplasma australasiaticum,2754999,PRJNA980440,SAMN35636939,2023,2023-10-20,Illumina NovaSeq,Short,Contig,OK,Candidatus Phytoplasma australasiaticum,2026-09-29
GCA_032887215.1,Candidatus Phytoplasma australasiaticum,2754999,PRJNA980440,SAMN35636938,2023,2023-10-20,Illumina NovaSeq,Short,Contig,OK,Candidatus Phytoplasma australasiaticum,2026-09-29
GCA_032887235.1,Pigeon pea little leaf phytoplasma,126583,PRJNA980440,SAMN35636937,2023,2023-10-20,Illumina NovaSeq,Short,Scaffold,OK,Candidatus Phytoplasma fabacearum,2026-09-29
GCA_032887275.1,Candidatus Phytoplasma australasiaticum,2754999,PRJNA980440,SAMN35636936,2023,2023-10-20,Illumina NovaSeq,Short,Scaffold,OK,Candidatus Phytoplasma australasiaticum,2026-09-29
GCA_032887315.1,Candidatus Phytoplasma australasiaticum,2754999,PRJNA980440,SAMN35636935,2023,2023-10-20,Illumina NovaSeq,Short,Contig,OK,Candidatus Phytoplasma australasiaticum,2026-09-29
GCA_032887335.1,Candidatus Phytoplasma australasiaticum subsp. ipomoeae,101513,PRJNA980440,SAMN35636883,2023,2023-10-20,Illumina NovaSeq,Short,Scaffold,OK,Candidatus Phytoplasma australasiaticum,2026-09-29
GCA_032887395.1,Candidatus Phytoplasma australasiaticum subsp. ipomoeae,101513,PRJNA980440,SAMN35636934,2023,2023-10-20,Illumina NovaSeq,Short,Scaffold,OK,Candidatus Phytoplasma australasiaticum,2026-09-29
GCA_032887435.1,Candidatus Phytoplasma australasiaticum subsp. ipomoeae,101513,PRJNA980440,SAMN35636882,2023,2023-10-20,Illumina NovaSeq,Short,Scaffold,OK,Candidatus Phytoplasma australasiaticum,2026-09-29
GCA_032887495.1,Candidatus Phytoplasma australasiaticum,2754999,PRJNA980440,SAMN35636984,2023,2023-10-20,Illumina NovaSeq,Short,Scaffold,OK,Candidatus Phytoplasma australasiaticum,2026-09-29
GCA_032887515.1,Candidatus Phytoplasma australasiaticum subsp. ipomoeae,101513,PRJNA980440,SAMN35636910,2023,2023-10-20,Illumina NovaSeq,Short,Scaffold,OK,Candidatus Phytoplasma australasiaticum,2026-09-29
GCA_032887535.1,Candidatus Phytoplasma australasiaticum subsp. ipomoeae,101513,PRJNA980440,SAMN35636963,2023,2023-10-20,Illumina NovaSeq,Short,Scaffold,OK,Candidatus Phytoplasma australasiaticum,2026-09-29
GCA_032887555.1,Candidatus Phytoplasma australasiaticum subsp. ipomoeae,101513,PRJNA980440,SAMN35636994,2023,2023-10-20,Illumina NovaSeq,Short,Scaffold,OK,Candidatus Phytoplasma australasiaticum,2026-09-29
GCA_032887635.1,Candidatus Phytoplasma australasiaticum,2754999,PRJNA980440,SAMN35636876,2023,2023-10-20,Illumina NovaSeq,Short,Scaffold,OK,Candidatus Phytoplasma australasiaticum,2026-09-29
GCA_032887655.1,Candidatus Phytoplasma australasiaticum subsp. ipomoeae,101513,PRJNA980440,SAMN35636962,2023,2023-10-20,Illumina NovaSeq,Short,Scaffold,OK,Candidatus Phytoplasma australasiaticum,2026-09-29
GCA_032887675.1,Pigeon pea little leaf phytoplasma,126583,PRJNA980440,SAMN35636933,2023,2023-10-20,Illumina NovaSeq,Short,Scaffold,OK,Candidatus Phytoplasma fabacearum,2026-09-29
GCA_032887695.1,Pigeon pea little leaf phytoplasma,126583,PRJNA980440,SAMN35636902,2023,2023-10-20,Illumina NovaSeq,Short,Scaffold,OK,Candidatus Phytoplasma fabacearum,2026-09-29
GCA_032887715.1,Candidatus Phytoplasma australasiaticum,2754999,PRJNA980440,SAMN35636903,2023,2023-10-20,Illumina NovaSeq,Short,Scaffold,Failed,Candidatus Phytoplasma australasiaticum,2026-09-29
GCA_032887735.1,Pigeon pea little leaf phytoplasma,126583,PRJNA980440,SAMN35636901,2023,2023-10-20,Illumina NovaSeq,Short,Scaffold,OK,Candidatus Phytoplasma fabacearum,2026-09-29
GCA_032887755.1,Candidatus Phytoplasma australasiaticum subsp. ipomoeae,101513,PRJNA980440,SAMN35636895,2023,2023-10-20,Illumina NovaSeq,Short,Scaffold,OK,Candidatus Phytoplasma australasiaticum,2026-09-29
GCA_032887775.1,Pigeon pea little leaf phytoplasma,126583,PRJNA980440,SAMN35636899,2023,2023-10-20,Illumina NovaSeq,Short,Contig,OK,Candidatus Phytoplasma fabacearum,2026-09-29
GCA_032887795.1,Candidatus Phytoplasma australasiaticum subsp. ipomoeae,101513,PRJNA980440,SAMN35636961,2023,2023-10-20,Illumina NovaSeq,Short,Scaffold,OK,Candidatus Phytoplasma australasiaticum,2026-09-29
GCA_032887815.1,Candidatus Phytoplasma australasiaticum,2754999,PRJNA980440,SAMN35636898,2023,2023-10-20,Illumina NovaSeq,Short,Scaffold,OK,Candidatus Phytoplasma australasiaticum,2026-09-29
GCA_032887835.1,Candidatus Phytoplasma australasiaticum subsp. ipomoeae,101513,PRJNA980440,SAMN35636932,2023,2023-10-20,Illumina NovaSeq,Short,Scaffold,OK,Candidatus Phytoplasma australasiaticum,2026-09-29
GCA_032887855.1,Candidatus Phytoplasma australasiaticum,2754999,PRJNA980440,SAMN35636959,2023,2023-10-20,Illumina NovaSeq,Short,Contig,OK,Candidatus Phytoplasma australasiaticum,2026-09-29
GCA_032887865.1,Candidatus Phytoplasma australasiaticum,2754999,PRJNA980440,SAMN35636960,2023,2023-10-20,Illumina NovaSeq,Short,Scaffold,OK,Candidatus Phytoplasma australasiaticum,2026-09-29
GCA_032887895.1,Candidatus Phytoplasma australasiaticum,2754999,PRJNA980440,SAMN35636930,2023,2023-10-20,Illumina NovaSeq,Short,Scaffold,OK,Candidatus Phytoplasma australasiaticum,2026-09-29
GCA_032887915.1,Candidatus Phytoplasma australasiaticum,2754999,PRJNA980440,SAMN35636931,2023,2023-10-20,Illumina NovaSeq,Short,Scaffold,OK,Candidatus Phytoplasma australasiaticum,2026-09-29
GCA_032887935.1,Candidatus Phytoplasma australasiaticum,2754999,PRJNA980440,SAMN35636929,2023,2023-10-20,Illumina NovaSeq,Short,Scaffold,OK,Candidatus Phytoplasma australasiaticum,2026-09-29
GCA_032887955.1,Candidatus Phytoplasma australasiaticum,2754999,PRJNA980440,SAMN35636958,2023,2023-10-20,Illumina NovaSeq,Short,Scaffold,OK,Candidatus Phytoplasma australasiaticum,2026-09-29
GCA_032887975.1,Candidatus Phytoplasma australasiaticum,2754999,PRJNA980440,SAMN35636957,2023,2023-10-20,Illumina NovaSeq,Short,Scaffold,OK,Candidatus Phytoplasma australasiaticum,2026-09-29
GCA_032887995.1,Candidatus Phytoplasma australasiaticum,2754999,PRJNA980440,SAMN35636928,2023,2023-10-20,Illumina NovaSeq,Short,Scaffold,OK,Candidatus Phytoplasma australasiaticum,2026-09-29
GCA_032888005.1,Candidatus Phytoplasma australasiaticum,2754999,PRJNA980440,SAMN35636956,2023,2023-10-20,Illumina NovaSeq,Short,Scaffold,OK,Candidatus Phytoplasma australasiaticum,2026-09-29
GCA_032888035.1,Candidatus Phytoplasma australasiaticum,2754999,PRJNA980440,SAMN35636927,2023,2023-10-20,Illumina NovaSeq,Short,Scaffold,OK,Candidatus Phytoplasma australasiaticum,2026-09-29
GCA_032888055.1,Candidatus Phytoplasma australasiaticum,2754999,PRJNA980440,SAMN35636865,2023,2023-10-20,Illumina NovaSeq,Short,Scaffold,OK,Candidatus Phytoplasma australasiaticum,2026-09-29
GCA_032888075.1,Candidatus Phytoplasma australasiaticum,2754999,PRJNA980440,SAMN35636926,2023,2023-10-20,Illumina NovaSeq,Short,Scaffold,OK,Candidatus Phytoplasma australasiaticum,2026-09-29
GCA_032888095.1,Candidatus Phytoplasma australasiaticum,2754999,PRJNA980440,SAMN35636924,2023,2023-10-20,Illumina NovaSeq,Short,Contig,OK,Candidatus Phytoplasma australasiaticum,2026-09-29
GCA_032888115.1,Candidatus Phytoplasma australasiaticum,2754999,PRJNA980440,SAMN35636925,2023,2023-10-20,Illumina NovaSeq,Short,Scaffold,OK,Candidatus Phytoplasma australasiaticum,2026-09-29
GCA_032888135.1,Candidatus Phytoplasma australasiaticum,2754999,PRJNA980440,SAMN35636955,2023,2023-10-20,Illumina NovaSeq,Short,Scaffold,OK,Candidatus Phytoplasma australasiaticum,2026-09-29
GCA_032888155.1,Candidatus Phytoplasma australasiaticum,2754999,PRJNA980440,SAMN35636953,2023,2023-10-20,Illumina NovaSeq,Short,Scaffold,OK,Candidatus Phytoplasma australasiaticum,2026-09-29
GCA_032888175.1,Candidatus Phytoplasma australasiaticum,2754999,PRJNA980440,SAMN35636952,2023,2023-10-20,Illumina NovaSeq,Short,Scaffold,OK,Candidatus Phytoplasma australasiaticum,2026-09-29
GCA_032888195.1,Candidatus Phytoplasma australasiaticum subsp. ipomoeae,101513,PRJNA980440,SAMN35636884,2023,2023-10-20,Illumina NovaSeq,Short,Scaffold,OK,Candidatus Phytoplasma australasiaticum,2026-09-29
GCA_032888215.1,Candidatus Phytoplasma australasiaticum,2754999,PRJNA980440,SAMN35636954,2023,2023-10-20,Illumina NovaSeq,Short,Scaffold,OK,Candidatus Phytoplasma australasiaticum,2026-09-29
GCA_032888235.1,Candidatus Phytoplasma australasiaticum subsp. ipomoeae,101513,PRJNA980440,SAMN35636890,2023,2023-10-20,Illumina NovaSeq,Short,Scaffold,OK,Candidatus Phytoplasma australasiaticum,2026-09-29
GCA_032888275.1,Candidatus Phytoplasma australasiaticum,2754999,PRJNA980440,SAMN35636921,2023,2023-10-20,Illumina NovaSeq,Short,Scaffold,OK,Candidatus Phytoplasma australasiaticum,2026-09-29
GCA_032888295.1,Candidatus Phytoplasma australasiaticum subsp. ipomoeae,101513,PRJNA980440,SAMN35636923,2023,2023-10-20,Illumina NovaSeq,Short,Scaffold,OK,Candidatus Phytoplasma australasiaticum,2026-09-29
GCA_032888315.1,Candidatus Phytoplasma australasiaticum subsp. ipomoeae,101513,PRJNA980440,SAMN35636869,2023,2023-10-20,Illumina NovaSeq,Short,Scaffold,OK,Candidatus Phytoplasma australasiaticum,2026-09-29
GCA_032888335.1,Candidatus Phytoplasma australasiaticum,2754999,PRJNA980440,SAMN35636999,2023,2023-10-20,Illumina NovaSeq,Short,Scaffold,OK,Candidatus Phytoplasma australasiaticum,2026-09-29
GCA_032888355.1,Candidatus Phytoplasma australasiaticum,2754999,PRJNA980440,SAMN35636951,2023,2023-10-20,Illumina NovaSeq,Short,Scaffold,OK,Candidatus Phytoplasma australasiaticum,2026-09-29
GCA_032888375.1,Candidatus Phytoplasma australasiaticum subsp. ipomoeae,101513,PRJNA980440,SAMN35636922,2023,2023-10-20,Illumina NovaSeq,Short,Scaffold,OK,Candidatus Phytoplasma australasiaticum,2026-09-29
GCA_032888385.1,Candidatus Phytoplasma australasiaticum,2754999,PRJNA980440,SAMN35636950,2023,2023-10-20,Illumina NovaSeq,Short,Scaffold,OK,Candidatus Phytoplasma australasiaticum,2026-09-29
GCA_032888415.1,Candidatus Phytoplasma australasiaticum,2754999,PRJNA980440,SAMN35636948,2023,2023-10-20,Illumina NovaSeq,Short,Scaffold,OK,Candidatus Phytoplasma australasiaticum,2026-09-29
GCA_032888435.1,Candidatus Phytoplasma australasiaticum,2754999,PRJNA980440,SAMN35636949,2023,2023-10-20,Illumina NovaSeq,Short,Scaffold,OK,Candidatus Phytoplasma australasiaticum,2026-09-29
GCA_032888455.1,Candidatus Phytoplasma australasiaticum subsp. ipomoeae,101513,PRJNA980440,SAMN35636896,2023,2023-10-20,Illumina NovaSeq,Short,Scaffold,OK,Candidatus Phytoplasma australasiaticum,2026-09-29
GCA_032888475.1,Pigeon pea little leaf phytoplasma,126583,PRJNA980440,SAMN35636894,2023,2023-10-20,Illumina NovaSeq,Short,Scaffold,OK,Candidatus Phytoplasma fabacearum,2026-09-29
GCA_032888495.1,Candidatus Phytoplasma australasiaticum subsp. ipomoeae,101513,PRJNA980440,SAMN35636908,2023,2023-10-20,Illumina NovaSeq,Short,Scaffold,OK,Candidatus Phytoplasma australasiaticum,2026-09-29
GCA_032888515.1,Candidatus Phytoplasma australasiaticum subsp. ipomoeae,101513,PRJNA980440,SAMN35636871,2023,2023-10-20,Illumina NovaSeq,Short,Scaffold,OK,Candidatus Phytoplasma australasiaticum,2026-09-29
GCA_032888535.1,Candidatus Phytoplasma australasiaticum subsp. ipomoeae,101513,PRJNA980440,SAMN35636872,2023,2023-10-20,Illumina NovaSeq,Short,Scaffold,OK,Candidatus Phytoplasma australasiaticum,2026-09-29
GCA_032888555.1,Candidatus Phytoplasma australasiaticum,2754999,PRJNA980440,SAMN35636917,2023,2023-10-20,Illumina NovaSeq,Short,Contig,OK,Candidatus Phytoplasma australasiaticum,2026-09-29
GCA_032888575.1,Candidatus Phytoplasma australasiaticum,2754999,PRJNA980440,SAMN35636947,2023,2023-10-20,Illumina NovaSeq,Short,Contig,OK,Candidatus Phytoplasma australasiaticum,2026-09-29
GCA_033103385.1,Mollicutes bacterium LVI A0039,3081163,PRJNA1026580,SAMN37752267,2023,2023-10-30,PacBio Sequel; Illumina NovaSeq,Hybrid,Complete Genome,Inconclusive,Clostridium diolis,2026-09-29
GCA_033104825.1,Mollicutes bacterium LVI A0075,3081164,PRJNA1026582,SAMN37752287,2023,2023-10-30,PacBio Sequel; Illumina NovaSeq,Hybrid,Complete Genome,Inconclusive,Clostridium sardiniense,2026-09-29
GCA_033105485.1,Mollicutes bacterium LVI A0078,3081165,PRJNA1026587,SAMN37752324,2023,2023-10-30,PacBio Sequel; Illumina NovaSeq,Hybrid,Complete Genome,Inconclusive,Clostridium sardiniense,2026-09-29
GCA_033111965.1,Mollicutes bacterium LVI A0006,3081162,PRJNA1026579,SAMN37751819,2023,2023-10-30,PacBio Sequel; Illumina NovaSeq,Hybrid,Complete Genome,Inconclusive,Haploplasma axanthum,2026-09-29
GCA_033391615.1,Candidatus Phytoplasma pruni,479893,PRJNA958240,SAMN34292745,2023,2023-11-06,Illumina MiSeq; Oxford Nanopore MinION,Hybrid,Contig,Inconclusive,Candidatus Phytoplasma crotalariae,2026-09-29
GCA_034002825.1,Acholeplasmataceae bacterium,1898209,PRJNA1003442,SAMN36911095,2023,2023-11-30,Illumina NovaSeq,Short,Scaffold,Inconclusive,Mariniplasma anaerobium,2026-09-29
GCA_034003265.1,Acholeplasma sp.,33015,PRJNA1003442,SAMN36911072,2023,2023-11-30,Illumina NovaSeq,Short,Scaffold,Inconclusive,Paracholeplasma manati,2026-09-29
GCA_034004745.1,Candidatus Izemoplasmatales bacterium,3018265,PRJNA1003442,SAMN36910999,2023,2023-11-30,Illumina NovaSeq,Short,Scaffold,Inconclusive,Haploplasma axanthum,2026-09-29
GCA_034005025.1,Candidatus Izemoplasmatales bacterium,3018265,PRJNA1003442,SAMN36910984,2023,2023-11-30,Illumina NovaSeq,Short,Scaffold,Inconclusive,Hujiaoplasma nucleasis,2026-09-29
GCA_034005105.1,Acholeplasmataceae bacterium,1898209,PRJNA1003442,SAMN36910980,2023,2023-11-30,Illumina NovaSeq,Short,Scaffold,Inconclusive,Paracholeplasma manati,2026-09-29
GCA_034005725.1,Acholeplasmatales bacterium,2053494,PRJNA1003442,SAMN36910949,2023,2023-11-30,Illumina HiSeq,Short,Scaffold,Inconclusive,Hypnocyclicus thermotrophus,2026-09-29
GCA_034005905.1,Acholeplasmatales bacterium,2053494,PRJNA1003442,SAMN36910939,2023,2023-11-30,Illumina HiSeq,Short,Scaffold,Inconclusive,na,2026-09-29
GCA_034006105.1,Candidatus Izemoplasmatales bacterium,3018265,PRJNA1003442,SAMN36910929,2023,2023-11-30,Illumina HiSeq,Short,Contig,Inconclusive,Haploplasma axanthum,2026-09-29
GCA_034006705.1,Acholeplasma sp.,33015,PRJNA1003442,SAMN36910899,2023,2023-11-30,Illumina HiSeq,Short,Contig,Inconclusive,Hujiaoplasma nucleasis,2026-09-29
GCA_034006765.1,Acholeplasma sp.,33015,PRJNA1003442,SAMN36910898,2023,2023-11-30,Illumina HiSeq,Short,Contig,Inconclusive,Paracholeplasma morum,2026-09-29
GCA_034007225.1,Acholeplasmatales bacterium,2053494,PRJNA1003442,SAMN36910872,2023,2023-11-30,Illumina HiSeq,Short,Contig,Inconclusive,Alkalibaculum bacchi,2026-09-29
GCA_034007385.1,Candidatus Izemoplasmatales bacterium,3018265,PRJNA1003442,SAMN36910863,2023,2023-11-30,Illumina NovaSeq,Short,Scaffold,Inconclusive,Hujiaoplasma nucleasis,2026-09-29
GCA_034007435.1,Acholeplasmataceae bacterium,1898209,PRJNA1003442,SAMN36910862,2023,2023-11-30,Illumina NovaSeq,Short,Scaffold,Inconclusive,Haploplasma axanthum,2026-09-29
GCA_034007485.1,Acholeplasmataceae bacterium,1898209,PRJNA1003442,SAMN36910860,2023,2023-11-30,Illumina NovaSeq,Short,Scaffold,Inconclusive,Paracholeplasma morum,2026-09-29
GCA_034007515.1,Acholeplasma sp.,33015,PRJNA1003442,SAMN36910858,2023,2023-11-30,Illumina NovaSeq,Short,Scaffold,Inconclusive,Paracholeplasma morum,2026-09-29
GCA_034007925.1,Candidatus Izemoplasmatales bacterium,3018265,PRJNA1003442,SAMN36910838,2023,2023-11-30,Illumina HiSeq,Short,Contig,Inconclusive,Candidatus Yanofskyibacterium parasiticum,2026-09-29
GCA_034092265.1,Paracholeplasma sp.,2903117,PRJNA1003442,SAMN36910923,2023,2023-12-05,Illumina HiSeq,Short,Contig,Inconclusive,Acholeplasma brassicae,2026-09-29
GCA_034179385.1,Anaeroplasma sp.,1872523,PRJNA779404,SAMN37949679,2023,2023-12-06,Illumina NovaSeq,Short,Contig,OK,Anaeroplasma bactoclasticum,2026-09-29
GCA_034369885.1,Candidatus Izemoplasmatales bacterium,3018265,PRJNA700657,SAMN38185384,2023,2023-12-14,Illumina NovaSeq,Short,Contig,Inconclusive,Paracholeplasma manati,2026-09-29
GCA_034863245.1,Mycoplasma sp. 2248,3108528,PRJNA1053383,SAMN38858602,2023,2023-12-31,Illumina MiniSeq,Short,Contig,Inconclusive,Mycoplasma tracheobuteonis,2026-09-29
GCA_034863285.1,Mycoplasma sp. 2704,3108529,PRJNA1053383,SAMN38858603,2023,2023-12-31,Illumina MiniSeq,Short,Contig,Inconclusive,Mycoplasma tracheobuteonis,2026-09-29
GCA_034863305.1,Mycoplasma sp. 744,3108531,PRJNA1053383,SAMN38858605,2023,2023-12-31,Illumina MiniSeq,Short,Contig,Inconclusive,Mycoplasmopsis meleagridis,2026-09-29
GCA_034863325.1,Mycoplasma sp. 4404,3108530,PRJNA1053383,SAMN38858604,2023,2023-12-31,Illumina MiniSeq,Short,Contig,Inconclusive,Mycoplasma tracheobuteonis,2026-09-29
GCA_034863345.1,Mycoplasma sp. 1232,3108527,PRJNA1053383,SAMN38858601,2023,2023-12-31,Illumina MiniSeq,Short,Contig,Inconclusive,Mycoplasma tracheobuteonis,2026-09-29
GCA_034863365.1,Mycoplasma sp. 1199,3108526,PRJNA1053383,SAMN38858600,2023,2023-12-31,Illumina MiniSeq,Short,Contig,Inconclusive,Mycoplasma aquilae,2026-09-29
GCA_034863425.1,Mycoplasma sp. 21DD0573,3108525,PRJNA1053383,SAMN38858599,2023,2023-12-31,Illumina MiniSeq,Short,Contig,Inconclusive,Mycoplasma tracheobuteonis,2026-09-29
GCA_035187685.1,Phytoplasma sp.,2155,PRJNA994945,SAMN36470877,2024,2024-01-02,Illumina NovaSeq; Oxford Nanopore MinION,Hybrid,Complete Genome,OK,Candidatus Phytoplasma stylosanthis,2026-09-29
GCA_035269605.1,Candidatus Izemoplasmatales bacterium,3018265,PRJNA983538,SAMN37964272,2024,2024-01-08,Illumina HiSeq,Short,Contig,Inconclusive,Hujiaoplasma nucleasis,2026-09-29
GCA_035270345.1,Haploplasma sp.,2903113,PRJNA983538,SAMN37964254,2024,2024-01-08,Illumina HiSeq,Short,Contig,Inconclusive,Haploplasma modicum,2026-09-29
GCA_035270705.1,Acholeplasma sp.,33015,PRJNA983538,SAMN37964244,2024,2024-01-08,Illumina HiSeq,Short,Contig,Inconclusive,Acholeplasma brassicae,2026-09-29
GCA_035303805.1,Acholeplasma sp.,33015,PRJNA983538,SAMN37957216,2024,2024-01-09,Illumina HiSeq,Short,Contig,OK,Acholeplasma equirhinis,2026-09-29
GCA_035362595.1,Acholeplasmataceae bacterium,1898209,PRJNA925477,SAMN32863353,2024,2024-01-09,Illumina MiSeq,Short,Scaffold,Inconclusive,Haploplasma modicum,2026-09-29
GCA_035399265.1,Acholeplasmataceae bacterium,1898209,PRJNA925477,SAMN32865031,2024,2024-01-09,Illumina MiSeq,Short,Scaffold,Inconclusive,Acholeplasma laidlawii,2026-09-29
GCA_035406905.1,Acholeplasmataceae bacterium,1898209,PRJNA925477,SAMN32866061,2024,2024-01-09,Illumina MiSeq,Short,Scaffold,Inconclusive,Haploplasma modicum,2026-09-29
GCA_035410225.1,Acholeplasmataceae bacterium,1898209,PRJNA925477,SAMN32866295,2024,2024-01-09,Illumina MiSeq,Short,Scaffold,Inconclusive,Haploplasma modicum,2026-09-29
GCA_035439785.1,Candidatus Pelethenecus sp.,3022886,PRJNA925477,SAMN32867728,2024,2024-01-09,Illumina MiSeq,Short,Scaffold,Inconclusive,Brachyspira hampsonii,2026-09-29
GCA_035446505.1,Candidatus Izemoplasmatales bacterium,3018265,PRJNA925477,SAMN33868132,2024,2024-01-09,Illumina MiSeq,Short,Scaffold,Inconclusive,Paracholeplasma morum,2026-09-29
GCA_035447465.1,Acholeplasmataceae bacterium,1898209,PRJNA925477,SAMN33868085,2024,2024-01-09,Illumina MiSeq,Short,Scaffold,Inconclusive,Acholeplasma hippikon,2026-09-29
GCA_035453945.1,Candidatus Izemoplasmatales bacterium,3018265,PRJNA925477,SAMN33868163,2024,2024-01-09,Illumina MiSeq,Short,Scaffold,Inconclusive,Tistrella bauzanensis,2026-09-29
GCA_035602975.1,Mycoplasmatales bacterium,2023991,PRJNA983538,SAMN37946018,2024,2024-01-11,Illumina HiSeq,Short,Contig,Inconclusive,Hypnocyclicus thermotrophus,2026-09-29
GCA_035609225.1,Mycoplasma sp. 888,3108483,PRJNA1053371,SAMN38858416,2024,2024-01-12,Illumina MiniSeq; Oxford Nanopore MinION,Hybrid,Complete Genome,OK,Mycoplasma tracheobuteonis,2026-09-29
GCA_035853675.1,'Conium maculatum' witches'-broom phytoplasma,3109357,PRJNA1054987,SAMN38957063,2024,2024-01-18,Illumina NovaSeq; Oxford Nanopore MinION,Hybrid,Contig,Inconclusive,Candidatus Phytoplasma gossypii,2026-09-29
GCA_036172455.1,Candidatus Izemoplasma sp.,2979197,PRJNA1033173,SAMN38037521,2024,2024-01-26,Illumina,Short,Contig,Inconclusive,Candidatus Izemoplasma acidinucleici,2026-09-29
GCA_036562215.1,Haloplasmataceae bacterium,2862752,PRJNA983538,SAMN37954913,2024,2024-02-12,Illumina HiSeq,Short,Contig,Inconclusive,Acholeplasma equifetale,2026-09-29
GCA_036562345.1,Acholeplasma sp.,33015,PRJNA983538,SAMN37954908,2024,2024-02-12,Illumina HiSeq,Short,Contig,Inconclusive,Acholeplasma equifetale,2026-09-29
GCA_036562595.1,Haloplasmataceae bacterium,2862752,PRJNA983538,SAMN37954895,2024,2024-02-12,Illumina HiSeq,Short,Contig,Inconclusive,Geobacillus kaustophilus,2026-09-29
GCA_036584525.1,Acholeplasmataceae bacterium,1898209,PRJNA1070658,SAMN39710828,2024,2024-02-13,Illumina MiSeq,Short,Contig,Inconclusive,Mariniplasma anaerobium,2026-09-29
GCA_036677365.1,Acholeplasma sp.,33015,PRJNA912230,SAMN34210189,2024,2024-02-16,Illumina NovaSeq,Short,Contig,Inconclusive,Paracholeplasma manati,2026-09-29
GCA_036721815.1,Anaeroplasmataceae bacterium,2793037,PRJNA843551,SAMN28745913,2024,2024-02-21,Illumina,Short,Scaffold,Inconclusive,Anaeroplasma bactoclasticum,2026-09-29
GCA_036734805.1,Acholeplasmatales bacterium,2053494,PRJNA843551,SAMN28746087,2024,2024-02-21,Illumina,Short,Scaffold,Inconclusive,Acholeplasma hippikon,2026-09-29
GCA_036735045.1,Acholeplasmataceae bacterium,1898209,PRJNA843551,SAMN28746392,2024,2024-02-21,Illumina,Short,Scaffold,Inconclusive,Acholeplasma equifetale,2026-09-29
GCA_036747195.1,Acholeplasmatales bacterium,2053494,PRJNA843551,SAMN28747021,2024,2024-02-21,Illumina,Short,Scaffold,Inconclusive,Companilactobacillus nuruki,2026-09-29
GCA_036752885.1,Acholeplasmatales bacterium,2053494,PRJNA843551,SAMN28747446,2024,2024-02-21,Illumina,Short,Scaffold,Inconclusive,Acholeplasma equifetale,2026-09-29
GCA_036753085.1,Acholeplasmataceae bacterium,1898209,PRJNA843551,SAMN28747770,2024,2024-02-21,Illumina,Short,Scaffold,Inconclusive,Acholeplasma laidlawii,2026-09-29
GCA_036757805.1,Acholeplasmataceae bacterium,1898209,PRJNA843551,SAMN28747452,2024,2024-02-21,Illumina,Short,Scaffold,Inconclusive,Acholeplasma laidlawii,2026-09-29
GCA_036758425.1,Acholeplasmataceae bacterium,1898209,PRJNA843551,SAMN28747605,2024,2024-02-21,Illumina,Short,Scaffold,Inconclusive,Haploplasma modicum,2026-09-29
GCA_036768825.1,Acholeplasmataceae bacterium,1898209,PRJNA843551,SAMN28747872,2024,2024-02-22,Illumina,Short,Scaffold,Inconclusive,Acholeplasma granularum,2026-09-29
GCA_036789215.1,Acholeplasmatales bacterium,2053494,PRJNA843551,SAMN28748889,2024,2024-02-22,Illumina,Short,Scaffold,Inconclusive,Haploplasma modicum,2026-09-29
GCA_036797185.1,Acholeplasmatales bacterium,2053494,PRJNA843551,SAMN28749280,2024,2024-02-22,Illumina,Short,Scaffold,Inconclusive,Acholeplasma equifetale,2026-09-29
GCA_036816885.1,Anaeroplasmataceae bacterium,2793037,PRJNA843551,SAMN28750249,2024,2024-02-23,Illumina,Short,Scaffold,Inconclusive,na,2026-09-29
GCA_036823035.1,Acholeplasmatales bacterium,2053494,PRJNA843551,SAMN28750141,2024,2024-02-23,Illumina,Short,Scaffold,Inconclusive,Hujiaoplasma nucleasis,2026-09-29
GCA_036826795.1,Acholeplasmatales bacterium,2053494,PRJNA843551,SAMN28750526,2024,2024-02-23,Illumina,Short,Scaffold,Inconclusive,Hujiaoplasma nucleasis,2026-09-29
GCA_036844665.1,Haloplasmataceae bacterium,2862752,PRJNA843551,SAMN28751408,2024,2024-02-23,Illumina,Short,Scaffold,Inconclusive,na,2026-09-29
GCA_036848055.1,Haloplasmataceae bacterium,2862752,PRJNA843551,SAMN28751778,2024,2024-02-23,Illumina,Short,Scaffold,Inconclusive,na,2026-09-29
GCA_036851215.1,Mollicutes bacterium UO1,2976330,PRJNA875092,SAMN30598659,2024,2024-02-23,Illumina,Short,Scaffold,Inconclusive,Catellicoccus marimammalium,2026-09-29
GCA_036924395.2,Candidatus Phytoplasma prunorum,47565,PRJNA1068968,SAMN39606365,2024,2024-07-25,Illumina MiSeq,Short,Scaffold,Inconclusive,Candidatus Phytoplasma bonamiae,2026-09-29
GCA_036924415.2,Candidatus Phytoplasma prunorum,47565,PRJNA1068968,SAMN39606366,2024,2024-07-25,Illumina MiSeq,Short,Scaffold,Inconclusive,Candidatus Phytoplasma bonamiae,2026-09-29
GCA_036985145.1,Paulownia witches'-broom phytoplasma,39647,PRJDB14779,SAMD00560600,2024,2024-01-12,Illumina Miseq,Short,Contig,Inconclusive,Candidatus Phytoplasma vignae,2026-09-29
GCA_036985165.1,Rhus yellows phytoplasma,1225349,PRJDB14779,SAMD00560599,2024,2024-01-12,Illumina Miseq,Short,Contig,Inconclusive,Candidatus Phytoplasma vignae,2026-09-29
GCA_036985185.1,Hydrangea phyllody phytoplasma,238673,PRJDB14779,SAMD00562891,2024,2024-01-12,Illumina Miseq; PacBio Sequal II,Hybrid,Contig,Inconclusive,Candidatus Phytoplasma vignae,2026-09-29
GCA_037963615.1,Candidatus Phytoplasma australasiaticum subsp. ipomoeae,101513,PRJNA884151,SAMN31013029,2024,2024-04-04,Illumina NovaSeq,Short,Scaffold,OK,Candidatus Phytoplasma australasiaticum,2026-09-29
GCA_037963625.1,Candidatus Phytoplasma fabacearum,2982628,PRJNA884151,SAMN31013022,2024,2024-04-04,Illumina NovaSeq,Short,Scaffold,OK,Candidatus Phytoplasma fabacearum,2026-09-29
GCA_037963645.1,Candidatus Phytoplasma australasiaticum subsp. ipomoeae,101513,PRJNA884151,SAMN31013028,2024,2024-04-04,Illumina NovaSeq,Short,Scaffold,OK,Candidatus Phytoplasma australasiaticum,2026-09-29
GCA_037963655.1,Candidatus Phytoplasma fabacearum,2982628,PRJNA884151,SAMN31013019,2024,2024-04-04,Illumina NovaSeq,Short,Scaffold,OK,Candidatus Phytoplasma fabacearum,2026-09-29
GCA_037963665.1,Candidatus Phytoplasma australasiaticum subsp. ipomoeae,101513,PRJNA884151,SAMN31013023,2024,2024-04-04,Illumina NovaSeq,Short,Scaffold,OK,Candidatus Phytoplasma australasiaticum,2026-09-29
GCA_037963715.1,Candidatus Phytoplasma citri,180978,PRJNA884151,SAMN31012997,2024,2024-04-04,Illumina NovaSeq,Short,Scaffold,OK,Candidatus Phytoplasma citri,2026-09-29
GCA_037963735.1,Candidatus Phytoplasma australasiaticum subsp. australasiaticum,2832407,PRJNA884151,SAMN31013007,2024,2024-04-04,Illumina NovaSeq,Short,Scaffold,OK,Candidatus Phytoplasma australasiaticum,2026-09-29
GCA_038024965.1,Candidatus Phytoplasma fraxini,35780,PRJNA1081420,SAMN40175287,2024,2024-04-09,,Unknown,Complete Genome,Inconclusive,Candidatus Phytoplasma stylosanthis,2026-09-29
GCA_038100755.1,Acholeplasmataceae bacterium,1898209,PRJNA1024631,SAMN37860789,2024,2024-04-15,Illumina NovaSeq,Short,Scaffold,Inconclusive,Haploplasma modicum,2026-09-29
GCA_038117465.1,Acholeplasmataceae bacterium,1898209,PRJNA1024631,SAMN37860521,2024,2024-04-15,Illumina NovaSeq,Short,Scaffold,Inconclusive,Haploplasma modicum,2026-09-29
GCA_038123675.1,Acholeplasmataceae bacterium,1898209,PRJNA1024631,SAMN37861631,2024,2024-04-15,Illumina NovaSeq,Short,Scaffold,Inconclusive,Acholeplasma hippikon,2026-09-29
GCA_038124275.1,Acholeplasmataceae bacterium,1898209,PRJNA1024631,SAMN37861601,2024,2024-04-15,Illumina NovaSeq,Short,Scaffold,Inconclusive,Candidatus Phytoplasma stylosanthis,2026-09-29
GCA_038131975.1,Acholeplasmataceae bacterium,1898209,PRJNA1024631,SAMN37862048,2024,2024-04-15,Illumina NovaSeq,Short,Contig,Inconclusive,Haploplasma modicum,2026-09-29
GCA_038133275.1,Acholeplasmataceae bacterium,1898209,PRJNA1024631,SAMN37861985,2024,2024-04-15,Illumina NovaSeq,Short,Scaffold,Inconclusive,Acholeplasma palmae,2026-09-29
GCA_038134025.1,Acholeplasmataceae bacterium,1898209,PRJNA1024631,SAMN37861943,2024,2024-04-15,Illumina NovaSeq,Short,Scaffold,Inconclusive,Candidatus Phytoplasma stylosanthis,2026-09-29
GCA_038135635.1,Acholeplasmataceae bacterium,1898209,PRJNA1024631,SAMN37861857,2024,2024-04-15,Illumina NovaSeq,Short,Scaffold,Inconclusive,Candidatus Phytoplasma stylosanthis,2026-09-29
GCA_038136115.1,Acholeplasmataceae bacterium,1898209,PRJNA1024631,SAMN37861818,2024,2024-04-15,Illumina NovaSeq,Short,Scaffold,Inconclusive,Candidatus Phytoplasma stylosanthis,2026-09-29
GCA_038137365.1,Acholeplasmataceae bacterium,1898209,PRJNA1024631,SAMN37861755,2024,2024-04-15,Illumina NovaSeq,Short,Scaffold,Inconclusive,Hujiaoplasma nucleasis,2026-09-29
GCA_038142625.1,Acholeplasmataceae bacterium,1898209,PRJNA1024631,SAMN37862323,2024,2024-04-15,Illumina NovaSeq,Short,Contig,Inconclusive,Haploplasma modicum,2026-09-29
GCA_038396745.1,Candidatus Phytoplasma asteris,85620,PRJNA975459,SAMN35528337,2024,2024-04-20,Illumina HiSeq 2500; PacBio Sequel II,Hybrid,Complete Genome,Inconclusive,Candidatus Phytoplasma stylosanthis,2026-09-29
GCA_038505995.1,Candidatus Phytoplasma asteris,85620,PRJNA975436,SAMN35327278,2024,2024-04-26,PacBio Sequel IIe; Illumina HiSeq 2500,Hybrid,Complete Genome,Inconclusive,Candidatus Phytoplasma vignae,2026-09-29
GCA_039206795.1,Spiroplasma sp.,2135,PRJNA1088826,SAMN40501461,2024,2024-05-02,Illumina,Short,Scaffold,OK,Spiroplasma attinicola,2026-09-29
GCA_039907745.1,Mycoplasma feriruminatoris,1179777,PRJNA1062711,SAMN39309755,2024,2024-05-29,PacBio Sequel,Long,Complete Genome,OK,Mycoplasma feriruminatoris,2026-09-29
GCA_040062715.1,Mycoplasma sp. 21DD0294,3138068,PRJNA1096763,SAMN40763004,2024,2024-06-04,Illumina MiSeq,Short,Contig,Inconclusive,Mycoplasma tracheobuteonis,2026-09-29
GCA_040126175.1,Candidatus Phytoplasma solani,69896,PRJNA1107139,SAMN40861605,2024,2024-06-11,PacBio Sequel II,Long,Complete Genome,Inconclusive,Candidatus Phytoplasma vignae,2026-09-29
GCA_040307535.1,Acholeplasmataceae bacterium,1898209,PRJNA1023249,SAMN37796643,2024,2024-06-25,Illumina NextSeq,Short,Contig,Inconclusive,na,2026-09-29
GCA_040369795.1,Spiroplasma ixodetis,2141,PRJDB16501,SAMD00647262,2024,2024-04-24,Nanopore minION,Long,Complete Genome,Inconclusive,Spiroplasma platyhelix,2026-09-29
GCA_040372085.1,Spiroplasma phoeniceum,47835,PRJDB17847,SAMD00763153,2024,2024-04-20,NovaSeq 6000,Short,Scaffold,OK,Spiroplasma phoeniceum,2026-09-29
GCA_040940205.1,Spiroplasma sp. DGKH1,3050074,PRJNA977199,SAMN35453574,2024,2024-07-29,Illumina HiSeq,Short,Contig,OK,Spiroplasma eriocheiris,2026-09-29
GCA_041021285.1,Mycoplasma capricolum subsp. capricolum,40479,PRJNA1134619,SAMN42421372,2024,2024-08-02,Illumina MiSeq,Short,Scaffold,OK,Mycoplasma capricolum,2026-09-29
GCA_041021605.1,Candidatus Phytoplasma citri,180978,PRJNA435955,SAMN08606574,2024,2024-08-02,Illumina HiSeq,Short,Contig,OK,Candidatus Phytoplasma citri,2026-09-29
GCA_041252775.1,Acholeplasmataceae bacterium,1898209,PRJNA1081583,SAMN41429862,2024,2024-08-13,Illumina NovaSeq,Short,Contig,Inconclusive,Candidatus Phytoplasma stylosanthis,2026-09-29
GCA_041259795.1,Acholeplasmataceae bacterium,1898209,PRJNA1081583,SAMN41429983,2024,2024-08-13,Illumina NovaSeq,Short,Contig,Inconclusive,Acholeplasma oculi,2026-09-29
GCA_041276565.1,'Camptotheca acuminata' phytoplasma,3239192,PRJNA1141264,SAMN42884353,2024,2024-08-13,Illumina,Short,Contig,OK,Candidatus Phytoplasma stylosanthis,2026-09-29
GCA_041531585.1,Candidatus Izemoplasma sp. B36,3242468,PRJNA1146427,SAMN43101239,2024,2024-08-28,Illumina NovaSeq,Short,Complete Genome,Inconclusive,Paraclostridium tenue,2026-09-29
GCA_041554935.1,Candidatus Izemoplasma sp.,2979197,PRJNA1129210,SAMN42102059,2024,2024-08-29,Illumina NovaSeq,Short,Contig,Inconclusive,Fusobacterium hwasookii,2026-09-29
GCA_041555275.1,Xianfuyuplasma sp.,3101264,PRJNA1129210,SAMN42102042,2024,2024-08-29,Illumina NovaSeq,Short,Contig,Inconclusive,Candidatus Xianfuyuplasma coldseepsis,2026-09-29
GCA_041597145.1,Acholeplasmataceae bacterium,1898209,PRJNA1129210,SAMN42103352,2024,2024-08-29,Illumina NovaSeq,Short,Contig,Inconclusive,Acholeplasma palmae,2026-09-29
GCA_041649275.1,Candidatus Izemoplasmatales bacterium,3018265,PRJNA823399,SAMN39904615,2024,2024-08-29,Illumina HiSeq,Short,Contig,Inconclusive,Conexibacter arvalis,2026-09-29
GCA_041649795.1,Candidatus Izemoplasmatales bacterium,3018265,PRJNA823399,SAMN39904587,2024,2024-08-29,Illumina HiSeq,Short,Contig,Inconclusive,Clostridium rectalis,2026-09-29
GCA_041649935.1,Candidatus Izemoplasmatales bacterium,3018265,PRJNA823399,SAMN39904580,2024,2024-08-29,Illumina HiSeq,Short,Contig,Inconclusive,Candidatus Yanofskyibacterium parasiticum,2026-09-29
GCA_041652035.1,Candidatus Izemoplasmatales bacterium,3018265,PRJNA823399,SAMN39904476,2024,2024-08-29,Illumina HiSeq,Short,Contig,Inconclusive,na,2026-09-29
GCA_041652855.1,Candidatus Izemoplasmatales bacterium,3018265,PRJNA823399,SAMN39904433,2024,2024-08-29,Illumina HiSeq,Short,Scaffold,Inconclusive,Acholeplasma brassicae,2026-09-29
GCA_041652955.1,Candidatus Izemoplasmatales bacterium,3018265,PRJNA823399,SAMN39904430,2024,2024-08-29,Illumina HiSeq,Short,Scaffold,Inconclusive,Hujiaoplasma nucleasis,2026-09-29
GCA_041653095.1,Candidatus Izemoplasmatales bacterium,3018265,PRJNA823399,SAMN39904424,2024,2024-08-29,Illumina HiSeq,Short,Scaffold,Inconclusive,Spiroplasma citri,2026-09-29
GCA_041654375.1,Candidatus Izemoplasmatales bacterium,3018265,PRJNA823399,SAMN39904359,2024,2024-08-29,Illumina HiSeq,Short,Scaffold,Inconclusive,Carnobacterium jeotgali,2026-09-29
GCA_041654835.1,Acholeplasmataceae bacterium,1898209,PRJNA823399,SAMN39904334,2024,2024-08-29,Illumina HiSeq,Short,Contig,Inconclusive,Haploplasma modicum,2026-09-29
GCA_041654955.1,Acholeplasmataceae bacterium,1898209,PRJNA823399,SAMN39904328,2024,2024-08-29,Illumina HiSeq,Short,Contig,Inconclusive,Mariniplasma anaerobium,2026-09-29
GCA_041655235.1,Acholeplasmataceae bacterium,1898209,PRJNA823399,SAMN39905094,2024,2024-08-29,Illumina HiSeq,Short,Contig,Inconclusive,Paracholeplasma manati,2026-09-29
GCA_041655795.1,Acholeplasmataceae bacterium,1898209,PRJNA823399,SAMN39905065,2024,2024-08-29,Illumina HiSeq,Short,Contig,Inconclusive,Acholeplasma laidlawii,2026-09-29
GCA_041656395.1,Acholeplasmataceae bacterium,1898209,PRJNA823399,SAMN39905036,2024,2024-08-29,Illumina HiSeq,Short,Contig,Inconclusive,Acholeplasma laidlawii,2026-09-29
GCA_041656835.1,Acholeplasmataceae bacterium,1898209,PRJNA823399,SAMN39905015,2024,2024-08-29,Illumina HiSeq,Short,Contig,Inconclusive,Fusobacterium polymorphum,2026-09-29
GCA_041657025.1,Candidatus Izemoplasmatales bacterium,3018265,PRJNA823399,SAMN39905003,2024,2024-08-29,Illumina HiSeq,Short,Scaffold,Inconclusive,Spiroplasma citri,2026-09-29
GCA_041657495.1,Candidatus Izemoplasmatales bacterium,3018265,PRJNA823399,SAMN39904987,2024,2024-08-29,Illumina HiSeq,Short,Scaffold,Inconclusive,na,2026-09-29
GCA_041664025.1,Acholeplasmataceae bacterium,1898209,PRJNA823399,SAMN39889826,2024,2024-08-30,Illumina HiSeq,Short,Contig,Inconclusive,Peloplasma aerotolerans,2026-09-29
GCA_041667705.1,Candidatus Izemoplasmatales bacterium,3018265,PRJNA823399,SAMN39889643,2024,2024-08-30,Illumina HiSeq,Short,Contig,Inconclusive,na,2026-09-29
GCA_041667805.1,Candidatus Izemoplasmatales bacterium,3018265,PRJNA823399,SAMN39889638,2024,2024-08-30,Illumina HiSeq,Short,Contig,Inconclusive,Haploplasma axanthum,2026-09-29
GCA_041667945.1,Acholeplasmataceae bacterium,1898209,PRJNA823399,SAMN39889631,2024,2024-08-30,Illumina HiSeq,Short,Contig,Inconclusive,Haploplasma modicum,2026-09-29
GCA_041668025.1,Acholeplasmataceae bacterium,1898209,PRJNA823399,SAMN39889627,2024,2024-08-30,Illumina HiSeq,Short,Contig,Inconclusive,na,2026-09-29
GCA_041668625.1,Acholeplasmataceae bacterium,1898209,PRJNA823399,SAMN39889597,2024,2024-08-30,Illumina HiSeq,Short,Contig,Inconclusive,Haploplasma modicum,2026-09-29
GCA_041669425.1,Candidatus Izemoplasmatales bacterium,3018265,PRJNA823399,SAMN39889556,2024,2024-08-30,Illumina HiSeq,Short,Contig,Inconclusive,Hujiaoplasma nucleasis,2026-09-29
GCA_041669715.1,Acholeplasmataceae bacterium,1898209,PRJNA823399,SAMN39889542,2024,2024-08-30,Illumina HiSeq,Short,Contig,Inconclusive,Peloplasma aerotolerans,2026-09-29
GCA_041671865.1,Acholeplasmataceae bacterium,1898209,PRJNA823399,SAMN39891868,2024,2024-08-30,Illumina HiSeq,Short,Contig,Inconclusive,Acholeplasma hippikon,2026-09-29
GCA_041672005.1,Candidatus Izemoplasmatales bacterium,3018265,PRJNA823399,SAMN39891860,2024,2024-08-30,Illumina HiSeq,Short,Contig,Inconclusive,Lentimicrobium saccharophilum,2026-09-29
GCA_041672325.1,Candidatus Izemoplasmatales bacterium,3018265,PRJNA823399,SAMN39891845,2024,2024-08-30,Illumina HiSeq,Short,Contig,Inconclusive,Hujiaoplasma nucleasis,2026-09-29
GCA_041672505.1,Candidatus Izemoplasmatales bacterium,3018265,PRJNA823399,SAMN39891834,2024,2024-08-30,Illumina HiSeq,Short,Contig,Inconclusive,Malaciobacter mytili,2026-09-29
GCA_041672605.1,Acholeplasmataceae bacterium,1898209,PRJNA823399,SAMN39891830,2024,2024-08-30,Illumina HiSeq,Short,Contig,Inconclusive,Acholeplasma equifetale,2026-09-29
GCA_041673685.1,Candidatus Izemoplasmatales bacterium,3018265,PRJNA823399,SAMN39891779,2024,2024-08-30,Illumina HiSeq,Short,Contig,Inconclusive,Hypnocyclicus thermotrophus,2026-09-29
GCA_041675665.1,Acholeplasma sp.,33015,PRJNA823399,SAMN39891677,2024,2024-08-30,Illumina HiSeq,Short,Contig,OK,Acholeplasma laidlawii,2026-09-29
GCA_041675925.1,Acholeplasmataceae bacterium,1898209,PRJNA823399,SAMN39891669,2024,2024-08-30,Illumina HiSeq,Short,Contig,Inconclusive,Acholeplasma brassicae,2026-09-29
GCA_041675965.1,Acholeplasmataceae bacterium,1898209,PRJNA823399,SAMN39891663,2024,2024-08-30,Illumina HiSeq,Short,Contig,Inconclusive,Mariniplasma anaerobium,2026-09-29
GCA_041677365.1,Candidatus Izemoplasmatales bacterium,3018265,PRJNA823399,SAMN39891592,2024,2024-08-30,Illumina HiSeq,Short,Contig,Inconclusive,Hujiaoplasma nucleasis,2026-09-29
GCA_041677425.1,Acholeplasmataceae bacterium,1898209,PRJNA823399,SAMN39891590,2024,2024-08-30,Illumina HiSeq,Short,Contig,Inconclusive,Haploplasma modicum,2026-09-29
GCA_041677585.1,Acholeplasmataceae bacterium,1898209,PRJNA823399,SAMN39891579,2024,2024-08-30,Illumina HiSeq,Short,Contig,Inconclusive,Mariniplasma anaerobium,2026-09-29
GCA_041678925.1,Candidatus Izemoplasmatales bacterium,3018265,PRJNA823399,SAMN39891518,2024,2024-08-30,Illumina HiSeq,Short,Contig,Inconclusive,Mariniplasma anaerobium,2026-09-29
GCA_041687555.1,Haloplasmataceae bacterium,2862752,PRJNA1012852,SAMN37277784,2024,2024-08-30,Illumina HiSeq,Short,Contig,Inconclusive,na,2026-09-29
GCA_041729675.1,Candidatus Phytoplasma solani,69896,PRJNA830658,SAMN27736172,2024,2024-09-03,Oxford Nanopore MinION; Illumina NovaSeq,Hybrid,Complete Genome,Inconclusive,Candidatus Phytoplasma stylosanthis,2026-09-29
GCA_041729685.1,Candidatus Phytoplasma solani,69896,PRJNA830658,SAMN27736171,2024,2024-09-03,Oxford Nanopore MinION; Illumina NovaSeq,Hybrid,Complete Genome,Inconclusive,Candidatus Phytoplasma stylosanthis,2026-09-29
GCA_041729695.1,Candidatus Phytoplasma solani,69896,PRJNA830658,SAMN27736170,2024,2024-09-03,Oxford Nanopore MinION; Illumina NovaSeq,Hybrid,Complete Genome,Inconclusive,Candidatus Phytoplasma stylosanthis,2026-09-29
GCA_041729705.1,Candidatus Phytoplasma solani,69896,PRJNA830658,SAMN27736169,2024,2024-09-03,Oxford Nanopore MinION; Illumina NovaSeq,Hybrid,Complete Genome,Inconclusive,Candidatus Phytoplasma stylosanthis,2026-09-29
GCA_041869975.1,Candidatus Phytoplasma solani,69896,PRJNA1135947,SAMN42496723,2024,2024-09-09,Illumina MiSeq; Oxford Nanopore MinION,Hybrid,Contig,Inconclusive,Candidatus Phytoplasma stylosanthis,2026-09-29
GCA_041920595.1,Areca yellow leaf disease phytoplasma,927614,PRJNA835721,SAMN41883633,2024,2024-09-14,Oxford Nanopore,Long,Chromosome,Inconclusive,Candidatus Phytoplasma vignae,2026-09-29
GCA_041984945.1,Candidatus Phytoplasma pruni,479893,PRJNA1090061,SAMN40554789,2024,2024-09-18,Illumina NovaSeq,Short,Contig,Inconclusive,Candidatus Phytoplasma crotalariae,2026-09-29
GCA_042465095.1,Spiroplasma endosymbiont of Anurida maritima,2967972,PRJNA860916,SAMN29869145,2024,2024-10-01,Oxford Nanopore MinION,Long,Complete Genome,Inconclusive,Spiroplasma phoeniceum,2026-09-29
GCA_043420575.1,Candidatus Phytoplasma solani,69896,PRJNA1135948,SAMN42496734,2024,2024-10-18,Illumina MiSeq; Oxford Nanopore MinION,Hybrid,Contig,Inconclusive,Candidatus Phytoplasma stylosanthis,2026-09-29
GCA_043756005.1,Spiroplasmataceae bacterium,2872178,PRJNA781406,SAMN39315479,2024,2024-10-24,Illumina NovaSeq,Short,Contig,Inconclusive,Spiroplasma citri,2026-09-29
GCA_043951795.1,Liberiplasma polymorphum,3374570,PRJNA1174714,SAMN44345300,2024,2024-10-27,DNBSEQ-G400,Short,Contig,OK,Candidatus Izemoplasma acidinucleici,2026-09-29
GCA_044714355.1,Spiroplasma sp. ald,2490849,PRJNA506491,SAMN10461773,2024,2024-11-08,Illumina NovaSeq,Short,Contig,OK,Spiroplasma phoeniceum,2026-09-29
GCA_044714365.2,Spiroplasma sp. hy2,2490850,PRJNA506493,SAMN10461797,2025,2025-03-25,Illumina NovaSeq,Short,Contig,OK,Spiroplasma phoeniceum,2026-09-29
GCA_045046715.1,Candidatus Izemoplasma sp.,2979197,PRJNA938062,SAMN33424471,2024,2024-11-19,Illumina NovaSeq,Short,Contig,Inconclusive,Candidatus Izemoplasma acidinucleici,2026-09-29
GCA_045111675.1,Anaeroplasmataceae bacterium,2793037,PRJNA987743,SAMN43293666,2024,2024-11-20,Illumina NextSeq,Short,Contig,Inconclusive,Clostridium celatum,2026-09-29
GCA_045121295.1,Candidatus Pelethenecus sp.,3022886,PRJNA987743,SAMN43292606,2024,2024-11-20,Illumina NextSeq,Short,Contig,Inconclusive,Clostridium aquiflavi,2026-09-29
GCA_045124155.1,Anaeroplasma sp.,1872523,PRJNA987743,SAMN43292500,2024,2024-11-21,Illumina NextSeq,Short,Contig,Inconclusive,na,2026-09-29
GCA_045126355.1,Anaeroplasmataceae bacterium,2793037,PRJNA987743,SAMN43292424,2024,2024-11-21,Illumina NextSeq,Short,Contig,Inconclusive,Clostridium oceanicum,2026-09-29
GCA_045127575.1,Candidatus Pelethenecus sp.,3022886,PRJNA987743,SAMN43292362,2024,2024-11-21,Illumina NextSeq,Short,Contig,Inconclusive,na,2026-09-29
GCA_045127955.1,Anaeroplasmataceae bacterium,2793037,PRJNA987743,SAMN43292350,2024,2024-11-21,Illumina NextSeq,Short,Contig,Inconclusive,Clostridium thermobutyricum,2026-09-29
GCA_045276875.1,Mycoplasma corogypsi,2106,PRJNA1187186,SAMN44786002,2024,2024-11-25,Illumina MiniSeq; Oxford Nanopore MinION,Hybrid,Complete Genome,OK,Mycoplasmopsis cricetuli,2026-09-29
GCA_045586145.1,Candidatus Phytoplasma australasiaticum,2754999,PRJNA1172979,SAMN44286694,2024,2024-12-03,Illumina NovaSeq,Short,Complete Genome,OK,Candidatus Phytoplasma australasiaticum,2026-09-29
GCA_045594225.1,Anaeroplasma sp.,1872523,PRJNA1030165,SAMN37891924,2024,2024-12-03,Complete Genomics,Unknown,Contig,Inconclusive,Anaeroplasma bactoclasticum,2026-09-29
GCA_045594405.1,Anaeroplasma sp.,1872523,PRJNA1030165,SAMN37891914,2024,2024-12-03,Complete Genomics,Unknown,Contig,Inconclusive,Clostridium isatidis,2026-09-29
GCA_045597825.1,Candidatus Izemoplasmatales bacterium,3018265,PRJNA1030165,SAMN37892622,2024,2024-12-03,Complete Genomics,Unknown,Contig,Inconclusive,Clostridium gasigenes,2026-09-29
GCA_045599405.1,Anaeroplasmataceae bacterium,2793037,PRJNA1030165,SAMN37892544,2024,2024-12-03,Complete Genomics,Unknown,Contig,Inconclusive,Clostridium paraputrificum,2026-09-29
GCA_045631605.1,Anaeroplasma sp.,1872523,PRJNA1030165,SAMN37893157,2024,2024-12-03,Complete Genomics,Unknown,Contig,Inconclusive,Thomasclavelia cocleata,2026-09-29
GCA_045657345.1,Mycoplasma sp.,2108,PRJNA1030165,SAMN37894442,2024,2024-12-03,Complete Genomics,Unknown,Contig,Inconclusive,Malacoplasma iowae,2026-09-29
GCA_046483695.1,Candidatus Izemoplasmatales bacterium,3018265,PRJNA1026782,SAMN37758137,2025,2025-01-03,Illumina HiSeq,Short,Contig,Inconclusive,Hujiaoplasma nucleasis,2026-09-29
GCA_046538775.1,Candidatus Izemoplasmataceae bacterium,3107147,PRJNA847603,SAMN35735012,2025,2025-01-07,Illumina MiSeq,Short,Contig,Inconclusive,na,2026-09-29
GCA_046539505.1,Acholeplasmataceae bacterium,1898209,PRJNA847603,SAMN35734976,2025,2025-01-07,Illumina MiSeq,Short,Contig,Inconclusive,na,2026-09-29
GCA_046540115.1,Acholeplasmataceae bacterium,1898209,PRJNA847603,SAMN35734946,2025,2025-01-07,Illumina MiSeq,Short,Contig,Inconclusive,na,2026-09-29
GCA_046541015.1,Candidatus Izemoplasmataceae bacterium,3107147,PRJNA847603,SAMN35734903,2025,2025-01-07,Illumina MiSeq,Short,Contig,Inconclusive,Liberiplasma polymorphum,2026-09-29
GCA_046542225.1,Candidatus Izemoplasmatales bacterium,3018265,PRJNA847603,SAMN35734843,2025,2025-01-07,Illumina MiSeq,Short,Contig,Inconclusive,Hujiaoplasma nucleasis,2026-09-29
GCA_046600495.1,Candidatus Phytoplasma pyri,47566,PRJNA1206467,SAMN46078053,2025,2025-01-11,DNBSEQ-G400,Short,Scaffold,Inconclusive,Candidatus Phytoplasma stylosanthis,2026-09-29
GCA_046896035.1,Candidatus Phytoplasma palmae,85624,PRJNA1176128,SAMN44380884,2025,2025-01-22,DNBSEQ,Short,Scaffold,Inconclusive,Candidatus Phytoplasma bonamiae,2026-09-29
GCA_047530585.1,Candidatus Phytoplasma asteris,85620,PRJNA1218696,SAMN46529968,2025,2025-02-09,Illumina NovaSeq,Short,Contig,Inconclusive,Candidatus Phytoplasma vignae,2026-09-29
GCA_047637955.1,Paracholeplasma sp.,2903117,PRJNA1054980,SAMN46430394,2025,2025-02-11,Illumina HiSeq,Short,Contig,OK,Paracholeplasma manati,2026-09-29
GCA_047715995.1,Mycoplasma feriruminatoris,1179777,PRJNA1139390,SAMN42772346,2025,2025-02-12,PacBio Sequel,Long,Complete Genome,OK,Mycoplasma feriruminatoris,2026-09-29
GCA_047785185.1,Mycoplasma sp. 4079,3398615,PRJNA1220171,SAMN46712901,2025,2025-02-16,Illumina MiniSeq,Short,Contig,Inconclusive,Mycoplasma tracheobuteonis,2026-09-29
GCA_047873465.1,Candidatus Phytoplasma citri,180978,PRJNA1215802,SAMN46419732,2025,2025-02-18,Illumina,Short,Contig,Inconclusive,Candidatus Phytoplasma vignae,2026-09-29
GCA_047920815.1,Candidatus Izemoplasmataceae bacterium,3107147,PRJNA1220009,SAMN46706405,2025,2025-02-19,DNBSEQ-G400,Short,Scaffold,Inconclusive,Liberiplasma polymorphum,2026-09-29
GCA_047921055.1,Acholeplasmataceae bacterium,1898209,PRJNA1220009,SAMN46706393,2025,2025-02-19,DNBSEQ-G400,Short,Scaffold,Inconclusive,Acholeplasma palmae,2026-09-29
GCA_047971455.1,Mycoplasmatales bacterium,2023991,PRJNA1141481,SAMN42991886,2025,2025-02-24,Illumina NovaSeq,Short,Contig,Inconclusive,Hypnocyclicus thermotrophus,2026-09-29
GCA_047971545.1,Mycoplasmatales bacterium,2023991,PRJNA1141481,SAMN42991891,2025,2025-02-24,Illumina NovaSeq,Short,Contig,Inconclusive,Hypnocyclicus thermotrophus,2026-09-29
GCA_048074515.1,Mycoplasma paraquilae,3398773,PRJNA1220869,SAMN46724115,2025,2025-02-26,Illumina MiniSeq; Oxford Nanopore MinION,Hybrid,Complete Genome,OK,Mycoplasma aquilae,2026-09-29
GCA_048074525.1,Mycoplasma aquilae ATCC BAA-1896,547986,PRJNA1220846,SAMN46724038,2025,2025-02-26,Illumina MiniSeq; Oxford Nanopore MinION,Hybrid,Complete Genome,OK,Mycoplasma haliaeeti,2026-09-29
GCA_048074655.1,Mycoplasma haliaeeti,3398774,PRJNA1220933,SAMN46724208,2025,2025-02-26,Illumina MiniSeq; Oxford Nanopore MinION,Hybrid,Complete Genome,OK,Mycoplasma milvi,2026-09-29
GCA_048076865.1,Mycoplasma razini,3398776,PRJNA1220966,SAMN46724344,2025,2025-02-26,Illumina MiniSeq; Oxford Nanopore MinION,Hybrid,Complete Genome,OK,Mycoplasma haliaeeti,2026-09-29
GCA_048076875.1,Mycoplasma milvi,3398775,PRJNA1220950,SAMN46724289,2025,2025-02-26,Illumina MiniSeq; Oxford Nanopore MinION,Hybrid,Complete Genome,OK,Mycoplasma haliaeeti,2026-09-29
GCA_048263885.1,Acholeplasmataceae bacterium,1898209,PRJNA1211307,SAMN46274284,2025,2025-02-28,Illumina; Oxford Nanopore,Hybrid,Contig,Inconclusive,Mariniplasma anaerobium,2026-09-29
GCA_048268125.1,Acholeplasmataceae bacterium,1898209,PRJNA1211307,SAMN46274087,2025,2025-02-28,Illumina; Oxford Nanopore,Hybrid,Contig,Inconclusive,Mariniplasma anaerobium,2026-09-29
GCA_048284315.1,Mycoplasma haliaeeti,3398774,PRJNA1225755,SAMN46902119,2025,2025-03-02,Illumina MiniSeq,Short,Contig,OK,Mycoplasma haliaeeti,2026-09-29
GCA_048284415.1,Mycoplasma paraquilae,3398773,PRJNA1225755,SAMN46902117,2025,2025-03-02,Illumina MiniSeq,Short,Contig,OK,Mycoplasma paraquilae,2026-09-29
GCA_048284425.1,Mycoplasma paraquilae,3398773,PRJNA1225755,SAMN46902107,2025,2025-03-02,Illumina MiniSeq,Short,Contig,OK,Mycoplasma paraquilae,2026-09-29
GCA_048284435.1,Mycoplasma aquilae,1312741,PRJNA1225755,SAMN46902106,2025,2025-03-02,Illumina MiniSeq,Short,Contig,OK,Mycoplasma aquilae,2026-09-29
GCA_048284475.1,Mycoplasma aquilae,1312741,PRJNA1225755,SAMN46902105,2025,2025-03-02,Illumina MiniSeq,Short,Contig,OK,Mycoplasma aquilae,2026-09-29
GCA_048284615.1,Mycoplasma haliaeeti,3398774,PRJNA1225755,SAMN46902125,2025,2025-03-02,Illumina MiniSeq,Short,Contig,OK,Mycoplasma haliaeeti,2026-09-29
GCA_048284625.1,Mycoplasma paraquilae,3398773,PRJNA1225755,SAMN46902116,2025,2025-03-02,Illumina MiniSeq,Short,Contig,OK,Mycoplasma paraquilae,2026-09-29
GCA_048284635.1,Mycoplasma paraquilae,3398773,PRJNA1225755,SAMN46902114,2025,2025-03-02,Illumina MiniSeq,Short,Contig,OK,Mycoplasma paraquilae,2026-09-29
GCA_048284645.1,Mycoplasma haliaeeti,3398774,PRJNA1225755,SAMN46902124,2025,2025-03-02,Illumina MiniSeq,Short,Contig,OK,Mycoplasma haliaeeti,2026-09-29
GCA_048284655.1,Mycoplasma paraquilae,3398773,PRJNA1225755,SAMN46902108,2025,2025-03-02,Illumina MiniSeq,Short,Contig,OK,Mycoplasma paraquilae,2026-09-29
GCA_048284715.1,Mycoplasma milvi,3398775,PRJNA1225755,SAMN46902130,2025,2025-03-02,Illumina MiniSeq,Short,Contig,OK,Mycoplasma milvi,2026-09-29
GCA_048284735.1,Mycoplasma milvi,3398775,PRJNA1225755,SAMN46902134,2025,2025-03-02,Illumina MiniSeq,Short,Contig,OK,Mycoplasma milvi,2026-09-29
GCA_048284745.1,Mycoplasma milvi,3398775,PRJNA1225755,SAMN46902131,2025,2025-03-02,Illumina MiniSeq,Short,Contig,OK,Mycoplasma milvi,2026-09-29
GCA_048284765.1,Mycoplasma milvi,3398775,PRJNA1225755,SAMN46902129,2025,2025-03-02,Illumina MiniSeq,Short,Contig,OK,Mycoplasma milvi,2026-09-29
GCA_048285035.1,Mycoplasma haliaeeti,3398774,PRJNA1225755,SAMN46902126,2025,2025-03-02,Illumina MiniSeq,Short,Contig,OK,Mycoplasma haliaeeti,2026-09-29
GCA_048285065.1,Mycoplasma milvi,3398775,PRJNA1225755,SAMN46902137,2025,2025-03-02,Illumina MiniSeq,Short,Contig,OK,Mycoplasma milvi,2026-09-29
GCA_048285335.1,Mycoplasma paraquilae,3398773,PRJNA1225755,SAMN46902115,2025,2025-03-02,Illumina MiniSeq,Short,Contig,OK,Mycoplasma paraquilae,2026-09-29
GCA_048285635.1,Mycoplasma milvi,3398775,PRJNA1225755,SAMN46902127,2025,2025-03-02,Illumina MiniSeq,Short,Contig,OK,Mycoplasma milvi,2026-09-29
GCA_048285655.1,Mycoplasma haliaeeti,3398774,PRJNA1225755,SAMN46902118,2025,2025-03-02,Illumina MiniSeq,Short,Contig,OK,Mycoplasma haliaeeti,2026-09-29
GCA_048285675.1,Mycoplasma milvi,3398775,PRJNA1225755,SAMN46902128,2025,2025-03-02,Illumina MiniSeq,Short,Contig,OK,Mycoplasma milvi,2026-09-29
GCA_048285685.1,Mycoplasma paraquilae,3398773,PRJNA1225755,SAMN46902110,2025,2025-03-02,Illumina MiniSeq,Short,Contig,OK,Mycoplasma paraquilae,2026-09-29
GCA_048285715.1,Mycoplasma haliaeeti,3398774,PRJNA1225755,SAMN46902120,2025,2025-03-02,Illumina MiniSeq,Short,Contig,OK,Mycoplasma haliaeeti,2026-09-29
GCA_048286135.1,Mycoplasma razini,3398776,PRJNA1225755,SAMN46902139,2025,2025-03-02,Illumina MiniSeq,Short,Contig,OK,Mycoplasma razini,2026-09-29
GCA_048286155.1,Mycoplasma paraquilae,3398773,PRJNA1225755,SAMN46902111,2025,2025-03-02,Illumina MiniSeq,Short,Contig,OK,Mycoplasma paraquilae,2026-09-29
GCA_048286175.1,Mycoplasma paraquilae,3398773,PRJNA1225755,SAMN46902113,2025,2025-03-02,Illumina MiniSeq,Short,Contig,OK,Mycoplasma paraquilae,2026-09-29
GCA_048286195.1,Mycoplasma paraquilae,3398773,PRJNA1225755,SAMN46902109,2025,2025-03-02,Illumina MiniSeq,Short,Contig,OK,Mycoplasma paraquilae,2026-09-29
GCA_048286215.1,Mycoplasma haliaeeti,3398774,PRJNA1225755,SAMN46902122,2025,2025-03-02,Illumina MiniSeq,Short,Contig,OK,Mycoplasma haliaeeti,2026-09-29
GCA_048286235.1,Mycoplasma haliaeeti,3398774,PRJNA1225755,SAMN46902121,2025,2025-03-02,Illumina MiniSeq,Short,Contig,OK,Mycoplasma haliaeeti,2026-09-29
GCA_048286255.1,Mycoplasma paraquilae,3398773,PRJNA1225755,SAMN46902112,2025,2025-03-02,Illumina MiniSeq,Short,Contig,OK,Mycoplasma paraquilae,2026-09-29
GCA_048286275.1,Mycoplasma haliaeeti,3398774,PRJNA1225755,SAMN46902123,2025,2025-03-02,Illumina MiniSeq,Short,Contig,OK,Mycoplasma haliaeeti,2026-09-29
GCA_048286295.1,Mycoplasma milvi,3398775,PRJNA1225755,SAMN46902135,2025,2025-03-02,Illumina MiniSeq,Short,Contig,OK,Mycoplasma milvi,2026-09-29
GCA_048286395.1,Mycoplasma milvi,3398775,PRJNA1225755,SAMN46902133,2025,2025-03-02,Illumina MiniSeq,Short,Contig,OK,Mycoplasma milvi,2026-09-29
GCA_048286415.1,Mycoplasma razini,3398776,PRJNA1225755,SAMN46902138,2025,2025-03-02,Illumina MiniSeq,Short,Contig,OK,Mycoplasma razini,2026-09-29
GCA_048286855.1,Mycoplasma milvi,3398775,PRJNA1225755,SAMN46902136,2025,2025-03-02,Illumina MiniSeq,Short,Contig,OK,Mycoplasma milvi,2026-09-29
GCA_048286875.1,Mycoplasma razini,3398776,PRJNA1225755,SAMN46902140,2025,2025-03-02,Illumina MiniSeq,Short,Contig,OK,Mycoplasma razini,2026-09-29
GCA_048286885.1,Mycoplasma milvi,3398775,PRJNA1225755,SAMN46902132,2025,2025-03-02,Illumina MiniSeq,Short,Contig,OK,Mycoplasma milvi,2026-09-29
GCA_048286915.1,Mycoplasma razini,3398776,PRJNA1225755,SAMN46902141,2025,2025-03-02,Illumina MiniSeq,Short,Contig,OK,Mycoplasma razini,2026-09-29
GCA_048360495.1,Candidatus Pelethenecus sp.,3022886,PRJNA1196825,SAMN46336788,2025,2025-03-04,Illumina,Short,Contig,Inconclusive,Clostridium combesii,2026-09-29
GCA_048381515.1,Mycoplasma sp. 4463,3400998,PRJNA1225216,SAMN46880256,2025,2025-03-04,Illumina MiniSeq,Short,Contig,Inconclusive,Mycoplasma aquilae,2026-09-29
GCA_048590285.1,Spiroplasma sp. K21,3404574,PRJNA1215795,SAMN46419713,2025,2025-03-16,Illumina,Short,Contig,OK,Spiroplasma phoeniceum,2026-09-29
GCA_048619735.1,Candidatus Izemoplasmataceae bacterium,3107147,PRJNA847603,SAMN47233981,2025,2025-03-18,Illumina MiSeq,Short,Contig,Inconclusive,na,2026-09-29
GCA_048820805.1,Candidatus Phytoplasma citri,180978,PRJNA1236523,SAMN47393721,2025,2025-03-23,Illumina,Short,Contig,OK,Candidatus Phytoplasma citri,2026-09-29
GCA_049070185.1,Mollicutes bacterium SLUWU-24,3402861,PRJNA1230354,SAMN47176890,2025,2025-03-26,Illumina NovaSeq,Short,Scaffold,Inconclusive,Clostridium aquiflavi,2026-09-29
GCA_049439405.1,Acholeplasmataceae bacterium,1898209,PRJNA1171802,SAMN45205992,2025,2025-04-09,Illumina NextSeq,Short,Contig,Inconclusive,Peloplasma aerotolerans,2026-09-29
GCA_049440465.1,Candidatus Phytoplasma pyri,47566,PRJNA1212062,SAMN46290475,2025,2025-04-09,Illumina NovaSeq; ONT,Short,Contig,Inconclusive,Candidatus Phytoplasma melaleucae,2026-09-29
GCA_049478495.1,Mycoplasma sp. P36-A1,3252900,PRJNA1143146,SAMN42994895,2025,2025-04-11,Illumina NovaSeq; PacBio Sequel,Hybrid,Complete Genome,Inconclusive,Hypnocyclicus thermotrophus,2026-09-29
GCA_049595475.1,Acholeplasmataceae bacterium,1898209,PRJNA1214517,SAMN46375584,2025,2025-04-14,Illumina HiSeq,Short,Scaffold,Inconclusive,Acholeplasma palmae,2026-09-29
GCA_049595615.1,Acholeplasmataceae bacterium,1898209,PRJNA1214517,SAMN46375580,2025,2025-04-14,Illumina HiSeq,Short,Contig,Inconclusive,Mariniplasma anaerobium,2026-09-29
GCA_049597715.1,Acholeplasmataceae bacterium,1898209,PRJNA1214517,SAMN46375524,2025,2025-04-15,Illumina HiSeq,Short,Scaffold,Inconclusive,Candidatus Phytoplasma stylosanthis,2026-09-29
GCA_049598735.1,Acholeplasmataceae bacterium,1898209,PRJNA1214517,SAMN46376336,2025,2025-04-15,Illumina HiSeq,Short,Contig,Inconclusive,Candidatus Phytoplasma stylosanthis,2026-09-29
GCA_049601595.1,Acholeplasmataceae bacterium,1898209,PRJNA1214517,SAMN46376260,2025,2025-04-15,Illumina HiSeq,Short,Contig,Inconclusive,Candidatus Phytoplasma stylosanthis,2026-09-29
GCA_049612185.1,Acholeplasmataceae bacterium,1898209,PRJNA1214517,SAMN46376416,2025,2025-04-15,Illumina HiSeq,Short,Scaffold,Inconclusive,Staphylococcus cornubiensis,2026-09-29
GCA_049654325.1,Acholeplasmatales bacterium,2053494,PRJNA1071982,SAMN40012327,2025,2025-04-15,Illumina,Short,Contig,Inconclusive,Haploplasma modicum,2026-09-29
GCA_049669535.1,Spiroplasma endosymbiont of Glossina fuscipes fuscipes,2004463,PRJNA1235259,SAMN47572768,2025,2025-04-16,Oxford Nanopore MinION,Long,Complete Genome,Inconclusive,Spiroplasma phoeniceum,2026-09-29
GCA_049942695.1,Mycoplasma hafezii,525886,PRJNA1252156,SAMN48041017,2025,2025-04-27,Oxford Nanopore MinION; Illumina MiniSeq,Hybrid,Complete Genome,Inconclusive,Mycoplasma buteonis,2026-09-29
GCA_049949145.1,Spiroplasma endosymbiont of Glossina fuscipes fuscipes,2004463,PRJNA1235259,SAMN48057343,2025,2025-04-28,Oxford Nanopore MinION,Long,Complete Genome,Inconclusive,Spiroplasma phoeniceum,2026-09-29
GCA_049949155.1,Spiroplasma endosymbiont of Glossina fuscipes fuscipes,2004463,PRJNA1235259,SAMN48057344,2025,2025-04-28,Oxford Nanopore MinION,Long,Complete Genome,Inconclusive,Spiroplasma phoeniceum,2026-09-29
GCA_050176955.1,Candidatus Izemoplasmatales bacterium,3018265,PRJNA1070006,SAMN40405788,2025,2025-05-06,Illumina HiSeq,Short,Scaffold,Inconclusive,Hujiaoplasma nucleasis,2026-09-29
GCA_050177605.1,Candidatus Izemoplasmatales bacterium,3018265,PRJNA1070006,SAMN40405771,2025,2025-05-06,Illumina HiSeq,Short,Scaffold,Inconclusive,Mariniplasma anaerobium,2026-09-29
GCA_050177815.1,Candidatus Izemoplasmatales bacterium,3018265,PRJNA1070006,SAMN40405765,2025,2025-05-06,Illumina HiSeq,Short,Scaffold,Inconclusive,Hujiaoplasma nucleasis,2026-09-29
GCA_050179625.1,Candidatus Izemoplasmatales bacterium,3018265,PRJNA1070006,SAMN40405720,2025,2025-05-06,Illumina HiSeq,Short,Contig,Inconclusive,Hujiaoplasma nucleasis,2026-09-29
GCA_050204485.1,Candidatus Phytoplasma citri,180978,PRJNA1241832,SAMN47571843,2025,2025-05-06,Illumina,Short,Contig,Inconclusive,Anaerofustis butyriciformans,2026-09-29
GCA_050251655.1,Acholeplasmataceae bacterium,1898209,PRJNA1070006,SAMN40405031,2025,2025-05-07,Illumina HiSeq,Short,Scaffold,Inconclusive,Acholeplasma palmae,2026-09-29
GCA_050252175.1,Candidatus Izemoplasmatales bacterium,3018265,PRJNA1070006,SAMN40405008,2025,2025-05-07,Illumina HiSeq,Short,Scaffold,Inconclusive,Hujiaoplasma nucleasis,2026-09-29
GCA_050256095.1,Candidatus Izemoplasmatales bacterium,3018265,PRJNA1070006,SAMN40404927,2025,2025-05-07,Illumina HiSeq,Short,Contig,Inconclusive,Hujiaoplasma nucleasis,2026-09-29
GCA_050286905.1,Candidatus Phytoplasma pruni,479893,PRJNA958240,SAMN48207542,2025,2025-05-08,Illumina NovaSeq; Oxford Nanopore MinION,Hybrid,Contig,Inconclusive,Candidatus Phytoplasma melaleucae,2026-09-29
GCA_050632985.1,Mycoplasma sp.,2108,PRJNA1211045,SAMN46275457,2025,2025-06-01,Illumina NovaSeq,Short,Contig,Inconclusive,Mycoplasma capricolum,2026-09-29
GCA_050872705.1,Anaeroplasma sp.,1872523,PRJNA1164203,SAMN45146767,2025,2025-06-10,Illumina NovaSeq,Short,Contig,Inconclusive,Sarcina ventriculi,2026-09-29
GCA_050897995.1,Candidatus Phytoplasma vitis,131152,PRJNA1231790,SAMN47220747,2025,2025-06-11,Illumina NovaSeq; Oxford Nanopore MinION,Hybrid,Contig,Inconclusive,Candidatus Phytoplasma stylosanthis,2026-09-29
GCA_050915965.1,Candidatus Phytoplasma australasiaticum,2754999,PRJNA1172984,SAMN44286704,2025,2025-06-13,Illumina NovaSeq,Short,Complete Genome,OK,Candidatus Phytoplasma australasiaticum,2026-09-29
GCA_050916135.1,'Prunus avium' virescence phytoplasma,2056121,PRJNA695030,SAMN17598643,2025,2025-06-13,BGISEQ; PacBio,Hybrid,Complete Genome,OK,Candidatus Phytoplasma stylosanthis,2026-09-29
GCA_050949045.1,Candidatus Izemoplasmatales bacterium,3018265,PRJNA1178125,SAMN44461974,2025,2025-06-17,PacBio Sequel,Long,Contig,Inconclusive,Hujiaoplasma nucleasis,2026-09-29
GCA_050949105.1,Acholeplasmatales bacterium,2053494,PRJNA1178125,SAMN44462063,2025,2025-06-17,PacBio Sequel,Long,Contig,Inconclusive,Haploplasma modicum,2026-09-29
GCA_050953705.1,Acholeplasmataceae bacterium,1898209,PRJNA1178125,SAMN44462192,2025,2025-06-17,PacBio Sequel,Long,Contig,Inconclusive,Haploplasma modicum,2026-09-29
GCA_050953805.1,Acholeplasmataceae bacterium,1898209,PRJNA1178125,SAMN44462182,2025,2025-06-17,PacBio Sequel,Long,Contig,Inconclusive,Haploplasma axanthum,2026-09-29
GCA_050953825.1,Acholeplasmataceae bacterium,1898209,PRJNA1178125,SAMN44462038,2025,2025-06-17,PacBio Sequel,Long,Contig,Inconclusive,Methanobrevibacter acididurans,2026-09-29
GCA_051048235.1,Mycoplasma capricolum subsp. capricolum,40479,PRJNA1069633,SAMN39617662,2025,2025-06-25,PacBio Sequel,Long,Complete Genome,OK,Mycoplasma capricolum,2026-09-29
GCA_051052265.1,Mycoplasma mycoides subsp. mycoides,2103,PRJNA1069633,SAMN39617676,2025,2025-06-25,PacBio Sequel,Long,Complete Genome,OK,Mycoplasma mycoides,2026-09-29
GCA_051052395.1,Mycoplasma mycoides subsp. mycoides,2103,PRJNA1069633,SAMN39617675,2025,2025-06-25,PacBio Sequel,Long,Complete Genome,OK,Mycoplasma mycoides,2026-09-29
GCA_051052405.1,Mycoplasma capricolum subsp. capricolum,40479,PRJNA1069633,SAMN39617660,2025,2025-06-25,PacBio Sequel,Long,Complete Genome,OK,Mycoplasma capricolum,2026-09-29
GCA_051052415.1,Mycoplasma capricolum subsp. capricolum,40479,PRJNA1069633,SAMN39617661,2025,2025-06-25,PacBio Sequel,Long,Complete Genome,OK,Mycoplasma capricolum,2026-09-29
GCA_051052425.1,Mycoplasma mycoides subsp. mycoides,2103,PRJNA1069633,SAMN39617674,2025,2025-06-25,PacBio Sequel,Long,Complete Genome,OK,Mycoplasma mycoides,2026-09-29
GCA_051052435.1,Mycoplasma mycoides subsp. mycoides,2103,PRJNA1069633,SAMN39617673,2025,2025-06-25,PacBio Sequel,Long,Complete Genome,OK,Mycoplasma mycoides,2026-09-29
GCA_051052445.1,Mycoplasma capricolum subsp. capricolum,40479,PRJNA1069633,SAMN39617659,2025,2025-06-25,PacBio Sequel,Long,Complete Genome,OK,Mycoplasma capricolum,2026-09-29
GCA_051052455.1,Mycoplasma leachii,2105,PRJNA1069633,SAMN39617668,2025,2025-06-25,PacBio Sequel,Long,Complete Genome,OK,Mycoplasma leachii,2026-09-29
GCA_051052485.1,Mycoplasma capricolum subsp. capricolum,40479,PRJNA1069633,SAMN39617657,2025,2025-06-25,PacBio Sequel,Long,Complete Genome,OK,Mycoplasma capricolum,2026-09-29
GCA_051052495.1,Mycoplasma putrefaciens,2123,PRJNA1069633,SAMN39617658,2025,2025-06-25,PacBio Sequel,Long,Complete Genome,OK,Mycoplasma putrefaciens,2026-09-29
GCA_051052765.1,Mycoplasma capricolum subsp. capricolum,40479,PRJNA1069633,SAMN39617656,2025,2025-06-25,PacBio Sequel,Long,Complete Genome,OK,Mycoplasma capricolum,2026-09-29
GCA_051052775.1,Mycoplasma leachii,2105,PRJNA1069633,SAMN39617667,2025,2025-06-25,PacBio Sequel,Long,Complete Genome,OK,Mycoplasma leachii,2026-09-29
GCA_051053165.1,Mycoplasma leachii,2105,PRJNA1069633,SAMN39617666,2025,2025-06-25,PacBio Sequel,Long,Complete Genome,OK,Mycoplasma leachii,2026-09-29
GCA_051053175.1,Mycoplasma leachii,2105,PRJNA1069633,SAMN39617665,2025,2025-06-25,PacBio Sequel,Long,Complete Genome,OK,Mycoplasma leachii,2026-09-29
GCA_051053425.1,Mycoplasma capricolum subsp. capricolum,40479,PRJNA1069633,SAMN39617655,2025,2025-06-25,PacBio Sequel,Long,Complete Genome,OK,Mycoplasma capricolum,2026-09-29
GCA_051053435.1,Mycoplasma capricolum subsp. capricolum,40479,PRJNA1069633,SAMN39617654,2025,2025-06-25,PacBio Sequel,Long,Complete Genome,OK,Mycoplasma capricolum,2026-09-29
GCA_051053445.1,Mycoplasma capricolum subsp. capricolum,40479,PRJNA1069633,SAMN39617653,2025,2025-06-25,PacBio Sequel,Long,Complete Genome,OK,Mycoplasma capricolum,2026-09-29
GCA_051053455.1,Mycoplasma leachii,2105,PRJNA1069633,SAMN39617664,2025,2025-06-25,PacBio Sequel,Long,Complete Genome,OK,Mycoplasma leachii,2026-09-29
GCA_051053465.1,Mycoplasma capricolum subsp. capricolum,40479,PRJNA1069633,SAMN39617652,2025,2025-06-25,PacBio Sequel,Long,Complete Genome,OK,Mycoplasma capricolum,2026-09-29
GCA_051053475.1,Mycoplasma leachii,2105,PRJNA1069633,SAMN39617663,2025,2025-06-25,PacBio Sequel,Long,Complete Genome,OK,Mycoplasma leachii,2026-09-29
GCA_051053605.1,Mycoplasma capricolum subsp. capricolum,40479,PRJNA1069633,SAMN39617649,2025,2025-06-25,PacBio Sequel,Long,Complete Genome,OK,Mycoplasma capricolum,2026-09-29
GCA_051053615.1,Mycoplasma capricolum subsp. capricolum,40479,PRJNA1069633,SAMN39617650,2025,2025-06-25,PacBio Sequel,Long,Complete Genome,OK,Mycoplasma capricolum,2026-09-29
GCA_051053785.1,Mycoplasma capricolum subsp. capricolum,40479,PRJNA1069633,SAMN39617648,2025,2025-06-25,PacBio Sequel,Long,Complete Genome,OK,Mycoplasma capricolum,2026-09-29
GCA_051053795.1,Mycoplasma capricolum subsp. capricolum,40479,PRJNA1069633,SAMN39617645,2025,2025-06-25,PacBio Sequel,Long,Complete Genome,OK,Mycoplasma capricolum,2026-09-29
GCA_051053925.1,Mycoplasma sp. 06067-C1-B144P-99-0482-3,3117438,PRJNA1069633,SAMN39617677,2025,2025-06-25,PacBio Sequel,Long,Complete Genome,OK,Mycoplasma leachii,2026-09-29
GCA_051053935.1,Mycoplasma capricolum subsp. capricolum,40479,PRJNA1069633,SAMN39617644,2025,2025-06-25,PacBio Sequel,Long,Complete Genome,OK,Mycoplasma capricolum,2026-09-29
GCA_051054145.1,Mycoplasma capricolum subsp. capricolum,40479,PRJNA1069633,SAMN39617647,2025,2025-06-25,PacBio Sequel,Long,Complete Genome,OK,Mycoplasma capricolum,2026-09-29
GCA_051054155.1,Mycoplasma capricolum subsp. capricolum,40479,PRJNA1069633,SAMN39617646,2025,2025-06-25,PacBio Sequel,Long,Complete Genome,OK,Mycoplasma capricolum,2026-09-29
GCA_051054165.1,Mycoplasma capricolum subsp. capricolum,40479,PRJNA1069633,SAMN39617643,2025,2025-06-25,PacBio Sequel,Long,Complete Genome,OK,Mycoplasma capricolum,2026-09-29
GCA_051054175.1,Mycoplasma mycoides subsp. mycoides,2103,PRJNA1069633,SAMN39617672,2025,2025-06-25,PacBio Sequel,Long,Complete Genome,OK,Mycoplasma mycoides,2026-09-29
GCA_051054185.1,Mycoplasma mycoides subsp. mycoides,2103,PRJNA1069633,SAMN39617671,2025,2025-06-25,PacBio Sequel,Long,Complete Genome,OK,Mycoplasma mycoides,2026-09-29
GCA_051054195.1,Mycoplasma mycoides subsp. mycoides,2103,PRJNA1069633,SAMN39617670,2025,2025-06-25,PacBio Sequel,Long,Complete Genome,OK,Mycoplasma mycoides,2026-09-29
GCA_051054225.1,Mycoplasma capricolum subsp. capricolum,40479,PRJNA1069633,SAMN39617651,2025,2025-06-25,PacBio Sequel,Long,Complete Genome,OK,Mycoplasma capricolum,2026-09-29
GCA_051054235.1,Mycoplasma mycoides subsp. mycoides,2103,PRJNA1069633,SAMN39617669,2025,2025-06-25,PacBio Sequel,Long,Complete Genome,OK,Mycoplasma mycoides,2026-09-29
GCA_051094275.1,symbiont of Argiope bruennichi,2810479,PRJNA629526,SAMN17496637,2025,2025-06-26,PacBio; Illumina,Hybrid,Complete Genome,Inconclusive,Candidatus Hepatoplasma vulgare,2026-09-29
GCA_051200785.1,Mycoplasma sp. 6243,3440865,PRJNA1280645,SAMN49527329,2025,2025-07-03,Illumina MiniSeq; Oxford Nanopore MinION,Hybrid,Complete Genome,Inconclusive,Mycoplasmopsis canis,2026-09-29
GCA_051353065.1,Mycoplasma sp. 480,3440155,PRJNA1277850,SAMN49158811,2025,2025-07-15,Illumina MiniSeq; Oxford Nanopore MinION,Hybrid,Complete Genome,Inconclusive,Mesomycoplasma molare,2026-09-29
GCA_051397825.1,Lettuce witches'-broom phytoplasma,1535678,PRJNA1137329,SAMN42585983,2025,2025-07-17,Oxford Nanopore PromethION,Long,Complete Genome,Inconclusive,Candidatus Phytoplasma melaleucae,2026-09-29
GCA_051549845.1,Mycoplasma sp. 125,3447505,PRJNA1285970,SAMN49784649,2025,2025-07-28,Illumina MiniSeq; Oxford Nanopore MinION,Hybrid,Complete Genome,Inconclusive,Mycoplasmopsis arginini,2026-09-29
GCA_051549855.1,Mycoplasma sp. 3341,3447506,PRJNA1285971,SAMN49785198,2025,2025-07-28,Illumina MiniSeq; Oxford Nanopore MinION,Hybrid,Complete Genome,Inconclusive,Mycoplasma phocoenae,2026-09-29
GCA_051649085.1,Mycoplasmatales bacterium,2023991,PRJNA1263156,SAMN48513025,2025,2025-07-30,Illumina NovaSeq,Short,Contig,Inconclusive,Myroides odoratimimus,2026-09-29
GCA_051651665.1,Mycoplasma sp.,2108,PRJNA1263156,SAMN48522913,2025,2025-07-30,Illumina NovaSeq,Short,Contig,Inconclusive,Malacoplasma iowae,2026-09-29
GCA_051651705.1,Mycoplasma sp.,2108,PRJNA1263156,SAMN48522912,2025,2025-07-30,Illumina NovaSeq,Short,Contig,Inconclusive,Malacoplasma muris,2026-09-29
GCA_051651765.1,Anaeroplasmataceae bacterium,2793037,PRJNA1263156,SAMN48522908,2025,2025-07-30,Illumina NovaSeq,Short,Contig,Inconclusive,Clostridium aestuarii,2026-09-29
GCA_051651845.1,Mycoplasma sp.,2108,PRJNA1263156,SAMN48522904,2025,2025-07-30,Illumina NovaSeq,Short,Contig,Inconclusive,Mycoplasma bradburyae,2026-09-29
GCA_051652265.1,Mycoplasmatales bacterium,2023991,PRJNA1263156,SAMN48522883,2025,2025-07-30,Illumina NovaSeq,Short,Contig,Inconclusive,Clostridium mediterraneense,2026-09-29
GCA_051653845.1,Spiroplasma sp.,2135,PRJNA1263156,SAMN48522801,2025,2025-07-30,Illumina NovaSeq,Short,Contig,OK,Spiroplasma platyhelix,2026-09-29
GCA_051710685.1,Candidatus Phytoplasma sp. TWB_XP,3418720,PRJNA1256155,SAMN48173560,2025,2025-08-01,Illumina,Short,Contig,Inconclusive,Candidatus Phytoplasma vignae,2026-09-29
GCA_051777485.1,Columbia Basin potato purple top phytoplasma,307134,PRJNA1130149,SAMN42186291,2025,2025-08-03,Illumina NovaSeq,Short,Contig,Inconclusive,Candidatus Phytoplasma stylosanthis,2026-09-29
GCA_051874255.1,Anaeroplasmataceae bacterium,2793037,PRJNA1158959,SAMN43789206,2025,2025-08-07,Illumina HiSeq,Short,Scaffold,Inconclusive,na,2026-09-29
GCA_051874325.1,Anaeroplasma sp.,1872523,PRJNA1158959,SAMN43789205,2025,2025-08-07,Illumina HiSeq,Short,Scaffold,Inconclusive,Anaeroplasma bactoclasticum,2026-09-29
GCA_051972695.1,Anaeroplasmataceae bacterium,2793037,PRJNA1135155,SAMN42495702,2025,2025-08-12,Illumina,Short,Contig,Inconclusive,Anaeroplasma bactoclasticum,2026-09-29
GCA_052276315.1,Anaeroplasmataceae bacterium,2793037,PRJNA1032156,SAMN37995038,2025,2025-08-27,ILLUMINA,Short,Contig,Inconclusive,na,2026-09-29
GCA_052336485.1,Anaeroplasmataceae bacterium,2793037,PRJNA1032156,SAMN37995586,2025,2025-08-29,ILLUMINA,Short,Contig,Inconclusive,na,2026-09-29
GCA_052378275.1,Mycoplasma sp. 332,3458236,PRJNA1310014,SAMN50764359,2025,2025-09-01,Illumina MiniSeq; Oxford Nanopore MinION,Hybrid,Complete Genome,Inconclusive,Mycoplasmopsis arginini,2026-09-29
GCA_052740895.1,Acholeplasmataceae bacterium,1898209,PRJNA1134408,SAMN42463779,2025,2025-09-19,Illumina,Short,Contig,Inconclusive,Acholeplasma granularum,2026-09-29
GCA_052849495.1,Anaeroplasma sp.,1872523,PRJNA1030165,SAMN38009246,2025,2025-09-25,Complete Genomics,Unknown,Contig,Inconclusive,Anaeroplasma bactoclasticum,2026-09-29
GCA_052978905.1,Izemobacterium crustae (SeqCode),3570443,PRJNA1293150,SAMN50015286,2025,2025-10-05,Illumina NovaSeq,Short,Contig,OK,Candidatus Xianfuyuplasma coldseepsis,2026-09-29
GCA_053527055.1,Mollicutes bacterium,37628,PRJNA728813,SAMN19069422,2025,2025-11-18,Illumina HiSeq,Short,Contig,Inconclusive,Acholeplasma palmae,2026-09-29
GCA_053528235.1,Mollicutes bacterium,37628,PRJNA728813,SAMN19069368,2025,2025-11-18,Illumina HiSeq,Short,Contig,Inconclusive,Acholeplasma equifetale,2026-09-29
GCA_053851515.1,Mycoplasma sp. 773,3458462,PRJNA1310017,SAMN50764371,2025,2025-12-07,Illumina MiniSeq,Short,Contig,Inconclusive,Mycoplasmopsis arginini,2026-09-29
GCA_053851555.1,Mycoplasma sp. 3398,3458461,PRJNA1310017,SAMN50764370,2025,2025-12-07,Illumina MiniSeq,Short,Contig,Inconclusive,Mycoplasmopsis arginini,2026-09-29
GCA_053851575.1,Mycoplasma sp. 2261,3458460,PRJNA1310017,SAMN50764369,2025,2025-12-07,Illumina MiniSeq,Short,Contig,Inconclusive,Mycoplasmopsis arginini,2026-09-29
GCA_053851595.1,Mycoplasma sp. 527,3458459,PRJNA1310017,SAMN50764368,2025,2025-12-07,Illumina MiniSeq,Short,Contig,Inconclusive,Mycoplasmopsis arginini,2026-09-29
GCA_053851615.1,Mycoplasma sp. 1890,3458458,PRJNA1310017,SAMN50764367,2025,2025-12-07,Illumina MiniSeq,Short,Contig,Inconclusive,Mycoplasmopsis arginini,2026-09-29
GCA_053851635.1,Mycoplasma sp. 2575,3458456,PRJNA1310017,SAMN50764365,2025,2025-12-07,Illumina MiniSeq,Short,Contig,Inconclusive,Mycoplasmopsis arginini,2026-09-29
GCA_053851655.1,Mycoplasma sp. 327,3458457,PRJNA1310017,SAMN50764366,2025,2025-12-07,Illumina MiniSeq,Short,Contig,Inconclusive,Mycoplasmopsis arginini,2026-09-29
GCA_053851675.1,Mycoplasma sp. 1781,3458455,PRJNA1310017,SAMN50764364,2025,2025-12-07,Illumina MiniSeq,Short,Contig,Inconclusive,Mycoplasmopsis arginini,2026-09-29
GCA_053851695.1,Mycoplasma sp. 4044,3458467,PRJNA1310019,SAMN50764377,2025,2025-12-07,Illumina MiniSeq,Short,Contig,Inconclusive,Mycoplasma phocoenae,2026-09-29
GCA_053851715.1,Mycoplasma sp. 392,3458466,PRJNA1310019,SAMN50764376,2025,2025-12-07,Illumina MiniSeq,Short,Contig,Inconclusive,Mycoplasma phocoenae,2026-09-29
GCA_053851735.1,Mycoplasma sp. 128,3458463,PRJNA1310019,SAMN50764373,2025,2025-12-07,Illumina MiniSeq,Short,Contig,Inconclusive,Mycoplasma phocoenae,2026-09-29
GCA_053851755.1,Mycoplasma sp. 3392,3458465,PRJNA1310019,SAMN50764375,2025,2025-12-07,Illumina MiniSeq,Short,Contig,Inconclusive,[Mycoplasma] gypis,2026-09-29
GCA_053851775.1,Mycoplasma sp. 1573,3458464,PRJNA1310019,SAMN50764374,2025,2025-12-07,Illumina MiniSeq,Short,Contig,Inconclusive,Mycoplasma phocoenae,2026-09-29
GCA_053985895.1,Candidatus Izemoplasmataceae bacterium,3107147,PRJNA1244896,SAMN47791137,2025,2025-12-16,Illumina NextSeq,Short,Contig,Inconclusive,Clostridium tarantellae,2026-09-29
GCA_054003355.1,Candidatus Izemoplasmataceae bacterium,3107147,PRJNA1244896,SAMN49582488,2025,2025-12-16,Illumina NextSeq,Short,Contig,Inconclusive,Caminibacter mediatlanticus,2026-09-29
GCA_054039195.1,Hujiaoplasmataceae bacterium,3107429,PRJNA1244896,SAMN49581751,2025,2025-12-16,Illumina NextSeq,Short,Contig,Inconclusive,Hujiaoplasma nucleasis,2026-09-29
GCA_054039595.1,Xianfuyuplasma sp.,3101264,PRJNA1244896,SAMN49581732,2025,2025-12-16,Illumina NextSeq,Short,Contig,Inconclusive,Hathewaya histolytica,2026-09-29
GCA_054040475.1,Candidatus Izemoplasmataceae bacterium,3107147,PRJNA1244896,SAMN49581689,2025,2025-12-16,Illumina NextSeq,Short,Contig,Inconclusive,Thomasclavelia cocleata,2026-09-29
GCA_054170725.1,Mycoplasma pogonae,3472838,PRJNA1333947,SAMN53362816,2025,2025-12-24,Illumina NovaSeq,Short,Contig,OK,[Mycoplasma] collis,2026-09-29
GCA_054300735.1,Candidatus Phytoplasma solani,69896,PRJNA1327367,SAMN51278244,2026,2026-01-02,PacBio Revio,Long,Complete Genome,Inconclusive,Candidatus Phytoplasma stylosanthis,2026-09-29
GCA_054343375.1,Mycoplasma sp. Z386,3452160,PRJNA1294577,SAMN50110095,2026,2026-01-04,Illumina MiniSeq,Short,Contig,Inconclusive,Mesomycoplasma molare,2026-09-29
GCA_054343395.1,Mycoplasma sp. CB776,3452159,PRJNA1294577,SAMN50110094,2026,2026-01-04,Illumina MiniSeq,Short,Contig,Inconclusive,Mesomycoplasma molare,2026-09-29
GCA_054343415.1,Mycoplasma sp. AC157,3452158,PRJNA1294577,SAMN50110093,2026,2026-01-04,Illumina MiniSeq,Short,Contig,Inconclusive,Mesomycoplasma molare,2026-09-29
GCA_054343435.1,Mycoplasma sp. 5370,3452157,PRJNA1294577,SAMN50110092,2026,2026-01-04,Illumina MiniSeq,Short,Contig,Inconclusive,Mesomycoplasma molare,2026-09-29
GCA_054343455.1,Mycoplasma sp. 1012,3452156,PRJNA1294577,SAMN50110091,2026,2026-01-04,Illumina MiniSeq,Short,Contig,Inconclusive,Mesomycoplasma molare,2026-09-29
GCA_054343485.1,Mycoplasma sp. 613B,3452155,PRJNA1294577,SAMN50110090,2026,2026-01-04,Illumina MiniSeq,Short,Contig,Inconclusive,Mesomycoplasma molare,2026-09-29
GCA_054353815.1,Mycoplasma sp. AC1221,3453140,PRJNA1294989,SAMN50143812,2026,2026-01-05,Illumina MiniSeq,Short,Contig,Inconclusive,Mycoplasmopsis cynos,2026-09-29
GCA_054353835.1,Mycoplasma sp. 5912,3453139,PRJNA1294989,SAMN50143811,2026,2026-01-05,Illumina MiniSeq,Short,Contig,Inconclusive,Mycoplasma leonicaptivi,2026-09-29
GCA_054353855.1,Mycoplasma sp. 4423,3453138,PRJNA1294989,SAMN50143810,2026,2026-01-05,Illumina MiniSeq,Short,Contig,Inconclusive,Mycoplasma leonicaptivi,2026-09-29
GCA_054353875.1,Mycoplasma sp. 4013,3453137,PRJNA1294989,SAMN50143809,2026,2026-01-05,Illumina MiniSeq,Short,Contig,Inconclusive,Mycoplasma buteonis,2026-09-29
GCA_054353895.1,Mycoplasma sp. 394,3453136,PRJNA1294989,SAMN50143808,2026,2026-01-05,Illumina MiniSeq,Short,Contig,Inconclusive,Mycoplasma leonicaptivi,2026-09-29
GCA_054353935.1,Mycoplasma sp. 246B,3453135,PRJNA1294989,SAMN50143807,2026,2026-01-05,Illumina MiniSeq,Short,Contig,Inconclusive,Mycoplasma leonicaptivi,2026-09-29
GCA_054355835.1,Mycoplasma tracheobuteonis,3568880,PRJNA1395664,SAMN54369055,2026,2026-01-05,Illumina MiniSeq; Oxford Nanopore MinION,Hybrid,Complete Genome,OK,Mycoplasmopsis verecunda,2026-09-29
GCA_054366285.1,Candidatus Phytoplasma australasiaticum,2754999,PRJNA1336984,SAMN52096781,2026,2026-01-05,Illumina NovaSeq,Short,Contig,OK,Candidatus Phytoplasma australasiaticum,2026-09-29
GCA_054456895.1,Mycoplasma tracheobuteonis,3568880,PRJNA1395666,SAMN54369147,2026,2026-01-10,Illumina MiniSeq,Short,Contig,OK,Mycoplasma tracheobuteonis,2026-09-29
GCA_054456915.1,Mycoplasma tracheobuteonis,3568880,PRJNA1395666,SAMN54369148,2026,2026-01-10,Illumina MiniSeq,Short,Contig,OK,Mycoplasma tracheobuteonis,2026-09-29
GCA_054456935.1,Mycoplasma tracheobuteonis,3568880,PRJNA1395666,SAMN54369146,2026,2026-01-10,Illumina MiniSeq,Short,Contig,OK,Mycoplasma tracheobuteonis,2026-09-29
GCA_054456945.1,Mycoplasma tracheobuteonis,3568880,PRJNA1395666,SAMN54369145,2026,2026-01-10,Illumina MiniSeq,Short,Contig,OK,Mycoplasma tracheobuteonis,2026-09-29
GCA_054456975.1,Mycoplasma tracheobuteonis,3568880,PRJNA1395666,SAMN54369144,2026,2026-01-10,Illumina MiniSeq,Short,Contig,OK,Mycoplasma tracheobuteonis,2026-09-29
GCA_054456995.1,Mycoplasma tracheobuteonis,3568880,PRJNA1395666,SAMN54369143,2026,2026-01-10,Illumina MiniSeq,Short,Contig,OK,Mycoplasma tracheobuteonis,2026-09-29
GCA_054457015.1,Mycoplasma tracheobuteonis,3568880,PRJNA1395666,SAMN54369142,2026,2026-01-10,Illumina MiniSeq,Short,Contig,OK,Mycoplasma tracheobuteonis,2026-09-29
GCA_054457035.1,Mycoplasma tracheobuteonis,3568880,PRJNA1395666,SAMN54369141,2026,2026-01-10,Illumina MiniSeq,Short,Contig,OK,Mycoplasma tracheobuteonis,2026-09-29
GCA_054457055.1,Mycoplasma tracheobuteonis,3568880,PRJNA1395666,SAMN54369140,2026,2026-01-10,Illumina MiniSeq,Short,Contig,OK,Mycoplasma tracheobuteonis,2026-09-29
GCA_054956695.1,Acholeplasma laidlawii,2148,PRJNA975591,SAMN55012048,2026,2026-02-09,Oxford Nanopore,Long,Complete Genome,Inconclusive,Acholeplasma laidlawii,2026-09-29
GCA_054963775.1,Spiroplasma endosymbiont of Tabanus sp.,3683210,PRJNA1417962,SAMN55031548,2026,2026-02-10,Complete Genomics,Unknown,Contig,Inconclusive,Spiroplasma phoeniceum,2026-09-29
GCA_055119855.1,Acholeplasmataceae bacterium,1898209,PRJNA308326,SAMN50304721,2026,2026-02-14,Illumina NovaSeq,Short,Contig,Inconclusive,Acholeplasma brassicae,2026-09-29
GCA_055145325.1,Candidatus Izemoplasmatales bacterium,3018265,PRJNA308326,SAMN50305304,2026,2026-02-14,Illumina NovaSeq,Short,Contig,Inconclusive,Hujiaoplasma nucleasis,2026-09-29
GCA_055145625.1,Candidatus Izemoplasmataceae bacterium,3107147,PRJNA308326,SAMN50305289,2026,2026-02-14,Illumina NovaSeq,Short,Contig,Inconclusive,Izemobacterium crustae (SeqCode),2026-09-29
GCA_055523495.1,Mycoplasma sp. 13536,3458679,PRJNA1309601,SAMN50749099,2026,2026-02-25,Complete Genomics,Unknown,Contig,Inconclusive,Mycoplasmopsis bovirhinis,2026-09-29
GCA_055523525.1,Mycoplasma sp. 10961,3458677,PRJNA1309601,SAMN50749097,2026,2026-02-25,Complete Genomics,Unknown,Contig,Inconclusive,Mycoplasmopsis bovirhinis,2026-09-29
GCA_055523555.1,Mycoplasma sp. 11548,3458678,PRJNA1309601,SAMN50749098,2026,2026-02-25,Complete Genomics,Unknown,Contig,Inconclusive,Mycoplasmopsis bovirhinis,2026-09-29
GCA_055523595.1,Mycoplasma sp. 6934,3458676,PRJNA1309601,SAMN50749096,2026,2026-02-25,Complete Genomics,Unknown,Contig,Inconclusive,Mycoplasmopsis bovirhinis,2026-09-29
GCA_056113255.1,Candidatus Phytoplasma solani,69896,PRJNA1215974,SAMN55080066,2026,2026-03-17,Oxford Nanopore Technologies MinION,Long,Complete Genome,Inconclusive,Candidatus Phytoplasma stylosanthis,2026-09-29
GCA_056185615.1,Anaeroplasmataceae bacterium,2793037,PRJNA1030165,SAMN38006812,2026,2026-03-22,Complete Genomics,Unknown,Contig,Inconclusive,na,2026-09-29
GCA_056189355.1,Anaeroplasma sp.,1872523,PRJNA1030165,SAMN38004475,2026,2026-03-22,Complete Genomics,Unknown,Contig,OK,Anaeroplasma bactoclasticum,2026-09-29
GCA_056199335.1,Candidatus Pelethenecus sp.,3022886,PRJNA1030165,SAMN38004691,2026,2026-03-22,Complete Genomics,Unknown,Contig,Inconclusive,Candidatus Cacconaster stercorequi,2026-09-29
GCA_056201455.1,Candidatus Pelethenecus sp.,3022886,PRJNA1030165,SAMN38004586,2026,2026-03-22,Complete Genomics,Unknown,Contig,Inconclusive,Oscillibacter acetigenes,2026-09-29
GCA_056207215.1,Anaeroplasma sp.,1872523,PRJNA1030165,SAMN38004161,2026,2026-03-22,Complete Genomics,Unknown,Contig,Inconclusive,Clostridium tarantellae,2026-09-29
GCA_056213535.1,Anaeroplasma sp.,1872523,PRJNA1030165,SAMN38001983,2026,2026-03-22,Complete Genomics,Unknown,Contig,Inconclusive,Anaeroplasma bactoclasticum,2026-09-29
GCA_056217475.1,Anaeroplasma sp.,1872523,PRJNA1030165,SAMN38002339,2026,2026-03-22,Complete Genomics,Unknown,Contig,Inconclusive,Anaeroplasma bactoclasticum,2026-09-29
GCA_056258425.1,Candidatus Pelethenecus sp.,3022886,PRJNA1030165,SAMN38007195,2026,2026-03-23,Complete Genomics,Unknown,Contig,Inconclusive,Anaeroplasma bactoclasticum,2026-09-29
GCA_056264685.1,Anaeroplasma sp.,1872523,PRJNA1030165,SAMN38004951,2026,2026-03-23,Complete Genomics,Unknown,Contig,Inconclusive,Anaeroplasma bactoclasticum,2026-09-29
GCA_056265085.1,Anaeroplasmataceae bacterium,2793037,PRJNA1030165,SAMN38004931,2026,2026-03-23,Complete Genomics,Unknown,Contig,Inconclusive,na,2026-09-29
GCA_056292515.1,Mycoplasma sp.,2108,PRJNA1030165,SAMN38006620,2026,2026-03-24,Complete Genomics,Unknown,Contig,Inconclusive,Malacoplasma iowae,2026-09-29
GCA_056298855.1,Anaeroplasma sp.,1872523,PRJNA1030165,SAMN38008205,2026,2026-03-24,Complete Genomics,Unknown,Contig,Inconclusive,Anaeroplasma bactoclasticum,2026-09-29
GCA_056387995.1,Mycoplasma crocodyli MP145,512564,PRJNA1333947,SAMN56575077,2026,2026-03-28,Illumina NovaSeq; Oxford Nanopore,Hybrid,Complete Genome,OK,Mycoplasma crocodyli,2026-09-29
GCA_056504655.1,Mulberry dwarf phytoplasma,186171,PRJNA1440177,SAMN56604826,2026,2026-04-01,Oxford Nanopore PromethION; Illumina NovaSeq,Hybrid,Complete Genome,Inconclusive,Candidatus Phytoplasma vignae,2026-09-29
GCA_056558745.1,Anaeroplasma sp.,1872523,PRJNA1030165,SAMN37894705,2026,2026-04-03,Complete Genomics,Unknown,Contig,Inconclusive,Anaeroplasma bactoclasticum,2026-09-29
GCA_056617465.1,Xianfuyuplasma sp.,3101264,PRJNA1357641,SAMN53087416,2026,2026-04-06,Illumina NovaSeq,Short,Contig,Inconclusive,Candidatus Xianfuyuplasma coldseepsis,2026-09-29
GCA_056618065.1,Candidatus Izemoplasma sp.,2979197,PRJNA1357641,SAMN53087401,2026,2026-04-06,Illumina NovaSeq,Short,Contig,Inconclusive,Izemobacterium crustae (SeqCode),2026-09-29
GCA_056781225.1,Mycoplasma sp. 3686h,3699019,PRJNA1449732,SAMN57129923,2026,2026-04-18,Illumina MiniSeq; Oxford Nanopore MinION,Hybrid,Complete Genome,Inconclusive,Mycoplasmopsis citelli,2026-09-29
GCA_056781245.1,Mycoplasma sp. 1579d,3699021,PRJNA1449737,SAMN57129976,2026,2026-04-18,Illumina MiniSeq; Oxford Nanopore MinION,Hybrid,Complete Genome,Inconclusive,Mycoplasmopsis citelli,2026-09-29
GCA_056829745.1,Mycoplasma mycoides subsp. capri,40477,PRJNA1150559,SAMN43288965,2026,2026-04-21,Illumina MiSeq,Short,Complete Genome,OK,Mycoplasma mycoides,2026-09-29
GCA_056945795.1,Candidatus Phytoplasma phoenicium,198422,PRJNA1449988,SAMN57139241,2026,2026-04-28,PacBio Revio,Long,Complete Genome,Inconclusive,Candidatus Phytoplasma vignae,2026-09-29
GCA_057269875.1,Acholeplasmataceae bacterium,1898209,PRJNA1206836,SAMN47000532,2026,2026-05-06,ILLUMINA,Short,Scaffold,Inconclusive,na,2026-09-29
GCA_057269895.1,Acholeplasmataceae bacterium,1898209,PRJNA1206836,SAMN47000533,2026,2026-05-06,ILLUMINA,Short,Scaffold,Inconclusive,na,2026-09-29
GCA_057269915.1,Acholeplasmataceae bacterium,1898209,PRJNA1206836,SAMN47000531,2026,2026-05-06,DNBSEQ,Short,Scaffold,Inconclusive,Fusobacterium animalis,2026-09-29
GCA_057269935.1,Acholeplasmataceae bacterium,1898209,PRJNA1206836,SAMN47000530,2026,2026-05-06,ILLUMINA,Short,Scaffold,Inconclusive,na,2026-09-29
GCA_057269945.1,Acholeplasmataceae bacterium,1898209,PRJNA1206836,SAMN47000529,2026,2026-05-06,ILLUMINA,Short,Scaffold,Inconclusive,Acholeplasma granularum,2026-09-29
GCA_057269975.1,Acholeplasmataceae bacterium,1898209,PRJNA1206836,SAMN47000527,2026,2026-05-06,ILLUMINA,Short,Scaffold,Inconclusive,na,2026-09-29
GCA_057269995.1,Acholeplasmataceae bacterium,1898209,PRJNA1206836,SAMN47000526,2026,2026-05-06,ILLUMINA,Short,Scaffold,Inconclusive,na,2026-09-29
GCA_057270015.1,Acholeplasmataceae bacterium,1898209,PRJNA1206836,SAMN47000528,2026,2026-05-06,ILLUMINA,Short,Scaffold,Inconclusive,Candidatus Phytoplasma stylosanthis,2026-09-29
GCA_057270035.1,Acholeplasmataceae bacterium,1898209,PRJNA1206836,SAMN47000525,2026,2026-05-06,ILLUMINA,Short,Scaffold,Inconclusive,Candidatus Phytoplasma vignae,2026-09-29
GCA_057270055.1,Acholeplasmataceae bacterium,1898209,PRJNA1206836,SAMN47000524,2026,2026-05-06,ILLUMINA,Short,Scaffold,Inconclusive,na,2026-09-29
GCA_057270075.1,Acholeplasmataceae bacterium,1898209,PRJNA1206836,SAMN47000523,2026,2026-05-06,ILLUMINA,Short,Scaffold,Inconclusive,na,2026-09-29
GCA_057270095.1,Acholeplasmataceae bacterium,1898209,PRJNA1206836,SAMN47000521,2026,2026-05-06,ILLUMINA,Short,Scaffold,Inconclusive,na,2026-09-29
GCA_057270115.1,Acholeplasmataceae bacterium,1898209,PRJNA1206836,SAMN47000522,2026,2026-05-06,ILLUMINA,Short,Scaffold,Inconclusive,na,2026-09-29
GCA_057270135.1,Acholeplasmataceae bacterium,1898209,PRJNA1206836,SAMN47000520,2026,2026-05-06,ILLUMINA,Short,Scaffold,Inconclusive,na,2026-09-29
GCA_057270155.1,Acholeplasmataceae bacterium,1898209,PRJNA1206836,SAMN47000519,2026,2026-05-06,ILLUMINA,Short,Scaffold,Inconclusive,Mycoplasma leachii,2026-09-29
GCA_057270175.1,Acholeplasmataceae bacterium,1898209,PRJNA1206836,SAMN47000518,2026,2026-05-06,ILLUMINA,Short,Scaffold,Inconclusive,na,2026-09-29
GCA_057270195.1,Acholeplasmataceae bacterium,1898209,PRJNA1206836,SAMN47000517,2026,2026-05-06,ILLUMINA,Short,Scaffold,Inconclusive,na,2026-09-29
GCA_057270215.1,Acholeplasmataceae bacterium,1898209,PRJNA1206836,SAMN47000516,2026,2026-05-06,ILLUMINA,Short,Scaffold,Inconclusive,na,2026-09-29
GCA_057270235.1,Acholeplasmataceae bacterium,1898209,PRJNA1206836,SAMN47000515,2026,2026-05-06,ILLUMINA,Short,Scaffold,Inconclusive,na,2026-09-29
GCA_057270255.1,Acholeplasmataceae bacterium,1898209,PRJNA1206836,SAMN47000514,2026,2026-05-06,ILLUMINA,Short,Scaffold,Inconclusive,na,2026-09-29
GCA_057270275.1,Acholeplasmataceae bacterium,1898209,PRJNA1206836,SAMN47000513,2026,2026-05-06,ILLUMINA,Short,Scaffold,Inconclusive,na,2026-09-29
GCA_057270295.1,Acholeplasmataceae bacterium,1898209,PRJNA1206836,SAMN47000512,2026,2026-05-06,ILLUMINA,Short,Scaffold,Inconclusive,na,2026-09-29
GCA_057270315.1,Acholeplasmataceae bacterium,1898209,PRJNA1206836,SAMN47000511,2026,2026-05-06,ILLUMINA,Short,Scaffold,Inconclusive,na,2026-09-29
GCA_057270335.1,Acholeplasmataceae bacterium,1898209,PRJNA1206836,SAMN47000510,2026,2026-05-06,ILLUMINA,Short,Contig,Inconclusive,na,2026-09-29
GCA_057270355.1,Acholeplasmataceae bacterium,1898209,PRJNA1206836,SAMN47000509,2026,2026-05-06,ILLUMINA,Short,Scaffold,Inconclusive,na,2026-09-29
GCA_057270375.1,Acholeplasmataceae bacterium,1898209,PRJNA1206836,SAMN47000508,2026,2026-05-06,ILLUMINA,Short,Scaffold,Inconclusive,na,2026-09-29
GCA_057274415.1,Mycoplasma amphoriforme,273136,PRJNA1206836,SAMN47000772,2026,2026-05-06,ILLUMINA,Short,Scaffold,OK,Mycoplasma amphoriforme,2026-09-29
GCA_057452035.1,Candidatus Izemoplasmatales bacterium,3018265,PRJNA1152756,SAMN44813133,2026,2026-05-12,Illumina NovaSeq,Short,Contig,Inconclusive,Hujiaoplasma nucleasis,2026-09-29
GCA_057465085.1,Mycoplasmatales bacterium,2023991,PRJNA1280765,SAMN49533969,2026,2026-05-13,Illumina,Short,Contig,Inconclusive,na,2026-09-29
GCA_057808485.1,Acholeplasma sp. ORD1043,3020827,PRJNA923665,SAMN32730483,2026,2026-06-01,Illumina,Short,Contig,OK,Acholeplasma equirhinis,2026-09-29
GCA_058162405.1,Spiroplasma sp.,2135,PRJNA1288376,SAMN49845686,2026,2026-06-11,Illumina NovaSeq,Short,Contig,Inconclusive,Spiroplasma cantharicola,2026-09-29
GCA_058162415.1,Spiroplasma sp.,2135,PRJNA1288376,SAMN49845685,2026,2026-06-11,Illumina NovaSeq,Short,Contig,Inconclusive,Spiroplasma cantharicola,2026-09-29
GCA_058528065.1,Mariniplasma sp.,2903102,PRJNA1467875,SAMN60675028,2026,2026-06-27,Illumina HiSeq,Short,Contig,OK,Mariniplasma anaerobium,2026-09-29
GCA_058528865.1,Acholeplasmataceae bacterium,1898209,PRJNA1467875,SAMN60674988,2026,2026-06-27,Illumina HiSeq,Short,Contig,Inconclusive,Paracholeplasma manati,2026-09-29
GCA_058528905.1,Candidatus Izemoplasmataceae bacterium,3107147,PRJNA1467875,SAMN60674986,2026,2026-06-27,Illumina HiSeq,Short,Contig,Inconclusive,Candidatus Izemoplasma acidinucleici,2026-09-29
GCA_058773145.1,Peloplasma sp.,3156478,PRJNA1467875,SAMN60663587,2026,2026-07-02,Illumina HiSeq,Short,Contig,Inconclusive,Haploplasma axanthum,2026-09-29
GCA_059112975.1,Spiroplasma sp.,2135,PRJNA1415341,SAMN54931020,2026,2026-07-08,Illumina NextSeq,Short,Contig,Inconclusive,Spiroplasma platyhelix,2026-09-29
GCA_059410195.1,Acholeplasmataceae bacterium,1898209,PRJNA1108931,SAMN44501174,2026,2026-07-14,Illumina MiSeq,Short,Contig,Inconclusive,Acholeplasma oculi,2026-09-29
GCA_059431375.1,Candidatus Izemoplasmataceae bacterium,3107147,PRJNA1196970,SAMN45315825,2026,2026-07-15,Illumina NovaSeq,Short,Contig,Inconclusive,Candidatus Xianfuyuplasma coldseepsis,2026-09-29
GCA_059470825.1,Candidatus Pelethenecus sp.,3022886,PRJNA1030165,SAMN38007722,2026,2026-07-16,Complete Genomics,Unknown,Contig,Inconclusive,Vescimonas sanitatis,2026-09-29
GCA_059476995.1,Anaeroplasmataceae bacterium,2793037,PRJNA1030165,SAMN38007879,2026,2026-07-16,Complete Genomics,Unknown,Contig,Inconclusive,na,2026-09-29
GCA_059481195.1,Candidatus Pelethenecus sp.,3022886,PRJNA1030165,SAMN38009181,2026,2026-07-16,Complete Genomics,Unknown,Contig,Inconclusive,Anaeroplasma bactoclasticum,2026-09-29
GCA_059482455.1,Candidatus Pelethenecus sp.,3022886,PRJNA1030165,SAMN38009133,2026,2026-07-16,Complete Genomics,Unknown,Contig,Inconclusive,Flintibacter porci,2026-09-29
GCA_059597155.1,Phytoplasma sp. OVSP_S01,3472737,PRJNA1347793,SAMN52869104,2026,2026-07-24,Illumina NextSeq; Oxford Nanopore MinION,Hybrid,Chromosome,Inconclusive,Candidatus Phytoplasma gossypii,2026-09-29
GCA_059597165.1,Phytoplasma sp. OVSP_L01,3682894,PRJNA1347793,SAMN52870867,2026,2026-07-24,Illumina NextSeq; Oxford Nanopore MinION,Hybrid,Chromosome,Inconclusive,Candidatus Phytoplasma gossypii,2026-09-29
GCA_059697825.1,Mollicutes bacterium,37628,PRJDB42418,SAMD01925043,2026,2026-06-17,Illumina Miseq,Short,Scaffold,Inconclusive,na,2026-09-29
GCA_059718655.1,Mycoplasma mycoides subsp. capri,40477,PRJDB40072,SAMD01796194,2026,2026-05-12,PacBio Revio,Long,Complete Genome,OK,Mycoplasma mycoides,2026-09-29
GCA_059718665.1,Mycoplasma mycoides subsp. mycoides,2103,PRJDB40071,SAMD01795714,2026,2026-05-12,PacBio Revio,Long,Complete Genome,OK,Mycoplasma mycoides,2026-09-29
GCA_059729505.1,Spiroplasma ixodetis,2141,PRJDB18434,SAMD00800793,2026,2026-02-18,PacBio,Long,Complete Genome,Inconclusive,Spiroplasma floricola,2026-09-29
GCA_059729515.1,Spiroplasma ixodetis,2141,PRJDB18434,SAMD00800792,2026,2026-02-18,PacBio,Long,Complete Genome,Inconclusive,Spiroplasma floricola,2026-09-29
GCA_059729525.1,Spiroplasma ixodetis,2141,PRJDB18434,SAMD00800791,2026,2026-02-18,PacBio,Long,Complete Genome,Inconclusive,Spiroplasma platyhelix,2026-09-29
GCA_059729535.1,Spiroplasma ixodetis,2141,PRJDB18434,SAMD00800790,2026,2026-02-18,PacBio,Long,Complete Genome,Inconclusive,Spiroplasma platyhelix,2026-09-29
GCA_059729545.1,Spiroplasma ixodetis,2141,PRJDB18434,SAMD00800789,2026,2026-02-18,PacBio,Long,Complete Genome,Inconclusive,Spiroplasma platyhelix,2026-09-29
GCA_059729555.1,Spiroplasma ixodetis,2141,PRJDB18434,SAMD00800788,2026,2026-02-18,PacBio,Long,Complete Genome,Inconclusive,Spiroplasma platyhelix,2026-09-29
GCA_059738275.1,Spiroplasma endosymbiont of Nesidiocoris tenuis,3050081,PRJDB16217,SAMD00662386,2024,2024-02-20,Nanopore MinION,Long,Complete Genome,Inconclusive,Spiroplasma phoeniceum,2026-09-29
GCA_059865695.1,Hujiaoplasmataceae bacterium,3107429,PRJNA1468499,SAMN60421465,2026,2026-08-05,Illumina HiSeq,Short,Contig,Inconclusive,Liberiplasma polymorphum,2026-09-29
GCA_059865715.1,Acholeplasmataceae bacterium,1898209,PRJNA1468499,SAMN60421464,2026,2026-08-05,Illumina HiSeq,Short,Contig,Inconclusive,Liberiplasma polymorphum,2026-09-29
GCA_059910025.1,Hujiaoplasmataceae bacterium,3107429,PRJNA1467875,SAMN60671105,2026,2026-08-06,Illumina HiSeq,Short,Contig,Inconclusive,Hujiaoplasma nucleasis,2026-09-29
GCA_059985755.1,Anaeroplasma sp.,1872523,PRJNA1465404,SAMN61870880,2026,2026-08-10,Illumina NovaSeq,Short,Contig,OK,Anaeroplasma bactoclasticum,2026-09-29
GCA_060016975.1,Candidatus Phytoplasma sp. IND,3715110,PRJNA1474283,SAMN60589858,2026,2026-08-11,Illumina NovaSeq,Short,Contig,Inconclusive,Spiroplasma taiwanense,2026-09-29
GCA_060086545.1,Mycoplasmatales bacterium,2023991,PRJNA1235427,SAMN56298329,2026,2026-08-13,Oxford Nanopore PromethION,Long,Contig,Inconclusive,Hepatoplasma crinochetorum (SeqCode),2026-09-29
GCA_060113895.1,Mycoplasmatales bacterium,2023991,PRJNA875098,SAMN61074954,2026,2026-08-14,Illumina HiSeq,Short,Scaffold,Inconclusive,Mesomycoplasma neurolyticum,2026-09-29
GCA_060211345.1,Mycoplasma sp. CL002,3800599,PRJNA1508378,SAMN62231562,2026,2026-08-18,Illumina,Short,Contig,OK,Mycoplasma cottewii,2026-09-29
GCA_060284925.1,Candidatus Phytoplasma solani,69896,PRJNA1215974,SAMN51795599,2026,2026-08-20,Oxford Nanopore MinION,Long,Contig,Inconclusive,Candidatus Phytoplasma stylosanthis,2026-09-29
GCA_060445045.1,Acholeplasmatales bacterium,2053494,PRJNA1395050,SAMN54346160,2026,2026-08-25,Illumina NovaSeq,Short,Contig,Inconclusive,Haploplasma modicum,2026-09-29
GCA_060446645.1,Acholeplasmataceae bacterium,1898209,PRJNA1395050,SAMN54346111,2026,2026-08-25,Illumina NovaSeq,Short,Contig,Inconclusive,Mesomycoplasma lagogenitalium,2026-09-29
GCA_060594835.1,Acholeplasmataceae bacterium,1898209,PRJNA900060,SAMN62380192,2026,2026-08-30,DNBSEQ,Short,Contig,Inconclusive,Mariniplasma anaerobium,2026-09-29
GCA_060594855.1,Hujiaoplasmataceae bacterium,3107429,PRJNA900060,SAMN62380871,2026,2026-08-30,DNBSEQ,Short,Scaffold,Inconclusive,Hujiaoplasma nucleasis,2026-09-29
GCA_060822055.1,Acholeplasmataceae bacterium,1898209,PRJNA1497497,SAMN61802123,2026,2026-09-02,Illumina,Short,Contig,Inconclusive,na,2026-09-29
GCA_061231925.1,Candidatus Phytoplasma phoenicium,198422,PRJNA1236668,SAMN47401122,2026,2026-09-13,Illumina,Short,Contig,Inconclusive,Candidatus Phytoplasma citri,2026-09-29
GCA_061336345.1,Spiroplasma sp. sMd,3438326,PRJNA1274929,SAMN49005944,2026,2026-09-17,PacBio Sequel,Long,Complete Genome,OK,Spiroplasma phoeniceum,2026-09-29
GCA_061437675.1,Candidatus Izemoplasmatales bacterium,3018265,PRJNA1492604,SAMN61526990,2026,2026-09-20,Illumina HiSeq 2000,Short,Contig,Inconclusive,Candidatus Xianfuyuplasma coldseepsis,2026-09-29
GCA_061454555.1,Candidatus Izemoplasma sp.,2979197,PRJNA1492604,SAMN61526146,2026,2026-09-20,Illumina HiSeq 2500,Short,Contig,Inconclusive,Candidatus Xianfuyuplasma coldseepsis,2026-09-29
GCA_061454575.1,Candidatus Izemoplasma sp.,2979197,PRJNA1492604,SAMN61526145,2026,2026-09-20,Illumina HiSeq 2500,Short,Contig,Inconclusive,Candidatus Xianfuyuplasma coldseepsis,2026-09-29
GCA_061454615.1,Candidatus Izemoplasma sp.,2979197,PRJNA1492604,SAMN61526143,2026,2026-09-20,Illumina HiSeq 2500,Short,Contig,Inconclusive,Candidatus Izemoplasma acidinucleici,2026-09-29
GCA_061458585.1,Candidatus Izemoplasma sp.,2979197,PRJNA1492604,SAMN61525990,2026,2026-09-20,Illumina HiSeq 2500,Short,Contig,Inconclusive,Candidatus Izemoplasma acidinucleici,2026-09-29
GCA_061463085.1,Acholeplasmataceae bacterium,1898209,PRJNA1492604,SAMN61526645,2026,2026-09-20,Illumina HiSeq 2500,Short,Contig,Inconclusive,Acholeplasma palmae,2026-09-29
GCA_061468525.1,Mycoplasmatales bacterium,2023991,PRJNA1492604,SAMN61526434,2026,2026-09-20,Illumina HiSeq 1000,Short,Contig,Inconclusive,Mesoplasma tabanidae,2026-09-29
GCA_062000640.1,Mariniplasma sp.,2903102,PRJNA1340876,SAMN52941274,2026,2026-09-25,Illumina NovaSeq,Short,Contig,OK,Mariniplasma anaerobium,2026-09-29
GCA_062000741.1,Acholeplasmataceae bacterium,1898209,PRJNA1340876,SAMN52941213,2026,2026-09-25,Illumina NovaSeq,Short,Contig,Inconclusive,Mariniplasma anaerobium,2026-09-29
GCA_062000761.1,Mariniplasma sp.,2903102,PRJNA1340876,SAMN52941196,2026,2026-09-25,Illumina NovaSeq,Short,Contig,OK,Mariniplasma anaerobium,2026-09-29
GCA_062000794.1,Mariniplasma sp.,2903102,PRJNA1340876,SAMN52941161,2026,2026-09-25,Illumina NovaSeq,Short,Contig,OK,Mariniplasma anaerobium,2026-09-29
GCA_900166985.1,Acholeplasma oculi,35623,PRJEB19584,SAMN02745122,2017,2017-03-09,"Illumina HiSeq 2000,Illumina HiSeq 2500",Short,Scaffold,OK,Acholeplasma oculi,2026-09-29
GCA_900316595.1,uncultured Mycoplasmataceae bacterium,300027,PRJEB21624,SAMEA104666903,2018,2018-03-21,Illumina,Short,Contig,Inconclusive,Candidatus Hennigella equi,2026-09-29
GCA_900444665.1,Acholeplasma oculi,35623,PRJEB6403,SAMEA104224792,2018,2018-08-07,PacBio,Long,Contig,OK,Acholeplasma oculi,2026-09-29
GCA_900476025.1,Acholeplasma laidlawii,2148,PRJEB6403,SAMEA4384074,2018,2018-06-17,PacBio,Long,Complete Genome,OK,Acholeplasma laidlawii,2026-09-29
GCA_900476175.1,Mycoplasma putrefaciens,2123,PRJEB6403,SAMEA4412699,2018,2018-08-19,PacBio,Long,Complete Genome,OK,Mycoplasma putrefaciens,2026-09-29
GCA_900489515.1,Mycoplasma mycoides subsp. capri,40477,PRJEB26626,SAMEA4666033,2019,2019-02-12,private,Unknown,Complete Genome,OK,Mycoplasma mycoides,2026-09-29
GCA_900489525.1,Mycoplasma mycoides subsp. capri,40477,PRJEB26626,SAMEA4666029,2019,2019-02-12,private,Unknown,Complete Genome,OK,Mycoplasma mycoides,2026-09-29
GCA_900489545.1,Mycoplasma mycoides subsp. capri,40477,PRJEB26626,SAMEA4666031,2019,2019-02-12,private,Unknown,Complete Genome,OK,Mycoplasma mycoides,2026-09-29
GCA_900489555.1,Mycoplasma mycoides subsp. capri,40477,PRJEB26626,SAMEA4666025,2019,2019-02-12,private,Unknown,Complete Genome,OK,Mycoplasma mycoides,2026-09-29
GCA_900489565.1,Mycoplasma mycoides subsp. capri,40477,PRJEB26626,SAMEA4666026,2019,2019-02-12,private,Unknown,Complete Genome,OK,Mycoplasma mycoides,2026-09-29
GCA_900489575.1,Mycoplasma mycoides subsp. capri,40477,PRJEB26626,SAMEA4666032,2019,2019-02-12,private,Unknown,Complete Genome,OK,Mycoplasma mycoides,2026-09-29
GCA_900489595.1,Mycoplasma mycoides subsp. capri,40477,PRJEB26626,SAMEA4666028,2019,2019-02-12,private,Unknown,Complete Genome,OK,Mycoplasma mycoides,2026-09-29
GCA_900489625.1,Mycoplasma mycoides subsp. capri,40477,PRJEB26626,SAMEA4666030,2019,2019-02-12,private,Unknown,Complete Genome,OK,Mycoplasma mycoides,2026-09-29
GCA_900489655.1,Mycoplasma mycoides subsp. capri,40477,PRJEB26626,SAMEA4666023,2019,2019-02-12,private,Unknown,Complete Genome,OK,Mycoplasma mycoides,2026-09-29
GCA_900489665.1,Mycoplasma mycoides subsp. capri,40477,PRJEB26626,SAMEA4666034,2019,2019-02-12,private,Unknown,Complete Genome,OK,Mycoplasma mycoides,2026-09-29
GCA_900489675.1,Mycoplasma mycoides subsp. capri,40477,PRJEB26626,SAMEA4666035,2019,2019-02-12,private,Unknown,Complete Genome,OK,Mycoplasma mycoides,2026-09-29
GCA_900489685.1,Mycoplasma mycoides subsp. capri,40477,PRJEB26626,SAMEA4666036,2019,2019-02-12,private,Unknown,Complete Genome,OK,Mycoplasma mycoides,2026-09-29
GCA_900489705.1,Mycoplasma mycoides subsp. capri,40477,PRJEB26626,SAMEA4666039,2019,2019-02-12,private,Unknown,Complete Genome,OK,Mycoplasma mycoides,2026-09-29
GCA_900489715.1,Mycoplasma mycoides subsp. capri,40477,PRJEB26626,SAMEA4666027,2019,2019-02-12,private,Unknown,Complete Genome,OK,Mycoplasma mycoides,2026-09-29
GCA_900489725.1,Mycoplasma mycoides subsp. capri,40477,PRJEB26626,SAMEA4666038,2019,2019-02-12,private,Unknown,Complete Genome,OK,Mycoplasma mycoides,2026-09-29
GCA_900489765.1,Mycoplasma mycoides subsp. capri,40477,PRJEB26626,SAMEA4666037,2019,2019-02-12,private,Unknown,Complete Genome,OK,Mycoplasma mycoides,2026-09-29
GCA_900489785.1,Mycoplasma mycoides subsp. capri,40477,PRJEB26626,SAMEA4666024,2019,2019-02-12,private,Unknown,Complete Genome,OK,Mycoplasma mycoides,2026-09-29
GCA_900489795.1,Mycoplasma mycoides subsp. capri,40477,PRJEB26626,SAMEA4666040,2019,2019-02-12,private,Unknown,Complete Genome,OK,Mycoplasma mycoides,2026-09-29
GCA_900489805.1,Mycoplasma mycoides subsp. capri,40477,PRJEB26626,SAMEA4666041,2019,2019-02-12,private,Unknown,Complete Genome,OK,Mycoplasma mycoides,2026-09-29
GCA_900489825.1,Mycoplasma mycoides subsp. capri,40477,PRJEB26626,SAMEA4666042,2019,2019-02-12,private,Unknown,Complete Genome,OK,Mycoplasma mycoides,2026-09-29
GCA_900538525.1,uncultured Mollicutes bacterium,220137,PRJEB26432,SAMEA4890734,2019,2019-01-29,Illumina,Short,Contig,Inconclusive,Fusobacterium hwasookii,2026-09-29
GCA_900538565.1,uncultured Mollicutes bacterium,220137,PRJEB26432,SAMEA4890736,2019,2019-01-29,Illumina,Short,Contig,Inconclusive,na,2026-09-29
GCA_900538845.1,uncultured Mollicutes bacterium,220137,PRJEB26432,SAMEA4890768,2019,2019-01-29,Illumina,Short,Contig,Inconclusive,na,2026-09-29
GCA_900538885.1,uncultured Mollicutes bacterium,220137,PRJEB26432,SAMEA4890775,2019,2019-01-29,Illumina,Short,Contig,Inconclusive,na,2026-09-29
GCA_900538895.1,uncultured Mollicutes bacterium,220137,PRJEB26432,SAMEA4890776,2019,2019-01-29,Illumina,Short,Contig,Inconclusive,na,2026-09-29
GCA_900539125.1,uncultured Mollicutes bacterium,220137,PRJEB26432,SAMEA4890798,2019,2019-01-29,Illumina,Short,Contig,Inconclusive,na,2026-09-29
GCA_900539265.1,uncultured Mollicutes bacterium,220137,PRJEB26432,SAMEA4890811,2019,2019-01-29,Illumina,Short,Contig,Inconclusive,Clostridium fallax,2026-09-29
GCA_900539305.1,uncultured Mollicutes bacterium,220137,PRJEB26432,SAMEA4890810,2019,2019-01-29,Illumina,Short,Contig,Inconclusive,Fusobacterium hwasookii,2026-09-29
GCA_900539585.1,uncultured Mollicutes bacterium,220137,PRJEB26432,SAMEA4890845,2019,2019-01-29,Illumina,Short,Contig,Inconclusive,[Mycoplasma] collis,2026-09-29
GCA_900539595.1,uncultured Mollicutes bacterium,220137,PRJEB26432,SAMEA4890844,2019,2019-01-29,Illumina,Short,Contig,Inconclusive,Solobacterium moorei,2026-09-29
GCA_900539865.1,uncultured Mollicutes bacterium,220137,PRJEB26432,SAMEA4890862,2019,2019-01-29,Illumina,Short,Contig,Inconclusive,na,2026-09-29
GCA_900540175.1,uncultured Mollicutes bacterium,220137,PRJEB26432,SAMEA4890905,2019,2019-01-29,Illumina,Short,Contig,Inconclusive,Merdimonas faecis,2026-09-29
GCA_900540365.1,uncultured Mollicutes bacterium,220137,PRJEB26432,SAMEA4890918,2019,2019-01-29,Illumina,Short,Contig,Inconclusive,na,2026-09-29
GCA_900540385.1,uncultured Mollicutes bacterium,220137,PRJEB26432,SAMEA4890919,2019,2019-01-29,Illumina,Short,Contig,Inconclusive,Faecalibacillus intestinalis,2026-09-29
GCA_900540395.1,uncultured Mollicutes bacterium,220137,PRJEB26432,SAMEA4890920,2019,2019-01-29,Illumina,Short,Contig,Inconclusive,Fusobacterium canifelinum,2026-09-29
GCA_900540705.1,uncultured Mollicutes bacterium,220137,PRJEB26432,SAMEA4890946,2019,2019-01-29,Illumina,Short,Contig,Inconclusive,Mediterraneibacter faecis,2026-09-29
GCA_900541455.1,uncultured Mollicutes bacterium,220137,PRJEB26432,SAMEA4891030,2019,2019-01-29,Illumina,Short,Contig,Inconclusive,Floccifex porci,2026-09-29
GCA_900542595.1,uncultured Mollicutes bacterium,220137,PRJEB26432,SAMEA4891148,2019,2019-01-29,Illumina,Short,Contig,Inconclusive,Hoskinsella hominis,2026-09-29
GCA_900542995.1,uncultured Mollicutes bacterium,220137,PRJEB26432,SAMEA4891186,2019,2019-01-29,Illumina,Short,Contig,Inconclusive,Faecalibacillus intestinalis,2026-09-29
GCA_900543055.1,uncultured Mollicutes bacterium,220137,PRJEB26432,SAMEA4891195,2019,2019-01-29,Illumina,Short,Contig,Inconclusive,na,2026-09-29
GCA_900543075.1,uncultured Mollicutes bacterium,220137,PRJEB26432,SAMEA4891194,2019,2019-01-29,Illumina,Short,Contig,Inconclusive,Hypnocyclicus thermotrophus,2026-09-29
GCA_900544005.1,uncultured Mollicutes bacterium,220137,PRJEB26432,SAMEA4891290,2019,2019-01-29,Illumina,Short,Contig,Inconclusive,Clostridium oceanicum,2026-09-29
GCA_900544585.1,uncultured Mycoplasmataceae bacterium,300027,PRJEB26432,SAMEA4891344,2019,2019-01-29,Illumina,Short,Contig,Inconclusive,Ureaplasma parvum,2026-09-29
GCA_900545015.1,uncultured Mollicutes bacterium,220137,PRJEB26432,SAMEA4891385,2019,2019-01-29,Illumina,Short,Contig,Inconclusive,Faecalibacillus intestinalis,2026-09-29
GCA_900546855.1,uncultured Mollicutes bacterium,220137,PRJEB26432,SAMEA4891561,2019,2019-01-29,Illumina,Short,Contig,Inconclusive,Clostridium thermobutyricum,2026-09-29
GCA_900546905.1,uncultured Mollicutes bacterium,220137,PRJEB26432,SAMEA4891578,2019,2019-01-29,Illumina,Short,Contig,Inconclusive,Clostridium massiliamazoniense,2026-09-29
GCA_900547045.1,uncultured Mollicutes bacterium,220137,PRJEB26432,SAMEA4891585,2019,2019-01-29,Illumina,Short,Contig,Inconclusive,Mycoplasma leachii,2026-09-29
GCA_900548675.1,uncultured Mollicutes bacterium,220137,PRJEB26432,SAMEA4891750,2019,2019-01-29,Illumina,Short,Contig,Inconclusive,Clostridium oceanicum,2026-09-29
GCA_900549915.1,uncultured Mollicutes bacterium,220137,PRJEB26432,SAMEA4891882,2019,2019-01-29,Illumina,Short,Contig,Inconclusive,Agathobacter rectalis,2026-09-29
GCA_900549975.1,uncultured Mollicutes bacterium,220137,PRJEB26432,SAMEA4891883,2019,2019-01-29,Illumina,Short,Contig,Inconclusive,Faecalibacillus intestinalis,2026-09-29
GCA_900550145.1,uncultured Mollicutes bacterium,220137,PRJEB26432,SAMEA4891900,2019,2019-01-29,Illumina,Short,Contig,Inconclusive,Tepiditoga spiralis,2026-09-29
GCA_900550795.1,uncultured Mollicutes bacterium,220137,PRJEB26432,SAMEA4891969,2019,2019-01-29,Illumina,Short,Contig,Inconclusive,na,2026-09-29
GCA_900551385.1,uncultured Mollicutes bacterium,220137,PRJEB26432,SAMEA4892023,2019,2019-01-29,Illumina,Short,Contig,Inconclusive,Methanosphaera stadtmanae,2026-09-29
GCA_900551955.1,uncultured Mollicutes bacterium,220137,PRJEB26432,SAMEA4892087,2019,2019-01-29,Illumina,Short,Contig,Inconclusive,Staphylococcus pragensis,2026-09-29
GCA_900553385.1,uncultured Mollicutes bacterium,220137,PRJEB26432,SAMEA4892227,2019,2019-01-29,Illumina,Short,Contig,Inconclusive,Blautia fusiformis,2026-09-29
GCA_900556265.1,uncultured Mollicutes bacterium,220137,PRJEB26432,SAMEA4892511,2019,2019-01-29,Illumina,Short,Contig,Inconclusive,Roseburia faecis,2026-09-29
GCA_900557675.1,uncultured Mollicutes bacterium,220137,PRJEB26432,SAMEA4892656,2019,2019-01-29,Illumina,Short,Contig,Inconclusive,na,2026-09-29
GCA_900660745.1,Haploplasma axanthum,29552,PRJEB6403,SAMEA104224787,2019,2019-01-29,PacBio,Long,Complete Genome,OK,Haploplasma axanthum,2026-09-29
GCA_900660755.1,Acholeplasma hippikon,264636,PRJEB6403,SAMEA104224796,2019,2019-01-29,PacBio,Long,Complete Genome,OK,Acholeplasma hippikon,2026-09-29
GCA_900753625.1,Acholeplasmatales bacterium,2053494,PRJEB31003,SAMEA5279868,2020,2020-06-25,Illumina HiSeq 2000,Short,Contig,Inconclusive,Bacteroides stercoris,2026-09-29
GCA_900760985.1,Acholeplasmatales bacterium,2053494,PRJEB31003,SAMEA5279865,2020,2020-06-26,Illumina Genome Analyzer II,Short,Contig,Inconclusive,Anaeroplasma bactoclasticum,2026-09-29
GCA_900767915.1,Acholeplasmatales bacterium,2053494,PRJEB31003,SAMEA5279866,2020,2020-06-25,Illumina HiSeq 2000,Short,Contig,Inconclusive,Bovifimicola ammoniilytica,2026-09-29
GCA_900770055.1,Acholeplasmatales bacterium,2053494,PRJEB31003,SAMEA5279869,2020,2020-06-25,Illumina HiSeq 2000,Short,Contig,Inconclusive,Anaeroplasma bactoclasticum,2026-09-29
GCA_900772055.1,Mycoplasmatales bacterium,2023991,PRJEB31003,SAMEA5279703,2020,2020-06-26,Illumina HiSeq 2500,Short,Contig,Inconclusive,Ureaplasma zalophigenitalium,2026-09-29
GCA_902406085.1,uncultured Mycoplasma sp.,167967,PRJEB33885,SAMEA5853768,2019,2019-08-14,Illumina,Short,Contig,Inconclusive,na,2026-09-29
GCA_902461605.1,uncultured Mollicutes bacterium,220137,PRJEB33885,SAMEA5849849,2021,2021-03-13,Illumina,Short,Contig,Inconclusive,Clostridium tarantellae,2026-09-29
GCA_902462505.1,uncultured Mycoplasma sp.,167967,PRJEB33885,SAMEA5849936,2021,2021-03-17,Illumina,Short,Contig,Inconclusive,Clostridium fallax,2026-09-29
GCA_902466145.1,uncultured Mycoplasmataceae bacterium,300027,PRJEB33885,SAMEA5850305,2021,2021-03-09,Illumina,Short,Contig,Inconclusive,Ureaplasma parvum,2026-09-29
GCA_902467675.1,uncultured Mycoplasma sp.,167967,PRJEB33885,SAMEA5850461,2021,2021-03-13,Illumina,Short,Contig,Inconclusive,Clostridium thermobutyricum,2026-09-29
GCA_902468555.1,uncultured Mycoplasma sp.,167967,PRJEB33885,SAMEA5850546,2021,2021-03-17,Illumina,Short,Contig,Inconclusive,Coprobacillus cateniformis,2026-09-29
GCA_902468565.1,uncultured Acholeplasma sp.,453122,PRJEB33885,SAMEA5850550,2021,2021-03-09,Illumina,Short,Contig,Inconclusive,Candidatus Methanoflexus mossambicus,2026-09-29
GCA_902470465.1,uncultured Mycoplasma sp.,167967,PRJEB33885,SAMEA5850742,2021,2021-04-02,Illumina,Short,Contig,Inconclusive,Allocoprobacillus halotolerans,2026-09-29
GCA_902471995.1,uncultured Mycoplasma sp.,167967,PRJEB33885,SAMEA5851225,2021,2021-03-09,Illumina,Short,Contig,Inconclusive,na,2026-09-29
GCA_902473095.1,uncultured Acholeplasmataceae bacterium,1233398,PRJEB33885,SAMEA5851344,2021,2021-03-17,Illumina,Short,Contig,Inconclusive,na,2026-09-29
GCA_902474025.1,uncultured Mycoplasma sp.,167967,PRJEB33885,SAMEA5851430,2021,2021-03-17,Illumina,Short,Contig,Inconclusive,na,2026-09-29
GCA_902474205.1,uncultured Mycoplasma sp.,167967,PRJEB33885,SAMEA5851450,2021,2021-04-07,Illumina,Short,Contig,Inconclusive,Oceanivirga salmonicida,2026-09-29
GCA_902474305.1,uncultured Acholeplasmataceae bacterium,1233398,PRJEB33885,SAMEA5851472,2021,2021-03-09,Illumina,Short,Contig,Inconclusive,Hypnocyclicus thermotrophus,2026-09-29
GCA_902474375.1,uncultured Mycoplasma sp.,167967,PRJEB33885,SAMEA5851466,2021,2021-03-13,Illumina,Short,Contig,Inconclusive,Clostridium thermobutyricum,2026-09-29
GCA_902474975.1,uncultured Mycoplasma sp.,167967,PRJEB33885,SAMEA5851528,2021,2021-03-13,Illumina,Short,Contig,Inconclusive,Phocaeicola plebeius,2026-09-29
GCA_902476115.1,uncultured Mycoplasma sp.,167967,PRJEB33885,SAMEA5851643,2021,2021-04-02,Illumina,Short,Contig,Inconclusive,Clostridium thermobutyricum,2026-09-29
GCA_902476285.1,uncultured Mycoplasma sp.,167967,PRJEB33885,SAMEA5851671,2021,2021-03-17,Illumina,Short,Contig,Inconclusive,na,2026-09-29
GCA_902476725.1,uncultured Acholeplasmataceae bacterium,1233398,PRJEB33885,SAMEA5851711,2021,2021-03-17,Illumina,Short,Contig,Inconclusive,Holdemanella hominis,2026-09-29
GCA_902477575.1,uncultured Acholeplasma sp.,453122,PRJEB33885,SAMEA5852112,2021,2021-03-17,Illumina,Short,Contig,Inconclusive,Clostridium thermobutyricum,2026-09-29
GCA_902479525.1,uncultured Mycoplasma sp.,167967,PRJEB33885,SAMEA5852309,2021,2021-03-13,Illumina,Short,Contig,Inconclusive,Paraclostridium bifermentans,2026-09-29
GCA_902480195.1,uncultured Mycoplasma sp.,167967,PRJEB33885,SAMEA5852375,2021,2021-03-16,Illumina,Short,Contig,Inconclusive,na,2026-09-29
GCA_902480755.1,uncultured Mycoplasma sp.,167967,PRJEB33885,SAMEA5852430,2021,2021-03-13,Illumina,Short,Contig,Inconclusive,na,2026-09-29
GCA_902485545.1,uncultured Mycoplasma sp.,167967,PRJEB33885,SAMEA5852913,2021,2021-03-09,Illumina,Short,Contig,Failed,Metamycoplasma hominis,2026-09-29
GCA_902488205.1,uncultured Mycoplasma sp.,167967,PRJEB33885,SAMEA5853171,2021,2021-03-13,Illumina,Short,Contig,Inconclusive,Allofustis seminis,2026-09-29
GCA_902491065.1,uncultured Mycoplasma sp.,167967,PRJEB33885,SAMEA5853488,2021,2021-03-12,Illumina,Short,Contig,Inconclusive,na,2026-09-29
GCA_902491365.1,uncultured Mycoplasma sp.,167967,PRJEB33885,SAMEA5853505,2021,2021-03-12,Illumina,Short,Contig,Inconclusive,na,2026-09-29
GCA_902493475.1,uncultured Mycoplasma sp.,167967,PRJEB33885,SAMEA5853725,2021,2021-03-12,Illumina,Short,Contig,Inconclusive,na,2026-09-29
GCA_902493595.1,uncultured Mycoplasma sp.,167967,PRJEB33885,SAMEA5853749,2021,2021-03-09,Illumina,Short,Contig,Inconclusive,na,2026-09-29
GCA_902493805.1,uncultured Acholeplasmataceae bacterium,1233398,PRJEB33885,SAMEA5853756,2021,2021-03-12,Illumina,Short,Contig,Inconclusive,Maccoyibacter intestinihominis,2026-09-29
GCA_902494265.1,uncultured Mycoplasma sp.,167967,PRJEB33885,SAMEA5853840,2021,2021-03-09,Illumina,Short,Contig,Inconclusive,Methanosphaera stadtmanae,2026-09-29
GCA_902494425.1,uncultured Mycoplasma sp.,167967,PRJEB33885,SAMEA5853859,2021,2021-03-17,Illumina,Short,Contig,Inconclusive,Coprobacillus cateniformis,2026-09-29
GCA_902494965.1,uncultured Mycoplasma sp.,167967,PRJEB33885,SAMEA5853913,2021,2021-03-09,Illumina,Short,Contig,Inconclusive,na,2026-09-29
GCA_902495475.1,uncultured Mycoplasma sp.,167967,PRJEB33885,SAMEA5853962,2021,2021-03-12,Illumina,Short,Contig,Inconclusive,na,2026-09-29
GCA_902497105.1,uncultured Mycoplasma sp.,167967,PRJEB33885,SAMEA5854127,2021,2021-04-07,Illumina,Short,Contig,Inconclusive,na,2026-09-29
GCA_902712995.1,Candidatus Mycoplasma haematohominis,1494318,PRJEB35870,SAMEA6425754,2020,2020-07-30,Illumina,Short,Contig,Inconclusive,Mycoplasma haemofelis,2026-09-29
GCA_902809815.1,Spiroplasma endosymbiont of Danaus chrysippus,2691041,PRJEB36924,SAMEA6590544,2020,2020-02-28,Illumina HiSeq 2500,Short,Scaffold,Inconclusive,Mycoplasma capricolum,2026-09-29
GCA_905187465.1,uncultured Mycoplasma sp.,167967,PRJEB37358,SAMEA7847330,2021,2021-02-03,Illumina Genome Analyzer II,Short,Contig,Inconclusive,na,2026-09-29
GCA_905193235.1,uncultured Mycoplasma sp.,167967,PRJEB37358,SAMEA7847078,2021,2021-02-03,Illumina HiSeq 2000,Short,Contig,Inconclusive,[Clostridium] colinum,2026-09-29
GCA_905193675.1,uncultured Mycoplasmataceae bacterium,300027,PRJEB37358,SAMEA7846289,2021,2021-02-03,Illumina HiSeq 2500,Short,Contig,Inconclusive,Ureaplasma parvum,2026-09-29
GCA_905196965.1,uncultured Mycoplasma sp.,167967,PRJEB37358,SAMEA7847104,2021,2021-02-03,Illumina HiSeq 2000,Short,Contig,Inconclusive,Oceanotoga teriensis,2026-09-29
GCA_905197455.1,uncultured Mycoplasma sp.,167967,PRJEB37358,SAMEA7847634,2021,2021-02-03,Illumina HiSeq 2000,Short,Contig,Inconclusive,Lachnospira eligens,2026-09-29
GCA_905199155.1,uncultured Mycoplasma sp.,167967,PRJEB37358,SAMEA7847830,2021,2021-02-03,Illumina HiSeq 2000,Short,Contig,Inconclusive,Phocaeicola plebeius,2026-09-29
GCA_905200885.1,uncultured Acholeplasma sp.,453122,PRJEB37358,SAMEA7847185,2021,2021-02-03,Illumina HiSeq 2000,Short,Contig,Inconclusive,Hypnocyclicus thermotrophus,2026-09-29
GCA_905201245.1,uncultured Mycoplasma sp.,167967,PRJEB37358,SAMEA7847241,2021,2021-02-03,Illumina HiSeq 2000,Short,Contig,Inconclusive,na,2026-09-29
GCA_905203475.1,uncultured Acholeplasmataceae bacterium,1233398,PRJEB37358,SAMEA7847416,2021,2021-02-03,Illumina Genome Analyzer II,Short,Contig,Inconclusive,[Clostridium] ammoniilyticum,2026-09-29
GCA_905204075.1,uncultured Mollicutes bacterium,220137,PRJEB37358,SAMEA7847778,2021,2021-02-03,Illumina HiSeq 2000,Short,Contig,Inconclusive,Clostridium moniliforme,2026-09-29
GCA_905206505.1,uncultured Mycoplasma sp.,167967,PRJEB37358,SAMEA7847593,2021,2021-02-03,Illumina HiSeq 2000,Short,Contig,Inconclusive,Fusobacterium hwasookii,2026-09-29
GCA_905207875.1,uncultured Mycoplasma sp.,167967,PRJEB37358,SAMEA7847479,2021,2021-02-03,Illumina Genome Analyzer II,Short,Contig,Inconclusive,na,2026-09-29
GCA_905209745.1,uncultured Mycoplasma sp.,167967,PRJEB37358,SAMEA7847227,2021,2021-02-03,Illumina HiSeq 2000,Short,Contig,Inconclusive,Chitinophaga silvisoli,2026-09-29
GCA_905210225.1,uncultured Mycoplasma sp.,167967,PRJEB37358,SAMEA7847338,2021,2021-02-03,Illumina Genome Analyzer II,Short,Contig,Inconclusive,Clostridium thermobutyricum,2026-09-29
GCA_905210965.1,uncultured Mycoplasma sp.,167967,PRJEB37358,SAMEA7847567,2021,2021-02-03,Illumina HiSeq 2000,Short,Contig,Inconclusive,Clostridium saudiense,2026-09-29
GCA_905211065.1,uncultured Mycoplasma sp.,167967,PRJEB37358,SAMEA7847591,2021,2021-02-03,Illumina HiSeq 2000,Short,Contig,Inconclusive,na,2026-09-29
GCA_905211695.1,uncultured Acholeplasmataceae bacterium,1233398,PRJEB37358,SAMEA7847375,2021,2021-02-03,Illumina Genome Analyzer II,Short,Contig,Inconclusive,na,2026-09-29
GCA_905212865.1,uncultured Acholeplasma sp.,453122,PRJEB37358,SAMEA7847664,2021,2021-02-03,Illumina HiSeq 2000,Short,Contig,Inconclusive,Candidatus Methanoflexus mossambicus,2026-09-29
GCA_905213055.1,uncultured Mycoplasma sp.,167967,PRJEB37358,SAMEA7847672,2021,2021-02-03,Illumina HiSeq 2000,Short,Contig,Inconclusive,Hypnocyclicus thermotrophus,2026-09-29
GCA_905235665.1,uncultured Acholeplasmatales bacterium,345904,PRJEB34458,SAMEA8030375,2021,2021-03-18,Illumina HiSeq 2000,Short,Contig,Inconclusive,Anaeroplasma bactoclasticum,2026-09-29
GCA_905236105.1,uncultured Acholeplasmatales bacterium,345904,PRJEB34458,SAMEA8030430,2021,2021-03-18,Illumina HiSeq 2000,Short,Contig,Inconclusive,na,2026-09-29
GCA_905236435.1,uncultured Mycoplasma sp.,167967,PRJEB34458,SAMEA8030463,2021,2021-03-17,Illumina HiSeq 2000,Short,Contig,Inconclusive,Spiroplasma phoeniceum,2026-09-29
GCA_905236965.1,uncultured Acholeplasmatales bacterium,345904,PRJEB34458,SAMEA8030472,2021,2021-03-17,Illumina HiSeq 2000,Short,Contig,Inconclusive,Clostridium tarantellae,2026-09-29
GCA_910577745.1,uncultured Anaeroplasmataceae bacterium,658266,PRJEB45234,SAMEA8805039,2021,2021-07-07,Illumina,Short,Scaffold,Inconclusive,Haliovirga abyssi,2026-09-29
GCA_910578525.1,uncultured Mycoplasmatales bacterium,749450,PRJEB45234,SAMEA8805192,2021,2021-07-07,Illumina,Short,Scaffold,Inconclusive,na,2026-09-29
GCA_910579215.1,uncultured Anaeroplasmataceae bacterium,658266,PRJEB45234,SAMEA8805124,2021,2021-07-07,Illumina,Short,Scaffold,Inconclusive,na,2026-09-29
GCA_910579765.1,uncultured Mycoplasmatales bacterium,749450,PRJEB45234,SAMEA8805273,2021,2021-07-07,Illumina,Short,Scaffold,Inconclusive,Mycoplasmopsis cricetuli,2026-09-29
GCA_910584005.1,uncultured Anaeroplasmataceae bacterium,658266,PRJEB45234,SAMEA8805395,2021,2021-07-07,Illumina,Short,Scaffold,Inconclusive,na,2026-09-29
GCA_910584105.1,uncultured Anaeroplasmataceae bacterium,658266,PRJEB45234,SAMEA8805392,2021,2021-07-07,Illumina,Short,Scaffold,Inconclusive,Helicobacter japonicus,2026-09-29
GCA_913064935.1,uncultured Mollicutes bacterium,220137,PRJEB37807,SAMEA9694818,2021,2021-09-22,Illumina MiSeq,Short,Contig,Inconclusive,na,2026-09-29
GCA_913776435.1,Mycoplasmatales bacterium,2023991,PRJEB45634,SAMEA8943735,2021,2021-11-12,Illumina Hiseq,Short,Contig,Inconclusive,Mesomycoplasma neurolyticum,2026-09-29
GCA_918697755.1,Spiroplasma endosymbiont of Phyllotreta cruciferae,2886375,PRJEB47904,SAMEA10589438,2022,2022-06-24,PACBIO_SMRT,Long,Chromosome,Inconclusive,Spiroplasma phoeniceum,2026-09-29
GCA_927433595.1,uncultured Acholeplasmatales bacterium,345904,PRJEB48900,SAMEA11549149,2022,2022-03-05,Illumina NovaSeq 6000,Short,Contig,Inconclusive,Paracholeplasma morum,2026-09-29
GCA_927439925.1,uncultured Acholeplasmataceae bacterium,1233398,PRJEB48900,SAMEA11549161,2022,2022-03-05,Illumina NovaSeq 6000,Short,Contig,Inconclusive,Peloplasma aerotolerans,2026-09-29
GCA_927441705.1,uncultured Acholeplasmataceae bacterium,1233398,PRJEB48900,SAMEA11549148,2022,2022-03-05,Illumina NovaSeq 6000,Short,Contig,Inconclusive,Mariniplasma anaerobium,2026-09-29
GCA_928721615.1,uncultured Mollicutes bacterium,220137,PRJEB50473,SAMEA12751983,2022,2022-02-02,PACBIO_SMRT,Long,Complete Genome,Inconclusive,Amedibacterium intestinale,2026-09-29
GCA_930971515.1,uncultured Mycoplasma sp.,167967,PRJEB50262,SAMEA13009030,2022,2022-02-26,Illumina NovaSeq 6000,Short,Contig,Inconclusive,na,2026-09-29
GCA_930980195.1,uncultured Mycoplasma sp.,167967,PRJEB50262,SAMEA13009028,2022,2022-02-26,Illumina NovaSeq 6000,Short,Contig,Inconclusive,Fusobacterium polymorphum,2026-09-29
GCA_930982015.1,uncultured Mycoplasma sp.,167967,PRJEB50262,SAMEA13008880,2022,2022-02-26,Illumina NovaSeq 6000,Short,Contig,Inconclusive,Clostridium thermobutyricum,2026-09-29
GCA_930987475.1,uncultured Mollicutes bacterium,220137,PRJEB50262,SAMEA13008916,2022,2022-02-26,Illumina NovaSeq 6000,Short,Contig,Inconclusive,na,2026-09-29
GCA_930989445.1,uncultured Mycoplasma sp.,167967,PRJEB50262,SAMEA13008884,2022,2022-02-26,Illumina NovaSeq 6000,Short,Contig,Inconclusive,na,2026-09-29
GCA_930990255.1,uncultured Mycoplasma sp.,167967,PRJEB50262,SAMEA13009011,2022,2022-02-26,Illumina NovaSeq 6000,Short,Contig,Inconclusive,Fusobacterium vincentii,2026-09-29
GCA_934096045.1,uncultured Anaeroplasmataceae bacterium,658266,PRJEB49206,SAMEA13473417,2022,2022-04-15,Illlumina NovaSeq 6000,Short,Contig,Inconclusive,Anaeroplasma bactoclasticum,2026-09-29
GCA_934120175.1,uncultured Anaeroplasmataceae bacterium,658266,PRJEB49206,SAMEA13476160,2022,2022-04-15,Illlumina NovaSeq 6000,Short,Contig,Inconclusive,Anaeroplasma bactoclasticum,2026-09-29
GCA_934162155.1,uncultured Anaeroplasmataceae bacterium,658266,PRJEB49206,SAMEA13484388,2022,2022-04-15,Illlumina NovaSeq 6000,Short,Contig,Inconclusive,na,2026-09-29
GCA_934169455.1,uncultured Anaeroplasmataceae bacterium,658266,PRJEB49206,SAMEA13487131,2022,2022-04-15,Illlumina NovaSeq 6000,Short,Contig,Inconclusive,na,2026-09-29
GCA_934202395.1,uncultured Anaeroplasma sp.,538969,PRJEB49206,SAMEA13470679,2022,2022-04-15,Illlumina NovaSeq 6000,Short,Contig,Inconclusive,Anaeroplasma bactoclasticum,2026-09-29
GCA_934216145.1,uncultured Anaeroplasma sp.,538969,PRJEB49206,SAMEA13522788,2022,2022-04-15,Illlumina NovaSeq 6000,Short,Contig,Inconclusive,Anaeroplasma bactoclasticum,2026-09-29
GCA_934229535.1,uncultured Anaeroplasmataceae bacterium,658266,PRJEB49206,SAMEA13481650,2022,2022-04-15,Illlumina NovaSeq 6000,Short,Contig,Inconclusive,na,2026-09-29
GCA_934229785.1,uncultured Anaeroplasmataceae bacterium,658266,PRJEB49206,SAMEA13511819,2022,2022-04-15,Illlumina NovaSeq 6000,Short,Contig,Inconclusive,Anaeroplasma bactoclasticum,2026-09-29
GCA_937865025.1,uncultured Acholeplasmatales bacterium,345904,PRJEB51080,SAMEA14036679,2023,2023-01-09,Illumina HiSeq 2500,Short,Contig,Inconclusive,Gemelliphila palaticanis,2026-09-29
GCA_937868795.1,uncultured Acholeplasma sp.,453122,PRJEB51074,SAMEA14036320,2023,2023-01-10,Illumina MiSeq,Short,Contig,Inconclusive,Paracholeplasma manati,2026-09-29
GCA_937871375.1,uncultured Acholeplasmataceae bacterium,1233398,PRJEB51074,SAMEA14036394,2023,2023-01-09,NextSeq 500,Unknown,Contig,Inconclusive,Acholeplasma hippikon,2026-09-29
GCA_937873995.1,uncultured Acholeplasmataceae bacterium,1233398,PRJEB51073,SAMEA14037323,2023,2023-01-09,Illumina HiSeq 2000,Short,Contig,Inconclusive,Hujiaoplasma nucleasis,2026-09-29
GCA_937875785.1,uncultured Mollicutes bacterium,220137,PRJEB50943,SAMEA14075797,2023,2023-01-09,Illumina HiSeq 2000,Short,Contig,Inconclusive,Bacteroides intestinalis,2026-09-29
GCA_937876935.1,uncultured Mycoplasma sp.,167967,PRJEB51895,SAMEA14080967,2023,2023-01-09,Illumina HiSeq 2000,Short,Contig,Inconclusive,Mesomycoplasma neurolyticum,2026-09-29
GCA_937877075.1,uncultured Acholeplasmatales bacterium,345904,PRJEB51073,SAMEA14037517,2023,2023-01-10,Illumina HiSeq 2000,Short,Contig,Inconclusive,na,2026-09-29
GCA_937885255.1,uncultured Mollicutes bacterium,220137,PRJEB51895,SAMEA14081035,2023,2023-01-10,Illumina HiSeq 2000,Short,Contig,Inconclusive,Anaeroplasma bactoclasticum,2026-09-29
GCA_937889295.1,uncultured Mycoplasmataceae bacterium,300027,PRJEB50943,SAMEA14076049,2023,2023-01-09,Illumina HiSeq 2000,Short,Contig,Inconclusive,na,2026-09-29
GCA_937893635.1,uncultured Mollicutes bacterium,220137,PRJEB51895,SAMEA14080955,2023,2023-01-10,Illumina HiSeq 2500,Short,Contig,Inconclusive,na,2026-09-29
GCA_937894865.1,uncultured Acholeplasmataceae bacterium,1233398,PRJEB51078,SAMEA14074770,2023,2023-01-09,Illumina HiSeq 2500,Short,Contig,Inconclusive,Paracholeplasma morum,2026-09-29
GCA_937898955.1,uncultured Mollicutes bacterium,220137,PRJEB51895,SAMEA14081068,2023,2023-01-09,Illumina HiSeq 2500,Short,Contig,Inconclusive,Anaeroplasma bactoclasticum,2026-09-29
GCA_937901405.1,uncultured Anaeroplasma sp.,538969,PRJEB51895,SAMEA14081147,2023,2023-01-09,Illumina HiSeq 2000,Short,Contig,OK,Anaeroplasma bactoclasticum,2026-09-29
GCA_937905855.1,uncultured Mollicutes bacterium,220137,PRJEB51895,SAMEA14080889,2023,2023-01-09,Illumina HiSeq 2500,Short,Contig,Inconclusive,na,2026-09-29
GCA_937906315.1,uncultured Mollicutes bacterium,220137,PRJEB51895,SAMEA14080827,2023,2023-01-09,Illumina HiSeq 2500,Short,Contig,Inconclusive,Clostridium tarantellae,2026-09-29
GCA_937912925.1,uncultured Mycoplasmataceae bacterium,300027,PRJEB51895,SAMEA14081023,2023,2023-01-09,Illumina HiSeq 2000,Short,Contig,Inconclusive,Malacoplasma muris,2026-09-29
GCA_937915425.1,uncultured Acholeplasmataceae bacterium,1233398,PRJEB51073,SAMEA14037468,2023,2023-01-09,Illumina HiSeq 2000,Short,Contig,Inconclusive,na,2026-09-29
GCA_937919135.1,uncultured Haloplasmataceae bacterium,1233400,PRJEB51073,SAMEA14037443,2023,2023-01-10,Illumina HiSeq 2000,Short,Contig,Inconclusive,na,2026-09-29
GCA_937921085.1,uncultured Mollicutes bacterium,220137,PRJEB51075,SAMEA14084086,2023,2023-01-09,Illumina HiSeq 2000,Short,Contig,Inconclusive,na,2026-09-29
GCA_937921895.1,uncultured Mollicutes bacterium,220137,PRJEB51075,SAMEA14084061,2023,2023-01-09,Illumina HiSeq 2000,Short,Contig,Inconclusive,na,2026-09-29
GCA_937924825.1,uncultured Mollicutes bacterium,220137,PRJEB51075,SAMEA14083897,2023,2023-01-09,Illumina Genome Analyzer IIx,Short,Contig,Inconclusive,na,2026-09-29
GCA_937926565.1,uncultured Mollicutes bacterium,220137,PRJEB51075,SAMEA14084450,2023,2023-01-09,Illumina HiSeq 1000,Short,Contig,Inconclusive,Chitinophaga silvisoli,2026-09-29
GCA_937926655.1,uncultured Acholeplasmataceae bacterium,1233398,PRJEB51075,SAMEA14083591,2023,2023-01-09,Illumina HiSeq 2500,Short,Contig,Inconclusive,Fusobacterium pseudoperiodonticum,2026-09-29
GCA_937934685.1,uncultured Acholeplasma sp.,453122,PRJEB51072,SAMEA14082495,2023,2023-01-09,HiSeq X Ten,Short,Contig,Inconclusive,Haploplasma modicum,2026-09-29
GCA_937936465.1,uncultured Mycoplasmatales bacterium,749450,PRJEB50838,SAMEA14073353,2023,2023-01-25,illumina novaseq 6000,Short,Contig,Inconclusive,Mycoplasma leachii,2026-09-29
GCA_937937935.1,uncultured Mollicutes bacterium,220137,PRJEB51075,SAMEA14083414,2023,2023-01-09,Illumina HiSeq 2000,Short,Contig,Inconclusive,Solobacterium moorei,2026-09-29
GCA_937941515.1,uncultured Mollicutes bacterium,220137,PRJEB51075,SAMEA14085034,2023,2023-01-09,Illumina HiSeq 2000,Short,Contig,Inconclusive,Candidatus Methanoflexus mossambicus,2026-09-29
GCA_937942195.1,uncultured Acholeplasmataceae bacterium,1233398,PRJEB51072,SAMEA14081870,2023,2023-01-09,Illumina HiSeq 2500,Short,Contig,Inconclusive,Paracholeplasma manati,2026-09-29
GCA_937943695.1,uncultured Mollicutes bacterium,220137,PRJEB51075,SAMEA14083712,2023,2023-01-09,Illumina HiSeq 2500,Short,Contig,Inconclusive,Fusobacterium hwasookii,2026-09-29
GCA_937958385.1,uncultured Mollicutes bacterium,220137,PRJEB51075,SAMEA14085924,2023,2023-01-09,NextSeq 500,Unknown,Contig,Inconclusive,na,2026-09-29
GCA_937968105.1,uncultured Acholeplasmataceae bacterium,1233398,PRJEB51072,SAMEA14082556,2023,2023-01-09,Illumina MiSeq,Short,Contig,Inconclusive,Peloplasma aerotolerans,2026-09-29
GCA_937973845.1,uncultured Mycoplasma sp.,167967,PRJEB51075,SAMEA14084471,2023,2023-01-09,Illumina HiSeq 2000,Short,Contig,Inconclusive,Clostridium lentum,2026-09-29
GCA_937976885.1,uncultured Mollicutes bacterium,220137,PRJEB51075,SAMEA14083879,2023,2023-01-09,Illumina HiSeq 2000,Short,Contig,Inconclusive,Bacteroides parvus,2026-09-29
GCA_937977585.1,uncultured Mollicutes bacterium,220137,PRJEB51075,SAMEA14084449,2023,2023-01-09,Illumina HiSeq 1000,Short,Contig,Inconclusive,Coprobacter fastidiosus,2026-09-29
GCA_937981485.1,uncultured Mycoplasmataceae bacterium,300027,PRJEB51075,SAMEA14085560,2023,2023-01-09,Illumina HiSeq 2500,Short,Contig,Inconclusive,Ureaplasma parvum,2026-09-29
GCA_937981625.1,uncultured Mycoplasma sp.,167967,PRJEB51075,SAMEA14085946,2023,2023-01-09,Illumina HiSeq 2000,Short,Contig,Inconclusive,Oceanotoga teriensis,2026-09-29
GCA_937983315.1,uncultured Acholeplasmataceae bacterium,1233398,PRJEB51072,SAMEA14082206,2023,2023-01-09,Illumina HiSeq 3000,Short,Contig,Inconclusive,Acholeplasma palmae,2026-09-29
GCA_937997785.1,uncultured Mollicutes bacterium,220137,PRJEB51075,SAMEA14083910,2023,2023-01-09,Illumina Genome Analyzer IIx,Short,Contig,Inconclusive,Allocoprobacillus halotolerans,2026-09-29
GCA_937997795.1,uncultured Mollicutes bacterium,220137,PRJEB51075,SAMEA14083900,2023,2023-01-09,Illumina Genome Analyzer IIx,Short,Contig,Inconclusive,na,2026-09-29
GCA_938004775.1,uncultured Mollicutes bacterium,220137,PRJEB51075,SAMEA14085151,2023,2023-01-09,Illumina HiSeq 2000,Short,Contig,Inconclusive,Tepidibacter formicigenes,2026-09-29
GCA_938004935.1,uncultured Mycoplasma sp.,167967,PRJEB51075,SAMEA14083754,2023,2023-01-09,Illumina HiSeq 2500,Short,Contig,Inconclusive,[Clostridium] colinum,2026-09-29
GCA_938011645.1,uncultured Mollicutes bacterium,220137,PRJEB51075,SAMEA14083963,2023,2023-01-09,Illumina Genome Analyzer IIx,Short,Contig,Inconclusive,na,2026-09-29
GCA_938011725.1,uncultured Mollicutes bacterium,220137,PRJEB51075,SAMEA14084207,2023,2023-01-09,Illumina HiSeq 2000,Short,Contig,Inconclusive,Treponema rectale,2026-09-29
GCA_938015955.1,uncultured Mycoplasma sp.,167967,PRJEB51075,SAMEA14084102,2023,2023-01-09,Illumina HiSeq 2000,Short,Contig,Inconclusive,Hypnocyclicus thermotrophus,2026-09-29
GCA_938021225.1,uncultured Mollicutes bacterium,220137,PRJEB51075,SAMEA14084187,2023,2023-01-09,Illumina Genome Analyzer IIx,Short,Contig,Inconclusive,Clostridium fallax,2026-09-29
GCA_938021665.1,uncultured Mollicutes bacterium,220137,PRJEB51075,SAMEA14085540,2023,2023-01-12,Illumina HiSeq 2500,Short,Contig,Inconclusive,Staphylococcus pragensis,2026-09-29
GCA_938021725.1,uncultured Mollicutes bacterium,220137,PRJEB51075,SAMEA14084333,2023,2023-01-09,Illumina HiSeq 2000,Short,Contig,Inconclusive,na,2026-09-29
GCA_938024315.1,uncultured Mollicutes bacterium,220137,PRJEB51075,SAMEA14083927,2023,2023-01-09,Illumina Genome Analyzer IIx,Short,Contig,Inconclusive,Clostridium tepidum,2026-09-29
GCA_938028895.1,uncultured Mollicutes bacterium,220137,PRJEB51075,SAMEA14085187,2023,2023-01-10,Illumina HiSeq 2000,Short,Contig,Inconclusive,Terrisporobacter othiniensis,2026-09-29
GCA_938030535.1,uncultured Mollicutes bacterium,220137,PRJEB51075,SAMEA14085239,2023,2023-01-09,Illumina HiSeq 2000,Short,Contig,Inconclusive,Clostridium nigeriense,2026-09-29
GCA_938034485.1,uncultured Mollicutes bacterium,220137,PRJEB51075,SAMEA14084315,2023,2023-01-09,Illumina HiSeq 2000,Short,Contig,Inconclusive,Clostridium fallax,2026-09-29
GCA_938034585.1,uncultured Mollicutes bacterium,220137,PRJEB51075,SAMEA14084358,2023,2023-01-09,Illumina HiSeq 2000,Short,Contig,Inconclusive,Faecalibacillus intestinalis,2026-09-29
GCA_938034805.1,uncultured Mollicutes bacterium,220137,PRJEB51075,SAMEA14083478,2023,2023-01-09,Illumina HiSeq 2500,Short,Contig,Inconclusive,na,2026-09-29
GCA_938035595.1,uncultured Mollicutes bacterium,220137,PRJEB51075,SAMEA14084259,2023,2023-01-09,Illumina HiSeq 2000,Short,Contig,Inconclusive,na,2026-09-29
GCA_938038805.1,uncultured Mycoplasma sp.,167967,PRJEB51075,SAMEA14085088,2023,2023-01-09,Illumina HiSeq 2000,Short,Contig,Inconclusive,Maccoyibacter intestinihominis,2026-09-29
GCA_938039835.1,uncultured Mollicutes bacterium,220137,PRJEB51075,SAMEA14084194,2023,2023-01-09,Illumina HiSeq 2000,Short,Contig,Inconclusive,Treponema rectale,2026-09-29
GCA_938040695.1,uncultured Mollicutes bacterium,220137,PRJEB51075,SAMEA14083442,2023,2023-01-09,Illumina HiSeq 2000,Short,Contig,Inconclusive,[Clostridium] ammoniilyticum,2026-09-29
GCA_938041945.1,uncultured Acholeplasmataceae bacterium,1233398,PRJEB51075,SAMEA14083586,2023,2023-01-09,Illumina HiSeq 2500,Short,Contig,Inconclusive,Acholeplasma palmae,2026-09-29
GCA_938045765.1,uncultured Mollicutes bacterium,220137,PRJEB51075,SAMEA14084190,2023,2023-01-09,Illumina Genome Analyzer IIx,Short,Contig,Inconclusive,Holdemanella biformis,2026-09-29
GCA_939799495.1,uncultured Mollicutes bacterium,220137,PRJEB41442,SAMEA14251187,2022,2022-05-03,Illumina HiSeq 2500,Short,Contig,Inconclusive,Methanobrevibacter woesei,2026-09-29
GCA_944323055.1,uncultured Acholeplasmatales bacterium,345904,PRJEB53581,SAMEA110134556,2022,2022-06-30,ILLUMINA,Short,Contig,Inconclusive,na,2026-09-29
GCA_944324705.1,uncultured Acholeplasmatales bacterium,345904,PRJEB53581,SAMEA110134555,2022,2022-06-30,ILLUMINA,Short,Contig,Inconclusive,na,2026-09-29
GCA_944324725.1,uncultured Acholeplasmatales bacterium,345904,PRJEB53581,SAMEA110134554,2022,2022-06-30,ILLUMINA,Short,Contig,Inconclusive,Lactobacillus johnsonii,2026-09-29
GCA_944324755.1,Candidatus Pelethenecus faecipullorum,2840900,PRJEB53581,SAMEA110134559,2022,2022-06-30,ILLUMINA,Short,Contig,Inconclusive,Massilicoli timonensis,2026-09-29
GCA_944324795.1,uncultured Acholeplasmatales bacterium,345904,PRJEB53581,SAMEA110134552,2022,2022-06-30,ILLUMINA,Short,Contig,Inconclusive,na,2026-09-29
GCA_944324805.1,uncultured Acholeplasmatales bacterium,345904,PRJEB53581,SAMEA110134553,2022,2022-06-30,ILLUMINA,Short,Contig,Inconclusive,Oceanotoga teriensis,2026-09-29
GCA_944325035.1,uncultured Anaeroplasmataceae bacterium,658266,PRJEB53581,SAMEA110134558,2022,2022-06-30,ILLUMINA,Short,Contig,Inconclusive,na,2026-09-29
GCA_944325695.1,uncultured Anaeroplasmataceae bacterium,658266,PRJEB53581,SAMEA110134560,2022,2022-06-30,ILLUMINA,Short,Contig,Inconclusive,na,2026-09-29
GCA_944363905.1,uncultured Mycoplasmatales bacterium,749450,PRJEB53581,SAMEA110134635,2022,2022-06-30,ILLUMINA,Short,Contig,Inconclusive,Mycoplasma mycoides,2026-09-29
GCA_945491605.1,uncultured Mollicutes bacterium,220137,PRJEB52589,SAMEA110310612,2022,2022-07-13,Illumina HiSeq 2500,Short,Contig,Inconclusive,Treponema rectale,2026-09-29
GCA_945493695.1,uncultured Mollicutes bacterium,220137,PRJEB52589,SAMEA110310623,2022,2022-07-13,Illumina HiSeq 2500,Short,Contig,Inconclusive,Solobacterium moorei,2026-09-29
GCA_945501555.1,uncultured Mollicutes bacterium,220137,PRJEB52589,SAMEA110310557,2022,2022-07-13,Illumina HiSeq 2500,Short,Contig,Inconclusive,na,2026-09-29
GCA_945610825.1,uncultured Mollicutes bacterium,220137,PRJEB52635,SAMEA110322006,2022,2022-07-15,Illumina NovaSeq 6000,Short,Contig,Inconclusive,Thomasclavelia cocleata,2026-09-29
GCA_945637315.1,uncultured Mollicutes bacterium,220137,PRJEB52635,SAMEA110322072,2022,2022-07-15,Illumina NovaSeq 6000,Short,Contig,Inconclusive,Clostridium lentum,2026-09-29
GCA_945827925.1,uncultured Mollicutes bacterium,220137,PRJEB52643,SAMEA110360384,2022,2022-09-10,NextSeq 500,Unknown,Contig,Inconclusive,na,2026-09-29
GCA_945832125.1,uncultured Mollicutes bacterium,220137,PRJEB52643,SAMEA110360417,2022,2022-09-13,NextSeq 500,Unknown,Contig,Inconclusive,na,2026-09-29
GCA_945832135.1,uncultured Mollicutes bacterium,220137,PRJEB52465,SAMEA110358521,2022,2022-09-13,Illumina HiSeq 2500,Short,Contig,Inconclusive,Peptacetobacter hominis,2026-09-29
GCA_945835945.1,uncultured Mollicutes bacterium,220137,PRJEB53516,SAMEA110364154,2022,2022-09-15,Illumina HiSeq 2500,Short,Contig,Inconclusive,Antiquaquibacter soli,2026-09-29
GCA_945837345.1,uncultured Mollicutes bacterium,220137,PRJEB53516,SAMEA110364123,2022,2022-09-13,Illumina HiSeq 2500,Short,Contig,Inconclusive,Treponema rectale,2026-09-29
GCA_945863745.1,uncultured Mollicutes bacterium,220137,PRJEB52676,SAMEA110402136,2022,2022-09-09,NextSeq 500,Unknown,Contig,Inconclusive,na,2026-09-29
GCA_945863975.1,uncultured Mollicutes bacterium,220137,PRJEB53025,SAMEA110403055,2022,2022-09-09,Illumina MiSeq,Short,Contig,Inconclusive,na,2026-09-29
GCA_945864055.1,uncultured Mollicutes bacterium,220137,PRJEB53025,SAMEA110402996,2022,2022-09-09,Illumina MiSeq,Short,Contig,Inconclusive,na,2026-09-29
GCA_945871205.1,uncultured Mollicutes bacterium,220137,PRJEB53025,SAMEA110403112,2022,2022-09-09,Illumina MiSeq,Short,Contig,Inconclusive,na,2026-09-29
GCA_945871225.1,uncultured Mollicutes bacterium,220137,PRJEB53025,SAMEA110403083,2022,2022-09-09,Illumina MiSeq,Short,Contig,Inconclusive,Clostridium weizhouense,2026-09-29
GCA_945871295.1,uncultured Mycoplasma sp.,167967,PRJEB53025,SAMEA110403120,2022,2022-09-09,Illumina MiSeq,Short,Contig,Inconclusive,na,2026-09-29
GCA_945871495.1,uncultured Mollicutes bacterium,220137,PRJEB53025,SAMEA110403032,2022,2022-09-10,Illumina MiSeq,Short,Contig,Inconclusive,na,2026-09-29
GCA_945873045.1,uncultured Mollicutes bacterium,220137,PRJEB52638,SAMEA110402620,2022,2022-09-10,Illumina MiSeq,Short,Contig,Inconclusive,Oceanotoga teriensis,2026-09-29
GCA_945878155.1,uncultured Mollicutes bacterium,220137,PRJEB52676,SAMEA110402086,2022,2022-09-10,NextSeq 500,Unknown,Contig,Inconclusive,na,2026-09-29
GCA_945878985.1,uncultured Mollicutes bacterium,220137,PRJEB53025,SAMEA110403042,2022,2022-09-10,Illumina MiSeq,Short,Contig,Inconclusive,na,2026-09-29
GCA_945910195.1,uncultured Mollicutes bacterium,220137,PRJEB53600,SAMEA110411990,2022,2022-09-10,Illumina HiSeq 3000,Short,Contig,Inconclusive,Fusobacterium hwasookii,2026-09-29
GCA_945910745.1,uncultured Mollicutes bacterium,220137,PRJEB53600,SAMEA110412164,2022,2022-09-10,Illumina HiSeq 3000,Short,Contig,Inconclusive,na,2026-09-29
GCA_945911415.1,uncultured Mollicutes bacterium,220137,PRJEB53600,SAMEA110411698,2022,2022-09-10,Illumina HiSeq 3000,Short,Contig,Inconclusive,na,2026-09-29
GCA_945912385.1,uncultured Mollicutes bacterium,220137,PRJEB52947,SAMEA110414364,2022,2022-09-10,Illumina HiSeq 3000,Short,Contig,Inconclusive,Solobacterium moorei,2026-09-29
GCA_945912545.1,uncultured Mollicutes bacterium,220137,PRJEB52947,SAMEA110414361,2022,2022-09-10,Illumina HiSeq 3000,Short,Contig,Inconclusive,Holdemanella porci,2026-09-29
GCA_945915275.1,uncultured Mycoplasma sp.,167967,PRJEB52947,SAMEA110414379,2022,2022-09-10,Illumina HiSeq 3000,Short,Contig,Inconclusive,na,2026-09-29
GCA_945915315.1,uncultured Anaeroplasma sp.,538969,PRJEB53600,SAMEA110411767,2022,2022-09-15,Illumina HiSeq 3000,Short,Contig,Inconclusive,Anaeroplasma bactoclasticum,2026-09-29
GCA_945916195.1,uncultured Mollicutes bacterium,220137,PRJEB52947,SAMEA110414490,2022,2022-09-10,Illumina HiSeq 3000,Short,Contig,Inconclusive,na,2026-09-29
GCA_945916445.1,uncultured Mollicutes bacterium,220137,PRJEB53600,SAMEA110411737,2022,2022-09-10,Illumina HiSeq 3000,Short,Contig,Inconclusive,Enterococcus innesii,2026-09-29
GCA_945919465.1,uncultured Anaeroplasma sp.,538969,PRJEB52947,SAMEA110414461,2022,2022-09-10,Illumina HiSeq 3000,Short,Contig,Inconclusive,Anaeroplasma bactoclasticum,2026-09-29
GCA_945920825.1,uncultured Anaeroplasma sp.,538969,PRJEB52947,SAMEA110414611,2022,2022-09-10,Illumina HiSeq 3000,Short,Contig,OK,Anaeroplasma bactoclasticum,2026-09-29
GCA_945920865.1,uncultured Mollicutes bacterium,220137,PRJEB53600,SAMEA110411715,2022,2022-09-10,Illumina HiSeq 3000,Short,Contig,Inconclusive,Hallella mizrahii,2026-09-29
GCA_945923475.1,uncultured Mollicutes bacterium,220137,PRJEB53600,SAMEA110411721,2022,2022-09-10,Illumina HiSeq 3000,Short,Contig,Inconclusive,Coprobacillus cateniformis,2026-09-29
GCA_945923555.1,uncultured Mollicutes bacterium,220137,PRJEB53600,SAMEA110411717,2022,2022-09-10,Illumina HiSeq 3000,Short,Contig,Inconclusive,na,2026-09-29
GCA_945932475.1,uncultured Mollicutes bacterium,220137,PRJEB53600,SAMEA110412204,2022,2022-09-10,Illumina HiSeq 3000,Short,Contig,Inconclusive,na,2026-09-29
GCA_945935945.1,uncultured Mollicutes bacterium,220137,PRJEB53600,SAMEA110412037,2022,2022-09-10,Illumina HiSeq 3000,Short,Contig,Inconclusive,na,2026-09-29
GCA_945936125.1,uncultured Mollicutes bacterium,220137,PRJEB53600,SAMEA110412068,2022,2022-09-10,Illumina HiSeq 3000,Short,Contig,Inconclusive,na,2026-09-29
GCA_945936135.1,uncultured Mollicutes bacterium,220137,PRJEB53600,SAMEA110412026,2022,2022-09-10,Illumina HiSeq 3000,Short,Contig,Inconclusive,na,2026-09-29
GCA_945936575.1,uncultured Mollicutes bacterium,220137,PRJEB52947,SAMEA110414440,2022,2022-09-15,Illumina HiSeq 3000,Short,Contig,Inconclusive,na,2026-09-29
GCA_945939505.1,uncultured Mollicutes bacterium,220137,PRJEB52947,SAMEA110414391,2022,2022-09-10,Illumina HiSeq 3000,Short,Contig,Inconclusive,na,2026-09-29
GCA_945947035.1,uncultured Mycoplasma sp.,167967,PRJEB52947,SAMEA110414433,2022,2022-09-10,Illumina HiSeq 3000,Short,Contig,Inconclusive,Hypnocyclicus thermotrophus,2026-09-29
GCA_945947245.1,uncultured Mollicutes bacterium,220137,PRJEB53600,SAMEA110411993,2022,2022-09-10,Illumina HiSeq 3000,Short,Contig,Inconclusive,na,2026-09-29
GCA_945948135.1,uncultured Mollicutes bacterium,220137,PRJEB52947,SAMEA110414508,2022,2022-09-10,Illumina HiSeq 3000,Short,Contig,Inconclusive,na,2026-09-29
GCA_945949635.1,uncultured Mollicutes bacterium,220137,PRJEB53600,SAMEA110411914,2022,2022-09-10,Illumina HiSeq 3000,Short,Contig,Inconclusive,Treponema rectale,2026-09-29
GCA_945950045.1,uncultured Mollicutes bacterium,220137,PRJEB53600,SAMEA110412000,2022,2022-09-10,Illumina HiSeq 3000,Short,Contig,Inconclusive,Treponema rectale,2026-09-29
GCA_945963925.1,uncultured Mollicutes bacterium,220137,PRJEB53042,SAMEA110424860,2022,2022-09-11,NextSeq 500,Unknown,Contig,Inconclusive,na,2026-09-29
GCA_945969495.1,uncultured Mollicutes bacterium,220137,PRJEB53042,SAMEA110424910,2022,2022-09-11,NextSeq 500,Unknown,Contig,Inconclusive,Clostridium tarantellae,2026-09-29
GCA_945969655.1,uncultured Mollicutes bacterium,220137,PRJEB53042,SAMEA110424934,2022,2022-09-11,NextSeq 500,Unknown,Contig,Inconclusive,na,2026-09-29
GCA_946000925.1,uncultured Mollicutes bacterium,220137,PRJEB53041,SAMEA110426242,2022,2022-09-11,NextSeq 500,Unknown,Contig,Inconclusive,Clostridium thermobutyricum,2026-09-29
GCA_946007355.1,uncultured Mollicutes bacterium,220137,PRJEB53042,SAMEA110424919,2022,2022-09-11,NextSeq 500,Unknown,Contig,Inconclusive,na,2026-09-29
GCA_946011535.1,uncultured Mollicutes bacterium,220137,PRJEB53042,SAMEA110425020,2022,2022-09-11,NextSeq 500,Unknown,Contig,Inconclusive,Methanobrevibacter wolinii,2026-09-29
GCA_946011565.1,uncultured Mollicutes bacterium,220137,PRJEB53042,SAMEA110425009,2022,2022-09-11,NextSeq 500,Unknown,Contig,Inconclusive,Hypnocyclicus thermotrophus,2026-09-29
GCA_946057055.1,uncultured Mollicutes bacterium,220137,PRJEB53634,SAMEA110446583,2022,2022-09-11,Illumina HiSeq 2500,Short,Contig,Inconclusive,Treponema rectale,2026-09-29
GCA_946188625.1,uncultured Mycoplasmataceae bacterium,300027,PRJEB54043,SAMEA110587022,2022,2022-09-11,Illumina HiSeq 2500,Short,Contig,Inconclusive,Mycoplasmoides pirum,2026-09-29
GCA_946404325.1,uncultured Mollicutes bacterium,220137,PRJEB54957,SAMEA110653654,2022,2022-09-12,Illumina HiSeq 4000,Short,Contig,Inconclusive,Clostridium lentum,2026-09-29
GCA_946408735.1,uncultured Mycoplasmataceae bacterium,300027,PRJEB54748,SAMEA110643182,2022,2022-09-12,HiSeq X Ten,Short,Contig,Inconclusive,Mycoplasmoides pirum,2026-09-29
GCA_946411715.1,uncultured Mollicutes bacterium,220137,PRJEB55242,SAMEA110666287,2022,2022-09-15,NextSeq 500,Unknown,Contig,Inconclusive,na,2026-09-29
GCA_946478875.1,uncultured Mycoplasmataceae bacterium,300027,PRJEB55376,SAMEA110698840,2023,2023-04-03,DNBSEQ-G400,Short,Contig,Inconclusive,Mycoplasmoides pirum,2026-09-29
GCA_946486265.1,uncultured Mycoplasma sp.,167967,PRJEB55374,SAMEA110702662,2023,2023-04-04,DNBSEQ-G400,Short,Contig,Inconclusive,na,2026-09-29
GCA_946486345.1,uncultured Mollicutes bacterium,220137,PRJEB55374,SAMEA110702420,2023,2023-04-03,DNBSEQ-G400,Short,Contig,Inconclusive,na,2026-09-29
GCA_946490605.1,uncultured Mollicutes bacterium,220137,PRJEB55374,SAMEA110702393,2023,2023-04-04,DNBSEQ-G400,Short,Contig,Inconclusive,Clostridium oceanicum,2026-09-29
GCA_946491805.1,uncultured Mollicutes bacterium,220137,PRJEB55374,SAMEA110702473,2023,2023-04-03,DNBSEQ-G400,Short,Contig,Inconclusive,na,2026-09-29
GCA_946492135.1,uncultured Mycoplasma sp.,167967,PRJEB55374,SAMEA110702585,2023,2023-04-04,DNBSEQ-G400,Short,Contig,Inconclusive,na,2026-09-29
GCA_946495795.1,uncultured Acholeplasma sp.,453122,PRJEB55374,SAMEA110703077,2023,2023-04-03,DNBSEQ-G400,Short,Contig,Inconclusive,na,2026-09-29
GCA_946495815.1,uncultured Mollicutes bacterium,220137,PRJEB55374,SAMEA110703268,2023,2023-04-04,DNBSEQ-G400,Short,Contig,Inconclusive,Clostridium thermobutyricum,2026-09-29
GCA_946496505.1,uncultured Mycoplasma sp.,167967,PRJEB55374,SAMEA110703166,2023,2023-04-04,DNBSEQ-G400,Short,Contig,Inconclusive,[Clostridium] colinum,2026-09-29
GCA_946497225.1,uncultured Mycoplasma sp.,167967,PRJEB55374,SAMEA110703245,2023,2023-04-03,DNBSEQ-G400,Short,Contig,Inconclusive,na,2026-09-29
GCA_946497735.1,uncultured Mycoplasma sp.,167967,PRJEB55374,SAMEA110703295,2023,2023-04-04,DNBSEQ-G400,Short,Contig,Inconclusive,na,2026-09-29
GCA_946497835.1,uncultured Mollicutes bacterium,220137,PRJEB55374,SAMEA110703491,2023,2023-04-04,DNBSEQ-G400,Short,Contig,Inconclusive,Solibaculum intestinale,2026-09-29
GCA_946497855.1,uncultured Acholeplasma sp.,453122,PRJEB55374,SAMEA110703204,2023,2023-04-04,DNBSEQ-G400,Short,Contig,Inconclusive,Candidatus Methanoflexus mossambicus,2026-09-29
GCA_946498145.1,uncultured Mycoplasma sp.,167967,PRJEB55374,SAMEA110703221,2023,2023-04-03,DNBSEQ-G400,Short,Contig,Inconclusive,na,2026-09-29
GCA_946498685.1,uncultured Mollicutes bacterium,220137,PRJEB55374,SAMEA110703144,2023,2023-04-04,DNBSEQ-G400,Short,Contig,Inconclusive,Clostridium tarantellae,2026-09-29
GCA_946498845.1,uncultured Mollicutes bacterium,220137,PRJEB55374,SAMEA110703115,2023,2023-04-04,DNBSEQ-G400,Short,Contig,Inconclusive,Fusobacterium canifelinum,2026-09-29
GCA_946499905.1,uncultured Acholeplasma sp.,453122,PRJEB55374,SAMEA110703032,2023,2023-04-04,DNBSEQ-G400,Short,Contig,Inconclusive,Hypnocyclicus thermotrophus,2026-09-29
GCA_946500365.1,uncultured Mollicutes bacterium,220137,PRJEB55374,SAMEA110702963,2023,2023-04-04,DNBSEQ-G400,Short,Contig,Inconclusive,Clostridium tarantellae,2026-09-29
GCA_946500425.1,uncultured Mollicutes bacterium,220137,PRJEB55374,SAMEA110703436,2023,2023-04-04,DNBSEQ-G400,Short,Contig,Inconclusive,Hypnocyclicus thermotrophus,2026-09-29
GCA_946500565.1,uncultured Acholeplasma sp.,453122,PRJEB55374,SAMEA110703190,2023,2023-04-04,DNBSEQ-G400,Short,Contig,Inconclusive,Hypnocyclicus thermotrophus,2026-09-29
GCA_946500895.1,uncultured Mycoplasma sp.,167967,PRJEB55374,SAMEA110703237,2023,2023-04-04,DNBSEQ-G400,Short,Contig,Inconclusive,na,2026-09-29
GCA_946539555.1,uncultured Mollicutes bacterium,220137,PRJEB22623,SAMEA110744731,2022,2022-09-13,Illumina HiSeq 2000,Short,Contig,Inconclusive,na,2026-09-29
GCA_946554525.1,uncultured Mycoplasma sp.,167967,PRJEB54774,SAMEA110745057,2022,2022-09-13,Illumina NovaSeq 6000,Short,Contig,Inconclusive,Clostridium thermobutyricum,2026-09-29
GCA_946566885.1,uncultured Mollicutes bacterium,220137,PRJEB54774,SAMEA110745009,2022,2022-09-13,Illumina NovaSeq 6000,Short,Contig,Inconclusive,na,2026-09-29
GCA_946577115.1,uncultured Acholeplasmataceae bacterium,1233398,PRJEB55375,SAMEA110745227,2023,2023-04-03,DNBSEQ-G400,Short,Contig,Inconclusive,Candidatus Phytoplasma stylosanthis,2026-09-29
GCA_946623465.1,uncultured Mycoplasmataceae bacterium,300027,PRJEB22623,SAMEA110745657,2022,2022-09-13,Illumina HiSeq 2000,Short,Contig,Inconclusive,Malacoplasma muris,2026-09-29
GCA_946647005.1,uncultured Anaeroplasma sp.,538969,PRJEB22623,SAMEA110746279,2022,2022-09-13,Illumina HiSeq 2000,Short,Contig,OK,Anaeroplasma bactoclasticum,2026-09-29
GCA_946998935.1,uncultured Mycoplasma sp.,167967,PRJEB53599,SAMEA111388621,2022,2022-09-25,Illumina HiSeq 4000,Short,Contig,Inconclusive,Mycoplasmopsis fermentans,2026-09-29
GCA_947002115.1,uncultured Mollicutes bacterium,220137,PRJEB55618,SAMEA111396748,2022,2022-10-02,Illumina HiSeq 4000,Short,Contig,Inconclusive,na,2026-09-29
GCA_947036275.1,uncultured Mollicutes bacterium,220137,PRJEB55795,SAMEA111413025,2022,2022-10-07,Illumina HiSeq 2500,Short,Contig,Inconclusive,Anaeroplasma bactoclasticum,2026-09-29
GCA_947036295.1,uncultured Mycoplasma sp.,167967,PRJEB49827,SAMEA111426114,2022,2022-10-07,Illumina HiSeq 2500,Short,Contig,Inconclusive,Photobacterium iliopiscarium,2026-09-29
GCA_947037945.1,uncultured Mycoplasma sp.,167967,PRJEB49827,SAMEA111426145,2022,2022-10-07,Illumina HiSeq 2500,Short,Contig,Inconclusive,Mycoplasmopsis maculosa,2026-09-29
GCA_947038145.1,uncultured Mollicutes bacterium,220137,PRJEB49827,SAMEA111426144,2022,2022-10-07,Illumina HiSeq 2500,Short,Contig,Inconclusive,[Mycoplasma] collis,2026-09-29
GCA_947039385.1,uncultured Mycoplasma sp.,167967,PRJEB49827,SAMEA111426146,2022,2022-10-07,Illumina HiSeq 2500,Short,Contig,Inconclusive,Mycoplasmopsis maculosa,2026-09-29
GCA_947039505.1,uncultured Mycoplasma sp.,167967,PRJEB49827,SAMEA111426157,2022,2022-10-07,Illumina HiSeq 2500,Short,Contig,Inconclusive,Mesomycoplasma moatsii,2026-09-29
GCA_947039725.1,uncultured Mycoplasmataceae bacterium,300027,PRJEB55067,SAMEA111426061,2022,2022-10-07,Illumina MiSeq,Short,Contig,Inconclusive,Mycoplasmoides pirum,2026-09-29
GCA_947039955.1,uncultured Mycoplasma sp.,167967,PRJEB49856,SAMEA111426100,2022,2022-10-07,Illumina HiSeq 2500,Short,Contig,Inconclusive,Mesomycoplasma moatsii,2026-09-29
GCA_947039965.1,uncultured Mycoplasma sp.,167967,PRJEB49827,SAMEA111426143,2022,2022-10-07,Illumina HiSeq 2500,Short,Contig,Inconclusive,Mycoplasma buteonis,2026-09-29
GCA_947040455.1,uncultured Mycoplasma sp.,167967,PRJEB49827,SAMEA111426156,2022,2022-10-07,Illumina HiSeq 2500,Short,Contig,Inconclusive,Mesomycoplasma neurolyticum,2026-09-29
GCA_947040465.1,uncultured Mycoplasma sp.,167967,PRJEB49827,SAMEA111426138,2022,2022-10-07,Illumina HiSeq 2500,Short,Contig,Inconclusive,Mycoplasmopsis maculosa,2026-09-29
GCA_947041065.1,uncultured Mycoplasma sp.,167967,PRJEB49856,SAMEA111426103,2022,2022-10-07,Illumina HiSeq 2500,Short,Contig,Inconclusive,Mycoplasmopsis cricetuli,2026-09-29
GCA_947041945.1,uncultured Mycoplasmataceae bacterium,300027,PRJEB54986,SAMEA111404284,2022,2022-10-07,Illumina HiSeq 2500,Short,Contig,Inconclusive,Mycoplasmoides pirum,2026-09-29
GCA_947054325.1,uncultured Mycoplasmataceae bacterium,300027,PRJEB55923,SAMEA111454634,2022,2022-10-12,HiSeq X Ten,Short,Contig,Inconclusive,Malacoplasma muris,2026-09-29
GCA_947054515.1,uncultured Mollicutes bacterium,220137,PRJEB55923,SAMEA111454582,2022,2022-10-12,HiSeq X Ten,Short,Contig,Inconclusive,Clostridium tarantellae,2026-09-29
GCA_947057315.1,uncultured Mollicutes bacterium,220137,PRJEB56173,SAMEA111464775,2022,2022-10-14,Illumina NovaSeq 6000,Short,Contig,Inconclusive,Anaeroplasma bactoclasticum,2026-09-29
GCA_947059005.1,uncultured Mycoplasma sp.,167967,PRJEB56173,SAMEA111464808,2022,2022-10-14,Illumina NovaSeq 6000,Short,Contig,Inconclusive,na,2026-09-29
GCA_947061565.1,uncultured Mollicutes bacterium,220137,PRJEB55680,SAMEA111463646,2022,2022-10-14,Illumina HiSeq 2500,Short,Contig,Inconclusive,na,2026-09-29
GCA_947064695.1,uncultured Mycoplasma sp.,167967,PRJEB56173,SAMEA111464826,2022,2022-10-14,Illumina NovaSeq 6000,Short,Contig,Inconclusive,Clostridium ihumii,2026-09-29
GCA_947066065.1,uncultured Mollicutes bacterium,220137,PRJEB55680,SAMEA111463651,2022,2022-10-14,Illumina HiSeq 2000,Short,Contig,Inconclusive,na,2026-09-29
GCA_947072445.1,uncultured Mycoplasmataceae bacterium,300027,PRJEB56417,SAMEA111477205,2022,2022-10-17,NextSeq 550,Unknown,Contig,Inconclusive,Malacoplasma muris,2026-09-29
GCA_947073695.1,uncultured Mycoplasmataceae bacterium,300027,PRJEB56086,SAMEA111477361,2022,2022-10-17,Illumina HiSeq 4000,Short,Contig,Inconclusive,na,2026-09-29
GCA_947073805.1,uncultured Mollicutes bacterium,220137,PRJEB56086,SAMEA111477404,2022,2022-10-17,Illumina HiSeq 4000,Short,Contig,Inconclusive,Clostridium tarantellae,2026-09-29
GCA_947074005.1,uncultured Mycoplasma sp.,167967,PRJEB56086,SAMEA111477427,2022,2022-10-17,Illumina HiSeq 4000,Short,Contig,Inconclusive,na,2026-09-29
GCA_947088625.1,uncultured Mycoplasma sp.,167967,PRJEB56117,SAMEA111491867,2022,2022-10-21,Illumina NovaSeq 6000,Short,Contig,Inconclusive,na,2026-09-29
GCA_947089015.1,uncultured Mollicutes bacterium,220137,PRJEB56117,SAMEA111491552,2022,2022-10-21,Illumina NovaSeq 6000,Short,Contig,Inconclusive,na,2026-09-29
GCA_947165235.1,uncultured Mycoplasmataceae bacterium,300027,PRJEB56573,SAMEA111499093,2022,2022-10-28,HiSeq X Ten,Short,Contig,Inconclusive,Mycoplasmoides pirum,2026-09-29
GCA_947166335.1,uncultured Mollicutes bacterium,220137,PRJEB56573,SAMEA111499067,2022,2022-10-28,HiSeq X Ten,Short,Contig,Inconclusive,Anaeroplasma bactoclasticum,2026-09-29
GCA_947169545.1,uncultured Mycoplasmataceae bacterium,300027,PRJEB56573,SAMEA111498792,2022,2022-10-28,HiSeq X Ten,Short,Contig,Inconclusive,na,2026-09-29
GCA_947169725.1,uncultured Mycoplasmataceae bacterium,300027,PRJEB56573,SAMEA111498750,2022,2022-10-28,HiSeq X Ten,Short,Contig,Inconclusive,Malacoplasma muris,2026-09-29
GCA_947170205.1,uncultured Mycoplasmataceae bacterium,300027,PRJEB56573,SAMEA111499144,2022,2022-10-28,HiSeq X Ten,Short,Contig,Inconclusive,na,2026-09-29
GCA_947172195.1,uncultured Mycoplasmataceae bacterium,300027,PRJEB55619,SAMEA111499820,2022,2022-10-28,Illumina NovaSeq 6000,Short,Contig,Inconclusive,Mycoplasmoides pirum,2026-09-29
GCA_947172735.1,uncultured Mollicutes bacterium,220137,PRJEB55922,SAMEA111500417,2022,2022-10-28,Illumina HiSeq 2500,Short,Contig,Inconclusive,Anaeroplasma bactoclasticum,2026-09-29
GCA_947173965.1,uncultured Mollicutes bacterium,220137,PRJEB56464,SAMEA111500636,2022,2022-10-28,NextSeq 500,Unknown,Contig,Inconclusive,Arcobacter venerupis,2026-09-29
GCA_947173985.1,uncultured Mollicutes bacterium,220137,PRJEB56464,SAMEA111500920,2022,2022-10-28,NextSeq 500,Unknown,Contig,Inconclusive,Malacoplasma iowae,2026-09-29
GCA_947174035.1,uncultured Mycoplasma sp.,167967,PRJEB56464,SAMEA111500916,2022,2022-10-28,NextSeq 500,Unknown,Contig,Inconclusive,Malacoplasma muris,2026-09-29
GCA_947174195.1,uncultured Mycoplasma sp.,167967,PRJEB56464,SAMEA111500610,2022,2022-10-28,NextSeq 500,Unknown,Contig,Inconclusive,Malacoplasma muris,2026-09-29
GCA_947174315.1,uncultured Mycoplasma sp.,167967,PRJEB56464,SAMEA111500615,2022,2022-10-28,NextSeq 500,Unknown,Contig,Inconclusive,Malacoplasma muris,2026-09-29
GCA_947174685.1,uncultured Mollicutes bacterium,220137,PRJEB56464,SAMEA111500558,2022,2022-10-28,NextSeq 500,Unknown,Contig,Inconclusive,Anaeroplasma bactoclasticum,2026-09-29
GCA_947174715.1,uncultured Mollicutes bacterium,220137,PRJEB56464,SAMEA111500560,2022,2022-10-28,NextSeq 500,Unknown,Contig,Inconclusive,Anaeroplasma bactoclasticum,2026-09-29
GCA_947174785.1,uncultured Mollicutes bacterium,220137,PRJEB56464,SAMEA111500524,2022,2022-10-28,NextSeq 500,Unknown,Contig,Inconclusive,Anaeroplasma bactoclasticum,2026-09-29
GCA_947175365.1,uncultured Mycoplasmataceae bacterium,300027,PRJEB56464,SAMEA111500711,2022,2022-10-28,NextSeq 500,Unknown,Contig,Inconclusive,na,2026-09-29
GCA_947175405.1,uncultured Mollicutes bacterium,220137,PRJEB56464,SAMEA111500735,2022,2022-10-28,NextSeq 500,Unknown,Contig,Inconclusive,Anaeroplasma bactoclasticum,2026-09-29
GCA_947176315.1,uncultured Mollicutes bacterium,220137,PRJEB56464,SAMEA111500442,2022,2022-10-28,NextSeq 500,Unknown,Contig,Inconclusive,Anaeroplasma bactoclasticum,2026-09-29
GCA_947176435.1,uncultured Mycoplasmataceae bacterium,300027,PRJEB56464,SAMEA111500471,2022,2022-10-28,NextSeq 500,Unknown,Contig,Inconclusive,Mycoplasmoides pirum,2026-09-29
GCA_947176555.1,uncultured Mollicutes bacterium,220137,PRJEB56464,SAMEA111500616,2022,2022-10-28,NextSeq 500,Unknown,Contig,Inconclusive,Anaeroplasma bactoclasticum,2026-09-29
GCA_947176635.1,uncultured Mycoplasmataceae bacterium,300027,PRJEB56464,SAMEA111500499,2022,2022-10-28,NextSeq 500,Unknown,Contig,Inconclusive,Mycoplasmoides pirum,2026-09-29
GCA_947176705.1,uncultured Mollicutes bacterium,220137,PRJEB56464,SAMEA111500611,2022,2022-10-28,NextSeq 500,Unknown,Contig,Inconclusive,Anaeroplasma bactoclasticum,2026-09-29
GCA_947176815.1,uncultured Mollicutes bacterium,220137,PRJEB56464,SAMEA111500867,2022,2022-10-28,NextSeq 500,Unknown,Contig,Inconclusive,na,2026-09-29
GCA_947177025.1,uncultured Mollicutes bacterium,220137,PRJEB56464,SAMEA111500680,2022,2022-10-28,NextSeq 500,Unknown,Contig,Inconclusive,Anaeroplasma bactoclasticum,2026-09-29
GCA_947177125.1,uncultured Mycoplasma sp.,167967,PRJEB56464,SAMEA111500664,2022,2022-10-28,NextSeq 500,Unknown,Contig,Inconclusive,Malacoplasma muris,2026-09-29
GCA_947177385.1,uncultured Mycoplasmataceae bacterium,300027,PRJEB56464,SAMEA111500634,2022,2022-10-28,NextSeq 500,Unknown,Contig,Inconclusive,Ureaplasma ceti,2026-09-29
GCA_947177535.1,uncultured Mycoplasma sp.,167967,PRJEB56464,SAMEA111500678,2022,2022-10-28,NextSeq 500,Unknown,Contig,Inconclusive,Malacoplasma muris,2026-09-29
GCA_947179275.1,uncultured Mycoplasmataceae bacterium,300027,PRJEB56464,SAMEA111500459,2022,2022-10-28,NextSeq 500,Unknown,Contig,Inconclusive,Malacoplasma muris,2026-09-29
GCA_947246865.1,uncultured Mollicutes bacterium,220137,PRJEB56768,SAMEA111529323,2022,2022-10-29,Illumina NovaSeq 6000,Short,Contig,Inconclusive,na,2026-09-29
GCA_947296755.1,uncultured Mollicutes bacterium,220137,PRJEB56897,SAMEA111557533,2022,2022-11-27,NextSeq 500,Unknown,Contig,Inconclusive,Anaeroplasma bactoclasticum,2026-09-29
GCA_947313745.1,uncultured Mycoplasmataceae bacterium,300027,PRJEB37577,SAMEA112126941,2022,2022-11-27,Illumina HiSeq 3000,Short,Contig,Inconclusive,Mesomycoplasma lagogenitalium,2026-09-29
GCA_947313775.1,uncultured Mycoplasmataceae bacterium,300027,PRJEB37577,SAMEA112126947,2022,2022-11-27,Illumina HiSeq 3000,Short,Contig,Inconclusive,Mesomycoplasma neurolyticum,2026-09-29
GCA_947313795.1,uncultured Entomoplasmatales bacterium,213662,PRJEB37577,SAMEA112126951,2022,2022-11-27,Illumina HiSeq 3000,Short,Contig,Inconclusive,na,2026-09-29
GCA_947313865.1,uncultured Mycoplasmataceae bacterium,300027,PRJEB37577,SAMEA112126946,2022,2022-11-27,Illumina HiSeq 3000,Short,Contig,Inconclusive,Mesomycoplasma lagogenitalium,2026-09-29
GCA_947313895.1,uncultured Mycoplasmataceae bacterium,300027,PRJEB37577,SAMEA112126943,2022,2022-11-27,Illumina HiSeq 3000,Short,Contig,Inconclusive,[Mycoplasma] collis,2026-09-29
GCA_947313935.1,uncultured Mollicutes bacterium,220137,PRJEB37577,SAMEA112126940,2022,2022-11-27,Illumina HiSeq 3000,Short,Contig,Inconclusive,Spiroplasma phoeniceum,2026-09-29
GCA_947330515.1,uncultured Mycoplasmataceae bacterium,300027,PRJEB37577,SAMEA112126938,2022,2022-11-27,Illumina HiSeq 3000,Short,Contig,Inconclusive,Mesomycoplasma neurolyticum,2026-09-29
GCA_947345825.1,uncultured Mollicutes bacterium,220137,PRJEB56583,SAMEA112132344,2022,2022-11-27,Illumina HiSeq 4000,Short,Contig,Inconclusive,Anaeroplasma bactoclasticum,2026-09-29
GCA_947347095.1,uncultured Mollicutes bacterium,220137,PRJEB56587,SAMEA112134442,2022,2022-11-27,Illumina NovaSeq 6000,Short,Contig,Inconclusive,na,2026-09-29
GCA_947347355.1,uncultured Mycoplasma sp.,167967,PRJEB56587,SAMEA112134476,2022,2022-11-27,Illumina NovaSeq 6000,Short,Contig,Failed,Malacoplasma muris,2026-09-29
GCA_947349245.1,uncultured Mollicutes bacterium,220137,PRJEB56586,SAMEA112135699,2022,2022-11-27,Illumina HiSeq 2500,Short,Contig,Inconclusive,na,2026-09-29
GCA_947362665.1,uncultured Mycoplasmataceae bacterium,300027,PRJEB57082,SAMEA112143809,2022,2022-11-27,Illumina NovaSeq 6000,Short,Contig,Inconclusive,Malacoplasma iowae,2026-09-29
GCA_947363135.1,uncultured Mollicutes bacterium,220137,PRJEB57082,SAMEA112143830,2022,2022-11-27,Illumina NovaSeq 6000,Short,Contig,Inconclusive,na,2026-09-29
GCA_947363865.1,uncultured Mollicutes bacterium,220137,PRJEB57209,SAMEA112143981,2022,2022-11-27,Illumina HiSeq 4000,Short,Contig,Inconclusive,na,2026-09-29
GCA_947365035.1,uncultured Mollicutes bacterium,220137,PRJEB57209,SAMEA112144025,2022,2022-11-27,Illumina HiSeq 4000,Short,Contig,Inconclusive,Anaeroplasma bactoclasticum,2026-09-29
GCA_947365155.1,uncultured Mollicutes bacterium,220137,PRJEB57209,SAMEA112144017,2022,2022-11-27,Illumina HiSeq 4000,Short,Contig,Inconclusive,na,2026-09-29
GCA_947365575.1,uncultured Mollicutes bacterium,220137,PRJEB57209,SAMEA112143990,2022,2022-11-27,Illumina HiSeq 4000,Short,Contig,Inconclusive,Spiroplasma taiwanense,2026-09-29
GCA_947383995.1,uncultured Mollicutes bacterium,220137,PRJEB55478,SAMEA112151359,2022,2022-11-27,Illumina NovaSeq 6000,Short,Contig,Inconclusive,Anaeroplasma bactoclasticum,2026-09-29
GCA_947385015.1,uncultured Mollicutes bacterium,220137,PRJEB55478,SAMEA112151628,2022,2022-11-27,Illumina NovaSeq 6000,Short,Contig,Inconclusive,Eubacterium ventriosum,2026-09-29
GCA_947388575.1,uncultured Mycoplasma sp.,167967,PRJEB57178,SAMEA112152982,2022,2022-11-27,Illumina NovaSeq 6000,Short,Contig,Inconclusive,na,2026-09-29
GCA_947425345.1,uncultured Mollicutes bacterium,220137,PRJEB57762,SAMEA112165064,2022,2022-11-29,Illumina HiSeq 2500,Short,Contig,Inconclusive,na,2026-09-29
GCA_947428165.1,uncultured Mollicutes bacterium,220137,PRJEB57761,SAMEA112164918,2022,2022-11-29,Illumina NovaSeq 6000,Short,Contig,Inconclusive,na,2026-09-29
GCA_947429165.1,uncultured Mycoplasmataceae bacterium,300027,PRJEB57761,SAMEA112164905,2022,2022-11-29,Illumina NovaSeq 6000,Short,Contig,Inconclusive,Malacoplasma iowae,2026-09-29
GCA_947429695.1,uncultured Mollicutes bacterium,220137,PRJEB57739,SAMEA112165160,2022,2022-11-29,Illumina NovaSeq 6000,Short,Contig,Inconclusive,na,2026-09-29
GCA_947542595.1,uncultured Mollicutes bacterium,220137,PRJEB55806,SAMEA112189267,2022,2022-12-09,Illumina HiSeq 2500,Short,Contig,Inconclusive,Anaeroplasma bactoclasticum,2026-09-29
GCA_947565485.1,uncultured Mycoplasma sp.,167967,PRJEB55801,SAMEA112223233,2022,2022-12-13,Illumina NovaSeq 6000,Short,Contig,Inconclusive,na,2026-09-29
GCA_947568215.1,uncultured Mollicutes bacterium,220137,PRJEB55801,SAMEA112223387,2022,2022-12-16,Illumina NovaSeq 6000,Short,Contig,Inconclusive,na,2026-09-29
GCA_947573415.1,uncultured Mollicutes bacterium,220137,PRJEB57835,SAMEA112233832,2022,2022-12-16,Illumina HiSeq 4000,Short,Contig,Inconclusive,na,2026-09-29
GCA_947573435.1,uncultured Mollicutes bacterium,220137,PRJEB57835,SAMEA112234340,2022,2022-12-16,Illumina HiSeq 4000,Short,Contig,Inconclusive,Clostridium senegalense,2026-09-29
GCA_947589245.1,uncultured Anaeroplasmataceae bacterium,658266,PRJEB50625,SAMEA112230079,2022,2022-12-17,ILLUMINA,Short,Contig,Inconclusive,na,2026-09-29
GCA_947592005.1,uncultured Anaeroplasma sp.,538969,PRJEB50625,SAMEA112230078,2022,2022-12-17,ILLUMINA,Short,Contig,Inconclusive,Anaeroplasma bactoclasticum,2026-09-29
GCA_947629825.1,uncultured Anaeroplasmataceae bacterium,658266,PRJEB50625,SAMEA112230080,2022,2022-12-19,ILLUMINA,Short,Contig,Inconclusive,Malaciobacter molluscorum,2026-09-29
GCA_947642635.1,uncultured Mycoplasma sp.,167967,PRJEB57738,SAMEA112246945,2022,2022-12-21,Illumina NovaSeq 6000,Short,Contig,Inconclusive,na,2026-09-29
GCA_947644505.1,uncultured Mollicutes bacterium,220137,PRJEB57766,SAMEA112228002,2022,2022-12-21,NextSeq 550,Unknown,Contig,Inconclusive,na,2026-09-29
GCA_947646115.1,uncultured Mycoplasma sp.,167967,PRJEB57835,SAMEA112233864,2022,2022-12-21,Illumina HiSeq 4000,Short,Contig,Inconclusive,na,2026-09-29
GCA_947648205.1,uncultured Mycoplasma sp.,167967,PRJEB57738,SAMEA112246962,2022,2022-12-21,Illumina NovaSeq 6000,Short,Contig,Failed,Malacoplasma muris,2026-09-29
GCA_947648735.1,uncultured Mollicutes bacterium,220137,PRJEB57835,SAMEA112233902,2022,2022-12-21,Illumina HiSeq 4000,Short,Contig,Inconclusive,na,2026-09-29
GCA_947649445.1,uncultured Mycoplasma sp.,167967,PRJEB57834,SAMEA112247211,2022,2022-12-21,Illumina NovaSeq 6000,Short,Contig,Inconclusive,Hypnocyclicus thermotrophus,2026-09-29
GCA_947649725.1,uncultured Mollicutes bacterium,220137,PRJEB57834,SAMEA112247303,2022,2022-12-21,Illumina NovaSeq 6000,Short,Contig,Inconclusive,Dubosiella muris,2026-09-29
GCA_947652375.1,uncultured Mollicutes bacterium,220137,PRJEB57738,SAMEA112246967,2022,2022-12-21,Illumina NovaSeq 6000,Short,Contig,Inconclusive,na,2026-09-29
GCA_947653365.1,uncultured Mycoplasma sp.,167967,PRJEB57738,SAMEA112246808,2022,2022-12-25,Illumina NovaSeq 6000,Short,Contig,Inconclusive,na,2026-09-29
GCA_948434265.1,uncultured Acholeplasmataceae bacterium,1233398,PRJEB58021,SAMEA112229493,2023,2023-02-03,Illumina HiSeq 2500,Short,Contig,Inconclusive,Romboutsia lituseburensis,2026-09-29
GCA_948466075.1,uncultured Mollicutes bacterium,220137,PRJEB58021,SAMEA112229464,2023,2023-02-03,Illumina HiSeq 2500,Short,Contig,Inconclusive,na,2026-09-29
GCA_948468185.1,uncultured Mollicutes bacterium,220137,PRJEB58054,SAMEA112353929,2023,2023-02-03,Illumina NovaSeq 6000,Short,Contig,Inconclusive,Anaeroplasma bactoclasticum,2026-09-29
GCA_948468415.1,uncultured Mollicutes bacterium,220137,PRJEB58022,SAMEA112250399,2023,2023-02-03,Illumina NovaSeq 6000,Short,Contig,Inconclusive,Anaeroplasma bactoclasticum,2026-09-29
GCA_948473105.1,uncultured Mycoplasma sp.,167967,PRJEB57835,SAMEA112234070,2023,2023-02-03,Illumina HiSeq 4000,Short,Contig,Inconclusive,Fusobacterium perfoetens,2026-09-29
GCA_948475605.1,uncultured Anaeroplasmataceae bacterium,658266,PRJEB59335,SAMEA112418069,2023,2023-03-11,Illumina,Short,Scaffold,Inconclusive,Granulicatella elegans,2026-09-29
GCA_948475785.1,uncultured Anaeroplasmataceae bacterium,658266,PRJEB59335,SAMEA112410049,2023,2023-04-11,Illumina,Short,Scaffold,Inconclusive,Sporofaciens musculi,2026-09-29
GCA_948484235.1,uncultured Anaeroplasmataceae bacterium,658266,PRJEB59335,SAMEA112381017,2023,2023-03-26,Illumina,Short,Scaffold,Inconclusive,Parablautia muri,2026-09-29
GCA_948485775.1,uncultured Anaeroplasmataceae bacterium,658266,PRJEB59335,SAMEA112385055,2023,2023-03-13,Illumina,Short,Scaffold,Inconclusive,na,2026-09-29
GCA_948487555.1,uncultured Anaeroplasmataceae bacterium,658266,PRJEB59335,SAMEA112379192,2023,2023-03-24,Illumina,Short,Scaffold,Inconclusive,Bacteroides caecimuris,2026-09-29
GCA_948491545.1,uncultured Anaeroplasmataceae bacterium,658266,PRJEB59335,SAMEA112420246,2023,2023-03-14,Illumina,Short,Scaffold,Inconclusive,Leptotrichia mesophila,2026-09-29
GCA_948494255.1,uncultured Anaeroplasmataceae bacterium,658266,PRJEB59335,SAMEA112381141,2023,2023-03-15,Illumina,Short,Scaffold,Inconclusive,na,2026-09-29
GCA_948495225.1,uncultured Anaeroplasmataceae bacterium,658266,PRJEB59335,SAMEA112397141,2023,2023-03-13,Illumina,Short,Contig,Inconclusive,na,2026-09-29
GCA_948498705.1,uncultured Acholeplasmatales bacterium,345904,PRJEB59335,SAMEA112437066,2023,2023-03-15,Illumina,Short,Scaffold,Inconclusive,na,2026-09-29
GCA_948499705.1,uncultured Anaeroplasmataceae bacterium,658266,PRJEB59335,SAMEA112412127,2023,2023-03-14,Illumina,Short,Contig,Inconclusive,na,2026-09-29
GCA_948499905.1,uncultured Anaeroplasmataceae bacterium,658266,PRJEB59335,SAMEA112399062,2023,2023-03-14,Illumina,Short,Scaffold,Inconclusive,Amedibacterium intestinale,2026-09-29
GCA_948501625.1,uncultured Anaeroplasmataceae bacterium,658266,PRJEB59335,SAMEA112404109,2023,2023-03-25,Illumina,Short,Scaffold,Inconclusive,na,2026-09-29
GCA_948501715.1,uncultured Anaeroplasmataceae bacterium,658266,PRJEB59335,SAMEA112381117,2023,2023-03-14,Illumina,Short,Scaffold,Inconclusive,Anaeroplasma bactoclasticum,2026-09-29
GCA_948509725.1,uncultured Anaeroplasmataceae bacterium,658266,PRJEB59335,SAMEA112403114,2023,2023-03-12,Illumina,Short,Scaffold,Inconclusive,na,2026-09-29
GCA_948513515.1,uncultured Anaeroplasmataceae bacterium,658266,PRJEB59335,SAMEA112395171,2023,2023-03-13,Illumina,Short,Scaffold,Inconclusive,Arcobacter ellisii,2026-09-29
GCA_948515005.1,uncultured Anaeroplasmataceae bacterium,658266,PRJEB59335,SAMEA112426220,2023,2023-03-11,Illumina,Short,Scaffold,Inconclusive,Anaeroplasma bactoclasticum,2026-09-29
GCA_948516325.1,uncultured Anaeroplasmataceae bacterium,658266,PRJEB59335,SAMEA112381125,2023,2023-03-15,Illumina,Short,Scaffold,Inconclusive,na,2026-09-29
GCA_948518645.1,uncultured Anaeroplasmataceae bacterium,658266,PRJEB59335,SAMEA112378121,2023,2023-04-11,Illumina,Short,Scaffold,Inconclusive,Helicobacter typhlonius,2026-09-29
GCA_948519505.1,uncultured Anaeroplasmataceae bacterium,658266,PRJEB59335,SAMEA112386140,2023,2023-03-14,Illumina,Short,Contig,Inconclusive,na,2026-09-29
GCA_948520105.1,uncultured Anaeroplasmataceae bacterium,658266,PRJEB59335,SAMEA112410034,2023,2023-03-14,Illumina,Short,Scaffold,Inconclusive,na,2026-09-29
GCA_948520655.1,uncultured Anaeroplasmataceae bacterium,658266,PRJEB59335,SAMEA112434032,2023,2023-03-14,Illumina,Short,Scaffold,Inconclusive,na,2026-09-29
GCA_948522725.1,uncultured Anaeroplasmataceae bacterium,658266,PRJEB59335,SAMEA112381167,2023,2023-03-14,Illumina,Short,Scaffold,Inconclusive,na,2026-09-29
GCA_948527975.1,uncultured Anaeroplasmataceae bacterium,658266,PRJEB59335,SAMEA112394210,2023,2023-03-14,Illumina,Short,Scaffold,Inconclusive,Anaeroplasma bactoclasticum,2026-09-29
GCA_948534305.1,uncultured Anaeroplasmataceae bacterium,658266,PRJEB59335,SAMEA112429078,2023,2023-03-12,Illumina,Short,Contig,Inconclusive,Fusobacterium simiae,2026-09-29
GCA_948539605.1,uncultured Anaeroplasmataceae bacterium,658266,PRJEB59335,SAMEA112392051,2023,2023-03-13,Illumina,Short,Scaffold,Inconclusive,na,2026-09-29
GCA_948539695.1,uncultured Anaeroplasmataceae bacterium,658266,PRJEB59335,SAMEA112395059,2023,2023-03-15,Illumina,Short,Scaffold,Inconclusive,Arcobacter arenosus,2026-09-29
GCA_948542405.1,uncultured Anaeroplasmataceae bacterium,658266,PRJEB59335,SAMEA112424075,2023,2023-03-11,Illumina,Short,Scaffold,Inconclusive,Anaeroplasma bactoclasticum,2026-09-29
GCA_948544425.1,uncultured Anaeroplasmataceae bacterium,658266,PRJEB59335,SAMEA112404142,2023,2023-03-28,Illumina,Short,Scaffold,Inconclusive,na,2026-09-29
GCA_948545985.1,uncultured Anaeroplasmataceae bacterium,658266,PRJEB59335,SAMEA112400082,2023,2023-03-11,Illumina,Short,Scaffold,Inconclusive,na,2026-09-29
GCA_948547475.1,uncultured Anaeroplasmataceae bacterium,658266,PRJEB59335,SAMEA112427113,2023,2023-03-13,Illumina,Short,Contig,Inconclusive,Anaeroplasma bactoclasticum,2026-09-29
GCA_948549445.1,uncultured Anaeroplasmataceae bacterium,658266,PRJEB59335,SAMEA112420021,2023,2023-03-25,Illumina,Short,Scaffold,Inconclusive,Phocaeicola vulgatus,2026-09-29
GCA_948551105.1,uncultured Anaeroplasmataceae bacterium,658266,PRJEB59335,SAMEA112381193,2023,2023-03-13,Illumina,Short,Scaffold,Inconclusive,na,2026-09-29
GCA_948555195.1,uncultured Anaeroplasmataceae bacterium,658266,PRJEB59335,SAMEA112430028,2023,2023-03-12,Illumina,Short,Scaffold,Inconclusive,Phocaeicola vulgatus,2026-09-29
GCA_948555235.1,uncultured Anaeroplasmataceae bacterium,658266,PRJEB59335,SAMEA112434240,2023,2023-03-17,Illumina,Short,Contig,Inconclusive,Defluviitalea phaphyphila,2026-09-29
GCA_948555665.1,uncultured Anaeroplasmataceae bacterium,658266,PRJEB59335,SAMEA112403058,2023,2023-03-14,Illumina,Short,Scaffold,Inconclusive,na,2026-09-29
GCA_948557125.1,uncultured Anaeroplasmataceae bacterium,658266,PRJEB59335,SAMEA112422185,2023,2023-03-12,Illumina,Short,Scaffold,Inconclusive,Anaeroplasma bactoclasticum,2026-09-29
GCA_948557355.1,uncultured Anaeroplasmataceae bacterium,658266,PRJEB59335,SAMEA112421232,2023,2023-03-11,Illumina,Short,Scaffold,Inconclusive,Anaeroplasma bactoclasticum,2026-09-29
GCA_948560715.1,uncultured Anaeroplasmataceae bacterium,658266,PRJEB59335,SAMEA112421020,2023,2023-03-12,Illumina,Short,Scaffold,Inconclusive,Anaeroplasma bactoclasticum,2026-09-29
GCA_948562455.1,uncultured Anaeroplasmataceae bacterium,658266,PRJEB59335,SAMEA112412081,2023,2023-03-12,Illumina,Short,Scaffold,Inconclusive,na,2026-09-29
GCA_948563465.1,uncultured Anaeroplasmataceae bacterium,658266,PRJEB59335,SAMEA112427175,2023,2023-03-12,Illumina,Short,Scaffold,Inconclusive,Anaeroplasma bactoclasticum,2026-09-29
GCA_948563775.1,uncultured Anaeroplasmataceae bacterium,658266,PRJEB59335,SAMEA112420229,2023,2023-03-11,Illumina,Short,Scaffold,Inconclusive,Anaeroplasma bactoclasticum,2026-09-29
GCA_948565485.1,uncultured Anaeroplasmataceae bacterium,658266,PRJEB59335,SAMEA112410164,2023,2023-03-28,Illumina,Short,Scaffold,Inconclusive,na,2026-09-29
GCA_948566385.1,uncultured Anaeroplasmataceae bacterium,658266,PRJEB59335,SAMEA112381077,2023,2023-03-15,Illumina,Short,Scaffold,Inconclusive,na,2026-09-29
GCA_948569185.1,uncultured Anaeroplasmataceae bacterium,658266,PRJEB59335,SAMEA112430178,2023,2023-03-13,Illumina,Short,Scaffold,Inconclusive,Anaeroplasma bactoclasticum,2026-09-29
GCA_948572625.1,uncultured Anaeroplasmataceae bacterium,658266,PRJEB59335,SAMEA112410115,2023,2023-03-14,Illumina,Short,Scaffold,Inconclusive,na,2026-09-29
GCA_948575735.1,uncultured Anaeroplasmataceae bacterium,658266,PRJEB59335,SAMEA112421058,2023,2023-03-14,Illumina,Short,Scaffold,Inconclusive,Anaeroplasma bactoclasticum,2026-09-29
GCA_948575855.1,uncultured Anaeroplasmataceae bacterium,658266,PRJEB59335,SAMEA112426023,2023,2023-03-11,Illumina,Short,Scaffold,Inconclusive,Clostridium senegalense,2026-09-29
GCA_948577095.1,uncultured Anaeroplasmataceae bacterium,658266,PRJEB59335,SAMEA112379086,2023,2023-03-14,Illumina,Short,Scaffold,Inconclusive,Clostridium senegalense,2026-09-29
GCA_948577235.1,uncultured Anaeroplasmataceae bacterium,658266,PRJEB59335,SAMEA112405055,2023,2023-03-12,Illumina,Short,Scaffold,Inconclusive,na,2026-09-29
GCA_948578155.1,uncultured Anaeroplasmataceae bacterium,658266,PRJEB59335,SAMEA112406034,2023,2023-03-12,Illumina,Short,Scaffold,Inconclusive,Anaeroplasma bactoclasticum,2026-09-29
GCA_948579495.1,uncultured Anaeroplasmataceae bacterium,658266,PRJEB59335,SAMEA112401024,2023,2023-03-15,Illumina,Short,Scaffold,Inconclusive,Allocoprobacillus halotolerans,2026-09-29
GCA_948581995.1,uncultured Anaeroplasmataceae bacterium,658266,PRJEB59335,SAMEA112426262,2023,2023-03-11,Illumina,Short,Scaffold,Inconclusive,Clostridium senegalense,2026-09-29
GCA_948584375.1,uncultured Anaeroplasmataceae bacterium,658266,PRJEB59335,SAMEA112423089,2023,2023-03-24,Illumina,Short,Scaffold,Inconclusive,Anaeroplasma bactoclasticum,2026-09-29
GCA_948584785.1,uncultured Anaeroplasmataceae bacterium,658266,PRJEB59335,SAMEA112381217,2023,2023-03-15,Illumina,Short,Scaffold,Inconclusive,na,2026-09-29
GCA_948586535.1,uncultured Anaeroplasmataceae bacterium,658266,PRJEB59335,SAMEA112412034,2023,2023-03-14,Illumina,Short,Scaffold,Inconclusive,na,2026-09-29
GCA_948589325.1,uncultured Anaeroplasmataceae bacterium,658266,PRJEB59335,SAMEA112427212,2023,2023-03-14,Illumina,Short,Scaffold,Inconclusive,Leptotrichia hongkongensis,2026-09-29
GCA_948589645.1,uncultured Anaeroplasmataceae bacterium,658266,PRJEB59335,SAMEA112386194,2023,2023-03-13,Illumina,Short,Contig,Inconclusive,na,2026-09-29
GCA_948595965.1,uncultured Anaeroplasmataceae bacterium,658266,PRJEB59335,SAMEA112381212,2023,2023-03-15,Illumina,Short,Scaffold,Inconclusive,na,2026-09-29
GCA_948598375.1,uncultured Anaeroplasmataceae bacterium,658266,PRJEB59335,SAMEA112381090,2023,2023-03-15,Illumina,Short,Scaffold,Inconclusive,na,2026-09-29
GCA_948600105.1,uncultured Anaeroplasmataceae bacterium,658266,PRJEB59335,SAMEA112397094,2023,2023-03-30,Illumina,Short,Scaffold,Inconclusive,Taurinivorans muris,2026-09-29
GCA_948600355.1,uncultured Anaeroplasmataceae bacterium,658266,PRJEB59335,SAMEA112397261,2023,2023-03-11,Illumina,Short,Scaffold,Inconclusive,na,2026-09-29
GCA_948601965.1,uncultured Anaeroplasmataceae bacterium,658266,PRJEB59335,SAMEA112393027,2023,2023-03-26,Illumina,Short,Scaffold,Inconclusive,Parablautia muri,2026-09-29
GCA_948604155.1,uncultured Anaeroplasmataceae bacterium,658266,PRJEB59335,SAMEA112399202,2023,2023-03-12,Illumina,Short,Scaffold,Inconclusive,na,2026-09-29
GCA_948605455.1,uncultured Anaeroplasmataceae bacterium,658266,PRJEB59335,SAMEA112378138,2023,2023-04-18,Illumina,Short,Scaffold,Inconclusive,Helicobacter typhlonius,2026-09-29
GCA_948610555.1,uncultured Anaeroplasmataceae bacterium,658266,PRJEB59335,SAMEA112436129,2023,2023-03-11,Illumina,Short,Scaffold,Inconclusive,Anaeroplasma bactoclasticum,2026-09-29
GCA_948611095.1,uncultured Anaeroplasmataceae bacterium,658266,PRJEB59335,SAMEA112422233,2023,2023-03-11,Illumina,Short,Scaffold,Inconclusive,Anaeroplasma bactoclasticum,2026-09-29
GCA_948611355.1,uncultured Anaeroplasmataceae bacterium,658266,PRJEB59335,SAMEA112381318,2023,2023-03-15,Illumina,Short,Scaffold,Inconclusive,Fusobacterium simiae,2026-09-29
GCA_948611885.1,uncultured Anaeroplasmataceae bacterium,658266,PRJEB59335,SAMEA112381449,2023,2023-03-13,Illumina,Short,Scaffold,Inconclusive,na,2026-09-29
GCA_948613035.1,uncultured Anaeroplasmataceae bacterium,658266,PRJEB59335,SAMEA112404042,2023,2023-03-12,Illumina,Short,Scaffold,Inconclusive,na,2026-09-29
GCA_948619635.1,uncultured Anaeroplasmataceae bacterium,658266,PRJEB59335,SAMEA112411344,2023,2023-03-12,Illumina,Short,Scaffold,Inconclusive,na,2026-09-29
GCA_948619685.1,uncultured Anaeroplasmataceae bacterium,658266,PRJEB59335,SAMEA112390347,2023,2023-04-16,Illumina,Short,Scaffold,Inconclusive,Lactococcus lactis,2026-09-29
GCA_948620295.1,uncultured Anaeroplasmataceae bacterium,658266,PRJEB59335,SAMEA112411292,2023,2023-03-15,Illumina,Short,Contig,Inconclusive,na,2026-09-29
GCA_948621765.1,uncultured Anaeroplasmataceae bacterium,658266,PRJEB59335,SAMEA112378424,2023,2023-03-15,Illumina,Short,Contig,Inconclusive,na,2026-09-29
GCA_948622085.1,uncultured Anaeroplasmataceae bacterium,658266,PRJEB59335,SAMEA112380460,2023,2023-03-11,Illumina,Short,Scaffold,Inconclusive,Anaeroplasma bactoclasticum,2026-09-29
GCA_948622675.1,uncultured Anaeroplasmataceae bacterium,658266,PRJEB59335,SAMEA112403310,2023,2023-03-23,Illumina,Short,Scaffold,Inconclusive,na,2026-09-29
GCA_948624305.1,uncultured Anaeroplasmataceae bacterium,658266,PRJEB59335,SAMEA112397305,2023,2023-03-13,Illumina,Short,Contig,Inconclusive,Turicibacter faecis,2026-09-29
GCA_948625875.1,uncultured Anaeroplasmataceae bacterium,658266,PRJEB59335,SAMEA112412223,2023,2023-03-16,Illumina,Short,Scaffold,Inconclusive,Clostridium moniliforme,2026-09-29
GCA_948629875.1,uncultured Anaeroplasmataceae bacterium,658266,PRJEB59335,SAMEA112376373,2023,2023-03-12,Illumina,Short,Scaffold,Inconclusive,Clostridium senegalense,2026-09-29
GCA_948630585.1,uncultured Anaeroplasmataceae bacterium,658266,PRJEB59335,SAMEA112431421,2023,2023-03-24,Illumina,Short,Contig,Inconclusive,na,2026-09-29
GCA_948631185.1,uncultured Anaeroplasmataceae bacterium,658266,PRJEB59335,SAMEA112390261,2023,2023-03-25,Illumina,Short,Scaffold,Inconclusive,na,2026-09-29
GCA_948631265.1,uncultured Anaeroplasmataceae bacterium,658266,PRJEB59335,SAMEA112381256,2023,2023-03-15,Illumina,Short,Scaffold,Inconclusive,na,2026-09-29
GCA_948632425.1,uncultured Anaeroplasmataceae bacterium,658266,PRJEB59335,SAMEA112391477,2023,2023-03-13,Illumina,Short,Scaffold,Inconclusive,Anaeroplasma bactoclasticum,2026-09-29
GCA_948633905.1,uncultured Anaeroplasmataceae bacterium,658266,PRJEB59335,SAMEA112392288,2023,2023-03-13,Illumina,Short,Scaffold,Inconclusive,Anaeroplasma bactoclasticum,2026-09-29
GCA_948636165.1,uncultured Anaeroplasmataceae bacterium,658266,PRJEB59335,SAMEA112401266,2023,2023-03-13,Illumina,Short,Scaffold,Inconclusive,na,2026-09-29
GCA_948644905.1,uncultured Anaeroplasmataceae bacterium,658266,PRJEB59335,SAMEA112410222,2023,2023-03-11,Illumina,Short,Scaffold,Inconclusive,na,2026-09-29
GCA_948645895.1,uncultured Anaeroplasmataceae bacterium,658266,PRJEB59335,SAMEA112431349,2023,2023-03-15,Illumina,Short,Scaffold,Inconclusive,na,2026-09-29
GCA_948645965.1,uncultured Anaeroplasmataceae bacterium,658266,PRJEB59335,SAMEA112378411,2023,2023-03-30,Illumina,Short,Scaffold,Inconclusive,Lactobacillus johnsonii,2026-09-29
GCA_948649315.1,uncultured Anaeroplasmataceae bacterium,658266,PRJEB59335,SAMEA112394340,2023,2023-03-24,Illumina,Short,Scaffold,Inconclusive,Anaeroplasma bactoclasticum,2026-09-29
GCA_948649335.1,uncultured Anaeroplasmataceae bacterium,658266,PRJEB59335,SAMEA112390326,2023,2023-03-24,Illumina,Short,Scaffold,Inconclusive,na,2026-09-29
GCA_948650255.1,uncultured Anaeroplasmataceae bacterium,658266,PRJEB59335,SAMEA112380423,2023,2023-03-13,Illumina,Short,Scaffold,Inconclusive,na,2026-09-29
GCA_948650365.1,uncultured Anaeroplasmataceae bacterium,658266,PRJEB59335,SAMEA112428418,2023,2023-03-13,Illumina,Short,Scaffold,Inconclusive,Defluviitalea phaphyphila,2026-09-29
GCA_948651395.1,uncultured Anaeroplasmataceae bacterium,658266,PRJEB59335,SAMEA112404198,2023,2023-03-14,Illumina,Short,Scaffold,Inconclusive,na,2026-09-29
GCA_948653925.1,uncultured Anaeroplasmataceae bacterium,658266,PRJEB59335,SAMEA112403259,2023,2023-03-15,Illumina,Short,Scaffold,Inconclusive,na,2026-09-29
GCA_948655075.1,uncultured Anaeroplasmataceae bacterium,658266,PRJEB59335,SAMEA112417294,2023,2023-03-11,Illumina,Short,Scaffold,Inconclusive,Anaeroplasma bactoclasticum,2026-09-29
GCA_948656205.1,uncultured Anaeroplasmataceae bacterium,658266,PRJEB59335,SAMEA112429498,2023,2023-03-11,Illumina,Short,Contig,Inconclusive,Anaeroplasma bactoclasticum,2026-09-29
GCA_948660795.1,uncultured Anaeroplasmataceae bacterium,658266,PRJEB59335,SAMEA112411244,2023,2023-03-14,Illumina,Short,Scaffold,Inconclusive,na,2026-09-29
GCA_948661265.1,uncultured Anaeroplasmataceae bacterium,658266,PRJEB59335,SAMEA112424309,2023,2023-03-11,Illumina,Short,Scaffold,Inconclusive,Anaeroplasma bactoclasticum,2026-09-29
GCA_948661305.1,uncultured Anaeroplasmataceae bacterium,658266,PRJEB59335,SAMEA112381236,2023,2023-03-14,Illumina,Short,Scaffold,Inconclusive,na,2026-09-29
GCA_948662745.1,uncultured Anaeroplasmataceae bacterium,658266,PRJEB59335,SAMEA112400109,2023,2023-03-11,Illumina,Short,Scaffold,Inconclusive,Anaeroplasma bactoclasticum,2026-09-29
GCA_948663955.1,uncultured Anaeroplasmataceae bacterium,658266,PRJEB59335,SAMEA112376391,2023,2023-03-12,Illumina,Short,Scaffold,Inconclusive,Spiroplasma taiwanense,2026-09-29
GCA_948666065.1,uncultured Anaeroplasmataceae bacterium,658266,PRJEB59335,SAMEA112391363,2023,2023-03-13,Illumina,Short,Scaffold,Inconclusive,Defluviitalea phaphyphila,2026-09-29
GCA_948668275.1,uncultured Anaeroplasmataceae bacterium,658266,PRJEB59335,SAMEA112420383,2023,2023-03-13,Illumina,Short,Scaffold,Inconclusive,Lactobacillus rodentium,2026-09-29
GCA_948668955.1,uncultured Anaeroplasmataceae bacterium,658266,PRJEB59335,SAMEA112378393,2023,2023-03-14,Illumina,Short,Scaffold,Inconclusive,Clostridium tepidum,2026-09-29
GCA_948669605.1,uncultured Anaeroplasmataceae bacterium,658266,PRJEB59335,SAMEA112391430,2023,2023-03-13,Illumina,Short,Scaffold,Inconclusive,Anaeroplasma bactoclasticum,2026-09-29
GCA_948671935.1,uncultured Anaeroplasmataceae bacterium,658266,PRJEB59335,SAMEA112426454,2023,2023-03-13,Illumina,Short,Scaffold,Inconclusive,Anaeroplasma bactoclasticum,2026-09-29
GCA_948672215.1,uncultured Anaeroplasmataceae bacterium,658266,PRJEB59335,SAMEA112409250,2023,2023-03-11,Illumina,Short,Contig,Inconclusive,Lactobacillus johnsonii,2026-09-29
GCA_948673075.1,uncultured Anaeroplasmataceae bacterium,658266,PRJEB59335,SAMEA112399362,2023,2023-03-14,Illumina,Short,Scaffold,Inconclusive,Lactobacillus johnsonii,2026-09-29
GCA_948673455.1,uncultured Anaeroplasmataceae bacterium,658266,PRJEB59335,SAMEA112390355,2023,2023-03-12,Illumina,Short,Scaffold,Inconclusive,Anaeroplasma bactoclasticum,2026-09-29
GCA_948673725.1,uncultured Anaeroplasmataceae bacterium,658266,PRJEB59335,SAMEA112385378,2023,2023-03-11,Illumina,Short,Scaffold,Inconclusive,Anaeroplasma bactoclasticum,2026-09-29
GCA_948675265.1,uncultured Anaeroplasmataceae bacterium,658266,PRJEB59335,SAMEA112390284,2023,2023-03-30,Illumina,Short,Scaffold,Inconclusive,Clostridium cibarium,2026-09-29
GCA_948679735.1,uncultured Anaeroplasmataceae bacterium,658266,PRJEB59335,SAMEA112386468,2023,2023-03-11,Illumina,Short,Scaffold,Inconclusive,Anaeroplasma bactoclasticum,2026-09-29
GCA_948681745.1,uncultured Anaeroplasmataceae bacterium,658266,PRJEB59335,SAMEA112405251,2023,2023-03-24,Illumina,Short,Contig,Inconclusive,na,2026-09-29
GCA_948681905.1,uncultured Anaeroplasmataceae bacterium,658266,PRJEB59335,SAMEA112381337,2023,2023-03-24,Illumina,Short,Scaffold,Inconclusive,na,2026-09-29
GCA_948682325.1,uncultured Anaeroplasmataceae bacterium,658266,PRJEB59335,SAMEA112435522,2023,2023-03-12,Illumina,Short,Scaffold,Inconclusive,na,2026-09-29
GCA_948683235.1,uncultured Anaeroplasmataceae bacterium,658266,PRJEB59335,SAMEA112386312,2023,2023-03-14,Illumina,Short,Scaffold,Inconclusive,na,2026-09-29
GCA_948683665.1,uncultured Anaeroplasmataceae bacterium,658266,PRJEB59335,SAMEA112402221,2023,2023-03-14,Illumina,Short,Scaffold,Inconclusive,Lactobacillus taiwanensis,2026-09-29
GCA_948686095.1,uncultured Anaeroplasmataceae bacterium,658266,PRJEB59335,SAMEA112394482,2023,2023-03-13,Illumina,Short,Scaffold,Inconclusive,na,2026-09-29
GCA_948686155.1,uncultured Anaeroplasmataceae bacterium,658266,PRJEB59335,SAMEA112424338,2023,2023-03-12,Illumina,Short,Scaffold,Inconclusive,Anaeroplasma bactoclasticum,2026-09-29
GCA_948686545.1,uncultured Anaeroplasmataceae bacterium,658266,PRJEB59335,SAMEA112427269,2023,2023-03-12,Illumina,Short,Scaffold,Inconclusive,Anaeroplasma bactoclasticum,2026-09-29
GCA_948688185.1,uncultured Anaeroplasmataceae bacterium,658266,PRJEB59335,SAMEA112405337,2023,2023-03-14,Illumina,Short,Scaffold,Inconclusive,na,2026-09-29
GCA_948689075.1,uncultured Anaeroplasmataceae bacterium,658266,PRJEB59335,SAMEA112412281,2023,2023-03-11,Illumina,Short,Scaffold,Inconclusive,na,2026-09-29
GCA_948692425.1,uncultured Anaeroplasmataceae bacterium,658266,PRJEB59335,SAMEA112412276,2023,2023-03-13,Illumina,Short,Scaffold,Inconclusive,Anaeroplasma bactoclasticum,2026-09-29
GCA_948692975.1,uncultured Anaeroplasmataceae bacterium,658266,PRJEB59335,SAMEA112378345,2023,2023-03-13,Illumina,Short,Scaffold,Inconclusive,Clostridium tepidum,2026-09-29
GCA_948693585.1,uncultured Anaeroplasmataceae bacterium,658266,PRJEB59335,SAMEA112377311,2023,2023-03-12,Illumina,Short,Scaffold,Inconclusive,na,2026-09-29
GCA_948697565.1,uncultured Anaeroplasmataceae bacterium,658266,PRJEB59335,SAMEA112391418,2023,2023-03-13,Illumina,Short,Scaffold,Inconclusive,Defluviitalea phaphyphila,2026-09-29
GCA_948698075.1,uncultured Anaeroplasmataceae bacterium,658266,PRJEB59335,SAMEA112421402,2023,2023-03-13,Illumina,Short,Scaffold,Inconclusive,Anaeroplasma bactoclasticum,2026-09-29
GCA_948700235.1,uncultured Anaeroplasmataceae bacterium,658266,PRJEB59335,SAMEA112381308,2023,2023-03-15,Illumina,Short,Scaffold,Inconclusive,na,2026-09-29
GCA_948701025.1,uncultured Anaeroplasmataceae bacterium,658266,PRJEB59335,SAMEA112390273,2023,2023-03-24,Illumina,Short,Scaffold,Inconclusive,Romboutsia ilealis,2026-09-29
GCA_948701955.1,uncultured Anaeroplasmataceae bacterium,658266,PRJEB59335,SAMEA112390316,2023,2023-03-30,Illumina,Short,Scaffold,Inconclusive,Pseudolactococcus raffinolactis,2026-09-29
GCA_948705585.1,uncultured Anaeroplasmataceae bacterium,658266,PRJEB59335,SAMEA112431267,2023,2023-03-13,Illumina,Short,Scaffold,Inconclusive,Anaeroplasma bactoclasticum,2026-09-29
GCA_948706885.1,uncultured Anaeroplasmataceae bacterium,658266,PRJEB59335,SAMEA112396530,2023,2023-03-14,Illumina,Short,Scaffold,Inconclusive,Helicobacter japonicus,2026-09-29
GCA_948707135.1,uncultured Anaeroplasmataceae bacterium,658266,PRJEB59335,SAMEA112378311,2023,2023-03-14,Illumina,Short,Contig,Inconclusive,na,2026-09-29
GCA_948708095.1,uncultured Anaeroplasmataceae bacterium,658266,PRJEB59335,SAMEA112391468,2023,2023-03-13,Illumina,Short,Scaffold,Inconclusive,Mammaliicoccus lentus,2026-09-29
GCA_948710705.1,uncultured Anaeroplasmataceae bacterium,658266,PRJEB59335,SAMEA112381423,2023,2023-03-15,Illumina,Short,Contig,Inconclusive,Parablautia muri,2026-09-29
GCA_948710795.1,uncultured Anaeroplasmataceae bacterium,658266,PRJEB59335,SAMEA112436235,2023,2023-03-14,Illumina,Short,Scaffold,Inconclusive,Anaeroplasma bactoclasticum,2026-09-29
GCA_948712325.1,uncultured Anaeroplasmataceae bacterium,658266,PRJEB59335,SAMEA112403225,2023,2023-03-14,Illumina,Short,Scaffold,Inconclusive,na,2026-09-29
GCA_948712525.1,uncultured Anaeroplasmataceae bacterium,658266,PRJEB59335,SAMEA112396337,2023,2023-03-14,Illumina,Short,Scaffold,Inconclusive,Helicobacter japonicus,2026-09-29
GCA_948712895.1,uncultured Anaeroplasmataceae bacterium,658266,PRJEB59335,SAMEA112412244,2023,2023-03-14,Illumina,Short,Scaffold,Inconclusive,na,2026-09-29
GCA_948713925.1,uncultured Anaeroplasmataceae bacterium,658266,PRJEB59335,SAMEA112420574,2023,2023-03-13,Illumina,Short,Scaffold,Inconclusive,Anaeroplasma bactoclasticum,2026-09-29
GCA_948715825.1,uncultured Anaeroplasmataceae bacterium,658266,PRJEB59335,SAMEA112381389,2023,2023-03-26,Illumina,Short,Scaffold,Inconclusive,Sporofaciens musculi,2026-09-29
GCA_948716105.1,uncultured Anaeroplasmataceae bacterium,658266,PRJEB59335,SAMEA112404305,2023,2023-03-25,Illumina,Short,Scaffold,Inconclusive,na,2026-09-29
GCA_948717415.1,uncultured Anaeroplasmataceae bacterium,658266,PRJEB59335,SAMEA112412180,2023,2023-03-12,Illumina,Short,Scaffold,Inconclusive,Anaeroplasma bactoclasticum,2026-09-29
GCA_948718205.1,uncultured Anaeroplasmataceae bacterium,658266,PRJEB59335,SAMEA112398304,2023,2023-03-11,Illumina,Short,Scaffold,Inconclusive,Anaeroplasma bactoclasticum,2026-09-29
GCA_948719825.1,uncultured Anaeroplasmataceae bacterium,658266,PRJEB59335,SAMEA112401307,2023,2023-03-26,Illumina,Short,Scaffold,Inconclusive,na,2026-09-29
GCA_948723575.1,uncultured Anaeroplasmataceae bacterium,658266,PRJEB59335,SAMEA112379347,2023,2023-03-14,Illumina,Short,Scaffold,Inconclusive,na,2026-09-29
GCA_948731295.1,uncultured Anaeroplasmataceae bacterium,658266,PRJEB59335,SAMEA112434377,2023,2023-04-16,Illumina,Short,Scaffold,Inconclusive,na,2026-09-29
GCA_948731715.1,uncultured Anaeroplasmataceae bacterium,658266,PRJEB59335,SAMEA112410289,2023,2023-03-26,Illumina,Short,Contig,Inconclusive,Defluviitalea phaphyphila,2026-09-29
GCA_948731755.1,uncultured Anaeroplasmataceae bacterium,658266,PRJEB59335,SAMEA112409225,2023,2023-03-14,Illumina,Short,Contig,Inconclusive,na,2026-09-29
GCA_948733285.1,uncultured Anaeroplasmataceae bacterium,658266,PRJEB59335,SAMEA112398476,2023,2023-03-14,Illumina,Short,Contig,Inconclusive,na,2026-09-29
GCA_948735855.1,uncultured Anaeroplasmataceae bacterium,658266,PRJEB59335,SAMEA112378398,2023,2023-03-14,Illumina,Short,Scaffold,Inconclusive,na,2026-09-29
GCA_948737705.1,uncultured Anaeroplasmataceae bacterium,658266,PRJEB59335,SAMEA112386290,2023,2023-03-11,Illumina,Short,Scaffold,Inconclusive,Anaeroplasma bactoclasticum,2026-09-29
GCA_948739915.1,uncultured Anaeroplasmataceae bacterium,658266,PRJEB59335,SAMEA112426521,2023,2023-03-24,Illumina,Short,Scaffold,Inconclusive,Parabacteroides merdae,2026-09-29
GCA_948740315.1,uncultured Anaeroplasmataceae bacterium,658266,PRJEB59335,SAMEA112402269,2023,2023-03-13,Illumina,Short,Scaffold,Inconclusive,na,2026-09-29
GCA_948741475.1,uncultured Anaeroplasmataceae bacterium,658266,PRJEB59335,SAMEA112434488,2023,2023-03-15,Illumina,Short,Scaffold,Inconclusive,na,2026-09-29
GCA_948745715.1,uncultured Anaeroplasmataceae bacterium,658266,PRJEB59335,SAMEA112386442,2023,2023-03-24,Illumina,Short,Scaffold,Inconclusive,na,2026-09-29
GCA_948745865.1,uncultured Anaeroplasmataceae bacterium,658266,PRJEB59335,SAMEA112391390,2023,2023-03-13,Illumina,Short,Scaffold,Inconclusive,Defluviitalea phaphyphila,2026-09-29
GCA_948745885.1,uncultured Anaeroplasmataceae bacterium,658266,PRJEB59335,SAMEA112392502,2023,2023-03-12,Illumina,Short,Contig,Inconclusive,Arcobacter arenosus,2026-09-29
GCA_948746125.1,uncultured Anaeroplasmataceae bacterium,658266,PRJEB59335,SAMEA112396494,2023,2023-03-13,Illumina,Short,Scaffold,Inconclusive,Arcobacter arenosus,2026-09-29
GCA_948748335.1,uncultured Anaeroplasmataceae bacterium,658266,PRJEB59335,SAMEA112386262,2023,2023-03-12,Illumina,Short,Contig,Inconclusive,Anaeroplasma bactoclasticum,2026-09-29
GCA_948748715.1,uncultured Anaeroplasmataceae bacterium,658266,PRJEB59335,SAMEA112407227,2023,2023-03-14,Illumina,Short,Scaffold,Inconclusive,na,2026-09-29
GCA_948750065.1,uncultured Anaeroplasmataceae bacterium,658266,PRJEB59335,SAMEA112378364,2023,2023-03-13,Illumina,Short,Scaffold,Inconclusive,na,2026-09-29
GCA_948750745.1,uncultured Anaeroplasmataceae bacterium,658266,PRJEB59335,SAMEA112378245,2023,2023-03-26,Illumina,Short,Scaffold,Inconclusive,Parablautia muri,2026-09-29
GCA_948751235.1,uncultured Anaeroplasmataceae bacterium,658266,PRJEB59335,SAMEA112399443,2023,2023-03-13,Illumina,Short,Scaffold,Inconclusive,na,2026-09-29
GCA_948751935.1,uncultured Anaeroplasmataceae bacterium,658266,PRJEB59335,SAMEA112381362,2023,2023-03-24,Illumina,Short,Scaffold,Inconclusive,na,2026-09-29
GCA_948753955.1,uncultured Anaeroplasmataceae bacterium,658266,PRJEB59335,SAMEA112390296,2023,2023-03-12,Illumina,Short,Scaffold,Inconclusive,Turicibacter faecis,2026-09-29
GCA_948754035.1,uncultured Anaeroplasmataceae bacterium,658266,PRJEB59335,SAMEA112404243,2023,2023-03-23,Illumina,Short,Scaffold,Inconclusive,na,2026-09-29
GCA_948754565.1,uncultured Anaeroplasmataceae bacterium,658266,PRJEB59335,SAMEA112395283,2023,2023-03-11,Illumina,Short,Scaffold,Inconclusive,Anaeroplasma bactoclasticum,2026-09-29
GCA_948757595.1,uncultured Anaeroplasmataceae bacterium,658266,PRJEB59335,SAMEA112412302,2023,2023-03-24,Illumina,Short,Scaffold,Inconclusive,na,2026-09-29
GCA_948758565.1,uncultured Anaeroplasmataceae bacterium,658266,PRJEB59335,SAMEA112400177,2023,2023-03-24,Illumina,Short,Contig,Inconclusive,Arcobacter arenosus,2026-09-29
GCA_948758705.1,uncultured Anaeroplasmataceae bacterium,658266,PRJEB59335,SAMEA112428341,2023,2023-03-12,Illumina,Short,Scaffold,Inconclusive,Anaeroplasma bactoclasticum,2026-09-29
GCA_948759575.1,uncultured Anaeroplasmataceae bacterium,658266,PRJEB59335,SAMEA112394407,2023,2023-03-14,Illumina,Short,Scaffold,Inconclusive,na,2026-09-29
GCA_948760705.1,uncultured Anaeroplasmataceae bacterium,658266,PRJEB59335,SAMEA112392438,2023,2023-03-11,Illumina,Short,Scaffold,Inconclusive,na,2026-09-29
GCA_948768615.1,uncultured Anaeroplasmataceae bacterium,658266,PRJEB59335,SAMEA112381502,2023,2023-03-13,Illumina,Short,Scaffold,Inconclusive,na,2026-09-29
GCA_948770065.1,uncultured Anaeroplasmataceae bacterium,658266,PRJEB59335,SAMEA112412415,2023,2023-03-24,Illumina,Short,Scaffold,Inconclusive,na,2026-09-29
GCA_948772865.1,uncultured Anaeroplasmataceae bacterium,658266,PRJEB59335,SAMEA112387582,2023,2023-03-31,Illumina,Short,Scaffold,Inconclusive,na,2026-09-29
GCA_948773085.1,uncultured Anaeroplasmataceae bacterium,658266,PRJEB59335,SAMEA112387524,2023,2023-03-11,Illumina,Short,Scaffold,Inconclusive,na,2026-09-29
GCA_948774875.1,uncultured Anaeroplasmataceae bacterium,658266,PRJEB59335,SAMEA112425692,2023,2023-03-13,Illumina,Short,Scaffold,Inconclusive,Anaeroplasma bactoclasticum,2026-09-29
GCA_948778155.1,uncultured Anaeroplasmataceae bacterium,658266,PRJEB59335,SAMEA112423687,2023,2023-03-11,Illumina,Short,Scaffold,Inconclusive,Anaeroplasma bactoclasticum,2026-09-29
GCA_948778485.1,uncultured Anaeroplasmataceae bacterium,658266,PRJEB59335,SAMEA112403421,2023,2023-03-13,Illumina,Short,Scaffold,Inconclusive,na,2026-09-29
GCA_948781665.1,uncultured Anaeroplasmataceae bacterium,658266,PRJEB59335,SAMEA112391504,2023,2023-03-14,Illumina,Short,Scaffold,Inconclusive,Ligilactobacillus murinus,2026-09-29
GCA_948782175.1,uncultured Anaeroplasmataceae bacterium,658266,PRJEB59335,SAMEA112412376,2023,2023-03-14,Illumina,Short,Scaffold,Inconclusive,Anaeroplasma bactoclasticum,2026-09-29
GCA_948783575.1,uncultured Anaeroplasmataceae bacterium,658266,PRJEB59335,SAMEA112426697,2023,2023-03-11,Illumina,Short,Scaffold,Inconclusive,Anaeroplasma bactoclasticum,2026-09-29
GCA_948783775.1,uncultured Anaeroplasmataceae bacterium,658266,PRJEB59335,SAMEA112423637,2023,2023-03-13,Illumina,Short,Scaffold,Inconclusive,Anaeroplasma bactoclasticum,2026-09-29
GCA_948783905.1,uncultured Anaeroplasmataceae bacterium,658266,PRJEB59335,SAMEA112434633,2023,2023-03-11,Illumina,Short,Scaffold,Inconclusive,na,2026-09-29
GCA_948786195.1,uncultured Anaeroplasmataceae bacterium,658266,PRJEB59335,SAMEA112396595,2023,2023-03-13,Illumina,Short,Scaffold,Inconclusive,Arcobacter arenosus,2026-09-29
GCA_948787245.1,uncultured Anaeroplasmataceae bacterium,658266,PRJEB59335,SAMEA112376588,2023,2023-03-13,Illumina,Short,Scaffold,Inconclusive,Anaeroplasma bactoclasticum,2026-09-29
GCA_948788765.1,uncultured Anaeroplasmataceae bacterium,658266,PRJEB59335,SAMEA112387497,2023,2023-03-11,Illumina,Short,Scaffold,Inconclusive,Anaeroplasma bactoclasticum,2026-09-29
GCA_948790595.1,uncultured Anaeroplasmataceae bacterium,658266,PRJEB59335,SAMEA112411416,2023,2023-03-12,Illumina,Short,Contig,Inconclusive,na,2026-09-29
GCA_948792865.1,uncultured Anaeroplasmataceae bacterium,658266,PRJEB59335,SAMEA112380558,2023,2023-03-14,Illumina,Short,Scaffold,Inconclusive,na,2026-09-29
GCA_948794955.1,uncultured Anaeroplasmataceae bacterium,658266,PRJEB59335,SAMEA112405423,2023,2023-03-11,Illumina,Short,Contig,Inconclusive,Anaeroplasma bactoclasticum,2026-09-29
GCA_948795835.1,uncultured Anaeroplasmataceae bacterium,658266,PRJEB59335,SAMEA112411375,2023,2023-03-12,Illumina,Short,Scaffold,Inconclusive,Anaeroplasma bactoclasticum,2026-09-29
GCA_948797475.1,uncultured Anaeroplasmataceae bacterium,658266,PRJEB59335,SAMEA112381543,2023,2023-03-13,Illumina,Short,Scaffold,Inconclusive,na,2026-09-29
GCA_948798935.1,uncultured Anaeroplasmataceae bacterium,658266,PRJEB59335,SAMEA112391541,2023,2023-03-14,Illumina,Short,Scaffold,Inconclusive,Duncaniella dubosii,2026-09-29
GCA_948799375.1,uncultured Anaeroplasmataceae bacterium,658266,PRJEB59335,SAMEA112421627,2023,2023-03-14,Illumina,Short,Scaffold,Inconclusive,Anaeroplasma bactoclasticum,2026-09-29
GCA_948800945.1,uncultured Anaeroplasmataceae bacterium,658266,PRJEB59335,SAMEA112380516,2023,2023-03-11,Illumina,Short,Scaffold,Inconclusive,Anaeroplasma bactoclasticum,2026-09-29
GCA_948802075.1,uncultured Anaeroplasmataceae bacterium,658266,PRJEB59335,SAMEA112381490,2023,2023-03-14,Illumina,Short,Scaffold,Inconclusive,na,2026-09-29
GCA_948802625.1,uncultured Anaeroplasmataceae bacterium,658266,PRJEB59335,SAMEA112424733,2023,2023-03-11,Illumina,Short,Scaffold,Inconclusive,Anaeroplasma bactoclasticum,2026-09-29
GCA_948805475.1,uncultured Anaeroplasmataceae bacterium,658266,PRJEB59335,SAMEA112394586,2023,2023-03-14,Illumina,Short,Scaffold,Inconclusive,Spiroplasma taiwanense,2026-09-29
GCA_948808285.1,uncultured Anaeroplasmataceae bacterium,658266,PRJEB59335,SAMEA112412433,2023,2023-03-15,Illumina,Short,Scaffold,Inconclusive,na,2026-09-29
GCA_948810425.1,uncultured Anaeroplasmataceae bacterium,658266,PRJEB59335,SAMEA112427576,2023,2023-03-11,Illumina,Short,Scaffold,Inconclusive,Anaeroplasma bactoclasticum,2026-09-29
GCA_948810525.1,uncultured Anaeroplasmataceae bacterium,658266,PRJEB59335,SAMEA112376582,2023,2023-03-13,Illumina,Short,Scaffold,Inconclusive,Anaeroplasma bactoclasticum,2026-09-29
GCA_948813185.1,uncultured Anaeroplasmataceae bacterium,658266,PRJEB59335,SAMEA112384525,2023,2023-03-12,Illumina,Short,Scaffold,Inconclusive,Clostridium senegalense,2026-09-29
GCA_948814005.1,uncultured Anaeroplasmataceae bacterium,658266,PRJEB59335,SAMEA112434657,2023,2023-03-30,Illumina,Short,Scaffold,Inconclusive,na,2026-09-29
GCA_948817715.1,uncultured Anaeroplasmataceae bacterium,658266,PRJEB59335,SAMEA112429589,2023,2023-03-11,Illumina,Short,Scaffold,Inconclusive,Anaeroplasma bactoclasticum,2026-09-29
GCA_948818685.1,uncultured Anaeroplasmataceae bacterium,658266,PRJEB59335,SAMEA112383652,2023,2023-03-12,Illumina,Short,Scaffold,Inconclusive,Anaeroplasma bactoclasticum,2026-09-29
GCA_948818885.1,uncultured Anaeroplasmataceae bacterium,658266,PRJEB59335,SAMEA112411367,2023,2023-03-12,Illumina,Short,Scaffold,Inconclusive,na,2026-09-29
GCA_948819345.1,uncultured Anaeroplasmataceae bacterium,658266,PRJEB59335,SAMEA112381554,2023,2023-03-14,Illumina,Short,Scaffold,Inconclusive,na,2026-09-29
GCA_948820955.1,uncultured Anaeroplasmataceae bacterium,658266,PRJEB59335,SAMEA112404398,2023,2023-03-12,Illumina,Short,Scaffold,Inconclusive,na,2026-09-29
GCA_948823105.1,uncultured Anaeroplasmataceae bacterium,658266,PRJEB59335,SAMEA112380486,2023,2023-03-13,Illumina,Short,Scaffold,Inconclusive,na,2026-09-29
GCA_948824395.1,uncultured Anaeroplasmataceae bacterium,658266,PRJEB59335,SAMEA112424692,2023,2023-03-28,Illumina,Short,Scaffold,Inconclusive,Duncaniella freteri,2026-09-29
GCA_948824975.1,uncultured Anaeroplasmataceae bacterium,658266,PRJEB59335,SAMEA112404359,2023,2023-03-26,Illumina,Short,Scaffold,Inconclusive,Parablautia muri,2026-09-29
GCA_948825595.1,uncultured Anaeroplasmataceae bacterium,658266,PRJEB59335,SAMEA112391553,2023,2023-03-14,Illumina,Short,Scaffold,Inconclusive,Duncaniella dubosii,2026-09-29
GCA_948825635.1,uncultured Anaeroplasmataceae bacterium,658266,PRJEB59335,SAMEA112387551,2023,2023-03-14,Illumina,Short,Scaffold,Inconclusive,na,2026-09-29
GCA_948825785.1,uncultured Anaeroplasmataceae bacterium,658266,PRJEB59335,SAMEA112399638,2023,2023-03-13,Illumina,Short,Scaffold,Inconclusive,Brachyspira hyodysenteriae,2026-09-29
GCA_948827535.1,uncultured Anaeroplasmataceae bacterium,658266,PRJEB59335,SAMEA112384519,2023,2023-03-14,Illumina,Short,Scaffold,Inconclusive,Clostridium senegalense,2026-09-29
GCA_948829555.1,uncultured Anaeroplasmataceae bacterium,658266,PRJEB59335,SAMEA112391517,2023,2023-03-24,Illumina,Short,Scaffold,Inconclusive,Duncaniella muris,2026-09-29
GCA_948831025.1,uncultured Anaeroplasmataceae bacterium,658266,PRJEB59335,SAMEA112383695,2023,2023-03-11,Illumina,Short,Scaffold,Inconclusive,Anaeroplasma bactoclasticum,2026-09-29
GCA_948831065.1,uncultured Anaeroplasmataceae bacterium,658266,PRJEB59335,SAMEA112403374,2023,2023-03-29,Illumina,Short,Scaffold,Inconclusive,na,2026-09-29
GCA_948831665.1,uncultured Anaeroplasmataceae bacterium,658266,PRJEB59335,SAMEA112430635,2023,2023-03-11,Illumina,Short,Scaffold,Inconclusive,Phocaeicola vulgatus,2026-09-29
GCA_948835145.1,uncultured Anaeroplasmataceae bacterium,658266,PRJEB59335,SAMEA112380616,2023,2023-03-14,Illumina,Short,Scaffold,Inconclusive,na,2026-09-29
GCA_948835335.1,uncultured Anaeroplasmataceae bacterium,658266,PRJEB59335,SAMEA112387605,2023,2023-03-15,Illumina,Short,Scaffold,Inconclusive,na,2026-09-29
GCA_948835355.1,uncultured Anaeroplasmataceae bacterium,658266,PRJEB59335,SAMEA112380606,2023,2023-03-14,Illumina,Short,Contig,Inconclusive,na,2026-09-29
GCA_948838075.1,uncultured Anaeroplasmataceae bacterium,658266,PRJEB59335,SAMEA112412494,2023,2023-03-24,Illumina,Short,Scaffold,Inconclusive,na,2026-09-29
GCA_948839245.1,uncultured Anaeroplasmataceae bacterium,658266,PRJEB59335,SAMEA112417689,2023,2023-03-12,Illumina,Short,Scaffold,Inconclusive,Ligilactobacillus murinus,2026-09-29
GCA_948840445.1,uncultured Anaeroplasmataceae bacterium,658266,PRJEB59335,SAMEA112380582,2023,2023-03-12,Illumina,Short,Scaffold,Inconclusive,Anaeroplasma bactoclasticum,2026-09-29
GCA_948840685.1,uncultured Anaeroplasmataceae bacterium,658266,PRJEB59335,SAMEA112397725,2023,2023-03-11,Illumina,Short,Scaffold,Inconclusive,Mammaliicoccus lentus,2026-09-29
GCA_948842095.1,uncultured Anaeroplasmataceae bacterium,658266,PRJEB59335,SAMEA112381574,2023,2023-03-14,Illumina,Short,Contig,Inconclusive,na,2026-09-29
GCA_948844575.1,uncultured Anaeroplasmataceae bacterium,658266,PRJEB59335,SAMEA112415155,2023,2023-03-11,Illumina,Short,Scaffold,Inconclusive,Anaeroplasma bactoclasticum,2026-09-29
GCA_948846895.1,uncultured Anaeroplasmataceae bacterium,658266,PRJEB59335,SAMEA112386662,2023,2023-03-13,Illumina,Short,Scaffold,Inconclusive,na,2026-09-29
GCA_948846925.1,uncultured Anaeroplasmataceae bacterium,658266,PRJEB59335,SAMEA112378627,2023,2023-03-28,Illumina,Short,Scaffold,Inconclusive,Intestinibacter bartlettii,2026-09-29
GCA_948851105.1,uncultured Anaeroplasmataceae bacterium,658266,PRJEB59335,SAMEA112386635,2023,2023-03-13,Illumina,Short,Scaffold,Inconclusive,na,2026-09-29
GCA_948852795.1,uncultured Anaeroplasmataceae bacterium,658266,PRJEB59335,SAMEA112394616,2023,2023-03-12,Illumina,Short,Scaffold,Inconclusive,na,2026-09-29
GCA_948859535.1,uncultured Anaeroplasmataceae bacterium,658266,PRJEB59335,SAMEA112404521,2023,2023-03-13,Illumina,Short,Scaffold,Inconclusive,na,2026-09-29
GCA_948860165.1,uncultured Anaeroplasmataceae bacterium,658266,PRJEB59335,SAMEA112394670,2023,2023-03-12,Illumina,Short,Scaffold,Inconclusive,Peptoniphilus porci,2026-09-29
GCA_948860245.1,uncultured Anaeroplasmataceae bacterium,658266,PRJEB59335,SAMEA112380636,2023,2023-03-12,Illumina,Short,Scaffold,Inconclusive,na,2026-09-29
GCA_948860765.1,uncultured Anaeroplasmataceae bacterium,658266,PRJEB59335,SAMEA112423760,2023,2023-03-10,Illumina,Short,Scaffold,Inconclusive,Anaeroplasma bactoclasticum,2026-09-29
GCA_948861755.1,uncultured Anaeroplasmataceae bacterium,658266,PRJEB59335,SAMEA112391633,2023,2023-03-13,Illumina,Short,Scaffold,Inconclusive,Parablautia muri,2026-09-29
GCA_948863455.1,uncultured Anaeroplasmataceae bacterium,658266,PRJEB59335,SAMEA112393641,2023,2023-03-11,Illumina,Short,Scaffold,Inconclusive,Mammaliicoccus lentus,2026-09-29
GCA_948864735.1,uncultured Anaeroplasmataceae bacterium,658266,PRJEB59335,SAMEA112384593,2023,2023-03-11,Illumina,Short,Scaffold,Inconclusive,Anaeroplasma bactoclasticum,2026-09-29
GCA_948868855.1,uncultured Anaeroplasmataceae bacterium,658266,PRJEB59335,SAMEA112391606,2023,2023-03-11,Illumina,Short,Scaffold,Inconclusive,Anaeroplasma bactoclasticum,2026-09-29
GCA_948872145.1,uncultured Anaeroplasmataceae bacterium,658266,PRJEB59335,SAMEA112403517,2023,2023-03-12,Illumina,Short,Scaffold,Inconclusive,na,2026-09-29
GCA_948874635.1,uncultured Anaeroplasmataceae bacterium,658266,PRJEB59335,SAMEA112412461,2023,2023-03-24,Illumina,Short,Scaffold,Inconclusive,Lactobacillus intestinalis,2026-09-29
GCA_948876195.1,uncultured Anaeroplasmataceae bacterium,658266,PRJEB59335,SAMEA112427637,2023,2023-03-12,Illumina,Short,Scaffold,Inconclusive,Anaeroplasma bactoclasticum,2026-09-29
GCA_948877605.1,uncultured Anaeroplasmataceae bacterium,658266,PRJEB59335,SAMEA112380660,2023,2023-03-13,Illumina,Short,Scaffold,Inconclusive,na,2026-09-29
GCA_948879115.1,uncultured Anaeroplasmataceae bacterium,658266,PRJEB59335,SAMEA112401492,2023,2023-03-14,Illumina,Short,Contig,Inconclusive,Anaeroplasma bactoclasticum,2026-09-29
GCA_948879995.1,uncultured Anaeroplasmataceae bacterium,658266,PRJEB59335,SAMEA112391619,2023,2023-03-12,Illumina,Short,Scaffold,Inconclusive,Spiroplasma taiwanense,2026-09-29
GCA_948880435.1,uncultured Anaeroplasmataceae bacterium,658266,PRJEB59335,SAMEA112405490,2023,2023-03-11,Illumina,Short,Contig,Inconclusive,Anaeroplasma bactoclasticum,2026-09-29
GCA_948889515.1,uncultured Anaeroplasmataceae bacterium,658266,PRJEB59335,SAMEA112380651,2023,2023-03-14,Illumina,Short,Scaffold,Inconclusive,na,2026-09-29
GCA_948892365.1,uncultured Anaeroplasmataceae bacterium,658266,PRJEB59335,SAMEA112380709,2023,2023-03-13,Illumina,Short,Scaffold,Inconclusive,na,2026-09-29
GCA_948893445.1,uncultured Anaeroplasmataceae bacterium,658266,PRJEB59335,SAMEA112377777,2023,2023-03-12,Illumina,Short,Scaffold,Inconclusive,Paraclostridium sordellii,2026-09-29
GCA_948894295.1,uncultured Anaeroplasmataceae bacterium,658266,PRJEB59335,SAMEA112380733,2023,2023-03-14,Illumina,Short,Scaffold,Inconclusive,na,2026-09-29
GCA_948895775.1,uncultured Anaeroplasmataceae bacterium,658266,PRJEB59335,SAMEA112393859,2023,2023-03-13,Illumina,Short,Contig,Inconclusive,na,2026-09-29
GCA_948897905.1,uncultured Anaeroplasmataceae bacterium,658266,PRJEB59335,SAMEA112380684,2023,2023-03-14,Illumina,Short,Scaffold,Inconclusive,na,2026-09-29
GCA_948907275.1,uncultured Anaeroplasmataceae bacterium,658266,PRJEB59335,SAMEA112404681,2023,2023-03-15,Illumina,Short,Scaffold,Inconclusive,na,2026-09-29
GCA_948915995.1,uncultured Anaeroplasmataceae bacterium,658266,PRJEB59335,SAMEA112378753,2023,2023-03-29,Illumina,Short,Scaffold,Inconclusive,Parablautia intestinalis,2026-09-29
GCA_948916345.1,uncultured Anaeroplasmataceae bacterium,658266,PRJEB59335,SAMEA112380785,2023,2023-03-14,Illumina,Short,Scaffold,Inconclusive,na,2026-09-29
GCA_948918805.1,uncultured Anaeroplasmataceae bacterium,658266,PRJEB59335,SAMEA112403661,2023,2023-03-25,Illumina,Short,Scaffold,Inconclusive,Defluviitalea phaphyphila,2026-09-29
GCA_948922435.1,uncultured Anaeroplasmataceae bacterium,658266,PRJEB59335,SAMEA112419958,2023,2023-03-11,Illumina,Short,Scaffold,Inconclusive,Anaeroplasma bactoclasticum,2026-09-29
GCA_948924375.1,uncultured Anaeroplasmataceae bacterium,658266,PRJEB59335,SAMEA112402680,2023,2023-03-14,Illumina,Short,Scaffold,Inconclusive,na,2026-09-29
GCA_948926215.1,uncultured Anaeroplasmataceae bacterium,658266,PRJEB59335,SAMEA112392827,2023,2023-03-13,Illumina,Short,Scaffold,Inconclusive,Anaeroplasma bactoclasticum,2026-09-29
GCA_948932705.1,uncultured Anaeroplasmataceae bacterium,658266,PRJEB59335,SAMEA112422858,2023,2023-03-14,Illumina,Short,Scaffold,Inconclusive,Anaeroplasma bactoclasticum,2026-09-29
GCA_948934675.1,uncultured Anaeroplasmataceae bacterium,658266,PRJEB59335,SAMEA112415231,2023,2023-03-11,Illumina,Short,Scaffold,Inconclusive,Spiroplasma taiwanense,2026-09-29
GCA_948936135.1,uncultured Anaeroplasmataceae bacterium,658266,PRJEB59335,SAMEA112435927,2023,2023-03-14,Illumina,Short,Scaffold,Inconclusive,Anaeroplasma bactoclasticum,2026-09-29
GCA_948936295.1,uncultured Anaeroplasmataceae bacterium,658266,PRJEB59335,SAMEA112380787,2023,2023-03-14,Illumina,Short,Scaffold,Inconclusive,na,2026-09-29
GCA_948937335.1,uncultured Anaeroplasmataceae bacterium,658266,PRJEB59335,SAMEA112402691,2023,2023-03-14,Illumina,Short,Scaffold,Inconclusive,na,2026-09-29
GCA_948942845.1,uncultured Anaeroplasmataceae bacterium,658266,PRJEB59335,SAMEA112395844,2023,2023-03-12,Illumina,Short,Scaffold,Inconclusive,Spiroplasma taiwanense,2026-09-29
GCA_948943105.1,uncultured Anaeroplasmataceae bacterium,658266,PRJEB59335,SAMEA112386772,2023,2023-03-12,Illumina,Short,Scaffold,Inconclusive,na,2026-09-29
GCA_948945255.1,uncultured Anaeroplasmataceae bacterium,658266,PRJEB59335,SAMEA112403577,2023,2023-03-13,Illumina,Short,Scaffold,Inconclusive,na,2026-09-29
GCA_948950285.1,uncultured Anaeroplasmataceae bacterium,658266,PRJEB59335,SAMEA112433947,2023,2023-03-24,Illumina,Short,Scaffold,Inconclusive,na,2026-09-29
GCA_948950295.1,uncultured Anaeroplasmataceae bacterium,658266,PRJEB59335,SAMEA112418988,2023,2023-03-11,Illumina,Short,Scaffold,Inconclusive,Anaeroplasma bactoclasticum,2026-09-29
GCA_948950615.1,uncultured Anaeroplasmataceae bacterium,658266,PRJEB59335,SAMEA112386788,2023,2023-03-14,Illumina,Short,Scaffold,Inconclusive,Clostridium tepidum,2026-09-29
GCA_948951105.1,uncultured Anaeroplasmataceae bacterium,658266,PRJEB59335,SAMEA112399884,2023,2023-03-14,Illumina,Short,Scaffold,Inconclusive,Spiroplasma taiwanense,2026-09-29
GCA_948951755.1,uncultured Anaeroplasmataceae bacterium,658266,PRJEB59335,SAMEA112404729,2023,2023-03-14,Illumina,Short,Scaffold,Inconclusive,na,2026-09-29
GCA_948953575.1,uncultured Anaeroplasmataceae bacterium,658266,PRJEB59335,SAMEA112412561,2023,2023-03-14,Illumina,Short,Scaffold,Inconclusive,na,2026-09-29
GCA_948954165.1,uncultured Anaeroplasmataceae bacterium,658266,PRJEB59335,SAMEA112405588,2023,2023-03-12,Illumina,Short,Scaffold,Inconclusive,Anaeroplasma bactoclasticum,2026-09-29
GCA_948955705.1,uncultured Anaeroplasmataceae bacterium,658266,PRJEB59335,SAMEA112404625,2023,2023-03-28,Illumina,Short,Scaffold,Inconclusive,na,2026-09-29
GCA_948958245.1,uncultured Anaeroplasmataceae bacterium,658266,PRJEB59335,SAMEA112386703,2023,2023-03-13,Illumina,Short,Scaffold,Inconclusive,na,2026-09-29
GCA_948960205.1,uncultured Anaeroplasmataceae bacterium,658266,PRJEB59335,SAMEA112405716,2023,2023-03-14,Illumina,Short,Contig,Inconclusive,na,2026-09-29
GCA_948961815.1,uncultured Anaeroplasmataceae bacterium,658266,PRJEB59335,SAMEA112405640,2023,2023-03-11,Illumina,Short,Contig,Inconclusive,Anaeroplasma bactoclasticum,2026-09-29
GCA_948964675.1,uncultured Anaeroplasmataceae bacterium,658266,PRJEB59335,SAMEA112421911,2023,2023-03-11,Illumina,Short,Scaffold,Inconclusive,Anaeroplasma bactoclasticum,2026-09-29
GCA_948977055.1,uncultured Anaeroplasmataceae bacterium,658266,PRJEB59335,SAMEA112434847,2023,2023-03-14,Illumina,Short,Scaffold,Inconclusive,na,2026-09-29
GCA_948982095.1,uncultured Anaeroplasmataceae bacterium,658266,PRJEB59335,SAMEA112391681,2023,2023-03-13,Illumina,Short,Scaffold,Inconclusive,Anaeroplasma bactoclasticum,2026-09-29
GCA_948984775.1,uncultured Anaeroplasmataceae bacterium,658266,PRJEB59335,SAMEA112401643,2023,2023-03-12,Illumina,Short,Scaffold,Inconclusive,na,2026-09-29
GCA_948985645.1,uncultured Anaeroplasmataceae bacterium,658266,PRJEB59335,SAMEA112380725,2023,2023-03-14,Illumina,Short,Contig,Inconclusive,na,2026-09-29
GCA_948988905.1,uncultured Anaeroplasmataceae bacterium,658266,PRJEB59335,SAMEA112387743,2023,2023-03-11,Illumina,Short,Scaffold,Inconclusive,na,2026-09-29
GCA_948989085.1,uncultured Anaeroplasmataceae bacterium,658266,PRJEB59335,SAMEA112380694,2023,2023-03-14,Illumina,Short,Scaffold,Inconclusive,na,2026-09-29
GCA_948991505.1,uncultured Anaeroplasmataceae bacterium,658266,PRJEB59335,SAMEA112391859,2023,2023-03-11,Illumina,Short,Scaffold,Inconclusive,Spiroplasma taiwanense,2026-09-29
GCA_948992175.1,uncultured Anaeroplasmataceae bacterium,658266,PRJEB59335,SAMEA112401614,2023,2023-03-13,Illumina,Short,Contig,Inconclusive,na,2026-09-29
GCA_948993095.1,uncultured Anaeroplasmataceae bacterium,658266,PRJEB59335,SAMEA112415277,2023,2023-03-11,Illumina,Short,Scaffold,Inconclusive,Anaeroplasma bactoclasticum,2026-09-29
GCA_948994605.1,uncultured Anaeroplasmataceae bacterium,658266,PRJEB59335,SAMEA112378783,2023,2023-03-12,Illumina,Short,Scaffold,Inconclusive,na,2026-09-29
GCA_948995195.1,uncultured Anaeroplasmataceae bacterium,658266,PRJEB59335,SAMEA112394781,2023,2023-03-13,Illumina,Short,Scaffold,Inconclusive,Arcobacter arenosus,2026-09-29
GCA_948995585.1,uncultured Anaeroplasmataceae bacterium,658266,PRJEB59335,SAMEA112380813,2023,2023-03-14,Illumina,Short,Contig,Inconclusive,na,2026-09-29
GCA_948996125.1,uncultured Anaeroplasmataceae bacterium,658266,PRJEB59335,SAMEA112404797,2023,2023-03-11,Illumina,Short,Scaffold,Inconclusive,Anaeroplasma bactoclasticum,2026-09-29
GCA_948998715.1,uncultured Anaeroplasmataceae bacterium,658266,PRJEB59335,SAMEA112387722,2023,2023-03-14,Illumina,Short,Scaffold,Inconclusive,na,2026-09-29
GCA_949003295.1,uncultured Anaeroplasmataceae bacterium,658266,PRJEB59335,SAMEA112378856,2023,2023-03-14,Illumina,Short,Contig,Inconclusive,na,2026-09-29
GCA_949004405.1,uncultured Anaeroplasmataceae bacterium,658266,PRJEB59335,SAMEA112387694,2023,2023-03-14,Illumina,Short,Contig,Inconclusive,na,2026-09-29
GCA_949011645.1,uncultured Anaeroplasmataceae bacterium,658266,PRJEB59335,SAMEA112403844,2023,2023-03-26,Illumina,Short,Scaffold,Inconclusive,na,2026-09-29
GCA_949013445.1,uncultured Anaeroplasmataceae bacterium,658266,PRJEB59335,SAMEA112381002,2023,2023-03-14,Illumina,Short,Scaffold,Inconclusive,na,2026-09-29
GCA_949016275.1,uncultured Anaeroplasmataceae bacterium,658266,PRJEB59335,SAMEA112400635,2023,2023-03-12,Illumina,Short,Scaffold,Inconclusive,Spiroplasma taiwanense,2026-09-29
GCA_949017025.1,uncultured Anaeroplasmataceae bacterium,658266,PRJEB59335,SAMEA112387905,2023,2023-03-15,Illumina,Short,Scaffold,Inconclusive,na,2026-09-29
GCA_949017775.1,uncultured Anaeroplasmataceae bacterium,658266,PRJEB59335,SAMEA112391933,2023,2023-03-13,Illumina,Short,Contig,Inconclusive,na,2026-09-29
GCA_949019015.1,uncultured Anaeroplasmataceae bacterium,658266,PRJEB59335,SAMEA112403722,2023,2023-03-11,Illumina,Short,Scaffold,Inconclusive,Anaeroplasma bactoclasticum,2026-09-29
GCA_949019035.1,uncultured Anaeroplasmataceae bacterium,658266,PRJEB59335,SAMEA112380861,2023,2023-03-13,Illumina,Short,Scaffold,Inconclusive,na,2026-09-29
GCA_949024355.1,uncultured Anaeroplasmataceae bacterium,658266,PRJEB59335,SAMEA112384772,2023,2023-03-14,Illumina,Short,Scaffold,Inconclusive,Clostridium thermobutyricum,2026-09-29
GCA_949026995.1,uncultured Anaeroplasmataceae bacterium,658266,PRJEB59335,SAMEA112404904,2023,2023-03-11,Illumina,Short,Scaffold,Inconclusive,Anaeroplasma bactoclasticum,2026-09-29
GCA_949028385.1,uncultured Anaeroplasmataceae bacterium,658266,PRJEB59335,SAMEA112411899,2023,2023-03-13,Illumina,Short,Scaffold,Inconclusive,na,2026-09-29
GCA_949036705.1,uncultured Anaeroplasmataceae bacterium,658266,PRJEB59335,SAMEA112404833,2023,2023-03-11,Illumina,Short,Scaffold,Inconclusive,Anaeroplasma bactoclasticum,2026-09-29
GCA_949037585.1,uncultured Anaeroplasmataceae bacterium,658266,PRJEB59335,SAMEA112402782,2023,2023-03-15,Illumina,Short,Scaffold,Inconclusive,na,2026-09-29
GCA_949037595.1,uncultured Anaeroplasmataceae bacterium,658266,PRJEB59335,SAMEA112384830,2023,2023-03-14,Illumina,Short,Scaffold,Inconclusive,na,2026-09-29
GCA_949041415.1,uncultured Anaeroplasmataceae bacterium,658266,PRJEB59335,SAMEA112384887,2023,2023-03-12,Illumina,Short,Scaffold,Inconclusive,Helicobacter cinaedi,2026-09-29
GCA_949044655.1,uncultured Anaeroplasmataceae bacterium,658266,PRJEB59335,SAMEA112401845,2023,2023-03-12,Illumina,Short,Scaffold,Inconclusive,na,2026-09-29
GCA_949045935.1,uncultured Anaeroplasmataceae bacterium,658266,PRJEB59335,SAMEA112394006,2023,2023-03-11,Illumina,Short,Scaffold,Inconclusive,Anaeroplasma bactoclasticum,2026-09-29
GCA_949046325.1,uncultured Anaeroplasmataceae bacterium,658266,PRJEB59335,SAMEA112404939,2023,2023-03-11,Illumina,Short,Scaffold,Inconclusive,Anaeroplasma bactoclasticum,2026-09-29
GCA_949047055.1,uncultured Anaeroplasmataceae bacterium,658266,PRJEB59335,SAMEA112411695,2023,2023-03-12,Illumina,Short,Scaffold,Inconclusive,na,2026-09-29
GCA_949047225.1,uncultured Anaeroplasmataceae bacterium,658266,PRJEB59335,SAMEA112402932,2023,2023-03-14,Illumina,Short,Scaffold,Inconclusive,na,2026-09-29
GCA_949047885.1,uncultured Anaeroplasmataceae bacterium,658266,PRJEB59335,SAMEA112432938,2023,2023-03-14,Illumina,Short,Scaffold,Inconclusive,Anaeroplasma bactoclasticum,2026-09-29
GCA_949050345.1,uncultured Anaeroplasmataceae bacterium,658266,PRJEB59335,SAMEA112430971,2023,2023-03-14,Illumina,Short,Scaffold,Inconclusive,Anaeroplasma bactoclasticum,2026-09-29
GCA_949052065.1,uncultured Anaeroplasmataceae bacterium,658266,PRJEB59335,SAMEA112404858,2023,2023-03-30,Illumina,Short,Scaffold,Inconclusive,na,2026-09-29
GCA_949052205.1,uncultured Anaeroplasmataceae bacterium,658266,PRJEB59335,SAMEA112380936,2023,2023-03-13,Illumina,Short,Scaffold,Inconclusive,Anaeroplasma bactoclasticum,2026-09-29
GCA_949055775.1,uncultured Anaeroplasmataceae bacterium,658266,PRJEB59335,SAMEA112411765,2023,2023-03-11,Illumina,Short,Scaffold,Inconclusive,na,2026-09-29
GCA_949056175.1,uncultured Anaeroplasmataceae bacterium,658266,PRJEB59335,SAMEA112380920,2023,2023-03-13,Illumina,Short,Scaffold,Inconclusive,na,2026-09-29
GCA_949056865.1,uncultured Anaeroplasmataceae bacterium,658266,PRJEB59335,SAMEA112384980,2023,2023-03-11,Illumina,Short,Scaffold,Inconclusive,na,2026-09-29
GCA_949065035.1,uncultured Anaeroplasmataceae bacterium,658266,PRJEB59335,SAMEA112384873,2023,2023-03-13,Illumina,Short,Scaffold,Inconclusive,Anaeroplasma bactoclasticum,2026-09-29
GCA_949065205.1,uncultured Anaeroplasmataceae bacterium,658266,PRJEB59335,SAMEA112409922,2023,2023-03-11,Illumina,Short,Scaffold,Inconclusive,Anaeroplasma bactoclasticum,2026-09-29
GCA_949066945.1,uncultured Anaeroplasmataceae bacterium,658266,PRJEB59335,SAMEA112411752,2023,2023-03-11,Illumina,Short,Scaffold,Inconclusive,na,2026-09-29
GCA_949067945.1,uncultured Anaeroplasmataceae bacterium,658266,PRJEB59335,SAMEA112391964,2023,2023-03-14,Illumina,Short,Scaffold,Inconclusive,Defluviitalea phaphyphila,2026-09-29
GCA_949068325.1,uncultured Anaeroplasmataceae bacterium,658266,PRJEB59335,SAMEA112403770,2023,2023-03-11,Illumina,Short,Scaffold,Inconclusive,Anaeroplasma bactoclasticum,2026-09-29
GCA_949069785.1,uncultured Anaeroplasmataceae bacterium,658266,PRJEB59335,SAMEA112411844,2023,2023-03-11,Illumina,Short,Scaffold,Inconclusive,Anaeroplasma bactoclasticum,2026-09-29
GCA_949069885.1,uncultured Anaeroplasmataceae bacterium,658266,PRJEB59335,SAMEA112384961,2023,2023-03-12,Illumina,Short,Scaffold,Inconclusive,Hypnocyclicus thermotrophus,2026-09-29
GCA_949071095.1,uncultured Anaeroplasmataceae bacterium,658266,PRJEB59335,SAMEA112411889,2023,2023-03-12,Illumina,Short,Scaffold,Inconclusive,na,2026-09-29
GCA_949072495.1,uncultured Anaeroplasmataceae bacterium,658266,PRJEB59335,SAMEA112384985,2023,2023-03-11,Illumina,Short,Scaffold,Inconclusive,Helicobacter japonicus,2026-09-29
GCA_949072725.1,uncultured Anaeroplasmataceae bacterium,658266,PRJEB59335,SAMEA112411710,2023,2023-03-11,Illumina,Short,Scaffold,Inconclusive,Anaeroplasma bactoclasticum,2026-09-29
GCA_949072985.1,uncultured Anaeroplasmataceae bacterium,658266,PRJEB59335,SAMEA112405779,2023,2023-03-14,Illumina,Short,Scaffold,Inconclusive,na,2026-09-29
GCA_949074495.1,uncultured Anaeroplasmataceae bacterium,658266,PRJEB59335,SAMEA112380868,2023,2023-03-15,Illumina,Short,Contig,Inconclusive,Hypnocyclicus thermotrophus,2026-09-29
GCA_949076055.1,uncultured Anaeroplasmataceae bacterium,658266,PRJEB59335,SAMEA112411839,2023,2023-03-11,Illumina,Short,Scaffold,Inconclusive,na,2026-09-29
GCA_949076495.1,uncultured Anaeroplasmataceae bacterium,658266,PRJEB59335,SAMEA112402816,2023,2023-03-14,Illumina,Short,Scaffold,Inconclusive,na,2026-09-29
GCA_949077945.1,uncultured Anaeroplasmataceae bacterium,658266,PRJEB59335,SAMEA112380898,2023,2023-03-14,Illumina,Short,Scaffold,Inconclusive,na,2026-09-29
GCA_949081495.1,uncultured Anaeroplasmataceae bacterium,658266,PRJEB59335,SAMEA112415378,2023,2023-03-14,Illumina,Short,Scaffold,Inconclusive,Anaeroplasma bactoclasticum,2026-09-29
GCA_949081515.1,uncultured Anaeroplasmataceae bacterium,658266,PRJEB59335,SAMEA112401800,2023,2023-03-12,Illumina,Short,Scaffold,Inconclusive,Anaeroplasma bactoclasticum,2026-09-29
GCA_949082145.1,uncultured Anaeroplasmataceae bacterium,658266,PRJEB59335,SAMEA112402978,2023,2023-03-24,Illumina,Short,Scaffold,Inconclusive,na,2026-09-29
GCA_949083825.1,uncultured Anaeroplasmataceae bacterium,658266,PRJEB59335,SAMEA112405874,2023,2023-03-24,Illumina,Short,Contig,Inconclusive,Helicobacter ganmani,2026-09-29
GCA_949084975.1,uncultured Anaeroplasmataceae bacterium,658266,PRJEB59335,SAMEA112393912,2023,2023-03-13,Illumina,Short,Scaffold,Inconclusive,na,2026-09-29
GCA_949085815.1,uncultured Anaeroplasmataceae bacterium,658266,PRJEB59335,SAMEA112411804,2023,2023-03-11,Illumina,Short,Scaffold,Inconclusive,na,2026-09-29
GCA_949086295.1,uncultured Anaeroplasmataceae bacterium,658266,PRJEB59335,SAMEA112400757,2023,2023-03-13,Illumina,Short,Scaffold,Inconclusive,Anaeroplasma bactoclasticum,2026-09-29
GCA_949086675.1,uncultured Anaeroplasmataceae bacterium,658266,PRJEB59335,SAMEA112378954,2023,2023-03-13,Illumina,Short,Scaffold,Inconclusive,Anaeroplasma bactoclasticum,2026-09-29
GCA_949088425.1,uncultured Anaeroplasmataceae bacterium,658266,PRJEB59335,SAMEA112403978,2023,2023-03-25,Illumina,Short,Scaffold,Inconclusive,Turicibacter faecis,2026-09-29
GCA_949090965.1,uncultured Anaeroplasmataceae bacterium,658266,PRJEB59335,SAMEA112384916,2023,2023-03-17,Illumina,Short,Scaffold,Inconclusive,Anaeroplasma bactoclasticum,2026-09-29
GCA_949096825.1,uncultured Anaeroplasmataceae bacterium,658266,PRJEB59335,SAMEA112432992,2023,2023-03-14,Illumina,Short,Scaffold,Inconclusive,Anaeroplasma bactoclasticum,2026-09-29
GCA_949098365.1,uncultured Anaeroplasmataceae bacterium,658266,PRJEB59335,SAMEA112380970,2023,2023-03-15,Illumina,Short,Scaffold,Inconclusive,na,2026-09-29
GCA_949101145.1,uncultured Anaeroplasmataceae bacterium,658266,PRJEB59335,SAMEA112403920,2023,2023-03-14,Illumina,Short,Contig,Inconclusive,na,2026-09-29
GCA_949101555.1,uncultured Anaeroplasmataceae bacterium,658266,PRJEB59335,SAMEA112411918,2023,2023-03-11,Illumina,Short,Scaffold,Inconclusive,na,2026-09-29
GCA_949101785.1,uncultured Anaeroplasmataceae bacterium,658266,PRJEB59335,SAMEA112403991,2023,2023-03-14,Illumina,Short,Scaffold,Inconclusive,na,2026-09-29
GCA_949101845.1,uncultured Anaeroplasmataceae bacterium,658266,PRJEB59335,SAMEA112415632,2023,2023-03-12,Illumina,Short,Scaffold,Inconclusive,Anaeroplasma bactoclasticum,2026-09-29
GCA_949102945.1,uncultured Anaeroplasmataceae bacterium,658266,PRJEB59335,SAMEA112409966,2023,2023-03-28,Illumina,Short,Scaffold,Inconclusive,na,2026-09-29
GCA_949108825.1,uncultured Anaeroplasmataceae bacterium,658266,PRJEB59335,SAMEA112402006,2023,2023-03-11,Illumina,Short,Scaffold,Inconclusive,Anaeroplasma bactoclasticum,2026-09-29
GCA_949108945.1,uncultured Anaeroplasmataceae bacterium,658266,PRJEB59335,SAMEA112400904,2023,2023-03-14,Illumina,Short,Scaffold,Inconclusive,na,2026-09-29
GCA_949110435.1,uncultured Anaeroplasmataceae bacterium,658266,PRJEB59335,SAMEA112411943,2023,2023-03-12,Illumina,Short,Scaffold,Inconclusive,Defluviitalea phaphyphila,2026-09-29
GCA_949111075.1,uncultured Anaeroplasmataceae bacterium,658266,PRJEB59335,SAMEA112411992,2023,2023-03-13,Illumina,Short,Scaffold,Inconclusive,na,2026-09-29
GCA_949112795.1,uncultured Anaeroplasmataceae bacterium,658266,PRJEB59335,SAMEA112411975,2023,2023-03-14,Illumina,Short,Scaffold,Inconclusive,Defluviitalea phaphyphila,2026-09-29
GCA_949114595.1,uncultured Anaeroplasmataceae bacterium,658266,PRJEB59335,SAMEA112411906,2023,2023-03-11,Illumina,Short,Scaffold,Inconclusive,na,2026-09-29
GCA_949116075.1,uncultured Anaeroplasmataceae bacterium,658266,PRJEB59335,SAMEA112403950,2023,2023-03-11,Illumina,Short,Scaffold,Inconclusive,Anaeroplasma bactoclasticum,2026-09-29
GCA_949116145.1,uncultured Anaeroplasmataceae bacterium,658266,PRJEB59335,SAMEA112403011,2023,2023-03-11,Illumina,Short,Scaffold,Inconclusive,Anaeroplasma bactoclasticum,2026-09-29
GCA_949116265.1,uncultured Anaeroplasmataceae bacterium,658266,PRJEB59335,SAMEA112414953,2023,2023-03-11,Illumina,Short,Scaffold,Inconclusive,Anaeroplasma bactoclasticum,2026-09-29
GCA_949121725.1,uncultured Mollicutes bacterium,220137,PRJEB58363,SAMEA112444874,2023,2023-02-03,Illumina NovaSeq 6000,Short,Contig,Inconclusive,na,2026-09-29
GCA_949130595.1,uncultured Mycoplasmatales bacterium,749450,PRJEB32890,SAMEA112444155,2023,2023-03-16,Illumina HiSeq 2000,Short,Contig,Inconclusive,Mesomycoplasma moatsii,2026-09-29
GCA_949132735.1,uncultured Mycoplasmatales bacterium,749450,PRJEB32890,SAMEA112444388,2023,2023-03-10,Illumina HiSeq 2000,Short,Contig,Inconclusive,Mesomycoplasma moatsii,2026-09-29
GCA_949133205.1,uncultured Mycoplasmatales bacterium,749450,PRJEB32890,SAMEA112444446,2023,2023-03-10,Illumina HiSeq 2000,Short,Contig,Inconclusive,Mesomycoplasma moatsii,2026-09-29
GCA_949135145.1,uncultured Mycoplasmatales bacterium,749450,PRJEB32890,SAMEA112444503,2023,2023-03-10,Illumina HiSeq 2000,Short,Contig,Inconclusive,Mesomycoplasma moatsii,2026-09-29
GCA_949153195.1,uncultured Mycoplasmatales bacterium,749450,PRJEB32890,SAMEA112443868,2023,2023-03-10,Illumina HiSeq 2000,Short,Contig,Inconclusive,Mesomycoplasma moatsii,2026-09-29
GCA_949154315.1,uncultured Mycoplasmatales bacterium,749450,PRJEB32890,SAMEA112443924,2023,2023-03-16,Illumina HiSeq 2000,Short,Contig,Inconclusive,Mesomycoplasma moatsii,2026-09-29
GCA_949155615.1,uncultured Mycoplasmatales bacterium,749450,PRJEB32890,SAMEA112443972,2023,2023-03-10,Illumina HiSeq 2000,Short,Contig,Inconclusive,Mesomycoplasma moatsii,2026-09-29
GCA_949156245.1,uncultured Anaeroplasmataceae bacterium,658266,PRJEB32890,SAMEA112444002,2023,2023-03-24,Illumina HiSeq 2000,Short,Contig,Inconclusive,na,2026-09-29
GCA_949156495.1,uncultured Anaeroplasmataceae bacterium,658266,PRJEB32890,SAMEA112444106,2023,2023-03-11,Illumina HiSeq 2000,Short,Contig,Inconclusive,Anaeroplasma bactoclasticum,2026-09-29
GCA_949157225.1,uncultured Anaeroplasmataceae bacterium,658266,PRJEB32890,SAMEA112444689,2023,2023-03-14,Illumina HiSeq 2000,Short,Contig,Inconclusive,na,2026-09-29
GCA_949279265.1,uncultured Mycoplasmatales bacterium,749450,PRJEB32890,SAMEA112444573,2023,2023-03-10,Illumina HiSeq 2000,Short,Contig,Inconclusive,Mesomycoplasma moatsii,2026-09-29
GCA_949279685.1,uncultured Mycoplasmatales bacterium,749450,PRJEB32890,SAMEA112444524,2023,2023-03-10,Illumina HiSeq 2000,Short,Contig,Inconclusive,Mesomycoplasma moatsii,2026-09-29
GCA_949280025.1,uncultured Mycoplasmatales bacterium,749450,PRJEB32890,SAMEA112444428,2023,2023-03-10,Illumina HiSeq 2000,Short,Contig,Inconclusive,Mesomycoplasma moatsii,2026-09-29
GCA_949280305.1,uncultured Anaeroplasmataceae bacterium,658266,PRJEB32890,SAMEA112444189,2023,2023-03-24,Illumina HiSeq 2000,Short,Contig,Inconclusive,Bacteroides caecimuris,2026-09-29
GCA_949281105.1,uncultured Mycoplasmatales bacterium,749450,PRJEB32890,SAMEA112444700,2023,2023-03-10,Illumina HiSeq 2000,Short,Contig,Inconclusive,Mesomycoplasma moatsii,2026-09-29
GCA_949282725.1,uncultured Mycoplasmataceae bacterium,300027,PRJEB57055,SAMEA112663246,2023,2023-06-15,Illumina Novaseq,Short,Contig,Inconclusive,Malacoplasma iowae,2026-09-29
GCA_949283985.1,uncultured Mycoplasmataceae bacterium,300027,PRJEB57055,SAMEA112663242,2023,2023-06-15,Illumina Novaseq,Short,Contig,Inconclusive,Fusobacterium perfoetens,2026-09-29
GCA_949284615.1,uncultured Mycoplasma sp.,167967,PRJEB57055,SAMEA112663236,2023,2023-06-15,Illumina Novaseq,Short,Contig,Inconclusive,Mesomycoplasma moatsii,2026-09-29
GCA_949285105.1,uncultured Mycoplasma sp.,167967,PRJEB57055,SAMEA112663239,2023,2023-06-16,Illumina Novaseq,Short,Contig,Inconclusive,Malacoplasma iowae,2026-09-29
GCA_949287175.1,uncultured Mollicutes bacterium,220137,PRJEB57055,SAMEA112663226,2023,2023-06-16,Illumina Novaseq,Short,Contig,Inconclusive,Oceanobacillus iheyensis,2026-09-29
GCA_949288005.1,uncultured Mycoplasmataceae bacterium,300027,PRJEB57055,SAMEA112663244,2023,2023-06-15,Illumina Novaseq,Short,Contig,Inconclusive,Candidatus Hepatoplasma vulgare,2026-09-29
GCA_949288045.1,uncultured Mycoplasma sp.,167967,PRJEB57055,SAMEA112663238,2023,2023-06-15,Illumina Novaseq,Short,Contig,Inconclusive,Mesomycoplasma moatsii,2026-09-29
GCA_949289925.1,uncultured Mycoplasmataceae bacterium,300027,PRJEB57055,SAMEA112663241,2023,2023-06-15,Illumina Novaseq,Short,Contig,Inconclusive,Malacoplasma muris,2026-09-29
GCA_949290035.1,uncultured Mycoplasmataceae bacterium,300027,PRJEB57055,SAMEA112663240,2023,2023-06-15,Illumina Novaseq,Short,Contig,Inconclusive,Malacoplasma muris,2026-09-29
GCA_949290735.1,uncultured Mycoplasmataceae bacterium,300027,PRJEB57055,SAMEA112663245,2023,2023-06-16,Illumina Novaseq,Short,Contig,Inconclusive,Malacoplasma iowae,2026-09-29
GCA_949290795.1,uncultured Mollicutes bacterium,220137,PRJEB57055,SAMEA112663225,2023,2023-06-16,Illumina Novaseq,Short,Contig,Inconclusive,Marinitoga litoralis,2026-09-29
GCA_949291765.1,uncultured Mollicutes bacterium,220137,PRJEB57055,SAMEA112663224,2023,2023-06-16,Illumina Novaseq,Short,Contig,Inconclusive,na,2026-09-29
GCA_949293065.1,uncultured Mycoplasma sp.,167967,PRJEB57055,SAMEA112663237,2023,2023-06-15,Illumina Novaseq,Short,Contig,Inconclusive,Mesomycoplasma moatsii,2026-09-29
GCA_949299825.1,uncultured Mycoplasmataceae bacterium,300027,PRJEB57055,SAMEA112663243,2023,2023-06-15,Illumina Novaseq,Short,Contig,Inconclusive,Malacoplasma iowae,2026-09-29
GCA_949342775.1,uncultured Anaeroplasmataceae bacterium,658266,PRJEB32890,SAMEA112684871,2023,2023-03-15,Illumina HiSeq 2500,Short,Contig,Inconclusive,Coprococcus phoceensis,2026-09-29
GCA_949343825.1,uncultured Anaeroplasmataceae bacterium,658266,PRJEB32890,SAMEA112685000,2023,2023-03-14,Illumina HiSeq 2500,Short,Contig,Inconclusive,Candidatus Phytoplasma australasiaticum,2026-09-29
GCA_949344185.1,uncultured Anaeroplasmataceae bacterium,658266,PRJEB32890,SAMEA112685028,2023,2023-03-13,Illumina HiSeq 2500,Short,Contig,Inconclusive,na,2026-09-29
GCA_949347085.1,uncultured Anaeroplasmataceae bacterium,658266,PRJEB32890,SAMEA112684847,2023,2023-03-14,Illumina HiSeq 2500,Short,Contig,Inconclusive,na,2026-09-29
GCA_949348105.1,uncultured Anaeroplasmataceae bacterium,658266,PRJEB32890,SAMEA112684401,2023,2023-03-12,Illumina HiSeq 2500,Short,Contig,Inconclusive,Clostridium tarantellae,2026-09-29
GCA_949350235.1,uncultured Anaeroplasmataceae bacterium,658266,PRJEB32890,SAMEA112685065,2023,2023-03-13,Illumina HiSeq 2500,Short,Contig,Inconclusive,Thomasclavelia cocleata,2026-09-29
GCA_949350625.1,uncultured Anaeroplasmataceae bacterium,658266,PRJEB32890,SAMEA112685129,2023,2023-03-14,Illumina HiSeq 2500,Short,Contig,Inconclusive,Limosilactobacillus reuteri,2026-09-29
GCA_949350805.1,uncultured Anaeroplasmataceae bacterium,658266,PRJEB32890,SAMEA112685113,2023,2023-03-12,Illumina HiSeq 2500,Short,Contig,Inconclusive,na,2026-09-29
GCA_949352145.1,uncultured Anaeroplasmataceae bacterium,658266,PRJEB32890,SAMEA112685093,2023,2023-03-11,Illumina HiSeq 2500,Short,Contig,Inconclusive,Anaeroplasma bactoclasticum,2026-09-29
GCA_949374075.1,uncultured Anaeroplasmataceae bacterium,658266,PRJEB32890,SAMEA112711816,2023,2023-03-23,Illumina HiSeq 2000,Short,Contig,Inconclusive,na,2026-09-29
GCA_949374275.1,uncultured Anaeroplasmataceae bacterium,658266,PRJEB32890,SAMEA112712955,2023,2023-03-23,Illumina HiSeq 2000,Short,Contig,Inconclusive,na,2026-09-29
GCA_949374955.1,uncultured Anaeroplasmataceae bacterium,658266,PRJEB32890,SAMEA112712923,2023,2023-03-16,Illumina HiSeq 2000,Short,Contig,Inconclusive,na,2026-09-29
GCA_949375365.1,uncultured Anaeroplasmataceae bacterium,658266,PRJEB32890,SAMEA112712188,2023,2023-03-17,Illumina HiSeq 2000,Short,Contig,Inconclusive,na,2026-09-29
GCA_949375795.1,uncultured Anaeroplasmataceae bacterium,658266,PRJEB32890,SAMEA112713075,2023,2023-03-17,Illumina HiSeq 2000,Short,Contig,Inconclusive,na,2026-09-29
GCA_949376165.1,uncultured Anaeroplasmataceae bacterium,658266,PRJEB32890,SAMEA112713087,2023,2023-03-24,Illumina HiSeq 2000,Short,Contig,Inconclusive,na,2026-09-29
GCA_949377455.1,uncultured Anaeroplasmataceae bacterium,658266,PRJEB32890,SAMEA112712050,2023,2023-03-23,Illumina HiSeq 2000,Short,Contig,Inconclusive,na,2026-09-29
GCA_949377865.1,uncultured Anaeroplasmataceae bacterium,658266,PRJEB32890,SAMEA112712979,2023,2023-03-23,Illumina HiSeq 2000,Short,Contig,Inconclusive,na,2026-09-29
GCA_949378265.1,uncultured Anaeroplasmataceae bacterium,658266,PRJEB32890,SAMEA112712997,2023,2023-03-17,Illumina HiSeq 2000,Short,Contig,Inconclusive,na,2026-09-29
GCA_949378435.1,uncultured Anaeroplasmataceae bacterium,658266,PRJEB32890,SAMEA112712087,2023,2023-03-23,Illumina HiSeq 2000,Short,Contig,Inconclusive,na,2026-09-29
GCA_949379255.1,uncultured Anaeroplasmataceae bacterium,658266,PRJEB32890,SAMEA112711878,2023,2023-03-17,Illumina HiSeq 2000,Short,Contig,Inconclusive,na,2026-09-29
GCA_949379315.1,uncultured Anaeroplasmataceae bacterium,658266,PRJEB32890,SAMEA112712771,2023,2023-03-23,Illumina HiSeq 2000,Short,Contig,Inconclusive,na,2026-09-29
GCA_949379345.1,uncultured Anaeroplasmataceae bacterium,658266,PRJEB32890,SAMEA112712763,2023,2023-03-17,Illumina HiSeq 2000,Short,Contig,Inconclusive,na,2026-09-29
GCA_949380405.1,uncultured Anaeroplasmataceae bacterium,658266,PRJEB32890,SAMEA112713346,2023,2023-03-17,Illumina HiSeq 2000,Short,Contig,Inconclusive,na,2026-09-29
GCA_949381185.1,uncultured Anaeroplasmataceae bacterium,658266,PRJEB32890,SAMEA112713429,2023,2023-03-17,Illumina HiSeq 2000,Short,Contig,Inconclusive,na,2026-09-29
GCA_949381365.1,uncultured Anaeroplasmataceae bacterium,658266,PRJEB32890,SAMEA112713042,2023,2023-03-17,Illumina HiSeq 2000,Short,Contig,Inconclusive,na,2026-09-29
GCA_949381405.1,uncultured Anaeroplasmataceae bacterium,658266,PRJEB32890,SAMEA112712126,2023,2023-03-23,Illumina HiSeq 2000,Short,Contig,Inconclusive,na,2026-09-29
GCA_949381985.1,uncultured Anaeroplasmataceae bacterium,658266,PRJEB32890,SAMEA112713177,2023,2023-03-17,Illumina HiSeq 2000,Short,Contig,Inconclusive,na,2026-09-29
GCA_949382145.1,uncultured Anaeroplasmataceae bacterium,658266,PRJEB32890,SAMEA112712807,2023,2023-03-17,Illumina HiSeq 2000,Short,Contig,Inconclusive,na,2026-09-29
GCA_949382765.1,uncultured Anaeroplasmataceae bacterium,658266,PRJEB32890,SAMEA112711504,2023,2023-03-17,Illumina HiSeq 2000,Short,Contig,Inconclusive,na,2026-09-29
GCA_949382945.1,uncultured Anaeroplasmataceae bacterium,658266,PRJEB32890,SAMEA112711623,2023,2023-03-17,Illumina HiSeq 2000,Short,Contig,Inconclusive,na,2026-09-29
GCA_949384115.1,uncultured Anaeroplasmataceae bacterium,658266,PRJEB32890,SAMEA112711901,2023,2023-03-17,Illumina HiSeq 2000,Short,Contig,Inconclusive,na,2026-09-29
GCA_949384255.1,uncultured Anaeroplasmataceae bacterium,658266,PRJEB32890,SAMEA112712001,2023,2023-03-17,Illumina HiSeq 2000,Short,Contig,Inconclusive,na,2026-09-29
GCA_949384295.1,uncultured Anaeroplasmataceae bacterium,658266,PRJEB32890,SAMEA112712120,2023,2023-03-17,Illumina HiSeq 2000,Short,Contig,Inconclusive,Anaeroplasma bactoclasticum,2026-09-29
GCA_949384855.1,uncultured Anaeroplasmataceae bacterium,658266,PRJEB32890,SAMEA112712939,2023,2023-03-23,Illumina HiSeq 2000,Short,Contig,Inconclusive,na,2026-09-29
GCA_949386145.1,uncultured Anaeroplasmataceae bacterium,658266,PRJEB32890,SAMEA112713323,2023,2023-03-17,Illumina HiSeq 2000,Short,Contig,Inconclusive,na,2026-09-29
GCA_949386165.1,uncultured Anaeroplasmataceae bacterium,658266,PRJEB32890,SAMEA112713283,2023,2023-03-17,Illumina HiSeq 2000,Short,Contig,Inconclusive,na,2026-09-29
GCA_949387015.1,uncultured Anaeroplasmataceae bacterium,658266,PRJEB32890,SAMEA112713375,2023,2023-03-17,Illumina HiSeq 2000,Short,Contig,Inconclusive,na,2026-09-29
GCA_949388275.1,uncultured Anaeroplasmataceae bacterium,658266,PRJEB32890,SAMEA112711653,2023,2023-03-17,Illumina HiSeq 2000,Short,Contig,Inconclusive,na,2026-09-29
GCA_949388665.1,uncultured Anaeroplasmataceae bacterium,658266,PRJEB32890,SAMEA112711806,2023,2023-03-17,Illumina HiSeq 2000,Short,Contig,Inconclusive,na,2026-09-29
GCA_949389525.1,uncultured Anaeroplasmataceae bacterium,658266,PRJEB32890,SAMEA112713006,2023,2023-03-23,Illumina HiSeq 2000,Short,Contig,Inconclusive,na,2026-09-29
GCA_949390825.1,uncultured Anaeroplasmataceae bacterium,658266,PRJEB32890,SAMEA112728737,2023,2023-03-17,NextSeq 500,Unknown,Contig,Inconclusive,Anaeroplasma bactoclasticum,2026-09-29
GCA_949391765.1,uncultured Anaeroplasmataceae bacterium,658266,PRJEB32890,SAMEA112728231,2023,2023-03-17,NextSeq 500,Unknown,Contig,Inconclusive,Anaeroplasma bactoclasticum,2026-09-29
GCA_949392095.1,uncultured Anaeroplasmataceae bacterium,658266,PRJEB32890,SAMEA112711987,2023,2023-03-16,Illumina HiSeq 2000,Short,Contig,Inconclusive,Anaeroplasma bactoclasticum,2026-09-29
GCA_949393255.1,uncultured Anaeroplasmataceae bacterium,658266,PRJEB32890,SAMEA112728265,2023,2023-03-17,NextSeq 500,Unknown,Contig,Inconclusive,na,2026-09-29
GCA_949393375.1,uncultured Anaeroplasmataceae bacterium,658266,PRJEB32890,SAMEA112728365,2023,2023-03-17,NextSeq 500,Unknown,Contig,Inconclusive,Anaeroplasma bactoclasticum,2026-09-29
GCA_949395055.1,uncultured Anaeroplasmataceae bacterium,658266,PRJEB32890,SAMEA112728417,2023,2023-03-16,NextSeq 500,Unknown,Contig,Inconclusive,na,2026-09-29
GCA_949395365.1,uncultured Anaeroplasmataceae bacterium,658266,PRJEB32890,SAMEA112712833,2023,2023-03-17,Illumina HiSeq 2000,Short,Contig,Inconclusive,na,2026-09-29
GCA_949395515.1,uncultured Anaeroplasmataceae bacterium,658266,PRJEB32890,SAMEA112728313,2023,2023-03-17,NextSeq 500,Unknown,Contig,Inconclusive,Anaeroplasma bactoclasticum,2026-09-29
GCA_949396545.1,uncultured Anaeroplasmataceae bacterium,658266,PRJEB32890,SAMEA112713400,2023,2023-03-17,Illumina HiSeq 2000,Short,Contig,Inconclusive,na,2026-09-29
GCA_949397085.1,uncultured Anaeroplasmataceae bacterium,658266,PRJEB32890,SAMEA112711913,2023,2023-03-16,Illumina HiSeq 2000,Short,Contig,Inconclusive,Haploplasma modicum,2026-09-29
GCA_949397335.1,uncultured Anaeroplasmataceae bacterium,658266,PRJEB32890,SAMEA112711833,2023,2023-03-17,Illumina HiSeq 2000,Short,Contig,Inconclusive,Lactobacillus johnsonii,2026-09-29
GCA_949397665.1,uncultured Anaeroplasmataceae bacterium,658266,PRJEB32890,SAMEA112711544,2023,2023-03-17,Illumina HiSeq 2000,Short,Contig,Inconclusive,na,2026-09-29
GCA_949403805.1,uncultured Anaeroplasmataceae bacterium,658266,PRJEB32890,SAMEA112711595,2023,2023-03-16,Illumina HiSeq 2000,Short,Contig,Inconclusive,Anaeroplasma bactoclasticum,2026-09-29
GCA_949403875.1,uncultured Anaeroplasmataceae bacterium,658266,PRJEB32890,SAMEA112711520,2023,2023-03-16,Illumina HiSeq 2000,Short,Contig,Inconclusive,Anaeroplasma bactoclasticum,2026-09-29
GCA_949404855.1,uncultured Anaeroplasmataceae bacterium,658266,PRJEB32890,SAMEA112713373,2023,2023-03-17,Illumina HiSeq 2000,Short,Contig,Inconclusive,na,2026-09-29
GCA_949405085.1,uncultured Anaeroplasmataceae bacterium,658266,PRJEB32890,SAMEA112713147,2023,2023-03-17,Illumina HiSeq 2000,Short,Contig,Inconclusive,na,2026-09-29
GCA_949406185.1,uncultured Anaeroplasmataceae bacterium,658266,PRJEB32890,SAMEA112711858,2023,2023-03-17,Illumina HiSeq 2000,Short,Contig,Inconclusive,na,2026-09-29
GCA_949409805.1,uncultured Anaeroplasmataceae bacterium,658266,PRJEB32890,SAMEA112712044,2023,2023-03-23,Illumina HiSeq 2000,Short,Contig,Inconclusive,Clostridium tepidum,2026-09-29
GCA_949409825.1,uncultured Anaeroplasmataceae bacterium,658266,PRJEB32890,SAMEA112711889,2023,2023-03-23,Illumina HiSeq 2000,Short,Contig,Inconclusive,na,2026-09-29
GCA_949411405.1,uncultured Anaeroplasmataceae bacterium,658266,PRJEB32890,SAMEA112712907,2023,2023-03-23,Illumina HiSeq 2000,Short,Contig,Inconclusive,na,2026-09-29
GCA_949411455.1,uncultured Anaeroplasmataceae bacterium,658266,PRJEB32890,SAMEA112712875,2023,2023-03-17,Illumina HiSeq 2000,Short,Contig,Inconclusive,na,2026-09-29
GCA_949411535.1,uncultured Anaeroplasmataceae bacterium,658266,PRJEB32890,SAMEA112713202,2023,2023-03-17,Illumina HiSeq 2000,Short,Contig,Inconclusive,na,2026-09-29
GCA_949411785.1,uncultured Anaeroplasmataceae bacterium,658266,PRJEB32890,SAMEA112713258,2023,2023-03-17,Illumina HiSeq 2000,Short,Contig,Inconclusive,na,2026-09-29
GCA_949412815.1,uncultured Anaeroplasmataceae bacterium,658266,PRJEB32890,SAMEA112712207,2023,2023-03-17,Illumina HiSeq 2000,Short,Contig,Inconclusive,na,2026-09-29
GCA_949416355.1,uncultured Anaeroplasmataceae bacterium,658266,PRJEB32890,SAMEA112728308,2023,2023-03-17,NextSeq 500,Unknown,Contig,Inconclusive,Anaeroplasma bactoclasticum,2026-09-29
GCA_949416935.1,uncultured Anaeroplasmataceae bacterium,658266,PRJEB32890,SAMEA112728405,2023,2023-03-16,NextSeq 500,Unknown,Contig,Inconclusive,Clostridium thermobutyricum,2026-09-29
GCA_949421535.1,uncultured Mollicutes bacterium,220137,PRJEB32890,SAMEA112719098,2023,2023-03-17,Illumina HiSeq 2500,Short,Contig,Inconclusive,Anaeroplasma bactoclasticum,2026-09-29
GCA_949422675.1,uncultured Mollicutes bacterium,220137,PRJEB32890,SAMEA112719086,2023,2023-03-16,Illumina HiSeq 2500,Short,Contig,Inconclusive,Anaeroplasma bactoclasticum,2026-09-29
GCA_949422915.1,uncultured Mycoplasmatales bacterium,749450,PRJEB32890,SAMEA112729436,2023,2023-03-16,HiSeq X Ten,Short,Contig,Inconclusive,Malacoplasma muris,2026-09-29
GCA_949424775.1,uncultured Anaeroplasmataceae bacterium,658266,PRJEB32890,SAMEA112724423,2023,2023-03-17,Illumina HiSeq 2000,Short,Contig,Inconclusive,Anaeroplasma bactoclasticum,2026-09-29
GCA_949434085.1,uncultured Mollicutes bacterium,220137,PRJEB32890,SAMEA112719122,2023,2023-03-16,Illumina HiSeq 2500,Short,Contig,Inconclusive,Anaeroplasma bactoclasticum,2026-09-29
GCA_949436825.1,uncultured Mollicutes bacterium,220137,PRJEB32890,SAMEA112719053,2023,2023-03-17,Illumina HiSeq 2500,Short,Contig,Inconclusive,Anaeroplasma bactoclasticum,2026-09-29
GCA_949437485.1,uncultured Mycoplasmatales bacterium,749450,PRJEB32890,SAMEA112719891,2023,2023-03-16,Illumina HiSeq 2000,Short,Contig,Inconclusive,Malacoplasma muris,2026-09-29
GCA_949440235.1,uncultured Anaeroplasmataceae bacterium,658266,PRJEB32890,SAMEA112724384,2023,2023-03-23,Illumina HiSeq 2000,Short,Contig,Inconclusive,na,2026-09-29
GCA_949440655.1,uncultured Anaeroplasmataceae bacterium,658266,PRJEB32890,SAMEA112724484,2023,2023-03-24,Illumina HiSeq 2000,Short,Contig,Inconclusive,na,2026-09-29
GCA_949442815.1,uncultured Mollicutes bacterium,220137,PRJEB32890,SAMEA112719158,2023,2023-03-16,Illumina HiSeq 2500,Short,Contig,Inconclusive,Anaeroplasma bactoclasticum,2026-09-29
GCA_949442905.1,uncultured Mollicutes bacterium,220137,PRJEB32890,SAMEA112719202,2023,2023-03-17,Illumina HiSeq 2500,Short,Contig,Inconclusive,Anaeroplasma bactoclasticum,2026-09-29
GCA_949444255.1,uncultured Anaeroplasmataceae bacterium,658266,PRJEB32890,SAMEA112724263,2023,2023-03-23,Illumina HiSeq 2000,Short,Contig,Inconclusive,Anaeroplasma bactoclasticum,2026-09-29
GCA_949444345.1,uncultured Anaeroplasmataceae bacterium,658266,PRJEB32890,SAMEA112724330,2023,2023-03-23,Illumina HiSeq 2000,Short,Contig,Inconclusive,na,2026-09-29
GCA_949444665.1,uncultured Anaeroplasmataceae bacterium,658266,PRJEB32890,SAMEA112725888,2023,2023-03-16,Illumina HiSeq 2500,Short,Contig,Inconclusive,na,2026-09-29
GCA_949445135.1,uncultured Mycoplasmatales bacterium,749450,PRJEB32890,SAMEA112719798,2023,2023-03-16,Illumina HiSeq 2000,Short,Contig,Inconclusive,Malacoplasma muris,2026-09-29
GCA_949446985.1,uncultured Mollicutes bacterium,220137,PRJEB32890,SAMEA112719163,2023,2023-03-16,Illumina HiSeq 2500,Short,Contig,Inconclusive,Anaeroplasma bactoclasticum,2026-09-29
GCA_949448385.1,uncultured Mollicutes bacterium,220137,PRJEB32890,SAMEA112719229,2023,2023-03-16,Illumina HiSeq 2500,Short,Contig,Inconclusive,Anaeroplasma bactoclasticum,2026-09-29
GCA_949448475.1,uncultured Mollicutes bacterium,220137,PRJEB32890,SAMEA112719242,2023,2023-03-17,Illumina HiSeq 2500,Short,Contig,Inconclusive,Anaeroplasma bactoclasticum,2026-09-29
GCA_949448495.1,uncultured Mollicutes bacterium,220137,PRJEB32890,SAMEA112719206,2023,2023-03-17,Illumina HiSeq 2500,Short,Contig,Inconclusive,Anaeroplasma bactoclasticum,2026-09-29
GCA_949449755.1,uncultured Anaeroplasmataceae bacterium,658266,PRJEB32890,SAMEA112726193,2023,2023-03-17,NextSeq 500,Unknown,Contig,Inconclusive,Anaeroplasma bactoclasticum,2026-09-29
GCA_949450725.1,uncultured Mycoplasmatales bacterium,749450,PRJEB32890,SAMEA112729479,2023,2023-03-16,HiSeq X Ten,Short,Contig,Inconclusive,Malacoplasma muris,2026-09-29
GCA_949451005.1,uncultured Anaeroplasmataceae bacterium,658266,PRJEB32890,SAMEA112730361,2023,2023-03-16,Illumina HiSeq 2500,Short,Contig,Inconclusive,Bacteroides muris (ex Afrizal et al. 2022),2026-09-29
GCA_949453445.1,uncultured Mycoplasmatales bacterium,749450,PRJEB32890,SAMEA112729821,2023,2023-03-16,HiSeq X Ten,Short,Contig,Inconclusive,Mycoplasmoides pirum,2026-09-29
GCA_949453645.1,uncultured Anaeroplasmataceae bacterium,658266,PRJEB32890,SAMEA112717895,2023,2023-03-23,Illumina HiSeq 2500,Short,Contig,Inconclusive,na,2026-09-29
GCA_949455965.1,uncultured Mollicutes bacterium,220137,PRJEB32890,SAMEA112719577,2023,2023-03-17,Illumina HiSeq 2500,Short,Contig,Inconclusive,Anaeroplasma bactoclasticum,2026-09-29
GCA_949456135.1,uncultured Mollicutes bacterium,220137,PRJEB32890,SAMEA112719533,2023,2023-03-16,Illumina HiSeq 2500,Short,Contig,Inconclusive,na,2026-09-29
GCA_949456175.1,uncultured Mollicutes bacterium,220137,PRJEB32890,SAMEA112719526,2023,2023-03-16,Illumina HiSeq 2500,Short,Contig,Inconclusive,na,2026-09-29
GCA_949456225.1,uncultured Mollicutes bacterium,220137,PRJEB32890,SAMEA112719516,2023,2023-03-17,Illumina HiSeq 2500,Short,Contig,Inconclusive,Anaeroplasma bactoclasticum,2026-09-29
GCA_949456325.1,uncultured Mollicutes bacterium,220137,PRJEB32890,SAMEA112719488,2023,2023-03-17,Illumina HiSeq 2500,Short,Contig,Inconclusive,Anaeroplasma bactoclasticum,2026-09-29
GCA_949457355.1,uncultured Mollicutes bacterium,220137,PRJEB32890,SAMEA112719434,2023,2023-03-17,Illumina HiSeq 2500,Short,Contig,Inconclusive,Anaeroplasma bactoclasticum,2026-09-29
GCA_949457375.1,uncultured Mollicutes bacterium,220137,PRJEB32890,SAMEA112719460,2023,2023-03-17,Illumina HiSeq 2500,Short,Contig,Inconclusive,Anaeroplasma bactoclasticum,2026-09-29
GCA_949459055.1,uncultured Mycoplasmatales bacterium,749450,PRJEB32890,SAMEA112727363,2023,2023-03-16,Illumina HiSeq 2000,Short,Contig,Inconclusive,Mesomycoplasma moatsii,2026-09-29
GCA_949459235.1,uncultured Anaeroplasmataceae bacterium,658266,PRJEB32890,SAMEA112720327,2023,2023-03-17,Illumina HiSeq 2500,Short,Contig,Inconclusive,Anaeroplasma bactoclasticum,2026-09-29
GCA_949459545.1,uncultured Mycoplasmatales bacterium,749450,PRJEB32890,SAMEA112724224,2023,2023-03-16,Illumina HiSeq 2000,Short,Contig,Inconclusive,[Mycoplasma] collis,2026-09-29
GCA_949468025.1,uncultured Mycoplasmatales bacterium,749450,PRJEB32890,SAMEA112719689,2023,2023-03-16,Illumina HiSeq 2000,Short,Contig,Inconclusive,Mesomycoplasma neurolyticum,2026-09-29
GCA_949469875.1,uncultured Mollicutes bacterium,220137,PRJEB32890,SAMEA112719440,2023,2023-03-17,Illumina HiSeq 2500,Short,Contig,Inconclusive,Anaeroplasma bactoclasticum,2026-09-29
GCA_949469905.1,uncultured Mollicutes bacterium,220137,PRJEB32890,SAMEA112719481,2023,2023-03-16,Illumina HiSeq 2500,Short,Contig,Inconclusive,na,2026-09-29
GCA_949470055.1,uncultured Mycoplasmatales bacterium,749450,PRJEB32890,SAMEA112718528,2023,2023-03-16,Illumina HiSeq 4000,Short,Contig,Inconclusive,Mesomycoplasma moatsii,2026-09-29
GCA_949471065.1,uncultured Anaeroplasmataceae bacterium,658266,PRJEB32890,SAMEA112731650,2023,2023-03-17,HiSeq X Ten,Short,Contig,Inconclusive,Anaeroplasma bactoclasticum,2026-09-29
GCA_949472315.1,uncultured Mollicutes bacterium,220137,PRJEB32890,SAMEA112719575,2023,2023-03-16,Illumina HiSeq 2500,Short,Contig,Inconclusive,na,2026-09-29
GCA_949472405.1,uncultured Mollicutes bacterium,220137,PRJEB32890,SAMEA112719571,2023,2023-03-17,Illumina HiSeq 2500,Short,Contig,Inconclusive,Anaeroplasma bactoclasticum,2026-09-29
GCA_949472825.1,uncultured Mollicutes bacterium,220137,PRJEB32890,SAMEA112719506,2023,2023-03-17,Illumina HiSeq 2500,Short,Contig,Inconclusive,Anaeroplasma bactoclasticum,2026-09-29
GCA_949472915.1,uncultured Mollicutes bacterium,220137,PRJEB32890,SAMEA112719466,2023,2023-03-16,Illumina HiSeq 2500,Short,Contig,Inconclusive,na,2026-09-29
GCA_949472945.1,uncultured Mollicutes bacterium,220137,PRJEB32890,SAMEA112719415,2023,2023-03-17,Illumina HiSeq 2500,Short,Contig,Inconclusive,Anaeroplasma bactoclasticum,2026-09-29
GCA_949473245.1,uncultured Mollicutes bacterium,220137,PRJEB32890,SAMEA112719411,2023,2023-03-17,Illumina HiSeq 2500,Short,Contig,Inconclusive,Anaeroplasma bactoclasticum,2026-09-29
GCA_949473365.1,uncultured Mollicutes bacterium,220137,PRJEB32890,SAMEA112719375,2023,2023-03-17,Illumina HiSeq 2500,Short,Contig,Inconclusive,Anaeroplasma bactoclasticum,2026-09-29
GCA_949473485.1,uncultured Mollicutes bacterium,220137,PRJEB32890,SAMEA112719341,2023,2023-03-17,Illumina HiSeq 2500,Short,Contig,Inconclusive,Spiroplasma taiwanense,2026-09-29
GCA_949473725.1,uncultured Mollicutes bacterium,220137,PRJEB32890,SAMEA112719313,2023,2023-03-17,Illumina HiSeq 2500,Short,Contig,Inconclusive,Anaeroplasma bactoclasticum,2026-09-29
GCA_949474275.1,uncultured Mollicutes bacterium,220137,PRJEB32890,SAMEA112719254,2023,2023-03-16,Illumina HiSeq 2500,Short,Contig,Inconclusive,Anaeroplasma bactoclasticum,2026-09-29
GCA_949474325.1,uncultured Mollicutes bacterium,220137,PRJEB32890,SAMEA112719274,2023,2023-03-16,Illumina HiSeq 2500,Short,Contig,Inconclusive,Anaeroplasma bactoclasticum,2026-09-29
GCA_949478355.1,uncultured Anaeroplasmataceae bacterium,658266,PRJEB32890,SAMEA112724197,2023,2023-03-23,Illumina HiSeq 2000,Short,Contig,Inconclusive,na,2026-09-29
GCA_949481535.1,uncultured Anaeroplasmataceae bacterium,658266,PRJEB32890,SAMEA112731667,2023,2023-03-17,HiSeq X Ten,Short,Contig,Inconclusive,na,2026-09-29
GCA_949482865.1,uncultured Mycoplasmatales bacterium,749450,PRJEB32890,SAMEA112724688,2023,2023-03-16,Illumina HiSeq 1500,Short,Contig,Inconclusive,Mesomycoplasma moatsii,2026-09-29
GCA_949483705.1,uncultured Anaeroplasmataceae bacterium,658266,PRJEB32890,SAMEA112717820,2023,2023-03-17,Illumina HiSeq 2500,Short,Contig,Inconclusive,Paraclostridium benzoelyticum,2026-09-29
GCA_949483995.1,uncultured Mollicutes bacterium,220137,PRJEB32890,SAMEA112720095,2023,2023-03-16,Illumina HiSeq 2000,Short,Contig,Inconclusive,Anaeroplasma bactoclasticum,2026-09-29
GCA_949484275.1,uncultured Anaeroplasmataceae bacterium,658266,PRJEB32890,SAMEA112730196,2023,2023-03-16,Illumina HiSeq 2500,Short,Contig,Inconclusive,Xylanibacter rodentium,2026-09-29
GCA_949484315.1,uncultured Anaeroplasmataceae bacterium,658266,PRJEB32890,SAMEA112717737,2023,2023-03-17,Illumina HiSeq 2500,Short,Contig,Inconclusive,Turicibacter faecis,2026-09-29
GCA_949488255.1,uncultured Mycoplasmatales bacterium,749450,PRJEB32890,SAMEA112727295,2023,2023-03-16,Illumina HiSeq 2000,Short,Contig,Inconclusive,[Mycoplasma] collis,2026-09-29
GCA_949488785.1,uncultured Anaeroplasmataceae bacterium,658266,PRJEB32890,SAMEA112732660,2023,2023-03-16,HiSeq X Ten,Short,Contig,Inconclusive,Anaeroplasma bactoclasticum,2026-09-29
GCA_949489115.1,uncultured Anaeroplasmataceae bacterium,658266,PRJEB32890,SAMEA112732463,2023,2023-03-17,HiSeq X Ten,Short,Contig,Inconclusive,na,2026-09-29
GCA_949489125.1,uncultured Anaeroplasmataceae bacterium,658266,PRJEB32890,SAMEA112732480,2023,2023-03-17,HiSeq X Ten,Short,Contig,Inconclusive,na,2026-09-29
GCA_949491435.1,uncultured Mycoplasmatales bacterium,749450,PRJEB32890,SAMEA112727406,2023,2023-03-16,Illumina HiSeq 2000,Short,Contig,Inconclusive,Mycoplasma phocimorsus,2026-09-29
GCA_949491825.1,uncultured Mycoplasmatales bacterium,749450,PRJEB32890,SAMEA112727488,2023,2023-03-16,Illumina HiSeq 2000,Short,Contig,Inconclusive,[Mycoplasma] collis,2026-09-29
GCA_949492645.1,uncultured Anaeroplasmataceae bacterium,658266,PRJEB32890,SAMEA112717720,2023,2023-03-23,Illumina HiSeq 2500,Short,Contig,Inconclusive,Turicibacter faecis,2026-09-29
GCA_949493455.1,uncultured Anaeroplasmataceae bacterium,658266,PRJEB32890,SAMEA112725792,2023,2023-03-17,Illumina HiSeq 2500,Short,Contig,Inconclusive,na,2026-09-29
GCA_949493585.1,uncultured Anaeroplasmataceae bacterium,658266,PRJEB32890,SAMEA112725755,2023,2023-03-16,Illumina HiSeq 2500,Short,Contig,Inconclusive,na,2026-09-29
GCA_949497365.1,uncultured Anaeroplasmataceae bacterium,658266,PRJEB32890,SAMEA112717859,2023,2023-03-23,Illumina HiSeq 2500,Short,Contig,Inconclusive,na,2026-09-29
GCA_949499605.1,uncultured Anaeroplasmataceae bacterium,658266,PRJEB32890,SAMEA112717840,2023,2023-03-16,Illumina HiSeq 2500,Short,Contig,Inconclusive,na,2026-09-29
GCA_949499645.1,uncultured Anaeroplasmataceae bacterium,658266,PRJEB32890,SAMEA112717804,2023,2023-03-17,Illumina HiSeq 2500,Short,Contig,Inconclusive,na,2026-09-29
GCA_949499855.1,uncultured Anaeroplasmataceae bacterium,658266,PRJEB32890,SAMEA112730545,2023,2023-03-17,Illumina HiSeq 2500,Short,Contig,Inconclusive,Fusobacterium simiae,2026-09-29
GCA_949501015.1,uncultured Anaeroplasmataceae bacterium,658266,PRJEB32890,SAMEA112717878,2023,2023-03-17,Illumina HiSeq 2500,Short,Contig,Inconclusive,na,2026-09-29
GCA_949501815.1,uncultured Anaeroplasmataceae bacterium,658266,PRJEB32890,SAMEA112717787,2023,2023-03-17,Illumina HiSeq 2500,Short,Contig,Inconclusive,Clostridium thermobutyricum,2026-09-29
GCA_949501855.1,uncultured Anaeroplasmataceae bacterium,658266,PRJEB32890,SAMEA112717772,2023,2023-03-17,Illumina HiSeq 2500,Short,Contig,Inconclusive,na,2026-09-29
GCA_949503395.1,uncultured Anaeroplasmataceae bacterium,658266,PRJEB32890,SAMEA112730527,2023,2023-03-17,Illumina HiSeq 2500,Short,Contig,Inconclusive,na,2026-09-29
GCA_949506845.1,uncultured Anaeroplasmataceae bacterium,658266,PRJEB32890,SAMEA112731565,2023,2023-03-17,HiSeq X Ten,Short,Contig,Inconclusive,na,2026-09-29
GCA_949508265.1,uncultured Anaeroplasmataceae bacterium,658266,PRJEB32890,SAMEA112732686,2023,2023-03-17,NextSeq 500,Unknown,Contig,Inconclusive,Mesomycoplasma moatsii,2026-09-29
GCA_949508385.1,uncultured Anaeroplasmataceae bacterium,658266,PRJEB32890,SAMEA112732766,2023,2023-03-16,NextSeq 500,Unknown,Contig,Inconclusive,na,2026-09-29
GCA_949510105.1,uncultured Anaeroplasmataceae bacterium,658266,PRJEB32890,SAMEA112717758,2023,2023-03-24,Illumina HiSeq 2500,Short,Contig,Inconclusive,Turicibacter faecis,2026-09-29
GCA_949512675.1,uncultured Anaeroplasmataceae bacterium,658266,PRJEB32890,SAMEA112730179,2023,2023-03-17,Illumina HiSeq 2500,Short,Contig,Inconclusive,na,2026-09-29
GCA_949514205.1,uncultured Anaeroplasmataceae bacterium,658266,PRJEB32890,SAMEA112732557,2023,2023-03-16,HiSeq X Ten,Short,Contig,Inconclusive,na,2026-09-29
GCA_949516485.1,uncultured Anaeroplasmataceae bacterium,658266,PRJEB32890,SAMEA112730225,2023,2023-03-17,Illumina HiSeq 2500,Short,Contig,Inconclusive,na,2026-09-29
GCA_949516805.1,uncultured Anaeroplasmataceae bacterium,658266,PRJEB32890,SAMEA112730060,2023,2023-03-17,Illumina HiSeq 2500,Short,Contig,Inconclusive,na,2026-09-29
GCA_949518795.1,uncultured Mycoplasmatales bacterium,749450,PRJEB32890,SAMEA112726779,2023,2023-03-16,Illumina HiSeq 2000,Short,Contig,Inconclusive,[Mycoplasma] collis,2026-09-29
GCA_949519995.1,uncultured Mycoplasmatales bacterium,749450,PRJEB32890,SAMEA112727659,2023,2023-03-16,Illumina HiSeq 2000,Short,Contig,Inconclusive,Mycoplasma phocimorsus,2026-09-29
GCA_949521025.1,uncultured Anaeroplasmataceae bacterium,658266,PRJEB32890,SAMEA112730664,2023,2023-03-17,Illumina HiSeq 2500,Short,Contig,Inconclusive,na,2026-09-29
GCA_949523375.1,uncultured Mycoplasmatales bacterium,749450,PRJEB32890,SAMEA112728015,2023,2023-03-16,Illumina HiSeq 2000,Short,Contig,Inconclusive,Mesomycoplasma moatsii,2026-09-29
GCA_949525875.1,uncultured Anaeroplasmataceae bacterium,658266,PRJEB32890,SAMEA112732256,2023,2023-03-17,HiSeq X Ten,Short,Contig,Inconclusive,na,2026-09-29
GCA_949527455.1,uncultured Mycoplasmatales bacterium,749450,PRJEB32890,SAMEA112724194,2023,2023-03-16,Illumina HiSeq 2000,Short,Contig,Inconclusive,Mesomycoplasma moatsii,2026-09-29
GCA_949528195.1,uncultured Mycoplasmatales bacterium,749450,PRJEB32890,SAMEA112726547,2023,2023-03-16,Illumina HiSeq 2000,Short,Contig,Inconclusive,Mycoplasma phocimorsus,2026-09-29
GCA_949528435.1,uncultured Mycoplasmatales bacterium,749450,PRJEB32890,SAMEA112728103,2023,2023-03-16,Illumina HiSeq 2000,Short,Contig,Inconclusive,Mesomycoplasma moatsii,2026-09-29
GCA_949528525.1,uncultured Mollicutes bacterium,220137,PRJEB32890,SAMEA112720178,2023,2023-03-16,Illumina HiSeq 2000,Short,Contig,Inconclusive,Anaeroplasma bactoclasticum,2026-09-29
GCA_949530765.1,uncultured Anaeroplasmataceae bacterium,658266,PRJEB32890,SAMEA112730590,2023,2023-03-17,Illumina HiSeq 2500,Short,Contig,Inconclusive,na,2026-09-29
GCA_949531005.1,uncultured Anaeroplasmataceae bacterium,658266,PRJEB32890,SAMEA112730116,2023,2023-03-17,Illumina HiSeq 2500,Short,Contig,Inconclusive,na,2026-09-29
GCA_949534495.1,uncultured Mycoplasmatales bacterium,749450,PRJEB32890,SAMEA112726725,2023,2023-03-16,Illumina HiSeq 2000,Short,Contig,Inconclusive,Mesomycoplasma moatsii,2026-09-29
GCA_949536885.1,uncultured Anaeroplasmataceae bacterium,658266,PRJEB32890,SAMEA112732142,2023,2023-03-24,HiSeq X Ten,Short,Contig,Inconclusive,na,2026-09-29
GCA_949539005.1,uncultured Anaeroplasmataceae bacterium,658266,PRJEB32890,SAMEA112732118,2023,2023-03-17,HiSeq X Ten,Short,Contig,Inconclusive,na,2026-09-29
GCA_949539825.1,uncultured Mycoplasmatales bacterium,749450,PRJEB32890,SAMEA112720015,2023,2023-03-16,Illumina HiSeq 2000,Short,Contig,Inconclusive,Malacoplasma muris,2026-09-29
GCA_949540055.1,uncultured Anaeroplasmataceae bacterium,658266,PRJEB32890,SAMEA112732162,2023,2023-03-16,HiSeq X Ten,Short,Contig,Inconclusive,na,2026-09-29
GCA_949540165.1,uncultured Anaeroplasmataceae bacterium,658266,PRJEB32890,SAMEA112732213,2023,2023-03-17,HiSeq X Ten,Short,Contig,Inconclusive,na,2026-09-29
GCA_949540275.1,uncultured Anaeroplasmataceae bacterium,658266,PRJEB32890,SAMEA112732354,2023,2023-03-17,HiSeq X Ten,Short,Contig,Inconclusive,na,2026-09-29
GCA_949541005.1,uncultured Mollicutes bacterium,220137,PRJEB32890,SAMEA112720154,2023,2023-03-17,Illumina HiSeq 2000,Short,Contig,Inconclusive,Anaeroplasma bactoclasticum,2026-09-29
GCA_949544815.1,uncultured Mycoplasmatales bacterium,749450,PRJEB32890,SAMEA112727895,2023,2023-03-16,Illumina HiSeq 2000,Short,Contig,Inconclusive,Mesomycoplasma moatsii,2026-09-29
GCA_949545395.1,uncultured Mycoplasmatales bacterium,749450,PRJEB32890,SAMEA112728083,2023,2023-03-16,Illumina HiSeq 2000,Short,Contig,Inconclusive,Mycoplasma phocimorsus,2026-09-29
GCA_949546815.1,uncultured Anaeroplasmataceae bacterium,658266,PRJEB32890,SAMEA112730631,2023,2023-03-17,Illumina HiSeq 2500,Short,Contig,Inconclusive,Anaeroplasma bactoclasticum,2026-09-29
GCA_949547555.1,uncultured Anaeroplasmataceae bacterium,658266,PRJEB32890,SAMEA112732189,2023,2023-03-23,HiSeq X Ten,Short,Contig,Inconclusive,na,2026-09-29
GCA_949547715.1,uncultured Anaeroplasmataceae bacterium,658266,PRJEB32890,SAMEA112732271,2023,2023-03-25,HiSeq X Ten,Short,Contig,Inconclusive,na,2026-09-29
GCA_949552535.1,uncultured Anaeroplasmataceae bacterium,658266,PRJEB32890,SAMEA112732094,2023,2023-03-16,HiSeq X Ten,Short,Contig,Inconclusive,na,2026-09-29
GCA_949737885.1,uncultured Mycoplasmatales bacterium,749450,PRJEB32890,SAMEA112816430,2023,2023-04-03,"Illumina HiSeq 2000, Illumina MiSeq, Illumina HiSeq 2500",Short,Contig,Inconclusive,Mesomycoplasma moatsii,2026-09-29
GCA_949744565.1,uncultured Anaeroplasmataceae bacterium,658266,PRJEB32890,SAMEA112816192,2023,2023-04-04,"Illumina HiSeq 2000, Illumina MiSeq, Illumina HiSeq 2500",Short,Contig,Inconclusive,Fusobacterium simiae,2026-09-29
GCA_949744585.1,uncultured Mollicutes bacterium,220137,PRJEB32890,SAMEA112816231,2023,2023-04-04,"Illumina HiSeq 2000, Illumina MiSeq, Illumina HiSeq 2500",Short,Contig,Inconclusive,Anaeroplasma bactoclasticum,2026-09-29
GCA_949747275.1,uncultured Anaeroplasmataceae bacterium,658266,PRJEB32890,SAMEA112816282,2023,2023-04-04,"Illumina HiSeq 2000, Illumina MiSeq, Illumina HiSeq 2500",Short,Contig,Inconclusive,na,2026-09-29
GCA_949840955.1,uncultured Anaeroplasmataceae bacterium,658266,PRJEB29020,SAMEA112936163,2023,2023-04-29,Illumina NovaSeq 6000,Short,Contig,Inconclusive,Anaeroplasma bactoclasticum,2026-09-29
GCA_949841475.1,uncultured Anaeroplasmataceae bacterium,658266,PRJEB31298,SAMEA112936276,2023,2023-04-29,Illumina NovaSeq 6000,Short,Contig,Inconclusive,Arcobacter arenosus,2026-09-29
GCA_950022305.1,uncultured Anaeroplasmataceae bacterium,658266,PRJEB20796,SAMEA112629984,2023,2023-04-29,Illumina HiSeq 2500,Short,Scaffold,Inconclusive,na,2026-09-29
GCA_950022895.1,uncultured Anaeroplasmataceae bacterium,658266,PRJEB20796,SAMEA112629915,2023,2023-04-29,Illumina HiSeq 2500,Short,Scaffold,Inconclusive,na,2026-09-29
GCA_950058685.1,uncultured Anaeroplasmataceae bacterium,658266,PRJEB20796,SAMEA112629892,2023,2023-05-01,Illumina HiSeq 2500,Short,Scaffold,Inconclusive,na,2026-09-29
GCA_950064415.1,uncultured Anaeroplasmataceae bacterium,658266,PRJEB20796,SAMEA112629926,2023,2023-05-01,Illumina HiSeq 2500,Short,Scaffold,Inconclusive,na,2026-09-29
GCA_950082235.1,uncultured Anaeroplasmataceae bacterium,658266,PRJEB20796,SAMEA112635032,2023,2023-05-01,Illumina HiSeq 2500,Short,Contig,Inconclusive,Lepagella muris,2026-09-29
GCA_951801415.1,uncultured Mycoplasmatales bacterium,749450,PRJNA341282,SAMEA112936567,2023,2023-05-27,Illumina HiSeq 2000,Short,Contig,Inconclusive,Malacoplasma muris,2026-09-29
GCA_958352875.1,uncultured Mycoplasma sp.,167967,PRJEB62820,SAMEA114062933,2023,2023-07-18,Illumina HiSeq 2000,Short,Contig,Inconclusive,Oceanotoga teriensis,2026-09-29
GCA_958402465.1,uncultured Mollicutes bacterium,220137,PRJEB62821,SAMEA114064032,2023,2023-07-18,Illumina NovaSeq 6000,Short,Contig,Inconclusive,Anaeroplasma bactoclasticum,2026-09-29
GCA_958404535.1,uncultured Mycoplasma sp.,167967,PRJEB62821,SAMEA114063840,2023,2023-07-18,Illumina NovaSeq 6000,Short,Contig,Inconclusive,Clostridium fallax,2026-09-29
GCA_958411775.1,uncultured Mycoplasma sp.,167967,PRJEB62838,SAMEA114061222,2023,2023-07-18,unspecified,Unknown,Contig,Inconclusive,Hypnocyclicus thermotrophus,2026-09-29
GCA_958417735.1,uncultured Mycoplasma sp.,167967,PRJEB62824,SAMEA114064412,2023,2023-07-18,Illumina NovaSeq 6000,Short,Contig,Inconclusive,Oceanivirga salmonicida,2026-09-29
GCA_958417855.1,uncultured Mycoplasma sp.,167967,PRJEB62820,SAMEA114063731,2023,2023-07-18,Illumina HiSeq 2000,Short,Contig,Inconclusive,Clostridium tarantellae,2026-09-29
GCA_958421075.1,uncultured Mycoplasma sp.,167967,PRJEB62820,SAMEA114063294,2023,2023-07-18,Illumina HiSeq 2000,Short,Contig,Inconclusive,Clostridium thermobutyricum,2026-09-29
GCA_958424785.1,uncultured Mycoplasma sp.,167967,PRJEB62820,SAMEA114063612,2023,2023-07-18,Illumina HiSeq 2000,Short,Contig,Inconclusive,na,2026-09-29
GCA_958427525.1,uncultured Mollicutes bacterium,220137,PRJEB62820,SAMEA114063679,2023,2023-07-18,Illumina HiSeq 2000,Short,Contig,Inconclusive,na,2026-09-29
GCA_958427565.1,uncultured Mycoplasma sp.,167967,PRJEB62820,SAMEA114063658,2023,2023-07-18,Illumina HiSeq 2000,Short,Contig,Inconclusive,Clostridium tarantellae,2026-09-29
GCA_958428075.1,uncultured Acholeplasma sp.,453122,PRJEB62820,SAMEA114063261,2023,2023-07-18,Illumina HiSeq 2000,Short,Contig,Inconclusive,Spiroplasma floricola,2026-09-29
GCA_958436285.1,uncultured Mycoplasma sp.,167967,PRJEB63158,SAMEA114065044,2023,2023-07-18,Illumina NovaSeq 6000,Short,Contig,Inconclusive,[Clostridium] colinum,2026-09-29
GCA_958450885.1,uncultured Mycoplasma sp.,167967,PRJEB63166,SAMEA114066350,2023,2023-07-18,Illumina HiSeq X,Short,Contig,Inconclusive,na,2026-09-29
GCA_958454365.1,uncultured Mycoplasma sp.,167967,PRJEB63152,SAMEA114064864,2023,2023-07-18,Illumina NovaSeq 6000,Short,Contig,Inconclusive,Clostridium botulinum,2026-09-29
GCA_958454955.1,uncultured Mycoplasma sp.,167967,PRJEB63158,SAMEA114065125,2023,2023-07-18,Illumina NovaSeq 6000,Short,Contig,Inconclusive,Intestinibacter bartlettii,2026-09-29
GCA_959597275.1,uncultured Acholeplasma sp.,453122,PRJEB63522,SAMEA114122757,2023,2023-07-23,Illumina HiSeq 2500,Short,Contig,Inconclusive,Spiroplasma litorale,2026-09-29
GCA_959597795.1,uncultured Acholeplasmataceae bacterium,1233398,PRJEB63522,SAMEA114122455,2023,2023-07-23,Illumina HiSeq 2500,Short,Contig,Inconclusive,Aureivirga marina,2026-09-29
GCA_959599195.1,uncultured Mycoplasma sp.,167967,PRJEB63522,SAMEA114122513,2023,2023-07-23,Illumina HiSeq 2500,Short,Contig,Inconclusive,Clostridium tarantellae,2026-09-29
GCA_959602935.1,uncultured Mycoplasma sp.,167967,PRJEB63522,SAMEA114122387,2023,2023-07-23,Illumina HiSeq 2500,Short,Contig,Inconclusive,Hypnocyclicus thermotrophus,2026-09-29
GCA_959603175.1,uncultured Mycoplasma sp.,167967,PRJEB63522,SAMEA114122333,2023,2023-07-23,Illumina HiSeq 2500,Short,Contig,Inconclusive,Malaciobacter molluscorum,2026-09-29
GCA_959603945.1,uncultured Mycoplasma sp.,167967,PRJEB63522,SAMEA114121927,2023,2023-07-23,Illumina HiSeq 2500,Short,Contig,Inconclusive,Oceanotoga teriensis,2026-09-29
GCA_959604365.1,uncultured Mycoplasma sp.,167967,PRJEB63177,SAMEA114095773,2023,2023-07-23,Illumina HiSeq 2500,Short,Contig,Inconclusive,Eubacterium multiforme,2026-09-29
GCA_963533875.1,uncultured Mycoplasma sp.,167967,PRJEB57339,SAMEA114447202,2023,2023-10-01,Illumina MiSeq,Short,Contig,Inconclusive,Metamycoplasma neophronis,2026-09-29
GCA_963534175.1,uncultured Acholeplasmataceae bacterium,1233398,PRJEB57339,SAMEA114447207,2023,2023-10-01,Illumina MiSeq,Short,Contig,Inconclusive,Candidatus Phytoplasma australasiaticum,2026-09-29
GCA_963539535.1,uncultured Acholeplasmataceae bacterium,1233398,PRJEB65450,SAMEA114448811,2023,2023-10-01,HiSeq X Five,Short,Contig,Inconclusive,na,2026-09-29
GCA_963539545.1,uncultured Acholeplasmataceae bacterium,1233398,PRJEB65450,SAMEA114448799,2023,2023-10-01,HiSeq X Five,Short,Contig,Inconclusive,Mesoplasma coleopterae,2026-09-29
GCA_963539565.1,uncultured Acholeplasmataceae bacterium,1233398,PRJEB65450,SAMEA114448858,2023,2023-10-01,HiSeq X Five,Short,Contig,Inconclusive,na,2026-09-29
GCA_963539735.1,uncultured Mycoplasma sp.,167967,PRJEB65450,SAMEA114448414,2023,2023-10-01,HiSeq X Five,Short,Contig,Inconclusive,Metamycoplasma neophronis,2026-09-29
GCA_963539745.1,uncultured Acholeplasmataceae bacterium,1233398,PRJEB65450,SAMEA114448680,2023,2023-10-01,HiSeq X Five,Short,Contig,Inconclusive,Candidatus Tyloplasma litorale,2026-09-29
GCA_963539755.1,uncultured Acholeplasmataceae bacterium,1233398,PRJEB65450,SAMEA114448373,2023,2023-10-01,HiSeq X Five,Short,Contig,Inconclusive,na,2026-09-29
GCA_963539835.1,uncultured Acholeplasmataceae bacterium,1233398,PRJEB65450,SAMEA114448581,2023,2023-10-01,HiSeq X Five,Short,Contig,Inconclusive,Acholeplasma equifetale,2026-09-29
GCA_963540225.1,uncultured Acholeplasmataceae bacterium,1233398,PRJEB65450,SAMEA114448583,2023,2023-10-01,HiSeq X Five,Short,Contig,Inconclusive,na,2026-09-29
GCA_963540865.1,uncultured Mycoplasma sp.,167967,PRJEB65450,SAMEA114448805,2023,2023-10-01,HiSeq X Five,Short,Contig,Inconclusive,Metamycoplasma cloacale,2026-09-29
GCA_963540875.1,uncultured Acholeplasmataceae bacterium,1233398,PRJEB65450,SAMEA114448594,2023,2023-10-01,HiSeq X Five,Short,Contig,Inconclusive,Fusobacterium nucleatum,2026-09-29
GCA_963540905.1,uncultured Acholeplasmataceae bacterium,1233398,PRJEB65450,SAMEA114448430,2023,2023-10-01,HiSeq X Five,Short,Contig,Inconclusive,Mycoplasmopsis lipophila,2026-09-29
GCA_963541405.1,uncultured Acholeplasmataceae bacterium,1233398,PRJEB65450,SAMEA114448454,2023,2023-10-01,HiSeq X Five,Short,Contig,Inconclusive,Candidatus Phytoplasma gossypii,2026-09-29
GCA_963541505.1,uncultured Acholeplasmataceae bacterium,1233398,PRJEB65450,SAMEA114448461,2023,2023-10-01,HiSeq X Five,Short,Contig,Inconclusive,na,2026-09-29
GCA_963541565.1,uncultured Acholeplasmataceae bacterium,1233398,PRJEB65450,SAMEA114448688,2023,2023-10-01,HiSeq X Five,Short,Contig,Inconclusive,na,2026-09-29
GCA_963542265.1,uncultured Mycoplasma sp.,167967,PRJEB65450,SAMEA114448599,2023,2023-10-01,HiSeq X Five,Short,Contig,Inconclusive,[Mycoplasma] collis,2026-09-29
GCA_963542545.1,uncultured Acholeplasmataceae bacterium,1233398,PRJEB65450,SAMEA114448720,2023,2023-10-01,HiSeq X Five,Short,Contig,Inconclusive,Spiroplasma tabanidicola,2026-09-29
GCA_963542825.1,uncultured Acholeplasmataceae bacterium,1233398,PRJEB65450,SAMEA114448654,2023,2023-10-01,HiSeq X Five,Short,Contig,Inconclusive,na,2026-09-29
GCA_963543155.1,uncultured Acholeplasmataceae bacterium,1233398,PRJEB65450,SAMEA114448431,2023,2023-10-01,HiSeq X Five,Short,Contig,Inconclusive,na,2026-09-29
GCA_963543345.1,uncultured Acholeplasmataceae bacterium,1233398,PRJEB65450,SAMEA114448845,2023,2023-10-01,HiSeq X Five,Short,Contig,Inconclusive,na,2026-09-29
GCA_963543845.1,uncultured Acholeplasmataceae bacterium,1233398,PRJEB65450,SAMEA114448653,2023,2023-10-01,HiSeq X Five,Short,Contig,Inconclusive,Fusobacterium watanabei,2026-09-29
GCA_963543865.1,uncultured Mycoplasmataceae bacterium,300027,PRJEB65450,SAMEA114448664,2023,2023-10-01,HiSeq X Five,Short,Contig,Inconclusive,Mycoplasmopsis lipophila,2026-09-29
GCA_963544075.1,uncultured Acholeplasmataceae bacterium,1233398,PRJEB65450,SAMEA114448423,2023,2023-10-01,HiSeq X Five,Short,Contig,Inconclusive,na,2026-09-29
GCA_963544405.1,uncultured Acholeplasmataceae bacterium,1233398,PRJEB65450,SAMEA114448761,2023,2023-10-01,HiSeq X Five,Short,Contig,Inconclusive,na,2026-09-29
GCA_963544545.1,uncultured Acholeplasmataceae bacterium,1233398,PRJEB65450,SAMEA114448385,2023,2023-10-01,HiSeq X Five,Short,Contig,Inconclusive,Candidatus Phytoplasma australasiaticum,2026-09-29
GCA_963544825.1,uncultured Acholeplasmataceae bacterium,1233398,PRJEB65450,SAMEA114448614,2023,2023-10-01,HiSeq X Five,Short,Contig,Inconclusive,na,2026-09-29
GCA_963545125.1,uncultured Acholeplasmataceae bacterium,1233398,PRJEB65450,SAMEA114448448,2023,2023-10-01,HiSeq X Five,Short,Contig,Inconclusive,na,2026-09-29
GCA_963545195.1,uncultured Acholeplasmataceae bacterium,1233398,PRJEB65450,SAMEA114448870,2023,2023-10-01,HiSeq X Five,Short,Contig,Inconclusive,na,2026-09-29
GCA_963547655.1,uncultured Mycoplasma sp.,167967,PRJEB65452,SAMEA114449541,2023,2023-10-01,Illumina NovaSeq 6000,Short,Contig,Inconclusive,[Mycoplasma] collis,2026-09-29
GCA_963587185.1,uncultured Mollicutes bacterium,220137,PRJEB68160,SAMEA114586410,2023,2023-12-09,illumina,Short,Scaffold,Inconclusive,Vescimonas coprocola,2026-09-29
GCA_963587235.1,Anaeroplasmataceae bacterium,2793037,PRJEB68160,SAMEA114582362,2023,2023-12-10,illumina,Short,Scaffold,Inconclusive,Treponema succinifaciens,2026-09-29
GCA_963589705.1,Anaeroplasmataceae bacterium,2793037,PRJEB68160,SAMEA114582552,2023,2023-12-09,illumina,Short,Scaffold,Inconclusive,Eubacterium coprostanoligenes,2026-09-29
GCA_963590725.1,Anaeroplasmataceae bacterium,2793037,PRJEB68160,SAMEA114585526,2023,2023-12-09,illumina,Short,Scaffold,Inconclusive,na,2026-09-29
GCA_963590845.1,Anaeroplasmataceae bacterium,2793037,PRJEB68160,SAMEA114582562,2023,2023-12-10,illumina,Short,Scaffold,Inconclusive,Prevotellamassilia timonensis,2026-09-29
GCA_963596915.1,Anaeroplasmataceae bacterium,2793037,PRJEB68160,SAMEA114586263,2023,2023-12-09,illumina,Short,Scaffold,Inconclusive,Phascolarctobacterium succinatutens,2026-09-29
GCA_963597215.1,Mycoplasma sp. CAG:472,1262904,PRJEB68160,SAMEA114587949,2023,2023-12-09,illumina,Short,Scaffold,Inconclusive,Treponema rectale,2026-09-29
GCA_963600465.1,Anaeroplasmataceae bacterium,2793037,PRJEB68160,SAMEA114582477,2023,2023-12-07,illumina,Short,Scaffold,Inconclusive,Candidatus Cryptobacteroides faecihippi,2026-09-29
GCA_963606765.1,Anaeroplasmataceae bacterium,2793037,PRJEB68160,SAMEA114584140,2023,2023-12-09,illumina,Short,Contig,Inconclusive,Eubacterium coprostanoligenes,2026-09-29
GCA_963608345.1,Anaeroplasmataceae bacterium,2793037,PRJEB68160,SAMEA114582499,2023,2023-12-06,illumina,Short,Scaffold,Inconclusive,Prevotellamassilia timonensis,2026-09-29
GCA_963611225.1,Anaeroplasmataceae bacterium,2793037,PRJEB68160,SAMEA114588302,2023,2023-12-07,illumina,Short,Scaffold,Inconclusive,Sutterella faecalis,2026-09-29
GCA_963611655.1,uncultured Mollicutes bacterium,220137,PRJEB68160,SAMEA114581901,2023,2023-12-10,illumina,Short,Scaffold,Inconclusive,Ruthenibacterium lactatiformans,2026-09-29
GCA_963613745.1,Anaeroplasmataceae bacterium,2793037,PRJEB68160,SAMEA114583852,2023,2023-12-10,illumina,Short,Scaffold,Inconclusive,Bacteroides rodentium,2026-09-29
GCA_963615015.1,Anaeroplasmataceae bacterium,2793037,PRJEB68160,SAMEA114584486,2023,2023-12-10,illumina,Short,Contig,Inconclusive,Jutongia huaianensis,2026-09-29
GCA_963620485.1,Anaeroplasmataceae bacterium,2793037,PRJEB68160,SAMEA114582663,2023,2023-12-07,illumina,Short,Contig,Inconclusive,Prevotella merdae,2026-09-29
GCA_963627515.1,Anaeroplasmataceae bacterium,2793037,PRJEB68160,SAMEA114583945,2023,2023-12-10,illumina,Short,Scaffold,Inconclusive,Gallalistipes aquisgranensis,2026-09-29
GCA_963631215.1,Anaeroplasmataceae bacterium,2793037,PRJEB68160,SAMEA114583911,2023,2023-12-09,illumina,Short,Scaffold,Inconclusive,Leyella stercorea,2026-09-29
GCA_963634635.1,Anaeroplasmataceae bacterium,2793037,PRJEB68160,SAMEA114582998,2023,2023-12-10,illumina,Short,Contig,Inconclusive,Xylanibacter muris,2026-09-29
GCA_963635205.1,Mycoplasma sp. CAG:611,1262905,PRJEB68160,SAMEA114587678,2023,2023-12-07,illumina,Short,Scaffold,Inconclusive,Butyricicoccus intestinisimiae,2026-09-29
GCA_963636645.1,Anaeroplasmataceae bacterium,2793037,PRJEB68160,SAMEA114588480,2023,2023-12-06,illumina,Short,Scaffold,Inconclusive,Senegalimassilia anaerobia,2026-09-29
GCA_963637775.1,uncultured Mollicutes bacterium,220137,PRJEB68160,SAMEA114586973,2023,2023-12-06,illumina,Short,Scaffold,Inconclusive,Anaerofilum hominis,2026-09-29
GCA_963641245.1,Mycoplasma sp. CAG:956,1262908,PRJEB68160,SAMEA114587769,2023,2023-12-09,illumina,Short,Scaffold,Inconclusive,na,2026-09-29
GCA_963642575.1,Anaeroplasmataceae bacterium,2793037,PRJEB68160,SAMEA114588387,2023,2023-12-10,illumina,Short,Scaffold,Inconclusive,Bifidobacterium erythrocebi,2026-09-29
GCA_963642805.1,Mycoplasma sp. CAG:472,1262904,PRJEB68160,SAMEA114587528,2023,2023-12-10,illumina,Short,Scaffold,Inconclusive,Dialister massiliensis,2026-09-29
GCA_963643955.1,Anaeroplasmataceae bacterium,2793037,PRJEB68160,SAMEA114588423,2023,2023-12-06,illumina,Short,Scaffold,Inconclusive,Coprococcus aceti,2026-09-29
GCA_963644735.1,Anaeroplasmataceae bacterium,2793037,PRJEB68160,SAMEA114588449,2023,2023-12-09,illumina,Short,Scaffold,Inconclusive,na,2026-09-29
GCA_963649725.1,Anaeroplasmataceae bacterium,2793037,PRJEB68160,SAMEA114582997,2023,2023-12-09,illumina,Short,Scaffold,Inconclusive,Candidatus Methanarcanum hacksteinii,2026-09-29
GCA_963649945.1,Acholeplasmatales bacterium,2053494,PRJEB68160,SAMEA114582076,2023,2023-12-10,illumina,Short,Scaffold,Inconclusive,Candidatus Kaistia colombiensis,2026-09-29
GCA_963650105.1,Anaeroplasmataceae bacterium,2793037,PRJEB68160,SAMEA114586874,2023,2023-12-06,illumina,Short,Scaffold,Inconclusive,na,2026-09-29
GCA_963653695.1,Acholeplasmatales bacterium,2053494,PRJEB68160,SAMEA114583041,2023,2023-12-10,illumina,Short,Scaffold,Inconclusive,Bifidobacterium pongonis,2026-09-29
GCA_963659595.1,Anaeroplasmataceae bacterium,2793037,PRJEB68160,SAMEA114588896,2023,2023-12-07,illumina,Short,Scaffold,Inconclusive,Pumilibacter muris,2026-09-29
GCA_963659795.1,Anaeroplasmataceae bacterium,2793037,PRJEB68160,SAMEA114585013,2023,2023-12-06,illumina,Short,Contig,Inconclusive,na,2026-09-29
GCA_963667565.1,Acholeplasmataceae bacterium,1898209,PRJEB67189,SAMEA114406847,2023,2023-11-17,"PacBio,Arima",Long,Complete Genome,Inconclusive,Acholeplasma palmae,2026-09-29
GCA_963668065.1,Acholeplasmataceae bacterium,1898209,PRJEB69036,SAMEA114407007,2023,2023-11-17,"PacBio,Arima",Long,Complete Genome,Inconclusive,Acholeplasma palmae,2026-09-29
GCA_963675245.1,Acholeplasmataceae bacterium,1898209,PRJEB69548,SAMEA114409205,2023,2023-11-17,"PacBio,Arima",Long,Complete Genome,Inconclusive,Peloplasma aerotolerans,2026-09-29
GCA_963676425.1,Acholeplasmataceae bacterium,1898209,PRJEB69791,SAMEA114409434,2023,2023-11-18,"PacBio,Arima",Long,Complete Genome,Inconclusive,Acholeplasma palmae,2026-09-29
GCA_963676765.1,Acholeplasmataceae bacterium,1898209,PRJEB71122,SAMEA114409356,2023,2023-11-18,"PacBio,Arima",Long,Complete Genome,Inconclusive,Haploplasma modicum,2026-09-29
GCA_963678355.1,Acholeplasmataceae bacterium,1898209,PRJEB69780,SAMEA114407721,2023,2023-11-18,"PacBio,Arima",Long,Complete Genome,Inconclusive,Acholeplasma palmae,2026-09-29
GCA_963692675.1,Mycoplasmatales bacterium,2023991,PRJEB70554,SAMEA114659253,2023,2023-12-06,"PacBio,Arima",Long,Complete Genome,Inconclusive,na,2026-09-29
GCA_963824615.1,uncultured Haloplasmataceae bacterium,1233400,PRJEB58634,SAMEA114821875,2025,2025-01-19,Nanopore,Long,Contig,Inconclusive,Clostridium ihumii,2026-09-29
GCA_963928995.1,uncultured Mollicutes bacterium,220137,PRJEB64517,SAMEA115146159,2024,2024-05-09,Sequel IIe,Unknown,Contig,Inconclusive,Thomasclavelia spiroformis,2026-09-29
GCA_963977635.1,uncultured Acholeplasmataceae bacterium,1233398,PRJEB46727,SAMEA115288909,2024,2024-03-10,Illumina Genome Analyzer IIx,Short,Contig,Inconclusive,Acholeplasma palmae,2026-09-29
GCA_964018925.1,uncultured Anaeroplasmataceae bacterium,658266,PRJEB73981,SAMEA115430768,2024,2024-03-29,"ILLUMINA,PACBIO_SMRT",Hybrid,Scaffold,Inconclusive,Clostridium tepidum,2026-09-29
GCA_964019485.1,Spiroplasma endosymbiont of Agriotes lineatus,3077930,PRJEB74386,SAMEA115290490,2024,2024-03-29,"PacBio,Arima",Long,Complete Genome,Inconclusive,Spiroplasma phoeniceum,2026-09-29
GCA_964019495.1,Spiroplasma endosymbiont of Dasysyrphus albostriatus,3066299,PRJEB74378,SAMEA114450272,2024,2024-03-29,"PacBio,Arima",Long,Complete Genome,Inconclusive,Spiroplasma floricola,2026-09-29
GCA_964019505.1,Spiroplasma endosymbiont of Othius punctulatus,3066289,PRJEB74391,SAMEA114450261,2024,2024-03-29,"PacBio,Arima",Long,Complete Genome,Inconclusive,Spiroplasma taiwanense,2026-09-29
GCA_964019525.1,Spiroplasma endosymbiont of Eupeodes luniger,3066300,PRJEB74379,SAMEA114450273,2024,2024-03-29,"PacBio,Arima",Long,Complete Genome,Inconclusive,Spiroplasma attinicola,2026-09-29
GCA_964019535.1,Spiroplasma endosymbiont of Tricholauxania praeusta,3066296,PRJEB74388,SAMEA114450269,2024,2024-03-29,"PacBio,Arima",Long,Complete Genome,Inconclusive,Mycoplasma capricolum,2026-09-29
GCA_964019575.1,Spiroplasma endosymbiont of Andrena trimmerana,3066316,PRJEB74390,SAMEA114450603,2024,2024-03-29,"PacBio,Arima",Long,Complete Genome,Inconclusive,Spiroplasma phoeniceum,2026-09-29
GCA_964019595.1,Spiroplasma endosymbiont of Sarcophaga carnaria,3066303,PRJEB74389,SAMEA114450355,2024,2024-03-29,"PacBio,Arima",Long,Complete Genome,Inconclusive,Spiroplasma phoeniceum,2026-09-29
GCA_964019625.1,Spiroplasma endosymbiont of Diplazon laetatorius,3066322,PRJEB74397,SAMEA114450622,2024,2024-03-29,"PacBio,Arima",Long,Complete Genome,Inconclusive,Spiroplasma monobiae,2026-09-29
GCA_964019665.1,Spiroplasma endosymbiont of Cantharis rufa,3066279,PRJEB74396,SAMEA114450253,2024,2024-03-29,"PacBio,Arima",Long,Complete Genome,Inconclusive,Spiroplasma cantharicola,2026-09-29
GCA_964019705.1,Spiroplasma endosymbiont of Panzeria rudis,3066301,PRJEB74395,SAMEA114450288,2024,2024-03-29,"PacBio,Arima",Long,Complete Genome,Inconclusive,Spiroplasma phoeniceum,2026-09-29
GCA_964019715.1,Spiroplasma endosymbiont of Lonchoptera lutea,3066297,PRJEB74381,SAMEA114450270,2024,2024-03-29,"PacBio,Arima",Long,Complete Genome,Inconclusive,Spiroplasma citri,2026-09-29
GCA_964019725.1,Spiroplasma endosymbiont of Antitype chi,3066308,PRJEB74376,SAMEA114450598,2024,2024-03-29,"PacBio,Arima",Long,Complete Genome,Inconclusive,Spiroplasma phoeniceum,2026-09-29
GCA_964019735.1,Spiroplasma endosymbiont of Thecophora atra,3066294,PRJEB74377,SAMEA114450620,2024,2024-03-29,"PacBio,Arima",Long,Complete Genome,Inconclusive,Mycoplasma capricolum,2026-09-29
GCA_964019755.1,Spiroplasma endosymbiont of Polydrusus cervinus,3066287,PRJEB74375,SAMEA114450249,2024,2024-03-29,"PacBio,Arima",Long,Complete Genome,Inconclusive,Spiroplasma citri,2026-09-29
GCA_964019765.1,Spiroplasma endosymbiont of Panorpa germanica,3066314,PRJEB74387,SAMEA114450601,2024,2024-03-29,"PacBio,Arima",Long,Complete Genome,Inconclusive,Spiroplasma sabaudiense,2026-09-29
GCA_964019825.1,Spiroplasma endosymbiont of Lasioglossum calceatum,3066318,PRJEB74371,SAMEA114450605,2024,2024-03-29,"PacBio,Arima",Long,Complete Genome,Inconclusive,Spiroplasma phoeniceum,2026-09-29
GCA_964019845.1,Spiroplasma endosymbiont of Labia minor,3066305,PRJEB74372,SAMEA114450438,2024,2024-03-29,"PacBio,Arima",Long,Complete Genome,Inconclusive,Spiroplasma culicicola,2026-09-29
GCA_964019925.1,Spiroplasma endosymbiont of Cantharis nigra,3066278,PRJEB74366,SAMEA114450623,2024,2024-03-29,"PacBio,Arima",Long,Complete Genome,Inconclusive,Spiroplasma cantharicola,2026-09-29
GCA_964019975.1,Spiroplasma endosymbiont of Monopis laevigella,3066312,PRJEB74369,SAMEA114450621,2024,2024-03-29,"PacBio,Arima",Long,Complete Genome,Inconclusive,Mycoplasma capricolum,2026-09-29
GCA_964020005.1,Spiroplasma endosymbiont of Atherix ibis,3066291,PRJEB74370,SAMEA114450264,2024,2024-03-29,"PacBio,Arima",Long,Complete Genome,Inconclusive,Spiroplasma floricola,2026-09-29
GCA_964020035.1,Spiroplasma endosymbiont of Crioceris asparagi,3066286,PRJEB74373,SAMEA114450259,2024,2024-03-29,"PacBio,Arima",Long,Complete Genome,Inconclusive,Spiroplasma litorale,2026-09-29
GCA_964020065.1,Spiroplasma endosymbiont of Lasioglossum malachurum,3066319,PRJEB74420,SAMEA114450606,2024,2024-03-29,PacBio,Long,Complete Genome,Inconclusive,Spiroplasma floricola,2026-09-29
GCA_964020095.1,Spiroplasma endosymbiont of Colias croceus,3066310,PRJEB74412,SAMEA114450629,2024,2024-03-29,"PacBio,Arima",Long,Complete Genome,Inconclusive,Spiroplasma floricola,2026-09-29
GCA_964020195.1,Spiroplasma endosymbiont of Lasioglossum villosulum,3066320,PRJEB74408,SAMEA114450607,2024,2024-03-29,"PacBio,Arima",Long,Complete Genome,Inconclusive,Mycoplasma mycoides,2026-09-29
GCA_964020205.1,Spiroplasma endosymbiont of Apeira syringaria,3066307,PRJEB74419,SAMEA114450597,2024,2024-03-29,"PacBio,Arima",Long,Complete Genome,Inconclusive,Spiroplasma phoeniceum,2026-09-29
GCA_964020225.1,Spiroplasma endosymbiont of Tiphia femorata,3066326,PRJEB74409,SAMEA114450612,2024,2024-03-29,"PacBio,Arima",Long,Complete Genome,Inconclusive,Spiroplasma floricola,2026-09-29
GCA_964020235.1,Spiroplasma endosymbiont of Seladonia tumulorum,3066321,PRJEB74413,SAMEA114450608,2024,2024-03-29,"PacBio,Arima",Long,Complete Genome,Inconclusive,Spiroplasma phoeniceum,2026-09-29
GCA_964020965.1,Spiroplasma endosymbiont of Ammophila pubescens,3066315,PRJEB74430,SAMEA115457227,2024,2024-03-30,"PacBio,Arima",Long,Complete Genome,Inconclusive,Spiroplasma phoeniceum,2026-09-29
GCA_964030635.1,Spiroplasma endosymbiont of Polydrusus pterygomalis,3139327,PRJEB75086,SAMEA115496731,2024,2024-04-19,"PacBio,Arima",Long,Complete Genome,Inconclusive,Spiroplasma citri,2026-09-29
GCA_964030645.1,Spiroplasma endosymbiont of Amphibalanus improvisus,3066327,PRJEB75075,SAMEA114450613,2024,2024-04-20,"PacBio,Arima",Long,Contig,Inconclusive,Spiroplasma taiwanense,2026-09-29
GCA_964030655.1,Spiroplasma endosymbiont of Poecilobothrus nobilitatus,1209220,PRJEB75081,SAMEA114450268,2024,2024-04-19,"PacBio,Arima",Long,Complete Genome,Inconclusive,Spiroplasma phoeniceum,2026-09-29
GCA_964030685.1,Spiroplasma endosymbiont of Dilophus febrilis,3066292,PRJEB75076,SAMEA114450265,2024,2024-04-19,"PacBio,Arima",Long,Complete Genome,Inconclusive,Spiroplasma attinicola,2026-09-29
GCA_964030795.1,Spiroplasma endosymbiont of Nomada ruficornis,3066325,PRJEB75136,SAMEA114450611,2024,2024-04-19,"PacBio,Arima",Long,Complete Genome,Inconclusive,Spiroplasma floricola,2026-09-29
GCA_964030805.1,Spiroplasma endosymbiont of Zeiraphera isertana,3066313,PRJEB75134,SAMEA114450600,2024,2024-04-19,PacBio,Long,Complete Genome,Inconclusive,Spiroplasma floricola,2026-09-29
GCA_964030825.1,Spiroplasma endosymbiont of Polydrusus pterygomalis,3139327,PRJEB75135,SAMEA115496730,2024,2024-04-19,"PacBio,Arima",Long,Complete Genome,Inconclusive,Spiroplasma citri,2026-09-29
GCA_964030835.1,Spiroplasma endosymbiont of Nephrotoma flavescens,3066302,PRJEB75096,SAMEA114450314,2024,2024-04-20,"PacBio,Arima",Long,Complete Genome,Inconclusive,Spiroplasma phoeniceum,2026-09-29
GCA_964030855.1,Spiroplasma endosymbiont of Cantharis lateralis,3066277,PRJEB75099,SAMEA114450252,2024,2024-04-21,"PacBio,Arima",Long,Contig,Inconclusive,Spiroplasma cantharicola,2026-09-29
GCA_964030865.1,Spiroplasma endosymbiont of Dioctria linearis,3066290,PRJEB75095,SAMEA114450263,2024,2024-04-20,"PacBio,Arima",Long,Complete Genome,Inconclusive,Spiroplasma cantharicola,2026-09-29
GCA_964030895.1,Spiroplasma endosymbiont of Nebria brevicollis,3066284,PRJEB75098,SAMEA114450258,2024,2024-04-20,"PacBio,Arima",Long,Complete Genome,Inconclusive,Spiroplasma citri,2026-09-29
GCA_964030925.1,Spiroplasma endosymbiont of Villa modesta,3066293,PRJEB75091,SAMEA114450266,2024,2024-04-20,PacBio,Long,Complete Genome,Inconclusive,Spiroplasma citri,2026-09-29
GCA_964030965.1,Spiroplasma endosymbiont of Amphimallon solstitiale,3066288,PRJEB75107,SAMEA114450260,2024,2024-04-20,"PacBio,Arima",Long,Complete Genome,Inconclusive,Spiroplasma phoeniceum,2026-09-29
GCA_964030985.1,Spiroplasma endosymbiont of Notiophilus biguttatus,3066285,PRJEB75120,SAMEA114450619,2024,2024-04-20,"PacBio,Arima",Long,Complete Genome,Inconclusive,Spiroplasma floricola,2026-09-29
GCA_964030995.1,Spiroplasma endosymbiont of Tenthredo amoena,3139325,PRJEB75100,SAMEA115496728,2024,2024-04-20,"PacBio,Arima",Long,Complete Genome,Inconclusive,Spiroplasma cantharicola,2026-09-29
GCA_964031045.1,Spiroplasma endosymbiont of Aspidapion aeneum,3066276,PRJEB75110,SAMEA114450251,2024,2024-04-20,"PacBio,Arima",Long,Complete Genome,Inconclusive,Spiroplasma turonicum,2026-09-29
GCA_964031075.1,Spiroplasma endosymbiont of Melanargia galathea,3066309,PRJEB75089,SAMEA114450628,2024,2024-04-20,"PacBio,Arima",Long,Complete Genome,Inconclusive,Spiroplasma apis,2026-09-29
GCA_964031085.1,Spiroplasma endosymbiont of Asaphidion curtum,3066281,PRJEB75116,SAMEA114450255,2024,2024-04-20,PacBio,Long,Complete Genome,Inconclusive,Spiroplasma phoeniceum,2026-09-29
GCA_964031115.1,Spiroplasma endosymbiont of Clivina fossor,3066282,PRJEB75088,SAMEA114450256,2024,2024-04-20,"PacBio,Arima",Long,Complete Genome,Inconclusive,Spiroplasma phoeniceum,2026-09-29
GCA_964031135.1,Spiroplasma endosymbiont of Aleiodes alternator,3139329,PRJEB75125,SAMEA115496733,2024,2024-04-20,"PacBio,Arima",Long,Complete Genome,Inconclusive,Spiroplasma platyhelix,2026-09-29
GCA_964031155.1,Spiroplasma endosymbiont of Dromius quadrimaculatus,3066283,PRJEB75122,SAMEA114450257,2024,2024-04-20,"PacBio,Arima",Long,Complete Genome,Inconclusive,Spiroplasma phoeniceum,2026-09-29
GCA_964031175.1,Spiroplasma endosymbiont of Melieria omissa,3139324,PRJEB75118,SAMEA115496727,2024,2024-04-20,"PacBio,Arima",Long,Complete Genome,Inconclusive,Spiroplasma phoeniceum,2026-09-29
GCA_964031195.1,Spiroplasma endosymbiont of Phycita roborella,3066311,PRJEB75123,SAMEA114450599,2024,2024-04-21,"PacBio,Arima",Long,Contig,Inconclusive,Mycoplasma mycoides,2026-09-29
GCA_964031205.1,Spiroplasma endosymbiont of Stenodema calcarata,3139328,PRJEB75113,SAMEA115496732,2024,2024-04-20,"PacBio,Arima",Long,Complete Genome,Inconclusive,Spiroplasma citri,2026-09-29
GCA_964031275.1,Spiroplasma endosymbiont of Acasis viretata,3066306,PRJEB75127,SAMEA114450596,2024,2024-04-20,PacBio,Long,Complete Genome,Inconclusive,Mycoplasma mycoides,2026-09-29
GCA_964035735.1,Spiroplasma endosymbiont of Calodromius spilotus,3077929,PRJEB75419,SAMEA115290489,2024,2024-05-03,PacBio,Long,Contig,Inconclusive,Spiroplasma phoeniceum,2026-09-29
GCA_964229415.1,Acholeplasmataceae bacterium,1898209,PRJEB78949,SAMEA115926430,2024,2024-08-26,Illumina,Short,Contig,Inconclusive,Candidatus Phytoplasma stylosanthis,2026-09-29
GCA_964230965.1,Acholeplasmataceae bacterium,1898209,PRJEB78949,SAMEA115926348,2024,2024-08-26,Illumina,Short,Contig,Inconclusive,Acholeplasma oculi,2026-09-29
GCA_964250295.1,uncultured Mycoplasmatales bacterium,749450,PRJEB77567,SAMEA115955271,2024,2024-09-21,Illumina HiSeq 2000,Short,Contig,Inconclusive,na,2026-09-29
GCA_964263215.1,Spiroplasma endosymbiont of Rhagonycha fulva,3066280,PRJEB79952,SAMEA114450254,2024,2024-09-11,"PacBio,Arima",Long,Complete Genome,Inconclusive,Spiroplasma cantharicola,2026-09-29
GCA_964263245.1,Spiroplasma endosymbiont of Polydrusus formosus,3139326,PRJEB79948,SAMEA115496729,2024,2024-09-11,"PacBio,Arima",Long,Complete Genome,Inconclusive,Spiroplasma phoeniceum,2026-09-29
GCA_964264745.1,Spiroplasma endosymbiont of Virgichneumon dumeticola,3139323,PRJEB80263,SAMEA115496726,2024,2024-09-18,"PacBio,Arima",Long,Complete Genome,Inconclusive,Spiroplasma citri,2026-09-29
GCA_964264785.1,Spiroplasma endosymbiont of Tipula paludosa,3066295,PRJEB80265,SAMEA114450267,2024,2024-09-18,"PacBio,Arima",Long,Complete Genome,Inconclusive,Spiroplasma attinicola,2026-09-29
GCA_964273375.1,Spiroplasma endosymbiont of Cleonymus obscurus,3066324,PRJEB80743,SAMEA114450610,2024,2024-11-07,"PacBio,Arima",Long,Contig,Inconclusive,Spiroplasma floricola,2026-09-29
GCA_964273395.1,Spiroplasma endosymbiont of Megachile willughbiella,3066323,PRJEB80744,SAMEA114450609,2024,2024-11-06,"PacBio,Arima",Long,Complete Genome,Inconclusive,Spiroplasma apis,2026-09-29
GCA_964273555.1,Spiroplasma endosymbiont of Harpalus anxius,3077931,PRJEB80760,SAMEA115290491,2024,2024-10-03,"PacBio,Arima",Long,Complete Genome,Inconclusive,Spiroplasma citri,2026-09-29
GCA_964277355.1,Spiroplasma endosymbiont of Nomada rufipes,3077933,PRJEB81406,SAMEA115290493,2024,2024-10-22,"PacBio,Arima",Long,Complete Genome,Inconclusive,Spiroplasma floricola,2026-09-29
GCA_964345805.1,uncultured Mycoplasma sp.,167967,PRJEB82487,SAMEA117293847,2025,2025-01-05,Illumina HiSeq 4000,Short,Scaffold,Inconclusive,Candidatus Phytoplasma stylosanthis,2026-09-29
GCA_964367605.1,uncultured Candidatus Izemoplasmatales bacterium,3076545,PRJEB82487,SAMEA117387506,2025,2025-01-07,Illumina NovaSeq 6000,Short,Scaffold,Inconclusive,Acholeplasma oculi,2026-09-29
GCA_964368345.1,uncultured Mariniplasma sp.,2903104,PRJEB82487,SAMEA117119959,2025,2025-01-07,Illumina NovaSeq 6000,Short,Scaffold,Inconclusive,Paracholeplasma morum,2026-09-29
GCA_964368415.1,uncultured Acholeplasmataceae bacterium,1233398,PRJEB82487,SAMEA117119966,2025,2025-01-06,Illumina NovaSeq 6000,Short,Scaffold,Inconclusive,Paracholeplasma morum,2026-09-29
GCA_964368865.1,uncultured Candidatus Izemoplasmatales bacterium,3076545,PRJEB82487,SAMEA117119936,2025,2025-01-06,Illumina NovaSeq 6000,Short,Scaffold,Inconclusive,Peloplasma aerotolerans,2026-09-29
GCA_964368955.1,uncultured Mariniplasma sp.,2903104,PRJEB82487,SAMEA117119928,2025,2025-01-07,Illumina NovaSeq 6000,Short,Scaffold,OK,Mariniplasma anaerobium,2026-09-29
GCA_964384655.1,uncultured Mariniplasma sp.,2903104,PRJEB82487,SAMEA117376448,2025,2025-01-06,"Illumina HiSeq 2500,Illumina HiSeq 2000",Short,Scaffold,Inconclusive,Mariniplasma anaerobium,2026-09-29
GCA_964386055.1,uncultured Candidatus Izemoplasmatales bacterium,3076545,PRJEB82487,SAMEA117373377,2025,2025-01-07,Illumina HiSeq 2000,Short,Scaffold,Inconclusive,Hujiaoplasma nucleasis,2026-09-29
GCA_964387195.1,uncultured Acholeplasmataceae bacterium,1233398,PRJEB82487,SAMEA117372717,2025,2025-01-05,Illumina HiSeq 2500,Short,Scaffold,Inconclusive,Paracholeplasma morum,2026-09-29
GCA_964388735.1,uncultured Candidatus Izemoplasmatales bacterium,3076545,PRJEB82487,SAMEA117125220,2025,2025-01-07,Illumina MiSeq,Short,Scaffold,Inconclusive,Hujiaoplasma nucleasis,2026-09-29
GCA_964390675.1,uncultured Mariniplasma sp.,2903104,PRJEB82487,SAMEA117393205,2025,2025-01-07,Illumina HiSeq 2500,Short,Scaffold,Inconclusive,Mariniplasma anaerobium,2026-09-29
GCA_964395055.1,uncultured Candidatus Izemoplasmatales bacterium,3076545,PRJEB82487,SAMEA117125216,2025,2025-01-07,Illumina MiSeq,Short,Scaffold,Inconclusive,na,2026-09-29
GCA_964397695.1,uncultured Candidatus Izemoplasmatales bacterium,3076545,PRJEB82487,SAMEA117296148,2025,2025-01-06,Illumina HiSeq 4000,Short,Scaffold,Inconclusive,na,2026-09-29
GCA_964401545.1,uncultured Candidatus Izemoplasmatales bacterium,3076545,PRJEB82487,SAMEA117292392,2025,2025-01-08,NextSeq 500,Unknown,Scaffold,Inconclusive,Candidatus Izemoplasma acidinucleici,2026-09-29
GCA_964411015.1,uncultured Candidatus Izemoplasmatales bacterium,3076545,PRJEB82487,SAMEA117383507,2025,2025-01-06,Illumina HiSeq 2500,Short,Scaffold,Inconclusive,Hujiaoplasma nucleasis,2026-09-29
GCA_964418795.1,uncultured Paracholeplasma sp.,2903119,PRJEB82487,SAMEA117373090,2025,2025-01-06,HiSeq X Ten,Short,Scaffold,OK,Paracholeplasma manati,2026-09-29
GCA_964427635.1,uncultured Candidatus Izemoplasmatales bacterium,3076545,PRJEB82487,SAMEA117385095,2025,2025-01-06,Illumina HiSeq 2500,Short,Scaffold,Inconclusive,Acholeplasma equifetale,2026-09-29
GCA_964430375.1,uncultured Mycoplasma sp.,167967,PRJEB82487,SAMEA117124679,2025,2025-01-06,Illumina HiSeq 4000,Short,Scaffold,Inconclusive,Clostridium tarantellae,2026-09-29
GCA_964430785.1,uncultured Mycoplasma sp.,167967,PRJEB82487,SAMEA117384194,2025,2025-01-05,Illumina HiSeq 2500,Short,Scaffold,Inconclusive,na,2026-09-29
GCA_964433055.1,uncultured Candidatus Izemoplasmatales bacterium,3076545,PRJEB82487,SAMEA117382586,2025,2025-01-06,Illumina HiSeq 2500,Short,Scaffold,Inconclusive,na,2026-09-29
GCA_964435595.1,uncultured Candidatus Izemoplasmatales bacterium,3076545,PRJEB82487,SAMEA117370394,2025,2025-01-07,"Illumina MiSeq,Illumina HiSeq 2500,Illumina HiSeq 2500,Illumina HiSeq 2500,Illumina HiSeq 2000",Short,Scaffold,Inconclusive,Candidatus Izemoplasma acidinucleici,2026-09-29
GCA_964439655.1,uncultured Mycoplasmataceae bacterium,300027,PRJEB82487,SAMEA117289071,2025,2025-01-05,NextSeq 500,Unknown,Scaffold,Inconclusive,Mycoplasma phocimorsus,2026-09-29
GCA_964441815.1,uncultured Anaeroplasmataceae bacterium,658266,PRJEB82487,SAMEA117293409,2025,2025-01-07,Illumina HiSeq 4000,Short,Scaffold,Inconclusive,na,2026-09-29
GCA_964442215.1,uncultured Acholeplasmataceae bacterium,1233398,PRJEB82487,SAMEA117372730,2025,2025-01-06,Illumina HiSeq 2500,Short,Scaffold,Inconclusive,Acholeplasma laidlawii,2026-09-29
GCA_964442245.1,uncultured Candidatus Izemoplasmatales bacterium,3076545,PRJEB82487,SAMEA117364748,2025,2025-01-05,"Illumina HiSeq 2500,Illumina NovaSeq 6000",Short,Scaffold,Inconclusive,Ureibacillus galli,2026-09-29
GCA_964444805.1,uncultured Acholeplasmataceae bacterium,1233398,PRJEB82487,SAMEA117375564,2025,2025-01-08,Illumina HiSeq 2500,Short,Contig,Inconclusive,Mariniplasma anaerobium,2026-09-29
GCA_964445515.1,uncultured Mycoplasma sp.,167967,PRJEB82487,SAMEA117297817,2025,2025-01-04,Illumina NovaSeq 6000,Short,Scaffold,Inconclusive,Candidatus Hepatoplasma vulgare,2026-09-29
GCA_964447705.1,uncultured Mycoplasmataceae bacterium,300027,PRJEB82487,SAMEA117304919,2025,2025-01-04,Illumina HiSeq 2500,Short,Scaffold,Inconclusive,na,2026-09-29
GCA_964455135.1,uncultured Mycoplasma sp.,167967,PRJEB82487,SAMEA117372263,2025,2025-01-05,"Illumina NovaSeq 6000,HiSeq X Ten",Short,Scaffold,Inconclusive,na,2026-09-29
GCA_964456195.1,uncultured Candidatus Izemoplasmatales bacterium,3076545,PRJEB82487,SAMEA117290549,2025,2025-01-07,Illumina NovaSeq 6000,Short,Scaffold,Inconclusive,Candidatus Izemoplasma acidinucleici,2026-09-29
GCA_964459895.1,uncultured Candidatus Izemoplasmatales bacterium,3076545,PRJEB82487,SAMEA117386119,2025,2025-01-07,Illumina HiSeq 2500,Short,Scaffold,Inconclusive,na,2026-09-29
GCA_964460565.1,uncultured Mycoplasma sp.,167967,PRJEB82487,SAMEA117296696,2025,2025-01-06,Illumina NovaSeq 6000,Short,Scaffold,Inconclusive,na,2026-09-29
GCA_964461565.1,uncultured Candidatus Izemoplasmatales bacterium,3076545,PRJEB82487,SAMEA117371482,2025,2025-01-07,Illumina HiSeq 2500,Short,Scaffold,Inconclusive,Hujiaoplasma nucleasis,2026-09-29
GCA_964462935.1,uncultured Candidatus Izemoplasmatales bacterium,3076545,PRJEB82487,SAMEA117371500,2025,2025-01-07,Illumina HiSeq 2500,Short,Scaffold,Inconclusive,Hujiaoplasma nucleasis,2026-09-29
GCA_964470055.1,uncultured Mycoplasma sp.,167967,PRJEB82487,SAMEA117297225,2025,2025-01-06,Illumina HiSeq 2500,Short,Contig,Inconclusive,na,2026-09-29
GCA_964472735.1,uncultured Candidatus Izemoplasmatales bacterium,3076545,PRJEB82487,SAMEA117372534,2025,2025-01-07,"Illumina HiSeq 2500,Illumina HiSeq 2500,Illumina HiSeq 2500,Illumina NovaSeq 6000",Short,Scaffold,Inconclusive,na,2026-09-29
GCA_964473015.1,uncultured Anaeroplasmataceae bacterium,658266,PRJEB82487,SAMEA117291704,2025,2025-01-07,Illumina HiSeq 2500,Short,Scaffold,Inconclusive,na,2026-09-29
GCA_964473425.1,uncultured Candidatus Izemoplasmatales bacterium,3076545,PRJEB82487,SAMEA117372532,2025,2025-01-07,"Illumina HiSeq 2500,Illumina NovaSeq 6000",Short,Scaffold,Inconclusive,Candidatus Izemoplasma acidinucleici,2026-09-29
GCA_964475085.1,uncultured Candidatus Izemoplasmatales bacterium,3076545,PRJEB82487,SAMEA117289524,2025,2025-01-06,NextSeq 500,Unknown,Scaffold,Inconclusive,na,2026-09-29
GCA_964477825.1,uncultured Candidatus Izemoplasmatales bacterium,3076545,PRJEB82487,SAMEA117365746,2025,2025-01-06,Illumina HiSeq 2500,Short,Scaffold,Inconclusive,Candidatus Izemoplasma acidinucleici,2026-09-29
GCA_964478425.1,uncultured Anaeroplasmatales bacterium,1159227,PRJEB82487,SAMEA117124621,2025,2025-01-06,Illumina HiSeq 4000,Short,Contig,Inconclusive,Fusobacterium polymorphum,2026-09-29
GCA_964479895.1,uncultured Candidatus Izemoplasmatales bacterium,3076545,PRJEB82487,SAMEA117373361,2025,2025-01-07,Illumina HiSeq 2000,Short,Scaffold,Inconclusive,Methanocalculus natronophilus,2026-09-29
GCA_964480415.1,uncultured Candidatus Izemoplasmatales bacterium,3076545,PRJEB82487,SAMEA117365092,2025,2025-01-06,Illumina NovaSeq 6000,Short,Scaffold,Inconclusive,Hujiaoplasma nucleasis,2026-09-29
GCA_964481475.1,uncultured Acholeplasmataceae bacterium,1233398,PRJEB82487,SAMEA117373967,2025,2025-01-06,Illumina NovaSeq 6000,Short,Scaffold,Inconclusive,Hathewaya limosa,2026-09-29
GCA_964483655.1,uncultured Candidatus Izemoplasmatales bacterium,3076545,PRJEB82487,SAMEA117385039,2025,2025-01-09,Illumina HiSeq 2000,Short,Scaffold,Inconclusive,Pseudogracilibacillus auburnensis,2026-09-29
GCA_964485375.1,uncultured Mycoplasmatales bacterium,749450,PRJEB82487,SAMEA117370132,2025,2025-01-04,Illumina NovaSeq 6000,Short,Scaffold,Inconclusive,na,2026-09-29
GCA_964487215.1,uncultured Mycoplasma sp.,167967,PRJEB82487,SAMEA117291281,2025,2025-01-05,Illumina HiSeq 2500,Short,Scaffold,Inconclusive,Hypnocyclicus thermotrophus,2026-09-29
GCA_964489375.1,uncultured Mariniplasma sp.,2903104,PRJEB82487,SAMEA117372695,2025,2025-01-07,Illumina HiSeq 2500,Short,Scaffold,OK,Mariniplasma anaerobium,2026-09-29
GCA_964491445.1,uncultured Mycoplasma sp.,167967,PRJEB82487,SAMEA117296755,2025,2025-01-05,Illumina NovaSeq 6000,Short,Scaffold,Inconclusive,na,2026-09-29
GCA_964495265.1,uncultured Mariniplasma sp.,2903104,PRJEB82487,SAMEA117372767,2025,2025-01-07,Illumina HiSeq 2500,Short,Scaffold,Inconclusive,Paracholeplasma manati,2026-09-29
GCA_964495545.1,uncultured Acholeplasma sp.,453122,PRJEB82487,SAMEA117305306,2025,2025-01-06,Illumina HiSeq 2500,Short,Scaffold,Inconclusive,Acholeplasma equifetale,2026-09-29
GCA_964497075.1,uncultured Acholeplasma sp.,453122,PRJEB82487,SAMEA117363300,2025,2025-01-06,"Illumina HiSeq 4000,Illumina HiSeq 2500",Short,Scaffold,Inconclusive,Acholeplasma hippikon,2026-09-29
GCA_964498675.1,uncultured Candidatus Izemoplasmatales bacterium,3076545,PRJEB82487,SAMEA117383935,2025,2025-01-06,Illumina HiSeq 2500,Short,Scaffold,Inconclusive,Acholeplasma laidlawii,2026-09-29
GCA_964499645.1,uncultured Mycoplasma sp.,167967,PRJEB82487,SAMEA117290649,2025,2025-01-05,Illumina HiSeq 2500,Short,Scaffold,Inconclusive,na,2026-09-29
GCA_964500495.1,uncultured Acholeplasmataceae bacterium,1233398,PRJEB82487,SAMEA117372669,2025,2025-01-06,Illumina HiSeq 2500,Short,Scaffold,Inconclusive,Fusobacterium polymorphum,2026-09-29
GCA_964501315.1,uncultured Candidatus Izemoplasmatales bacterium,3076545,PRJEB82487,SAMEA117383583,2025,2025-01-08,Illumina HiSeq 2000,Short,Scaffold,Inconclusive,Mariniplasma anaerobium,2026-09-29
GCA_964501415.1,uncultured Candidatus Izemoplasmatales bacterium,3076545,PRJEB82487,SAMEA117373350,2025,2025-01-07,Illumina HiSeq 2000,Short,Scaffold,Inconclusive,na,2026-09-29
GCA_964501715.1,uncultured Candidatus Izemoplasmatales bacterium,3076545,PRJEB82487,SAMEA117373352,2025,2025-01-07,Illumina HiSeq 2000,Short,Scaffold,Inconclusive,na,2026-09-29
GCA_964504015.1,uncultured Mariniplasma sp.,2903104,PRJEB82487,SAMEA117365586,2025,2025-01-07,NextSeq 500,Unknown,Scaffold,Inconclusive,Mariniplasma anaerobium,2026-09-29
GCA_964506765.1,uncultured Anaeroplasmataceae bacterium,658266,PRJEB82487,SAMEA117304984,2025,2025-01-06,Illumina NovaSeq 6000,Short,Scaffold,Inconclusive,Anaeroplasma bactoclasticum,2026-09-29
GCA_964506895.1,uncultured Candidatus Izemoplasmatales bacterium,3076545,PRJEB82487,SAMEA117382582,2025,2025-01-06,Illumina HiSeq 2500,Short,Scaffold,Inconclusive,Hujiaoplasma nucleasis,2026-09-29
GCA_964510115.1,uncultured Mycoplasma sp.,167967,PRJEB82487,SAMEA117286907,2025,2025-01-05,Illumina HiSeq 4000,Short,Scaffold,Inconclusive,na,2026-09-29
GCA_964514865.1,uncultured Mariniplasma sp.,2903104,PRJEB82487,SAMEA117385097,2025,2025-01-07,Illumina HiSeq 2000,Short,Scaffold,Inconclusive,Acholeplasma equirhinis,2026-09-29
GCA_964519115.1,uncultured Candidatus Izemoplasmatales bacterium,3076545,PRJEB82487,SAMEA117386123,2025,2025-01-07,Illumina HiSeq 2500,Short,Scaffold,Inconclusive,na,2026-09-29
GCA_964521545.1,uncultured Acholeplasmataceae bacterium,1233398,PRJEB82487,SAMEA117387783,2025,2025-01-06,Illumina NovaSeq 6000,Short,Scaffold,Inconclusive,Acholeplasma equifetale,2026-09-29
GCA_964522645.1,uncultured Mycoplasmatales bacterium,749450,PRJEB82487,SAMEA117297824,2025,2025-01-07,Illumina NovaSeq 6000,Short,Scaffold,Inconclusive,na,2026-09-29
GCA_964526805.1,uncultured Acholeplasma sp.,453122,PRJEB82487,SAMEA117363846,2025,2025-01-06,Illumina HiSeq 2500,Short,Scaffold,OK,Acholeplasma laidlawii,2026-09-29
GCA_964528885.1,uncultured Mycoplasma sp.,167967,PRJEB82487,SAMEA117391676,2025,2025-01-06,Illumina HiSeq 2500,Short,Scaffold,Inconclusive,na,2026-09-29
GCA_964529565.1,uncultured Acholeplasma sp.,453122,PRJEB82487,SAMEA117304879,2025,2025-01-07,Illumina HiSeq 2500,Short,Scaffold,Inconclusive,Acholeplasma hippikon,2026-09-29
GCA_964533195.1,uncultured Candidatus Izemoplasmatales bacterium,3076545,PRJEB82487,SAMEA117372644,2025,2025-01-07,Illumina HiSeq 2500,Short,Scaffold,Inconclusive,Hujiaoplasma nucleasis,2026-09-29
GCA_964535005.1,uncultured Candidatus Izemoplasmatales bacterium,3076545,PRJEB82487,SAMEA117372499,2025,2025-01-08,Illumina NovaSeq 6000,Short,Scaffold,Inconclusive,Hujiaoplasma nucleasis,2026-09-29
GCA_964536315.1,uncultured Candidatus Izemoplasmatales bacterium,3076545,PRJEB82487,SAMEA117289642,2025,2025-01-08,Illumina HiSeq 2500,Short,Scaffold,Inconclusive,na,2026-09-29
GCA_964538205.1,uncultured Mycoplasma sp.,167967,PRJEB82487,SAMEA117293392,2025,2025-01-06,Illumina HiSeq 4000,Short,Scaffold,Inconclusive,na,2026-09-29
GCA_964538585.1,uncultured Mycoplasmatales bacterium,749450,PRJEB82487,SAMEA117288390,2025,2025-01-04,Illumina HiSeq 3000,Short,Scaffold,Inconclusive,Mycoplasmoides pirum,2026-09-29
GCA_964543675.1,uncultured Acholeplasma sp.,453122,PRJEB82487,SAMEA117304828,2025,2025-01-06,Illumina HiSeq 2500,Short,Scaffold,Inconclusive,Acholeplasma hippikon,2026-09-29
GCA_964544095.1,uncultured Anaeroplasmataceae bacterium,658266,PRJEB82487,SAMEA117118686,2025,2025-01-07,Illumina HiSeq 2500,Short,Scaffold,Inconclusive,Clostridium ihumii,2026-09-29
GCA_964544325.1,uncultured Candidatus Izemoplasmatales bacterium,3076545,PRJEB82487,SAMEA117371542,2025,2025-01-06,Illumina HiSeq 2500,Short,Scaffold,Inconclusive,Hujiaoplasma nucleasis,2026-09-29
GCA_964545135.1,uncultured Mycoplasma sp.,167967,PRJEB82487,SAMEA117384247,2025,2025-01-05,"Illumina NovaSeq 6000,HiSeq X Ten",Short,Scaffold,Inconclusive,na,2026-09-29
GCA_964546185.1,uncultured Mycoplasma sp.,167967,PRJEB82487,SAMEA117118593,2025,2025-01-05,Illumina HiSeq 2500,Short,Scaffold,Inconclusive,na,2026-09-29
GCA_964547945.1,uncultured Anaeroplasmataceae bacterium,658266,PRJEB82487,SAMEA117288334,2025,2025-01-06,Illumina HiSeq 3000,Short,Scaffold,Inconclusive,na,2026-09-29
GCA_964548855.1,uncultured Anaeroplasmataceae bacterium,658266,PRJEB82487,SAMEA117296748,2025,2025-01-07,Illumina NovaSeq 6000,Short,Scaffold,Inconclusive,Clostridium weizhouense,2026-09-29
GCA_964552625.1,uncultured Acholeplasmataceae bacterium,1233398,PRJEB82487,SAMEA117370262,2025,2025-01-07,Illumina HiSeq 2500,Short,Scaffold,Inconclusive,na,2026-09-29
GCA_964553065.1,uncultured Candidatus Izemoplasmatales bacterium,3076545,PRJEB82487,SAMEA117125244,2025,2025-01-07,Illumina MiSeq,Short,Scaffold,Inconclusive,Liberiplasma polymorphum,2026-09-29
GCA_964553585.1,uncultured Acholeplasma sp.,453122,PRJEB82487,SAMEA117383020,2025,2025-01-04,Illumina HiSeq 4000,Short,Contig,Inconclusive,Candidatus Phytoplasma asiaticum,2026-09-29
GCA_964553665.1,uncultured Mariniplasma sp.,2903104,PRJEB82487,SAMEA117372502,2025,2025-01-07,Illumina NovaSeq 6000,Short,Scaffold,Inconclusive,Mariniplasma anaerobium,2026-09-29
GCA_964553755.1,uncultured Acholeplasmataceae bacterium,1233398,PRJEB82487,SAMEA117383968,2025,2025-01-07,"Illumina HiSeq 1500,Illumina NovaSeq 6000",Short,Scaffold,Inconclusive,Acholeplasma brassicae,2026-09-29
GCA_964555755.1,uncultured Mycoplasma sp.,167967,PRJEB82487,SAMEA117206231,2025,2025-01-05,Illumina NovaSeq 6000,Short,Scaffold,Inconclusive,na,2026-09-29
GCA_964557695.1,uncultured Candidatus Izemoplasmatales bacterium,3076545,PRJEB82487,SAMEA117386118,2025,2025-01-08,Illumina HiSeq 2500,Short,Contig,Inconclusive,Mariniplasma anaerobium,2026-09-29
GCA_964563575.1,uncultured Acholeplasma sp.,453122,PRJEB82487,SAMEA117363835,2025,2025-01-06,Illumina HiSeq 2500,Short,Scaffold,Inconclusive,Acholeplasma laidlawii,2026-09-29
GCA_964566285.1,uncultured Mariniplasma sp.,2903104,PRJEB82487,SAMEA117371889,2025,2025-01-07,Illumina HiSeq 2500,Short,Scaffold,Inconclusive,Mariniplasma anaerobium,2026-09-29
GCA_964567465.1,uncultured Candidatus Izemoplasmatales bacterium,3076545,PRJEB82487,SAMEA117371543,2025,2025-01-06,Illumina HiSeq 2500,Short,Scaffold,Inconclusive,Hujiaoplasma nucleasis,2026-09-29
GCA_964571505.1,uncultured Mycoplasma sp.,167967,PRJEB82487,SAMEA117293211,2025,2025-01-04,Illumina HiSeq 2500,Short,Scaffold,Inconclusive,na,2026-09-29
GCA_964574705.1,uncultured Candidatus Izemoplasmatales bacterium,3076545,PRJEB82487,SAMEA117386127,2025,2025-01-08,Illumina HiSeq 2500,Short,Scaffold,Inconclusive,Hujiaoplasma nucleasis,2026-09-29
GCA_964581705.1,uncultured Candidatus Izemoplasmatales bacterium,3076545,PRJEB82487,SAMEA117373329,2025,2025-01-06,Illumina HiSeq 2000,Short,Scaffold,Inconclusive,na,2026-09-29
GCA_964586345.1,uncultured Mycoplasmatales bacterium,749450,PRJEB82487,SAMEA117296770,2025,2025-01-05,Illumina NovaSeq 6000,Short,Scaffold,Inconclusive,Rhodanobacter denitrificans,2026-09-29
GCA_964587475.1,uncultured Mariniplasma sp.,2903104,PRJEB82487,SAMEA117386100,2025,2025-01-07,Illumina HiSeq 2500,Short,Scaffold,Inconclusive,Acholeplasma palmae,2026-09-29
GCA_964589075.1,uncultured Candidatus Izemoplasmatales bacterium,3076545,PRJEB82487,SAMEA117292396,2025,2025-01-07,NextSeq 500,Unknown,Contig,Inconclusive,na,2026-09-29
GCA_964595145.1,uncultured Anaeroplasmataceae bacterium,658266,PRJEB82487,SAMEA117296720,2025,2025-01-06,Illumina NovaSeq 6000,Short,Scaffold,Inconclusive,na,2026-09-29
GCA_964598285.1,uncultured Mycoplasma sp.,167967,PRJEB82487,SAMEA117287380,2025,2025-01-05,Illumina HiSeq 2500,Short,Scaffold,Inconclusive,na,2026-09-29
GCA_964600625.1,uncultured Acholeplasmataceae bacterium,1233398,PRJEB82487,SAMEA117373963,2025,2025-01-07,Illumina NovaSeq 6000,Short,Scaffold,Inconclusive,Allocoprobacillus halotolerans,2026-09-29
GCA_964600775.1,uncultured Acholeplasma sp.,453122,PRJEB82487,SAMEA117363839,2025,2025-01-06,Illumina HiSeq 2500,Short,Scaffold,OK,Acholeplasma laidlawii,2026-09-29
GCA_964602265.1,uncultured Acholeplasmataceae bacterium,1233398,PRJEB82487,SAMEA117391959,2025,2025-01-05,Illumina HiSeq 2500,Short,Scaffold,Inconclusive,Mariniplasma anaerobium,2026-09-29
GCA_964603705.1,uncultured Acholeplasmataceae bacterium,1233398,PRJEB82487,SAMEA117370202,2025,2025-01-06,Illumina HiSeq 2500,Short,Scaffold,Inconclusive,Haploplasma modicum,2026-09-29
GCA_964606905.1,uncultured Anaeroplasmataceae bacterium,658266,PRJEB82487,SAMEA117297056,2025,2025-01-07,Illumina HiSeq 2500,Short,Scaffold,Inconclusive,na,2026-09-29
GCA_964610285.1,uncultured Candidatus Izemoplasmatales bacterium,3076545,PRJEB82487,SAMEA117371503,2025,2025-01-06,Illumina HiSeq 2500,Short,Scaffold,Inconclusive,Hujiaoplasma nucleasis,2026-09-29
GCA_964610325.1,uncultured Candidatus Izemoplasmatales bacterium,3076545,PRJEB82487,SAMEA117391870,2025,2025-01-08,Illumina NovaSeq 6000,Short,Scaffold,Inconclusive,Hujiaoplasma nucleasis,2026-09-29
GCA_964611005.1,uncultured Candidatus Izemoplasmatales bacterium,3076545,PRJEB82487,SAMEA117288955,2025,2025-01-07,Illumina HiSeq 2500,Short,Scaffold,Inconclusive,Clostridium tarantellae,2026-09-29
GCA_964614725.1,uncultured Mycoplasmataceae bacterium,300027,PRJEB82487,SAMEA117292766,2025,2025-01-04,Illumina HiSeq 2500,Short,Scaffold,Inconclusive,Candidatus Tyloplasma litorale,2026-09-29
GCA_964616405.1,uncultured Mycoplasma sp.,167967,PRJEB82487,SAMEA117286844,2025,2025-01-06,Illumina HiSeq 4000,Short,Scaffold,Inconclusive,na,2026-09-29
GCA_964622615.1,uncultured Candidatus Izemoplasmatales bacterium,3076545,PRJEB82487,SAMEA117372523,2025,2025-01-07,"Illumina HiSeq 2500,Illumina HiSeq 2500,Illumina HiSeq 2500,Illumina NovaSeq 6000",Short,Scaffold,Inconclusive,Malaciobacter molluscorum,2026-09-29
GCA_964625435.1,uncultured Mariniplasma sp.,2903104,PRJEB82487,SAMEA117372527,2025,2025-01-07,"Illumina HiSeq 2500,Illumina HiSeq 2500,Illumina HiSeq 2500,Illumina NovaSeq 6000",Short,Scaffold,Inconclusive,Mariniplasma anaerobium,2026-09-29
GCA_964634385.1,uncultured Candidatus Izemoplasmatales bacterium,3076545,PRJEB82487,SAMEA117374264,2025,2025-01-07,Illumina HiSeq 2500,Short,Scaffold,Inconclusive,Defluviitalea phaphyphila,2026-09-29
GCA_964634685.1,uncultured Anaeroplasmatales bacterium,1159227,PRJEB82487,SAMEA117372899,2025,2025-01-09,"Illumina NovaSeq 6000,Illumina HiSeq 2500",Short,Scaffold,Inconclusive,na,2026-09-29
GCA_964634865.1,uncultured Mycoplasma sp.,167967,PRJEB82487,SAMEA117124675,2025,2025-01-05,Illumina HiSeq 4000,Short,Scaffold,Inconclusive,na,2026-09-29
GCA_964639045.1,uncultured Candidatus Izemoplasmatales bacterium,3076545,PRJEB82487,SAMEA117382694,2025,2025-01-07,Illumina HiSeq 2500,Short,Scaffold,Inconclusive,na,2026-09-29
GCA_964640095.1,uncultured Mariniplasma sp.,2903104,PRJEB82487,SAMEA117363282,2025,2025-01-05,"Illumina HiSeq 4000,Illumina HiSeq 2500",Short,Scaffold,Inconclusive,Acholeplasma brassicae,2026-09-29
GCA_964641335.1,uncultured Paracholeplasma sp.,2903119,PRJEB82487,SAMEA117293098,2025,2025-01-07,HiSeq X Ten,Short,Scaffold,OK,Paracholeplasma manati,2026-09-29
GCA_964641525.1,uncultured Candidatus Izemoplasmatales bacterium,3076545,PRJEB82487,SAMEA117372964,2025,2025-01-05,"Illumina HiSeq 2000,Illumina MiSeq",Short,Scaffold,Inconclusive,Candidatus Xianfuyuplasma coldseepsis,2026-09-29
GCA_964643385.1,uncultured Candidatus Izemoplasmatales bacterium,3076545,PRJEB82487,SAMEA117125238,2025,2025-01-07,Illumina MiSeq,Short,Scaffold,Inconclusive,Hujiaoplasma nucleasis,2026-09-29
GCA_964648225.1,uncultured Acholeplasma sp.,453122,PRJEB82487,SAMEA117305454,2025,2025-01-07,Illumina NovaSeq 6000,Short,Scaffold,OK,Acholeplasma laidlawii,2026-09-29
GCA_964648785.1,uncultured Acholeplasmataceae bacterium,1233398,PRJEB82487,SAMEA117372977,2025,2025-01-05,"Illumina HiSeq 2000,Illumina MiSeq",Short,Scaffold,Inconclusive,Mariniplasma anaerobium,2026-09-29
GCA_964649865.1,uncultured Acholeplasmataceae bacterium,1233398,PRJEB82487,SAMEA117373968,2025,2025-01-07,Illumina NovaSeq 6000,Short,Scaffold,Inconclusive,Fusobacterium hwasookii,2026-09-29
GCA_964651765.1,uncultured Mycoplasmatales bacterium,749450,PRJEB82487,SAMEA117289039,2025,2025-01-04,NextSeq 500,Unknown,Scaffold,Inconclusive,Mycoplasmopsis cricetuli,2026-09-29
GCA_964652375.1,uncultured Candidatus Izemoplasmatales bacterium,3076545,PRJEB82487,SAMEA117376089,2025,2025-01-07,Illumina HiSeq 2500,Short,Scaffold,Inconclusive,Candidatus Xianfuyuplasma coldseepsis,2026-09-29
GCA_964654395.1,uncultured Candidatus Izemoplasmatales bacterium,3076545,PRJEB82487,SAMEA117390245,2025,2025-01-05,NextSeq 500,Unknown,Scaffold,Inconclusive,Candidatus Xianfuyuplasma coldseepsis,2026-09-29
GCA_964655335.1,uncultured Candidatus Izemoplasmatales bacterium,3076545,PRJEB82487,SAMEA117390202,2025,2025-01-06,Illumina HiSeq 2500,Short,Scaffold,Inconclusive,Izemobacterium crustae (SeqCode),2026-09-29
GCA_964655445.1,uncultured Mariniplasma sp.,2903104,PRJEB82487,SAMEA117390201,2025,2025-01-08,"Illumina HiSeq 1500,Illumina NovaSeq 6000",Short,Scaffold,Inconclusive,Acholeplasma brassicae,2026-09-29
GCA_964655885.1,uncultured Candidatus Izemoplasmatales bacterium,3076545,PRJEB82487,SAMEA117371524,2025,2025-01-07,Illumina HiSeq 2500,Short,Scaffold,Inconclusive,Hujiaoplasma nucleasis,2026-09-29
GCA_965114655.1,uncultured Candidatus Pelethenecus sp.,3391930,PRJEB83251,SAMEA117612283,2025,2025-05-29,Illumina NovaSeq 6000,Short,Scaffold,Inconclusive,Anaeroplasma bactoclasticum,2026-09-29
GCA_965115705.1,uncultured Candidatus Pelethenecus sp.,3391930,PRJEB83251,SAMEA117612332,2025,2025-05-29,Illumina NovaSeq 6000,Short,Scaffold,Inconclusive,na,2026-09-29
GCA_965140505.1,Acholeplasmataceae bacterium,1898209,PRJEB85473,SAMEA114501242,2025,2025-02-11,"PacBio,Arima",Long,Complete Genome,Inconclusive,Acholeplasma palmae,2026-09-29
GCA_965140535.1,Acholeplasmataceae bacterium,1898209,PRJEB85473,SAMEA114501241,2025,2025-02-11,"PacBio,Arima",Long,Complete Genome,Inconclusive,Haploplasma modicum,2026-09-29
GCA_965178695.1,Spiroplasma endosymbiont of Sarcophaga variegata,3066304,PRJEB86325,SAMEA114450377,2025,2025-03-04,"PacBio,Arima",Long,Contig,Inconclusive,Spiroplasma phoeniceum,2026-09-29
GCA_965196725.1,Mycoplasmatales bacterium,2023991,PRJEB85486,SAMEA115466161,2025,2025-03-05,PacBio,Long,Complete Genome,Inconclusive,[Mycoplasma] collis,2026-09-29
GCA_965200445.1,Mycoplasmatales bacterium,2023991,PRJEB86289,SAMEA117735964,2025,2025-03-13,PacBio,Long,Chromosome,Inconclusive,Spiroplasma mirum,2026-09-29
GCA_965200605.1,Mycoplasmatales bacterium,2023991,PRJEB86289,SAMEA117735965,2025,2025-03-13,PacBio,Long,Contig,Inconclusive,Spiroplasma taiwanense,2026-09-29
GCA_965200915.1,Mycoplasmatales bacterium,2023991,PRJEB85510,SAMEA117648545,2025,2025-03-11,PacBio,Long,Complete Genome,Inconclusive,Mesomycoplasma neurolyticum,2026-09-29
GCA_965212725.1,Mycoplasma marinum,1937190,PRJEB85433,SAMEA117660579,2025,2025-03-20,Illumina NextSeq 500,Short,Scaffold,OK,Mycoplasma marinum,2026-09-29
GCA_965212735.1,Mycoplasma todarodis,1937191,PRJEB85433,SAMEA117660580,2025,2025-03-20,Illumina NextSeq 500,Short,Scaffold,Inconclusive,Mycoplasma todarodis,2026-09-29
GCA_965214965.1,Mycoplasmatales bacterium,2023991,PRJEB85495,SAMEA115837773,2025,2025-03-18,PacBio,Long,Complete Genome,Inconclusive,Spiroplasma floricola,2026-09-29
GCA_965222545.1,Mycoplasmatales bacterium,2023991,PRJEB86562,SAMEA117786384,2025,2025-03-20,PacBio,Long,Complete Genome,Inconclusive,[Mycoplasma] collis,2026-09-29
GCA_965222755.1,Mycoplasmatales bacterium,2023991,PRJEB86562,SAMEA117786385,2025,2025-03-23,PacBio,Long,Contig,Inconclusive,Mycoplasma leachii,2026-09-29
GCA_965222855.1,Mycoplasmatales bacterium,2023991,PRJEB86933,SAMEA117795564,2025,2025-03-23,PacBio,Long,Contig,Inconclusive,Spiroplasma phoeniceum,2026-09-29
GCA_965226165.1,Mycoplasmatales bacterium,2023991,PRJEB86285,SAMEA117735925,2025,2025-03-28,PacBio,Long,Chromosome,Inconclusive,Mycoplasma capricolum,2026-09-29
GCA_965226525.1,Spiroplasma sp.,2135,PRJEB86281,SAMEA117735857,2025,2025-03-25,PacBio,Long,Complete Genome,Inconclusive,[Mycoplasma] collis,2026-09-29
GCA_965237585.1,Mycoplasmatales bacterium,2023991,PRJEB87729,SAMEA117886662,2025,2025-04-09,PacBio,Long,Complete Genome,Inconclusive,Spiroplasma tabanidicola,2026-09-29
GCA_965261505.1,Mycoplasmatales bacterium,2023991,PRJEB88771,SAMEA118013116,2025,2025-04-24,PacBio,Long,Complete Genome,Inconclusive,Spiroplasma taiwanense,2026-09-29
GCA_965337375.1,Anaeroplasma sp.,1872523,PRJEB89408,SAMEA118409738,2025,2025-06-27,Illumina NovaSeq X,Short,Contig,Inconclusive,Malacoplasma iowae,2026-09-29
GCA_965342165.1,Anaeroplasma sp.,1872523,PRJEB89408,SAMEA118405570,2025,2025-06-27,Illumina NovaSeq X,Short,Contig,Inconclusive,Anaeroplasma bactoclasticum,2026-09-29
GCA_965352815.1,Anaeroplasma sp.,1872523,PRJEB89408,SAMEA118409740,2025,2025-06-29,Illumina NovaSeq X,Short,Contig,Inconclusive,Clostridium lamae,2026-09-29
GCA_965554445.1,uncultured Acholeplasmataceae bacterium,1233398,PRJEB89958,SAMEA118547523,2025,2025-07-03,Illumina HiSeq 2500,Short,Contig,Inconclusive,Mariniplasma anaerobium,2026-09-29
GCA_965645755.1,Candidatus Pelethenecus sp.,3022886,PRJEB90935,SAMEA118799351,2025,2025-07-31,"ILLUMINA,PACBIO_SMRT",Hybrid,Contig,Inconclusive,Hypnocyclicus thermotrophus,2026-09-29
GCA_965656585.1,Candidatus Izemoplasmataceae bacterium,3107147,PRJEB90443,SAMEA118800600,2025,2025-08-04,Illumina NovaSeq 6000,Short,Scaffold,Inconclusive,Liberiplasma polymorphum,2026-09-29
GCA_965657915.1,Acholeplasmataceae bacterium,1898209,PRJEB90443,SAMEA118800910,2025,2025-08-04,Illumina NovaSeq 6000,Short,Scaffold,Inconclusive,Acholeplasma granularum,2026-09-29
GCA_965659955.1,Candidatus Izemoplasmataceae bacterium,3107147,PRJEB90443,SAMEA118800849,2025,2025-08-04,Illumina NovaSeq 6000,Short,Scaffold,Inconclusive,Liberiplasma polymorphum,2026-09-29
GCA_975960335.1,Hujiaoplasmataceae bacterium,3107429,PRJEB96880,SAMEA120084077,2025,2025-10-11,BGISEQ,Short,Contig,Inconclusive,na,2026-09-29
GCA_975971315.1,Hujiaoplasmataceae bacterium,3107429,PRJEB96880,SAMEA120084097,2025,2025-10-09,BGISEQ,Short,Contig,Inconclusive,na,2026-09-29
GCA_976989895.1,uncultured Acholeplasmataceae bacterium,1233398,PRJEB88082,SAMEA120312041,2025,2025-11-09,Illumina NovaSeq X,Short,Contig,Inconclusive,na,2026-09-29
GCA_976991235.1,uncultured Acholeplasmataceae bacterium,1233398,PRJEB88082,SAMEA120312057,2025,2025-11-09,Illumina NovaSeq X,Short,Contig,Inconclusive,Streptococcus constellatus,2026-09-29
GCA_976991265.1,uncultured Acholeplasmataceae bacterium,1233398,PRJEB88082,SAMEA120312099,2025,2025-11-09,Illumina NovaSeq X,Short,Contig,Inconclusive,na,2026-09-29
GCA_976993235.1,uncultured Mollicutes bacterium,220137,PRJEB98119,SAMEA120313104,2025,2025-11-09,NextSeq 500,Unknown,Contig,Inconclusive,na,2026-09-29
GCA_977000445.1,Mycoplasma mycoides subsp. capri str. GM12,436113,PRJEB99006,SAMEA120322932,2025,2025-11-19,PacBio Revio,Long,Complete Genome,OK,Mycoplasma mycoides,2026-09-29
GCA_977002775.1,uncultured Acholeplasmataceae bacterium,1233398,PRJEB88590,SAMEA120324162,2025,2025-11-09,Illumina NovaSeq 6000,Short,Contig,Inconclusive,na,2026-09-29
GCA_977002805.1,uncultured Acholeplasmataceae bacterium,1233398,PRJEB88590,SAMEA120324214,2025,2025-11-09,Illumina NovaSeq 6000,Short,Contig,Inconclusive,Haploplasma modicum,2026-09-29
GCA_977038695.1,Mycoplasma sp.,2108,PRJEB102291,SAMEA120502362,2025,2025-11-13,Illumina,Short,Scaffold,Inconclusive,Coprobacillus cateniformis,2026-09-29
GCA_977039025.1,Mycoplasmataceae bacterium,2685873,PRJEB102291,SAMEA120502480,2025,2025-11-13,Illumina,Short,Contig,Inconclusive,Ureaplasma zalophigenitalium,2026-09-29
GCA_977039175.1,Mycoplasma sp.,2108,PRJEB102291,SAMEA120502240,2025,2025-11-13,Illumina,Short,Scaffold,Inconclusive,na,2026-09-29
GCA_977051155.1,Mycoplasma sp.,2108,PRJEB102291,SAMEA120501358,2025,2025-11-13,Illumina,Short,Contig,Inconclusive,na,2026-09-29
GCA_977076875.1,uncultured Mycoplasma sp.,167967,PRJEB98580,SAMEA120615278,2025,2025-12-05,Illumina MiSeq,Short,Contig,Inconclusive,Spiroplasma tabanidicola,2026-09-29
GCA_977077205.1,uncultured Mycoplasma sp.,167967,PRJEB98580,SAMEA120616024,2025,2025-12-05,Illumina MiSeq,Short,Contig,Inconclusive,Hypnocyclicus thermotrophus,2026-09-29
GCA_977110965.1,Spiroplasma endosymbiont of Dactylopius coccus,3473534,PRJEB100833,SAMEA120642261,2025,2025-12-01,PacBio,Long,Complete Genome,Inconclusive,Spiroplasma floricola,2026-09-29
GCA_977537785.1,Mycoplasmatales bacterium,2023991,PRJEB104710,SAMEA120723178,2026,2026-02-05,ILLUMINA,Short,Scaffold,Inconclusive,Mycoplasmoides pirum,2026-09-29
GCA_977538835.1,Mycoplasmatales bacterium,2023991,PRJEB104710,SAMEA120723179,2026,2026-01-29,ILLUMINA,Short,Scaffold,Inconclusive,na,2026-09-29
GCA_977572745.1,Mycoplasmatales bacterium,2023991,PRJEB104710,SAMEA120723546,2026,2026-02-05,ILLUMINA,Short,Scaffold,Inconclusive,Mycoplasmoides pirum,2026-09-29
GCA_977867305.1,Anaeroplasmataceae bacterium,2793037,PRJEB89408,SAMEA118405569,2026,2026-01-19,Illumina NovaSeq X,Short,Contig,Inconclusive,Haploplasma axanthum,2026-09-29
GCA_977869695.1,Anaeroplasma sp.,1872523,PRJEB89408,SAMEA118409737,2026,2026-01-23,Illumina NovaSeq X,Short,Contig,Inconclusive,Clostridium tarantellae,2026-09-29
GCA_977872325.1,Anaeroplasma sp.,1872523,PRJEB89408,SAMEA118409739,2026,2026-01-22,Illumina NovaSeq X,Short,Contig,Inconclusive,Clostridium moniliforme,2026-09-29
GCA_977961695.1,uncultured Mycoplasma sp.,167967,PRJEB98642,SAMEA120811238,2026,2026-01-21,HiSeq X Ten,Short,Contig,Inconclusive,Oceanotoga teriensis,2026-09-29
GCA_977978635.1,uncultured Mycoplasma sp.,167967,PRJEB98972,SAMEA120849177,2026,2026-01-21,Illumina NovaSeq 6000,Short,Contig,Inconclusive,Eubacterium multiforme,2026-09-29
GCA_977980625.1,uncultured Mycoplasma sp.,167967,PRJEB98972,SAMEA120848829,2026,2026-01-19,Illumina NovaSeq 6000,Short,Contig,Inconclusive,Romboutsia timonensis,2026-09-29
GCA_978018445.1,Spiroplasma endosymbiont of Halictus nicosiae,3473538,PRJEB106249,SAMEA120911063,2026,2026-01-20,PacBio,Long,Complete Genome,Inconclusive,Spiroplasma phoeniceum,2026-09-29
GCA_978563805.1,Brinjal little leaf phytoplasma,85647,PRJNA1300801,SAMN50427621,2026,2026-02-14,Illumina NOVA Seq,Short,Contig,OK,Candidatus Phytoplasma stylosanthis,2026-09-29
GCA_979072975.1,Mycoplasmatales bacterium,2023991,PRJEB104710,SAMEA121276380,2026,2026-02-14,ILLUMINA,Short,Scaffold,Inconclusive,Spiroplasma eriocheiris,2026-09-29
GCA_981434595.1,uncultured Mycoplasma sp.,167967,PRJEB107199,SAMEA121781494,2026,2026-03-01,Illumina NovaSeq 6000,Short,Contig,Inconclusive,Anaerofustis butyriciformans,2026-09-29
GCA_981438785.1,uncultured Mycoplasma sp.,167967,PRJEB107199,SAMEA121781607,2026,2026-03-01,Illumina NovaSeq 6000,Short,Contig,Inconclusive,na,2026-09-29
GCA_981441445.1,uncultured Mycoplasma sp.,167967,PRJEB107199,SAMEA121782768,2026,2026-03-01,Illumina NovaSeq 6000,Short,Contig,Inconclusive,Oceanotoga teriensis,2026-09-29
GCA_981445695.1,uncultured Mycoplasma sp.,167967,PRJEB107199,SAMEA121781600,2026,2026-03-01,Illumina NovaSeq 6000,Short,Contig,Inconclusive,Fusobacterium hwasookii,2026-09-29
GCA_981446035.1,uncultured Acholeplasma sp.,453122,PRJEB107199,SAMEA121782610,2026,2026-03-01,Illumina NovaSeq 6000,Short,Contig,Inconclusive,na,2026-09-29
GCA_981451875.1,uncultured Mycoplasma sp.,167967,PRJEB107199,SAMEA121781943,2026,2026-03-01,Illumina NovaSeq 6000,Short,Contig,Inconclusive,Clostridium thermobutyricum,2026-09-29
GCA_981455205.1,uncultured Mollicutes bacterium,220137,PRJEB107199,SAMEA121782758,2026,2026-03-01,Illumina NovaSeq 6000,Short,Contig,Inconclusive,Romboutsia timonensis,2026-09-29
GCA_981805975.1,uncultured Mycoplasma sp.,167967,PRJEB108519,SAMEA121861515,2026,2026-03-06,unspecified,Unknown,Contig,Inconclusive,Clostridium tarantellae,2026-09-29
GCA_982194525.1,Acholeplasmataceae bacterium,1898209,PRJEB104944,SAMEA121741650,2026,2026-04-30,ILLUMINA,Short,Scaffold,Inconclusive,Fusobacterium hwasookii,2026-09-29
GCA_982197345.1,Acholeplasmataceae bacterium,1898209,PRJEB104944,SAMEA121741965,2026,2026-04-30,ILLUMINA,Short,Scaffold,Inconclusive,na,2026-09-29
GCA_982198605.1,Acholeplasmataceae bacterium,1898209,PRJEB104944,SAMEA121741942,2026,2026-04-30,ILLUMINA,Short,Scaffold,Inconclusive,Candidatus Phytoplasma gossypii,2026-09-29
GCA_982199195.1,Acholeplasmataceae bacterium,1898209,PRJEB104944,SAMEA121741603,2026,2026-04-30,ILLUMINA,Short,Scaffold,Inconclusive,na,2026-09-29
GCA_982199585.1,Acholeplasmataceae bacterium,1898209,PRJEB104944,SAMEA121741544,2026,2026-05-04,ILLUMINA,Short,Scaffold,Inconclusive,na,2026-09-29
GCA_982210095.1,Acholeplasmataceae bacterium,1898209,PRJEB104944,SAMEA121742836,2026,2026-04-30,ILLUMINA,Short,Contig,Inconclusive,na,2026-09-29
GCA_982211665.1,Acholeplasmataceae bacterium,1898209,PRJEB104944,SAMEA121742835,2026,2026-05-04,ILLUMINA,Short,Scaffold,Inconclusive,na,2026-09-29
GCA_982212235.1,Acholeplasmataceae bacterium,1898209,PRJEB104944,SAMEA121742743,2026,2026-04-30,ILLUMINA,Short,Contig,Inconclusive,na,2026-09-29
GCA_982212325.1,Acholeplasmataceae bacterium,1898209,PRJEB104944,SAMEA121742735,2026,2026-05-04,ILLUMINA,Short,Contig,Inconclusive,na,2026-09-29
GCA_982214865.1,Acholeplasmataceae bacterium,1898209,PRJEB104944,SAMEA121742738,2026,2026-04-30,ILLUMINA,Short,Contig,Inconclusive,na,2026-09-29
GCA_982227945.1,uncultured Mollicutes bacterium,220137,PRJEB108473,SAMEA121938072,2026,2026-03-13,Illumina HiSeq 2000,Short,Contig,Inconclusive,na,2026-09-29
GCA_982231125.1,uncultured Mycoplasma sp.,167967,PRJEB108473,SAMEA121937905,2026,2026-03-13,Illumina HiSeq 2000,Short,Contig,Inconclusive,Fusobacterium hwasookii,2026-09-29
GCA_982232735.1,uncultured Mollicutes bacterium,220137,PRJEB108473,SAMEA121938821,2026,2026-03-13,Illumina HiSeq 2000,Short,Contig,Inconclusive,Faecalibacillus intestinalis,2026-09-29
GCA_982236775.1,uncultured Mycoplasma sp.,167967,PRJEB108575,SAMEA121942328,2026,2026-03-13,unspecified,Unknown,Contig,Inconclusive,na,2026-09-29
GCA_982256495.1,uncultured Mollicutes bacterium,220137,PRJEB108575,SAMEA121943168,2026,2026-03-13,unspecified,Unknown,Contig,Inconclusive,Merdimonas faecis,2026-09-29
GCA_982268815.1,Acholeplasmataceae bacterium,1898209,PRJEB104944,SAMEA121929640,2026,2026-04-30,ILLUMINA,Short,Scaffold,Inconclusive,na,2026-09-29
GCA_982269525.1,Mycoplasma sp.,2108,PRJEB104944,SAMEA121929846,2026,2026-04-30,ILLUMINA,Short,Scaffold,Inconclusive,Metamycoplasma salivarium,2026-09-29
GCA_982270605.1,Acholeplasmataceae bacterium,1898209,PRJEB104944,SAMEA121929979,2026,2026-04-30,ILLUMINA,Short,Scaffold,Inconclusive,na,2026-09-29
GCA_982271705.1,Acholeplasmataceae bacterium,1898209,PRJEB104944,SAMEA121929965,2026,2026-04-30,ILLUMINA,Short,Scaffold,Inconclusive,na,2026-09-29
GCA_982271715.1,Mycoplasma sp.,2108,PRJEB104944,SAMEA121930002,2026,2026-04-30,ILLUMINA,Short,Scaffold,Inconclusive,Metamycoplasma cloacale,2026-09-29
GCA_982271985.1,Acholeplasmataceae bacterium,1898209,PRJEB104944,SAMEA121930173,2026,2026-04-30,ILLUMINA,Short,Scaffold,Inconclusive,na,2026-09-29
GCA_982272455.1,Mycoplasma sp.,2108,PRJEB104944,SAMEA121930336,2026,2026-04-30,ILLUMINA,Short,Scaffold,Inconclusive,Metamycoplasma buccale,2026-09-29
GCA_982272605.1,Acholeplasmataceae bacterium,1898209,PRJEB104944,SAMEA121930307,2026,2026-04-30,ILLUMINA,Short,Scaffold,Inconclusive,na,2026-09-29
GCA_982272695.1,Acholeplasmataceae bacterium,1898209,PRJEB104944,SAMEA121930153,2026,2026-05-02,ILLUMINA,Short,Scaffold,Inconclusive,na,2026-09-29
GCA_982272885.1,Mycoplasma sp.,2108,PRJEB104944,SAMEA121930420,2026,2026-04-30,ILLUMINA,Short,Scaffold,Inconclusive,Metamycoplasma buccale,2026-09-29
GCA_982273555.1,Mycoplasma sp.,2108,PRJEB104944,SAMEA121930092,2026,2026-04-30,ILLUMINA,Short,Scaffold,Inconclusive,Metamycoplasma neophronis,2026-09-29
GCA_982273595.1,Mycoplasma amphoriforme,273136,PRJEB104944,SAMEA121930085,2026,2026-04-30,ILLUMINA,Short,Scaffold,OK,Mycoplasma amphoriforme,2026-09-29
GCA_982274135.1,Acholeplasmataceae bacterium,1898209,PRJEB104944,SAMEA121930175,2026,2026-04-30,ILLUMINA,Short,Scaffold,Inconclusive,na,2026-09-29
GCA_982274145.1,Mycoplasma sp.,2108,PRJEB104944,SAMEA121930162,2026,2026-04-30,ILLUMINA,Short,Scaffold,Inconclusive,Metamycoplasma salivarium,2026-09-29
GCA_982274535.1,Acholeplasmataceae bacterium,1898209,PRJEB104944,SAMEA121930189,2026,2026-04-30,ILLUMINA,Short,Scaffold,Inconclusive,na,2026-09-29
GCA_982275415.1,Mycoplasma sp.,2108,PRJEB104944,SAMEA121930296,2026,2026-05-02,ILLUMINA,Short,Scaffold,Inconclusive,Metamycoplasma salivarium,2026-09-29
GCA_982275745.1,Mycoplasma sp.,2108,PRJEB104944,SAMEA121930224,2026,2026-04-30,ILLUMINA,Short,Scaffold,Inconclusive,Metamycoplasma salivarium,2026-09-29
GCA_982276785.1,Mycoplasma sp.,2108,PRJEB104944,SAMEA121930979,2026,2026-04-30,ILLUMINA,Short,Scaffold,Inconclusive,[Mycoplasma] collis,2026-09-29
GCA_982276885.1,Acholeplasmataceae bacterium,1898209,PRJEB104944,SAMEA121930996,2026,2026-04-30,ILLUMINA,Short,Scaffold,Inconclusive,na,2026-09-29
GCA_982277855.1,Mycoplasma sp.,2108,PRJEB104944,SAMEA121930943,2026,2026-04-30,ILLUMINA,Short,Scaffold,Inconclusive,[Mycoplasma] collis,2026-09-29
GCA_982277875.1,Acholeplasmataceae bacterium,1898209,PRJEB104944,SAMEA121930748,2026,2026-04-30,ILLUMINA,Short,Scaffold,Inconclusive,na,2026-09-29
GCA_982277885.1,Acholeplasmataceae bacterium,1898209,PRJEB104944,SAMEA121930747,2026,2026-04-30,ILLUMINA,Short,Scaffold,Inconclusive,na,2026-09-29
GCA_982278045.1,Mycoplasma sp.,2108,PRJEB104944,SAMEA121930871,2026,2026-05-04,ILLUMINA,Short,Scaffold,Inconclusive,Metamycoplasma salivarium,2026-09-29
GCA_982278085.1,Acholeplasmataceae bacterium,1898209,PRJEB104944,SAMEA121930926,2026,2026-04-30,ILLUMINA,Short,Scaffold,Inconclusive,na,2026-09-29
GCA_982278395.1,Mycoplasma sp.,2108,PRJEB104944,SAMEA121930752,2026,2026-04-30,ILLUMINA,Short,Scaffold,Inconclusive,[Mycoplasma] collis,2026-09-29
GCA_982279415.1,Acholeplasmataceae bacterium,1898209,PRJEB104944,SAMEA121930982,2026,2026-04-30,ILLUMINA,Short,Scaffold,Inconclusive,na,2026-09-29
GCA_982281085.1,Acholeplasmataceae bacterium,1898209,PRJEB104944,SAMEA121930865,2026,2026-05-04,ILLUMINA,Short,Scaffold,Inconclusive,na,2026-09-29
GCA_982281565.1,Mycoplasma sp.,2108,PRJEB104944,SAMEA121931025,2026,2026-04-30,ILLUMINA,Short,Scaffold,Inconclusive,[Mycoplasma] collis,2026-09-29
GCA_982282175.1,Acholeplasmataceae bacterium,1898209,PRJEB104944,SAMEA121931361,2026,2026-04-30,ILLUMINA,Short,Scaffold,Inconclusive,na,2026-09-29
GCA_982282295.1,Mycoplasma sp.,2108,PRJEB104944,SAMEA121931152,2026,2026-05-04,ILLUMINA,Short,Scaffold,Inconclusive,Mesomycoplasma neurolyticum,2026-09-29
GCA_982284245.1,Acholeplasmataceae bacterium,1898209,PRJEB104944,SAMEA121931116,2026,2026-04-30,ILLUMINA,Short,Scaffold,Inconclusive,na,2026-09-29
GCA_982284485.1,Acholeplasmataceae bacterium,1898209,PRJEB104944,SAMEA121931408,2026,2026-04-30,ILLUMINA,Short,Scaffold,Inconclusive,Clostridium pasteurianum,2026-09-29
GCA_982285275.1,Mycoplasmataceae bacterium,2685873,PRJEB104944,SAMEA121931073,2026,2026-04-30,ILLUMINA,Short,Scaffold,Inconclusive,Mycoplasmopsis lipophila,2026-09-29
GCA_982285585.1,Mycoplasma sp.,2108,PRJEB104944,SAMEA121931131,2026,2026-04-30,ILLUMINA,Short,Scaffold,Inconclusive,Metamycoplasma buccale,2026-09-29
GCA_982285745.1,Mycoplasma sp.,2108,PRJEB104944,SAMEA121931120,2026,2026-04-30,ILLUMINA,Short,Scaffold,Inconclusive,Metamycoplasma buccale,2026-09-29
GCA_982286005.1,Mycoplasma sp.,2108,PRJEB104944,SAMEA121931221,2026,2026-04-30,ILLUMINA,Short,Scaffold,Inconclusive,Mycoplasma struthionis,2026-09-29
GCA_982286475.1,Acholeplasmataceae bacterium,1898209,PRJEB104944,SAMEA121931856,2026,2026-04-30,ILLUMINA,Short,Scaffold,Inconclusive,na,2026-09-29
GCA_982289805.1,Acholeplasmataceae bacterium,1898209,PRJEB104944,SAMEA121931742,2026,2026-04-30,ILLUMINA,Short,Scaffold,Inconclusive,na,2026-09-29
GCA_982290295.1,Mycoplasma sp.,2108,PRJEB104944,SAMEA121931568,2026,2026-04-30,ILLUMINA,Short,Scaffold,Inconclusive,Metamycoplasma cloacale,2026-09-29
GCA_982290475.1,Acholeplasmataceae bacterium,1898209,PRJEB104944,SAMEA121931557,2026,2026-04-30,ILLUMINA,Short,Scaffold,Inconclusive,na,2026-09-29
GCA_982394075.1,Mollicutes bacterium,37628,PRJEB98859,SAMEA122087585,2026,2026-04-10,None,Unknown,Contig,Inconclusive,na,2026-09-29
GCA_982420525.1,Mollicutes bacterium,37628,PRJEB98859,SAMEA122090105,2026,2026-04-13,None,Unknown,Contig,Inconclusive,na,2026-09-29
GCA_982445305.1,Mycoplasma sp.,2108,PRJEB98859,SAMEA122092320,2026,2026-04-13,None,Unknown,Contig,Inconclusive,Defluviitalea phaphyphila,2026-09-29
GCA_982632655.1,Candidatus Izemoplasma sp.,2979197,PRJEB72909,SAMEA122205044,2026,2026-04-29,ILLUMINA,Short,Scaffold,OK,Candidatus Izemoplasma acidinucleici,2026-09-29
GCA_982632705.1,Candidatus Izemoplasma sp.,2979197,PRJEB72909,SAMEA122205015,2026,2026-04-29,ILLUMINA,Short,Scaffold,OK,Candidatus Izemoplasma acidinucleici,2026-09-29
GCA_982632895.1,Candidatus Izemoplasma sp.,2979197,PRJEB72909,SAMEA122205022,2026,2026-04-29,ILLUMINA,Short,Scaffold,Inconclusive,Candidatus Izemoplasma acidinucleici,2026-09-29
GCA_982678585.1,Mycoplasmatales bacterium,2023991,PRJEB72924,SAMEA122233145,2026,2026-05-04,ILLUMINA,Short,Scaffold,Inconclusive,Mycoplasma todarodis,2026-09-29
GCA_982678675.1,Mycoplasmatales bacterium,2023991,PRJEB72924,SAMEA122233143,2026,2026-05-04,ILLUMINA,Short,Scaffold,Inconclusive,na,2026-09-29
GCA_982681695.1,Mycoplasmataceae bacterium,2685873,PRJEB72924,SAMEA122232992,2026,2026-05-04,ILLUMINA,Short,Scaffold,Inconclusive,Spiroplasma tabanidicola,2026-09-29
GCA_982685615.1,Mycoplasmataceae bacterium,2685873,PRJEB72924,SAMEA122233281,2026,2026-05-05,ILLUMINA,Short,Scaffold,Inconclusive,Candidatus Hepatoplasma vulgare,2026-09-29
GCA_982699665.1,Mycoplasmatales bacterium,2023991,PRJEB72934,SAMEA122243851,2026,2026-05-04,ILLUMINA,Short,Scaffold,Inconclusive,Mycoplasma mycoides,2026-09-29
GCA_982701875.1,Mycoplasmatales bacterium,2023991,PRJEB72934,SAMEA122243836,2026,2026-05-24,ILLUMINA,Short,Scaffold,Inconclusive,na,2026-09-29
GCA_982711455.1,Mycoplasmatales bacterium,2023991,PRJEB72934,SAMEA122243872,2026,2026-05-24,ILLUMINA,Short,Scaffold,Inconclusive,Mycoplasma mycoides,2026-09-29
GCA_982712525.1,Mycoplasma sp.,2108,PRJEB72934,SAMEA122243847,2026,2026-05-15,ILLUMINA,Short,Scaffold,Inconclusive,Candidatus Phytoplasma australasiaticum,2026-09-29
GCA_982715415.1,Mycoplasmataceae bacterium,2685873,PRJEB72940,SAMEA122242906,2026,2026-05-15,ILLUMINA,Short,Scaffold,Inconclusive,Candidatus Tyloplasma litorale,2026-09-29
GCA_982729365.1,Candidatus Izemoplasmataceae bacterium,3107147,PRJEB72991,SAMEA122255605,2026,2026-05-15,ILLUMINA,Short,Scaffold,Inconclusive,Arcobacter defluvii,2026-09-29
GCA_982746155.1,Hujiaoplasma sp.,3078173,PRJEB73000,SAMEA122259050,2026,2026-05-31,ILLUMINA,Short,Scaffold,Inconclusive,Aliarcobacter cibarius,2026-09-29
GCA_982779425.1,Mycoplasmataceae bacterium,2685873,PRJEB72990,SAMEA122254834,2026,2026-05-15,ILLUMINA,Short,Scaffold,Inconclusive,Mesoplasma tabanidae,2026-09-29
GCA_982836805.1,Mollicutes bacterium,37628,PRJEB72964,SAMEA122255396,2026,2026-05-16,ILLUMINA,Short,Scaffold,Inconclusive,Izemobacterium crustae (SeqCode),2026-09-29
GCA_983021865.1,Candidatus Izemoplasma sp.,2979197,PRJEB73089,SAMEA122304978,2026,2026-05-16,ILLUMINA,Short,Scaffold,Inconclusive,Candidatus Izemoplasma acidinucleici,2026-09-29
GCA_983053055.1,Mollicutes bacterium,37628,PRJEB73206,SAMEA122359542,2026,2026-05-15,ILLUMINA,Short,Scaffold,Inconclusive,na,2026-09-29
GCA_983072385.1,Mollicutes bacterium,37628,PRJEB73206,SAMEA122359541,2026,2026-05-24,ILLUMINA,Short,Scaffold,Inconclusive,na,2026-09-29
GCA_983118355.1,Spiroplasma sp.,2135,PRJEB73244,SAMEA122368200,2026,2026-05-24,ILLUMINA,Short,Scaffold,Inconclusive,Hepatoplasma crinochetorum (SeqCode),2026-09-29
GCA_983118405.1,Spiroplasma sp.,2135,PRJEB73244,SAMEA122368197,2026,2026-05-15,ILLUMINA,Short,Scaffold,Inconclusive,Hepatoplasma crinochetorum (SeqCode),2026-09-29
GCA_983118425.1,Spiroplasma sp.,2135,PRJEB73244,SAMEA122368203,2026,2026-05-24,ILLUMINA,Short,Scaffold,Inconclusive,Hepatoplasma crinochetorum (SeqCode),2026-09-29
GCA_983119715.1,Mollicutes bacterium,37628,PRJEB73244,SAMEA122368195,2026,2026-05-15,ILLUMINA,Short,Scaffold,Inconclusive,na,2026-09-29
GCA_983119775.1,Spiroplasma sp.,2135,PRJEB73244,SAMEA122368194,2026,2026-05-15,ILLUMINA,Short,Scaffold,Inconclusive,Candidatus Hepatoplasma vulgare,2026-09-29
GCA_983120325.1,Mollicutes bacterium,37628,PRJEB73244,SAMEA122368201,2026,2026-05-15,ILLUMINA,Short,Scaffold,Inconclusive,Candidatus Phytoplasma stylosanthis,2026-09-29
GCA_983121595.1,Spiroplasma sp.,2135,PRJEB73244,SAMEA122368202,2026,2026-05-15,ILLUMINA,Short,Scaffold,Inconclusive,Hepatoplasma crinochetorum (SeqCode),2026-09-29
GCA_984348075.1,Mollicutes bacterium,37628,PRJEB103743,SAMEA122647285,2026,2026-06-19,ILLUMINA,Short,Scaffold,Inconclusive,Mycoplasma mycoides,2026-09-29
GCA_984348095.1,Mollicutes bacterium,37628,PRJEB103743,SAMEA122647278,2026,2026-06-19,ILLUMINA,Short,Scaffold,Inconclusive,Mycoplasma mycoides,2026-09-29
GCA_984348305.1,Mollicutes bacterium,37628,PRJEB103743,SAMEA122647270,2026,2026-06-19,ILLUMINA,Short,Scaffold,Inconclusive,Mycoplasma mycoides,2026-09-29
GCA_984360715.1,Spiroplasma sp.,2135,PRJEB103743,SAMEA122647429,2026,2026-06-21,ILLUMINA,Short,Scaffold,Inconclusive,Spiroplasma litorale,2026-09-29
GCA_984374485.1,Mycoplasmatales bacterium,2023991,PRJEB103743,SAMEA122647261,2026,2026-06-21,ILLUMINA,Short,Scaffold,Inconclusive,Mycoplasma mycoides,2026-09-29
GCA_984408465.1,Spiroplasma sp.,2135,PRJEB103743,SAMEA122650077,2026,2026-06-18,ILLUMINA,Short,Scaffold,Inconclusive,na,2026-09-29
GCA_984797195.1,Mycoplasma sp. CAG:472,1262904,PRJEB33885,SAMEA122783886,2026,2026-06-26,Illumina Genome Analyzer II,Short,Contig,Inconclusive,Candidatus Methanoflexus mossambicus,2026-09-29
GCA_985150705.1,Acholeplasma sp. CAG:878,1262686,PRJEB33885,SAMEA122841177,2026,2026-06-27,missing: third party data,Unknown,Contig,Inconclusive,Clostridium thermobutyricum,2026-09-29
GCA_986075335.1,Mycoplasma sp. CAG:472,1262904,PRJEB33885,SAMEA122898305,2026,2026-06-28,missing: third party data,Unknown,Contig,Inconclusive,Oceanotoga teriensis,2026-09-29
GCA_986093065.1,Mycoplasma sp. CAG:956,1262908,PRJEB33885,SAMEA122920551,2026,2026-06-28,missing: third party data,Unknown,Contig,Inconclusive,na,2026-09-29
GCA_986099815.1,Mycoplasma sp. CAG:611,1262905,PRJEB33885,SAMEA122922162,2026,2026-06-28,missing: third party data,Unknown,Contig,Inconclusive,Clostridium tarantellae,2026-09-29
GCA_986103685.1,Mycoplasma sp. CAG:611,1262905,PRJEB33885,SAMEA122920596,2026,2026-06-28,missing: third party data,Unknown,Contig,Inconclusive,Oceanivirga salmonicida,2026-09-29
GCA_986121085.1,Mycoplasma sp. CAG:472,1262904,PRJEB33885,SAMEA122923767,2026,2026-06-28,missing: third party data,Unknown,Contig,Inconclusive,na,2026-09-29
GCA_986123795.1,Mycoplasma sp. CAG:472,1262904,PRJEB33885,SAMEA122923516,2026,2026-06-28,missing: third party data,Unknown,Contig,Inconclusive,na,2026-09-29
GCA_986126745.1,Mycoplasma sp. CAG:611,1262905,PRJEB33885,SAMEA122921448,2026,2026-06-28,missing: third party data,Unknown,Contig,Inconclusive,Clostridium tarantellae,2026-09-29
GCA_986132455.1,Mycoplasma sp. CAG:956,1262908,PRJEB33885,SAMEA122923110,2026,2026-06-28,missing: third party data,Unknown,Contig,Inconclusive,na,2026-09-29
GCA_986144485.1,Mycoplasma sp. CAG:472,1262904,PRJEB33885,SAMEA122922675,2026,2026-06-28,missing: third party data,Unknown,Contig,Inconclusive,na,2026-09-29
GCA_988211095.1,Candidatus Izemoplasmatales bacterium,3018265,PRJEB114667,SAMEA123386784,2026,2026-09-03,None,Unknown,Contig,Inconclusive,Candidatus Izemoplasma acidinucleici,2026-09-29
GCA_988213905.1,Candidatus Izemoplasmatales bacterium,3018265,PRJEB114667,SAMEA123386901,2026,2026-09-03,None,Unknown,Contig,Inconclusive,Candidatus Izemoplasma acidinucleici,2026-09-29
GCA_988214775.1,Candidatus Izemoplasmatales bacterium,3018265,PRJEB114667,SAMEA123387380,2026,2026-09-03,None,Unknown,Contig,Inconclusive,Izemobacterium crustae (SeqCode),2026-09-29
