run_accession	sample_accession	secondary_sample_accession	study_accession	experiment_accession	tax_id	scientific_name	instrument_platform	instrument_model	library_layout	library_strategy	library_source	library_selection	read_count	base_count	fastq_ftp	fastq_bytes	first_public	center_name
ERR14335636	SAMEA117660580	ERS23167164	PRJEB85433	ERX13736729	1937191	Mycoplasma todarodis	ILLUMINA	NextSeq 500	PAIRED	WGS	GENOMIC	RANDOM	2172644	322862346	ftp.sra.ebi.ac.uk/vol1/fastq/ERR143/036/ERR14335636/ERR14335636_1.fastq.gz;ftp.sra.ebi.ac.uk/vol1/fastq/ERR143/036/ERR14335636/ERR14335636_2.fastq.gz	87454557;90164337	2025-02-09	Collection de l'Institut Pasteur;CIP
ERR15693037	SAMEA120322932	ERS26984919	PRJEB99006	ERX15097238	436113	Mycoplasma mycoides subsp. capri str. GM12	PACBIO_SMRT	Revio	SINGLE	WGS	GENOMIC	RANDOM	181726	1777998723	ftp.sra.ebi.ac.uk/vol1/fastq/ERR156/037/ERR15693037/ERR15693037.fastq.gz	639553811	2025-11-19	University of Bern;jingzhanglr@gmail.com
ERR15956688	SAMEA120610653	ERS27947331	PRJEB104317	ERX15351914	2141	Spiroplasma ixodetis	ILLUMINA	NextSeq 550	PAIRED	WGS	METAGENOMIC	RANDOM	4230756	497562826	ftp.sra.ebi.ac.uk/vol1/fastq/ERR159/088/ERR15956688/ERR15956688_1.fastq.gz;ftp.sra.ebi.ac.uk/vol1/fastq/ERR159/088/ERR15956688/ERR15956688_2.fastq.gz	152184511;155378859	2026-06-30	University of Ljubljana Medicine Faculty Institute for Microbiology;UL MF IMI
ERR15956692	SAMEA120610657	ERS27947335	PRJEB104317	ERX15351918	2141	Spiroplasma ixodetis	ILLUMINA	NextSeq 550	PAIRED	WGS	METAGENOMIC	RANDOM	5759172	623730912	ftp.sra.ebi.ac.uk/vol1/fastq/ERR159/092/ERR15956692/ERR15956692_1.fastq.gz;ftp.sra.ebi.ac.uk/vol1/fastq/ERR159/092/ERR15956692/ERR15956692_2.fastq.gz	170717330;173353787	2026-06-30	University of Ljubljana Medicine Faculty Institute for Microbiology;UL MF IMI
ERR15956706	SAMEA120610668	ERS27947347	PRJEB104317	ERX15351932	2141	Spiroplasma ixodetis	OXFORD_NANOPORE	PromethION	SINGLE	AMPLICON	METAGENOMIC	PCR	533	248073	ftp.sra.ebi.ac.uk/vol1/fastq/ERR159/006/ERR15956706/ERR15956706.fastq.gz	234590	2026-06-30	University of Ljubljana Medicine Faculty Institute for Microbiology;UL MF IMI
ERR15956709	SAMEA120610671	ERS27947350	PRJEB104317	ERX15351935	2141	Spiroplasma ixodetis	OXFORD_NANOPORE	PromethION	SINGLE	AMPLICON	METAGENOMIC	PCR	438	123124	ftp.sra.ebi.ac.uk/vol1/fastq/ERR159/009/ERR15956709/ERR15956709.fastq.gz	119647	2026-06-30	University of Ljubljana Medicine Faculty Institute for Microbiology;UL MF IMI
ERR15956716	SAMEA120610678	ERS27947359	PRJEB104317	ERX15351942	2141	Spiroplasma ixodetis	OXFORD_NANOPORE	PromethION	SINGLE	AMPLICON	METAGENOMIC	PCR	79644	84488636	ftp.sra.ebi.ac.uk/vol1/fastq/ERR159/016/ERR15956716/ERR15956716.fastq.gz	64960368	2026-06-30	University of Ljubljana Medicine Faculty Institute for Microbiology;UL MF IMI
ERR15956717	SAMEA120610679	ERS27947360	PRJEB104317	ERX15351943	2141	Spiroplasma ixodetis	OXFORD_NANOPORE	PromethION	SINGLE	AMPLICON	METAGENOMIC	PCR	19642	10119984	ftp.sra.ebi.ac.uk/vol1/fastq/ERR159/017/ERR15956717/ERR15956717.fastq.gz	8820891	2026-06-30	University of Ljubljana Medicine Faculty Institute for Microbiology;UL MF IMI
ERR15956723	SAMEA120610685	ERS27947367	PRJEB104317	ERX15351949	2141	Spiroplasma ixodetis	OXFORD_NANOPORE	PromethION	SINGLE	AMPLICON	METAGENOMIC	PCR	100448	133737719	ftp.sra.ebi.ac.uk/vol1/fastq/ERR159/023/ERR15956723/ERR15956723.fastq.gz	101194372	2026-06-30	University of Ljubljana Medicine Faculty Institute for Microbiology;UL MF IMI
ERR15956729	SAMEA120610691	ERS27947373	PRJEB104317	ERX15351955	2141	Spiroplasma ixodetis	OXFORD_NANOPORE	PromethION	SINGLE	AMPLICON	METAGENOMIC	PCR	110412	144279970	ftp.sra.ebi.ac.uk/vol1/fastq/ERR159/029/ERR15956729/ERR15956729.fastq.gz	109316178	2026-06-30	University of Ljubljana Medicine Faculty Institute for Microbiology;UL MF IMI
ERR15956736	SAMEA120610698	ERS27947380	PRJEB104317	ERX15351962	2141	Spiroplasma ixodetis	OXFORD_NANOPORE	PromethION	SINGLE	AMPLICON	METAGENOMIC	PCR	88353	117603576	ftp.sra.ebi.ac.uk/vol1/fastq/ERR159/036/ERR15956736/ERR15956736.fastq.gz	90831624	2026-06-30	University of Ljubljana Medicine Faculty Institute for Microbiology;UL MF IMI
ERR15956741	SAMEA120610703	ERS27947385	PRJEB104317	ERX15351967	2141	Spiroplasma ixodetis	OXFORD_NANOPORE	PromethION	SINGLE	AMPLICON	METAGENOMIC	PCR	98684	130969626	ftp.sra.ebi.ac.uk/vol1/fastq/ERR159/041/ERR15956741/ERR15956741.fastq.gz	100841313	2026-06-30	University of Ljubljana Medicine Faculty Institute for Microbiology;UL MF IMI
ERR15956743	SAMEA120610705	ERS27947387	PRJEB104317	ERX15351969	2141	Spiroplasma ixodetis	OXFORD_NANOPORE	PromethION	SINGLE	AMPLICON	METAGENOMIC	PCR	89170	117636922	ftp.sra.ebi.ac.uk/vol1/fastq/ERR159/043/ERR15956743/ERR15956743.fastq.gz	91014160	2026-06-30	University of Ljubljana Medicine Faculty Institute for Microbiology;UL MF IMI
ERR15956746	SAMEA120610708	ERS27947390	PRJEB104317	ERX15351972	2141	Spiroplasma ixodetis	OXFORD_NANOPORE	PromethION	SINGLE	AMPLICON	METAGENOMIC	PCR	20032	17738530	ftp.sra.ebi.ac.uk/vol1/fastq/ERR159/046/ERR15956746/ERR15956746.fastq.gz	14490069	2026-06-30	University of Ljubljana Medicine Faculty Institute for Microbiology;UL MF IMI
ERR15956749	SAMEA120610711	ERS27947393	PRJEB104317	ERX15351975	2141	Spiroplasma ixodetis	OXFORD_NANOPORE	PromethION	SINGLE	AMPLICON	METAGENOMIC	PCR	60422	75828037	ftp.sra.ebi.ac.uk/vol1/fastq/ERR159/049/ERR15956749/ERR15956749.fastq.gz	54365921	2026-06-30	University of Ljubljana Medicine Faculty Institute for Microbiology;UL MF IMI
ERR15956756	SAMEA120610718	ERS27947401	PRJEB104317	ERX15351982	2141	Spiroplasma ixodetis	OXFORD_NANOPORE	PromethION	SINGLE	AMPLICON	METAGENOMIC	PCR	2004	201682	ftp.sra.ebi.ac.uk/vol1/fastq/ERR159/056/ERR15956756/ERR15956756.fastq.gz	237824	2026-06-30	University of Ljubljana Medicine Faculty Institute for Microbiology;UL MF IMI
ERR15956757	SAMEA120610719	ERS27947402	PRJEB104317	ERX15351983	2141	Spiroplasma ixodetis	OXFORD_NANOPORE	PromethION	SINGLE	AMPLICON	METAGENOMIC	PCR	4842	3480811	ftp.sra.ebi.ac.uk/vol1/fastq/ERR159/057/ERR15956757/ERR15956757.fastq.gz	2607793	2026-06-30	University of Ljubljana Medicine Faculty Institute for Microbiology;UL MF IMI
ERR15956767	SAMEA120610729	ERS27947413	PRJEB104317	ERX15351993	2141	Spiroplasma ixodetis	OXFORD_NANOPORE	PromethION	SINGLE	AMPLICON	METAGENOMIC	PCR	225894	120168646	ftp.sra.ebi.ac.uk/vol1/fastq/ERR159/067/ERR15956767/ERR15956767.fastq.gz	82806469	2026-06-30	University of Ljubljana Medicine Faculty Institute for Microbiology;UL MF IMI
ERR15956769	SAMEA120610731	ERS27947416	PRJEB104317	ERX15351995	2141	Spiroplasma ixodetis	OXFORD_NANOPORE	PromethION	SINGLE	AMPLICON	METAGENOMIC	PCR	247372	101545479	ftp.sra.ebi.ac.uk/vol1/fastq/ERR159/069/ERR15956769/ERR15956769.fastq.gz	72891545	2026-06-30	University of Ljubljana Medicine Faculty Institute for Microbiology;UL MF IMI
ERR15956771	SAMEA120610733	ERS27947419	PRJEB104317	ERX15351997	2141	Spiroplasma ixodetis	OXFORD_NANOPORE	PromethION	SINGLE	AMPLICON	METAGENOMIC	PCR	460970	109935226	ftp.sra.ebi.ac.uk/vol1/fastq/ERR159/071/ERR15956771/ERR15956771.fastq.gz	90494985	2026-06-30	University of Ljubljana Medicine Faculty Institute for Microbiology;UL MF IMI
ERR15956774	SAMEA120610736	ERS27947422	PRJEB104317	ERX15352000	2141	Spiroplasma ixodetis	OXFORD_NANOPORE	PromethION	SINGLE	AMPLICON	METAGENOMIC	PCR	293191	147836900	ftp.sra.ebi.ac.uk/vol1/fastq/ERR159/074/ERR15956774/ERR15956774.fastq.gz	103091437	2026-06-30	University of Ljubljana Medicine Faculty Institute for Microbiology;UL MF IMI
ERR15956775	SAMEA120610737	ERS27947423	PRJEB104317	ERX15352001	2141	Spiroplasma ixodetis	OXFORD_NANOPORE	PromethION	SINGLE	AMPLICON	METAGENOMIC	PCR	115387	73687034	ftp.sra.ebi.ac.uk/vol1/fastq/ERR159/075/ERR15956775/ERR15956775.fastq.gz	49495669	2026-06-30	University of Ljubljana Medicine Faculty Institute for Microbiology;UL MF IMI
ERR15956779	SAMEA120610741	ERS27947427	PRJEB104317	ERX15352005	2141	Spiroplasma ixodetis	OXFORD_NANOPORE	PromethION	SINGLE	AMPLICON	METAGENOMIC	PCR	255715	171484171	ftp.sra.ebi.ac.uk/vol1/fastq/ERR159/079/ERR15956779/ERR15956779.fastq.gz	113291931	2026-06-30	University of Ljubljana Medicine Faculty Institute for Microbiology;UL MF IMI
ERR15956782	SAMEA120610744	ERS27947430	PRJEB104317	ERX15352008	2141	Spiroplasma ixodetis	OXFORD_NANOPORE	PromethION	SINGLE	AMPLICON	METAGENOMIC	PCR	292719	196566198	ftp.sra.ebi.ac.uk/vol1/fastq/ERR159/082/ERR15956782/ERR15956782.fastq.gz	130193832	2026-06-30	University of Ljubljana Medicine Faculty Institute for Microbiology;UL MF IMI
ERR15956785	SAMEA120610747	ERS27947433	PRJEB104317	ERX15352011	2141	Spiroplasma ixodetis	OXFORD_NANOPORE	PromethION	SINGLE	AMPLICON	METAGENOMIC	PCR	315666	215478344	ftp.sra.ebi.ac.uk/vol1/fastq/ERR159/085/ERR15956785/ERR15956785.fastq.gz	141187706	2026-06-30	University of Ljubljana Medicine Faculty Institute for Microbiology;UL MF IMI
ERR15956793	SAMEA120610755	ERS27947441	PRJEB104317	ERX15352019	2141	Spiroplasma ixodetis	OXFORD_NANOPORE	PromethION	SINGLE	AMPLICON	METAGENOMIC	PCR	188897	126644127	ftp.sra.ebi.ac.uk/vol1/fastq/ERR159/093/ERR15956793/ERR15956793.fastq.gz	83468766	2026-06-30	University of Ljubljana Medicine Faculty Institute for Microbiology;UL MF IMI
ERR15956794	SAMEA120610756	ERS27947442	PRJEB104317	ERX15352020	2141	Spiroplasma ixodetis	OXFORD_NANOPORE	PromethION	SINGLE	AMPLICON	METAGENOMIC	PCR	317092	215673870	ftp.sra.ebi.ac.uk/vol1/fastq/ERR159/094/ERR15956794/ERR15956794.fastq.gz	142037852	2026-06-30	University of Ljubljana Medicine Faculty Institute for Microbiology;UL MF IMI
ERR15956798	SAMEA120610760	ERS27947446	PRJEB104317	ERX15352024	2141	Spiroplasma ixodetis	OXFORD_NANOPORE	PromethION	SINGLE	AMPLICON	METAGENOMIC	PCR	251693	167521106	ftp.sra.ebi.ac.uk/vol1/fastq/ERR159/098/ERR15956798/ERR15956798.fastq.gz	111763385	2026-06-30	University of Ljubljana Medicine Faculty Institute for Microbiology;UL MF IMI
ERR15956818	SAMEA120610780	ERS27947466	PRJEB104317	ERX15352044	2141	Spiroplasma ixodetis	OXFORD_NANOPORE	PromethION	SINGLE	AMPLICON	METAGENOMIC	PCR	164135	109863907	ftp.sra.ebi.ac.uk/vol1/fastq/ERR159/018/ERR15956818/ERR15956818.fastq.gz	72514040	2026-06-30	University of Ljubljana Medicine Faculty Institute for Microbiology;UL MF IMI
ERR17363841	SAMEA122718685	ERS30342970	PRJEB113329	ERX16753238	40479	Mycoplasma capricolum subsp. capricolum	PACBIO_SMRT	Sequel	SINGLE	WGS	GENOMIC	RANDOM	31325	290343737	ftp.sra.ebi.ac.uk/vol1/fastq/ERR173/041/ERR17363841/ERR17363841.fastq.gz	85682659	2026-06-03	University of Bern;jingzhanglr@gmail.com
ERR17363847	SAMEA122718678	ERS30342963	PRJEB113329	ERX16753244	40479	Mycoplasma capricolum subsp. capricolum	PACBIO_SMRT	Sequel II	SINGLE	WGS	GENOMIC	RANDOM	6014	72138760	ftp.sra.ebi.ac.uk/vol1/fastq/ERR173/047/ERR17363847/ERR17363847.fastq.gz	71343171	2026-06-03	University of Bern;jingzhanglr@gmail.com
ERR17364571	SAMEA122718690	ERS30342975	PRJEB113329	ERX16753968	40479	Mycoplasma capricolum subsp. capricolum	PACBIO_SMRT	Sequel	SINGLE	WGS	GENOMIC	RANDOM	36805	269637822	ftp.sra.ebi.ac.uk/vol1/fastq/ERR173/071/ERR17364571/ERR17364571.fastq.gz	79240696	2026-06-04	University of Bern;jingzhanglr@gmail.com
ERR17364582	SAMEA122718679	ERS30342964	PRJEB113329	ERX16753979	40479	Mycoplasma capricolum subsp. capricolum	PACBIO_SMRT	Sequel	SINGLE	WGS	GENOMIC	RANDOM	47620	268110220	ftp.sra.ebi.ac.uk/vol1/fastq/ERR173/082/ERR17364582/ERR17364582.fastq.gz	79751500	2026-06-04	University of Bern;jingzhanglr@gmail.com
ERR17365161	SAMEA122718695	ERS30342980	PRJEB113329	ERX16754558	40477	Mycoplasma mycoides subsp. capri	PACBIO_SMRT	Revio	SINGLE	WGS	GENOMIC	RANDOM	116642	944285166	ftp.sra.ebi.ac.uk/vol1/fastq/ERR173/061/ERR17365161/ERR17365161.fastq.gz	311182584	2026-06-04	University of Bern;jingzhanglr@gmail.com
ERR17366110	SAMEA122718677	ERS30342962	PRJEB113329	ERX16755632	2105	Mycoplasma leachii	PACBIO_SMRT	Sequel	SINGLE	WGS	GENOMIC	RANDOM	38297	308668170	ftp.sra.ebi.ac.uk/vol1/fastq/ERR173/010/ERR17366110/ERR17366110.fastq.gz	90668125	2026-06-04	University of Bern;jingzhanglr@gmail.com
ERR17366119	SAMEA122718670	ERS30342955	PRJEB113329	ERX16755641	2105	Mycoplasma leachii	PACBIO_SMRT	Sequel	SINGLE	WGS	GENOMIC	RANDOM	26848	182104876	ftp.sra.ebi.ac.uk/vol1/fastq/ERR173/019/ERR17366119/ERR17366119.fastq.gz	53237099	2026-06-04	University of Bern;jingzhanglr@gmail.com
ERR17366122	SAMEA122718669	ERS30342954	PRJEB113329	ERX16755644	2105	Mycoplasma leachii	PACBIO_SMRT	Sequel	SINGLE	WGS	GENOMIC	RANDOM	10607	67174431	ftp.sra.ebi.ac.uk/vol1/fastq/ERR173/022/ERR17366122/ERR17366122.fastq.gz	19959926	2026-06-04	University of Bern;jingzhanglr@gmail.com
ERR8015295	SAMEA12311248	ERS9918094	PRJEB50142	ERX7580874	572419	Mycoplasma amphoriforme A39	ILLUMINA	NextSeq 500	PAIRED	WGS	GENOMIC	Hybrid Selection	1112336	82126101	ftp.sra.ebi.ac.uk/vol1/fastq/ERR801/005/ERR8015295/ERR8015295_1.fastq.gz;ftp.sra.ebi.ac.uk/vol1/fastq/ERR801/005/ERR8015295/ERR8015295_2.fastq.gz	27024787;27880242	2022-03-30	University of Glasgow
ERR8048775	SAMEA12361906	ERS9968696	PRJEB50216	ERX7615512	572419	Mycoplasma amphoriforme A39	ILLUMINA	NextSeq 500	PAIRED	WGS	GENOMIC	Hybrid Selection	3915592	293865706	ftp.sra.ebi.ac.uk/vol1/fastq/ERR804/005/ERR8048775/ERR8048775_1.fastq.gz;ftp.sra.ebi.ac.uk/vol1/fastq/ERR804/005/ERR8048775/ERR8048775_2.fastq.gz	98309976;101196050	2022-02-18	University of Glasgow
ERR8048786	SAMEA12361917	ERS9968707	PRJEB50216	ERX7615523	572419	Mycoplasma amphoriforme A39	ILLUMINA	NextSeq 500	PAIRED	WGS	GENOMIC	Hybrid Selection	3054978	225268048	ftp.sra.ebi.ac.uk/vol1/fastq/ERR804/006/ERR8048786/ERR8048786_1.fastq.gz;ftp.sra.ebi.ac.uk/vol1/fastq/ERR804/006/ERR8048786/ERR8048786_2.fastq.gz	73907780;77041372	2022-02-18	University of Glasgow
ERR8048791	SAMEA12361923	ERS9968712	PRJEB50216	ERX7615528	572419	Mycoplasma amphoriforme A39	ILLUMINA	NextSeq 500	PAIRED	WGS	GENOMIC	Hybrid Selection	3199808	239588434	ftp.sra.ebi.ac.uk/vol1/fastq/ERR804/001/ERR8048791/ERR8048791_1.fastq.gz;ftp.sra.ebi.ac.uk/vol1/fastq/ERR804/001/ERR8048791/ERR8048791_2.fastq.gz	77676712;79442987	2022-02-18	University of Glasgow
ERR8048795	SAMEA12361927	ERS9968716	PRJEB50216	ERX7615532	572419	Mycoplasma amphoriforme A39	ILLUMINA	NextSeq 500	PAIRED	WGS	GENOMIC	Hybrid Selection	1118134	84021967	ftp.sra.ebi.ac.uk/vol1/fastq/ERR804/005/ERR8048795/ERR8048795_1.fastq.gz;ftp.sra.ebi.ac.uk/vol1/fastq/ERR804/005/ERR8048795/ERR8048795_2.fastq.gz	27422422;28385800	2022-02-18	University of Glasgow
ERR8048796	SAMEA12361928	ERS9968717	PRJEB50216	ERX7615533	572419	Mycoplasma amphoriforme A39	ILLUMINA	NextSeq 500	PAIRED	WGS	GENOMIC	Hybrid Selection	1893110	140494848	ftp.sra.ebi.ac.uk/vol1/fastq/ERR804/006/ERR8048796/ERR8048796_1.fastq.gz;ftp.sra.ebi.ac.uk/vol1/fastq/ERR804/006/ERR8048796/ERR8048796_2.fastq.gz	45132481;46448727	2022-02-18	University of Glasgow
ERR8048802	SAMEA12361934	ERS9968723	PRJEB50216	ERX7615539	572419	Mycoplasma amphoriforme A39	ILLUMINA	NextSeq 500	PAIRED	WGS	GENOMIC	Hybrid Selection	3355678	251828783	ftp.sra.ebi.ac.uk/vol1/fastq/ERR804/002/ERR8048802/ERR8048802_1.fastq.gz;ftp.sra.ebi.ac.uk/vol1/fastq/ERR804/002/ERR8048802/ERR8048802_2.fastq.gz	82797766;85594642	2022-02-18	University of Glasgow
ERR8048805	SAMEA12361937	ERS9968726	PRJEB50216	ERX7615542	572419	Mycoplasma amphoriforme A39	ILLUMINA	NextSeq 500	PAIRED	WGS	GENOMIC	Hybrid Selection	4416788	328504132	ftp.sra.ebi.ac.uk/vol1/fastq/ERR804/005/ERR8048805/ERR8048805_1.fastq.gz;ftp.sra.ebi.ac.uk/vol1/fastq/ERR804/005/ERR8048805/ERR8048805_2.fastq.gz	107854120;109990471	2022-02-18	University of Glasgow
ERR8048809	SAMEA12361941	ERS9968730	PRJEB50216	ERX7615546	572419	Mycoplasma amphoriforme A39	ILLUMINA	NextSeq 500	PAIRED	WGS	GENOMIC	Hybrid Selection	2784190	207341609	ftp.sra.ebi.ac.uk/vol1/fastq/ERR804/009/ERR8048809/ERR8048809_1.fastq.gz;ftp.sra.ebi.ac.uk/vol1/fastq/ERR804/009/ERR8048809/ERR8048809_2.fastq.gz	68570187;71665322	2022-02-18	University of Glasgow
ERR8048810	SAMEA12361942	ERS9968731	PRJEB50216	ERX7615547	572419	Mycoplasma amphoriforme A39	ILLUMINA	NextSeq 500	PAIRED	WGS	GENOMIC	Hybrid Selection	2128532	157820189	ftp.sra.ebi.ac.uk/vol1/fastq/ERR804/000/ERR8048810/ERR8048810_1.fastq.gz;ftp.sra.ebi.ac.uk/vol1/fastq/ERR804/000/ERR8048810/ERR8048810_2.fastq.gz	51714057;53706851	2022-02-18	University of Glasgow
ERR8048812	SAMEA12361944	ERS9968733	PRJEB50216	ERX7615549	572419	Mycoplasma amphoriforme A39	ILLUMINA	NextSeq 500	PAIRED	WGS	GENOMIC	Hybrid Selection	2802896	207190619	ftp.sra.ebi.ac.uk/vol1/fastq/ERR804/002/ERR8048812/ERR8048812_1.fastq.gz;ftp.sra.ebi.ac.uk/vol1/fastq/ERR804/002/ERR8048812/ERR8048812_2.fastq.gz	67529422;68859166	2022-02-18	University of Glasgow
ERR8048813	SAMEA12361945	ERS9968734	PRJEB50216	ERX7615550	572419	Mycoplasma amphoriforme A39	ILLUMINA	NextSeq 500	PAIRED	WGS	GENOMIC	Hybrid Selection	3846296	285206334	ftp.sra.ebi.ac.uk/vol1/fastq/ERR804/003/ERR8048813/ERR8048813_1.fastq.gz;ftp.sra.ebi.ac.uk/vol1/fastq/ERR804/003/ERR8048813/ERR8048813_2.fastq.gz	93542544;95193298	2022-02-18	University of Glasgow
ERR8048817	SAMEA12361949	ERS9968738	PRJEB50216	ERX7615554	572419	Mycoplasma amphoriforme A39	ILLUMINA	NextSeq 500	PAIRED	WGS	GENOMIC	Hybrid Selection	2330946	174823150	ftp.sra.ebi.ac.uk/vol1/fastq/ERR804/007/ERR8048817/ERR8048817_1.fastq.gz;ftp.sra.ebi.ac.uk/vol1/fastq/ERR804/007/ERR8048817/ERR8048817_2.fastq.gz	57099980;58326195	2022-02-18	University of Glasgow
ERR8048825	SAMEA12361957	ERS9968746	PRJEB50216	ERX7615562	572419	Mycoplasma amphoriforme A39	ILLUMINA	NextSeq 500	PAIRED	WGS	GENOMIC	Hybrid Selection	2969370	222301351	ftp.sra.ebi.ac.uk/vol1/fastq/ERR804/005/ERR8048825/ERR8048825_1.fastq.gz;ftp.sra.ebi.ac.uk/vol1/fastq/ERR804/005/ERR8048825/ERR8048825_2.fastq.gz	73351427;77332929	2022-02-18	University of Glasgow
ERR926448	SAMEA3231220	ERS652454	PRJEB8311	ERX1005723	572419	Mycoplasma amphoriforme A39	ILLUMINA	Illumina HiSeq 2000	PAIRED	WXS	GENOMIC	Hybrid Selection	18539574	1390468050	ftp.sra.ebi.ac.uk/vol1/fastq/ERR926/ERR926448/ERR926448_1.fastq.gz;ftp.sra.ebi.ac.uk/vol1/fastq/ERR926/ERR926448/ERR926448_2.fastq.gz	664704074;673443333	2015-06-23	Wellcome Sanger Institute;SC
ERR926451	SAMEA3231223	ERS652457	PRJEB8311	ERX1005726	572419	Mycoplasma amphoriforme A39	ILLUMINA	Illumina HiSeq 2000	PAIRED	WXS	GENOMIC	Hybrid Selection	7860416	589531200	ftp.sra.ebi.ac.uk/vol1/fastq/ERR926/ERR926451/ERR926451_1.fastq.gz;ftp.sra.ebi.ac.uk/vol1/fastq/ERR926/ERR926451/ERR926451_2.fastq.gz	285448718;290671688	2015-06-23	Wellcome Sanger Institute;SC
SRR10568898	SAMN13170333	SRS5748705	PRJNA585660	SRX7250383	2663666	Mollicutes bacterium JGI_SA12_H11_081	ILLUMINA	NextSeq 500	PAIRED	WGA	GENOMIC	other	7237514	2185729228	ftp.sra.ebi.ac.uk/vol1/fastq/SRR105/098/SRR10568898/SRR10568898_1.fastq.gz;ftp.sra.ebi.ac.uk/vol1/fastq/SRR105/098/SRR10568898/SRR10568898_2.fastq.gz	601613764;607015710	2019-12-03	
SRR10605915	SAMN13170354	SRS5779113	PRJNA585658	SRX7285459	2663664	Mollicutes bacterium JGI_SA12_D11_089	ILLUMINA	NextSeq 500	PAIRED	WGA	GENOMIC	other	9302398	2809324196	ftp.sra.ebi.ac.uk/vol1/fastq/SRR106/015/SRR10605915/SRR10605915_1.fastq.gz;ftp.sra.ebi.ac.uk/vol1/fastq/SRR106/015/SRR10605915/SRR10605915_2.fastq.gz	793713456;802274927	2019-12-10	
SRR10916224	SAMN13885723	SRS6017269	PRJNA602215	SRX7583701	519450	Mycoplasma anserisalpingitidis	ILLUMINA	NextSeq 500	PAIRED	WGS	GENOMIC	other	591171	81952767	ftp.sra.ebi.ac.uk/vol1/fastq/SRR109/024/SRR10916224/SRR10916224_1.fastq.gz;ftp.sra.ebi.ac.uk/vol1/fastq/SRR109/024/SRR10916224/SRR10916224_2.fastq.gz	30888825;30652030	2020-04-14	SUB6861254
SRR10916227	SAMN13885788	SRS6017266	PRJNA602215	SRX7583698	519450	Mycoplasma anserisalpingitidis	ILLUMINA	NextSeq 500	SINGLE	WGS	GENOMIC	other	3646825	417453766	ftp.sra.ebi.ac.uk/vol1/fastq/SRR109/027/SRR10916227/SRR10916227.fastq.gz	242442785	2020-04-14	SUB6861254
SRR10916235	SAMN13885781	SRS6017258	PRJNA602215	SRX7583690	519450	Mycoplasma anserisalpingitidis	ILLUMINA	NextSeq 500	PAIRED	WGS	GENOMIC	other	385058	55564897	ftp.sra.ebi.ac.uk/vol1/fastq/SRR109/035/SRR10916235/SRR10916235_1.fastq.gz;ftp.sra.ebi.ac.uk/vol1/fastq/SRR109/035/SRR10916235/SRR10916235_2.fastq.gz	20886538;20723369	2020-04-14	SUB6861254
SRR10916238	SAMN13885778	SRS6017255	PRJNA602215	SRX7583687	519450	Mycoplasma anserisalpingitidis	ILLUMINA	NextSeq 500	PAIRED	WGS	GENOMIC	other	163793	23832689	ftp.sra.ebi.ac.uk/vol1/fastq/SRR109/038/SRR10916238/SRR10916238_1.fastq.gz;ftp.sra.ebi.ac.uk/vol1/fastq/SRR109/038/SRR10916238/SRR10916238_2.fastq.gz	8965500;8883626	2020-04-14	SUB6861254
SRR10916239	SAMN13885777	SRS6017254	PRJNA602215	SRX7583686	519450	Mycoplasma anserisalpingitidis	ILLUMINA	NextSeq 500	PAIRED	WGS	GENOMIC	other	192238	27948070	ftp.sra.ebi.ac.uk/vol1/fastq/SRR109/039/SRR10916239/SRR10916239_1.fastq.gz;ftp.sra.ebi.ac.uk/vol1/fastq/SRR109/039/SRR10916239/SRR10916239_2.fastq.gz	10520293;10428335	2020-04-14	SUB6861254
SRR10916244	SAMN13885773	SRS6017250	PRJNA602215	SRX7583682	519450	Mycoplasma anserisalpingitidis	ILLUMINA	NextSeq 500	PAIRED	WGS	GENOMIC	other	283785	41162311	ftp.sra.ebi.ac.uk/vol1/fastq/SRR109/044/SRR10916244/SRR10916244_1.fastq.gz;ftp.sra.ebi.ac.uk/vol1/fastq/SRR109/044/SRR10916244/SRR10916244_2.fastq.gz	15474583;15344591	2020-04-14	SUB6861254
SRR10916246	SAMN13885771	SRS6017247	PRJNA602215	SRX7583679	519450	Mycoplasma anserisalpingitidis	ILLUMINA	NextSeq 500	PAIRED	WGS	GENOMIC	other	2398551	335061874	ftp.sra.ebi.ac.uk/vol1/fastq/SRR109/046/SRR10916246/SRR10916246_1.fastq.gz;ftp.sra.ebi.ac.uk/vol1/fastq/SRR109/046/SRR10916246/SRR10916246_2.fastq.gz	113564870;113630570	2020-04-14	SUB6861254
SRR10916250	SAMN13885767	SRS6017243	PRJNA602215	SRX7583675	519450	Mycoplasma anserisalpingitidis	ILLUMINA	NextSeq 500	PAIRED	WGS	GENOMIC	other	2504802	347859745	ftp.sra.ebi.ac.uk/vol1/fastq/SRR109/050/SRR10916250/SRR10916250_1.fastq.gz;ftp.sra.ebi.ac.uk/vol1/fastq/SRR109/050/SRR10916250/SRR10916250_2.fastq.gz	117235658;116941355	2020-04-14	SUB6861254
SRR10916253	SAMN13885764	SRS6017240	PRJNA602215	SRX7583672	519450	Mycoplasma anserisalpingitidis	ILLUMINA	NextSeq 500	PAIRED	WGS	GENOMIC	other	2696160	375482811	ftp.sra.ebi.ac.uk/vol1/fastq/SRR109/053/SRR10916253/SRR10916253_1.fastq.gz;ftp.sra.ebi.ac.uk/vol1/fastq/SRR109/053/SRR10916253/SRR10916253_2.fastq.gz	126686014;126577149	2020-04-14	SUB6861254
SRR10916259	SAMN13885759	SRS6017234	PRJNA602215	SRX7583666	519450	Mycoplasma anserisalpingitidis	ILLUMINA	NextSeq 500	PAIRED	WGS	GENOMIC	other	2519207	350393312	ftp.sra.ebi.ac.uk/vol1/fastq/SRR109/059/SRR10916259/SRR10916259_1.fastq.gz;ftp.sra.ebi.ac.uk/vol1/fastq/SRR109/059/SRR10916259/SRR10916259_2.fastq.gz	119319706;119223475	2020-04-14	SUB6861254
SRR10916271	SAMN13885748	SRS6017222	PRJNA602215	SRX7583654	519450	Mycoplasma anserisalpingitidis	ILLUMINA	NextSeq 500	PAIRED	WGS	GENOMIC	other	184668	26313072	ftp.sra.ebi.ac.uk/vol1/fastq/SRR109/071/SRR10916271/SRR10916271_1.fastq.gz;ftp.sra.ebi.ac.uk/vol1/fastq/SRR109/071/SRR10916271/SRR10916271_2.fastq.gz	9891040;9825019	2020-04-14	SUB6861254
SRR10916277	SAMN13885742	SRS6017216	PRJNA602215	SRX7583648	519450	Mycoplasma anserisalpingitidis	ILLUMINA	NextSeq 500	PAIRED	WGS	GENOMIC	other	2902114	399271380	ftp.sra.ebi.ac.uk/vol1/fastq/SRR109/077/SRR10916277/SRR10916277_1.fastq.gz;ftp.sra.ebi.ac.uk/vol1/fastq/SRR109/077/SRR10916277/SRR10916277_2.fastq.gz	135273105;135075586	2020-04-14	SUB6861254
SRR10916297	SAMN13885724	SRS6017196	PRJNA602215	SRX7583628	519450	Mycoplasma anserisalpingitidis	ILLUMINA	NextSeq 500	PAIRED	WGS	GENOMIC	other	517354	69416981	ftp.sra.ebi.ac.uk/vol1/fastq/SRR109/097/SRR10916297/SRR10916297_1.fastq.gz;ftp.sra.ebi.ac.uk/vol1/fastq/SRR109/097/SRR10916297/SRR10916297_2.fastq.gz	26206727;25986968	2020-04-14	SUB6861254
SRR11536473	SAMN14593315	SRS6472986	PRJNA625113	SRX8107528	2133	Spiroplasma citri	OXFORD_NANOPORE	MinION	SINGLE	WGS	GENOMIC	RANDOM	442254	1810709040	ftp.sra.ebi.ac.uk/vol1/fastq/SRR115/073/SRR11536473/SRR11536473_1.fastq.gz	1864631186	2020-04-14	SUB7279764
SRR12065009	SAMN15339387	SRS6883984	PRJNA640980	SRX8592859	2138	Spiroplasma poulsonii	ILLUMINA	Illumina HiSeq 4000	PAIRED	WGS	GENOMIC	RANDOM	98227	43044208	ftp.sra.ebi.ac.uk/vol1/fastq/SRR120/009/SRR12065009/SRR12065009_1.fastq.gz;ftp.sra.ebi.ac.uk/vol1/fastq/SRR120/009/SRR12065009/SRR12065009_2.fastq.gz	16452203;16069151	2020-06-23	SUB7649414
SRR12065011	SAMN15339385	SRS6883982	PRJNA640980	SRX8592857	2138	Spiroplasma poulsonii	ILLUMINA	Illumina HiSeq 4000	PAIRED	WGS	GENOMIC	RANDOM	3591689	1095330970	ftp.sra.ebi.ac.uk/vol1/fastq/SRR120/011/SRR12065011/SRR12065011_1.fastq.gz;ftp.sra.ebi.ac.uk/vol1/fastq/SRR120/011/SRR12065011/SRR12065011_2.fastq.gz	367809511;385339186	2020-06-23	SUB7649414
SRR12407803	SAMN15755857	SRS7163445	PRJNA655797	SRX8905651	244584	Mycoplasma testudineum	ILLUMINA	NextSeq 500	PAIRED	WGS	GENOMIC	RANDOM	455422	137537444	ftp.sra.ebi.ac.uk/vol1/fastq/SRR124/003/SRR12407803/SRR12407803_1.fastq.gz;ftp.sra.ebi.ac.uk/vol1/fastq/SRR124/003/SRR12407803/SRR12407803_2.fastq.gz	39116358;38789744	2021-01-14	SUB7894402
SRR12739111	SAMN16288725	SRS7446107	PRJNA325243	SRX9211982	2148	Acholeplasma laidlawii	ILLUMINA	Illumina MiSeq	PAIRED	WGS	GENOMIC	RANDOM	406301	146983020	ftp.sra.ebi.ac.uk/vol1/fastq/SRR127/011/SRR12739111/SRR12739111_1.fastq.gz;ftp.sra.ebi.ac.uk/vol1/fastq/SRR127/011/SRR12739111/SRR12739111_2.fastq.gz	41176694;45213789	2020-12-02	SUB8159064
SRR12825557	SAMN16392091	SRS7519748	PRJNA667928	SRX9293208	136241	Mycoplasma haemocanis	ILLUMINA	Illumina MiSeq	PAIRED	AMPLICON	METAGENOMIC	PCR	31773	19127346	ftp.sra.ebi.ac.uk/vol1/fastq/SRR128/057/SRR12825557/SRR12825557_1.fastq.gz;ftp.sra.ebi.ac.uk/vol1/fastq/SRR128/057/SRR12825557/SRR12825557_2.fastq.gz	4615047;3812315	2021-01-04	SUB8220965
SRR12825558	SAMN16392090	SRS7519747	PRJNA667928	SRX9293207	136241	Mycoplasma haemocanis	ILLUMINA	Illumina MiSeq	PAIRED	AMPLICON	METAGENOMIC	PCR	41905	25226810	ftp.sra.ebi.ac.uk/vol1/fastq/SRR128/058/SRR12825558/SRR12825558_1.fastq.gz;ftp.sra.ebi.ac.uk/vol1/fastq/SRR128/058/SRR12825558/SRR12825558_2.fastq.gz	6191511;4967043	2021-01-04	SUB8220965
SRR12825563	SAMN16392086	SRS7519742	PRJNA667928	SRX9293202	136241	Mycoplasma haemocanis	ILLUMINA	Illumina MiSeq	PAIRED	AMPLICON	METAGENOMIC	PCR	23535	14168070	ftp.sra.ebi.ac.uk/vol1/fastq/SRR128/063/SRR12825563/SRR12825563_1.fastq.gz;ftp.sra.ebi.ac.uk/vol1/fastq/SRR128/063/SRR12825563/SRR12825563_2.fastq.gz	3787774;2707314	2021-01-04	SUB8220965
SRR12825564	SAMN16392085	SRS7519741	PRJNA667928	SRX9293201	136241	Mycoplasma haemocanis	ILLUMINA	Illumina MiSeq	PAIRED	AMPLICON	METAGENOMIC	PCR	37428	22531656	ftp.sra.ebi.ac.uk/vol1/fastq/SRR128/064/SRR12825564/SRR12825564_1.fastq.gz;ftp.sra.ebi.ac.uk/vol1/fastq/SRR128/064/SRR12825564/SRR12825564_2.fastq.gz	5423557;3778811	2021-01-04	SUB8220965
SRR12825565	SAMN16392084	SRS7519740	PRJNA667928	SRX9293200	136241	Mycoplasma haemocanis	ILLUMINA	Illumina MiSeq	PAIRED	AMPLICON	METAGENOMIC	PCR	39783	23949366	ftp.sra.ebi.ac.uk/vol1/fastq/SRR128/065/SRR12825565/SRR12825565_1.fastq.gz;ftp.sra.ebi.ac.uk/vol1/fastq/SRR128/065/SRR12825565/SRR12825565_2.fastq.gz	6559902;4269261	2021-01-04	SUB8220965
SRR12825566	SAMN16392083	SRS7519739	PRJNA667928	SRX9293199	136241	Mycoplasma haemocanis	ILLUMINA	Illumina MiSeq	PAIRED	AMPLICON	METAGENOMIC	PCR	14837	8931874	ftp.sra.ebi.ac.uk/vol1/fastq/SRR128/066/SRR12825566/SRR12825566_1.fastq.gz;ftp.sra.ebi.ac.uk/vol1/fastq/SRR128/066/SRR12825566/SRR12825566_2.fastq.gz	2900519;1582780	2021-01-04	SUB8220965
SRR12825567	SAMN16392082	SRS7519738	PRJNA667928	SRX9293198	136241	Mycoplasma haemocanis	ILLUMINA	Illumina MiSeq	PAIRED	AMPLICON	METAGENOMIC	PCR	29110	17524220	ftp.sra.ebi.ac.uk/vol1/fastq/SRR128/067/SRR12825567/SRR12825567_1.fastq.gz;ftp.sra.ebi.ac.uk/vol1/fastq/SRR128/067/SRR12825567/SRR12825567_2.fastq.gz	5069114;3369983	2021-01-04	SUB8220965
SRR12825572	SAMN16392078	SRS7519734	PRJNA667928	SRX9293193	136241	Mycoplasma haemocanis	ILLUMINA	Illumina MiSeq	PAIRED	AMPLICON	METAGENOMIC	PCR	57898	34854596	ftp.sra.ebi.ac.uk/vol1/fastq/SRR128/072/SRR12825572/SRR12825572_1.fastq.gz;ftp.sra.ebi.ac.uk/vol1/fastq/SRR128/072/SRR12825572/SRR12825572_2.fastq.gz	7797109;5596299	2021-01-04	SUB8220965
SRR12825573	SAMN16392077	SRS7519731	PRJNA667928	SRX9293192	136241	Mycoplasma haemocanis	ILLUMINA	Illumina MiSeq	PAIRED	AMPLICON	METAGENOMIC	PCR	40877	24607954	ftp.sra.ebi.ac.uk/vol1/fastq/SRR128/073/SRR12825573/SRR12825573_1.fastq.gz;ftp.sra.ebi.ac.uk/vol1/fastq/SRR128/073/SRR12825573/SRR12825573_2.fastq.gz	5165672;3727207	2021-01-04	SUB8220965
SRR12825675	SAMN16392100	SRS7519630	PRJNA667928	SRX9293090	136241	Mycoplasma haemocanis	ILLUMINA	Illumina MiSeq	PAIRED	AMPLICON	METAGENOMIC	PCR	45648	27480096	ftp.sra.ebi.ac.uk/vol1/fastq/SRR128/075/SRR12825675/SRR12825675_1.fastq.gz;ftp.sra.ebi.ac.uk/vol1/fastq/SRR128/075/SRR12825675/SRR12825675_2.fastq.gz	6741768;4562180	2021-01-04	SUB8220965
SRR12825676	SAMN16392099	SRS7519629	PRJNA667928	SRX9293089	136241	Mycoplasma haemocanis	ILLUMINA	Illumina MiSeq	PAIRED	AMPLICON	METAGENOMIC	PCR	26121	15724842	ftp.sra.ebi.ac.uk/vol1/fastq/SRR128/076/SRR12825676/SRR12825676_1.fastq.gz;ftp.sra.ebi.ac.uk/vol1/fastq/SRR128/076/SRR12825676/SRR12825676_2.fastq.gz	4300451;3484480	2021-01-04	SUB8220965
SRR12881897	SAMN16482783	SRS7570837	PRJNA670049	SRX9347852	1822367	Candidatus Moeniiplasma glomeromycotorum	ILLUMINA	Illumina HiSeq 2500	PAIRED	WGS	METAGENOMIC	RANDOM PCR	38569019	7721638222	ftp.sra.ebi.ac.uk/vol1/fastq/SRR128/097/SRR12881897/SRR12881897_1.fastq.gz;ftp.sra.ebi.ac.uk/vol1/fastq/SRR128/097/SRR12881897/SRR12881897_2.fastq.gz	1961687928;1971429328	2022-01-01	SUB8336291
SRR13060577	SAMN14732481	SRS7717229	PRJNA628144	SRX9508697	2799558	Candidatus Bathyoplasma sp. NZ	ILLUMINA	Illumina MiSeq	PAIRED	OTHER	METAGENOMIC	RANDOM	6691814	3955680863	ftp.sra.ebi.ac.uk/vol1/fastq/SRR130/077/SRR13060577/SRR13060577_1.fastq.gz;ftp.sra.ebi.ac.uk/vol1/fastq/SRR130/077/SRR13060577/SRR13060577_2.fastq.gz	1376085711;1661432671	2020-11-15	SUB8549039
SRR13176452	SAMN16454380	SRS7810533	PRJNA669533	SRX9614683	2780095	Mycoplasma sp. 'Moose RK'	PACBIO_SMRT	Sequel	SINGLE	WGS	GENOMIC	RANDOM	799939	2727067824	ftp.sra.ebi.ac.uk/vol1/fastq/SRR131/052/SRR13176452/SRR13176452_subreads.fastq.gz	806235537	2020-12-02	SUB8669115
SRR13346628	SAMN13885745	SRS6017219	PRJNA602215	SRX9772799	519450	Mycoplasma anserisalpingitidis	ILLUMINA	NextSeq 500	SINGLE	WGS	GENOMIC	other	3932956	483137702	ftp.sra.ebi.ac.uk/vol1/fastq/SRR133/028/SRR13346628/SRR13346628.fastq.gz	276139394	2021-01-04	SUB8754746
SRR13346637	SAMN13885777	SRS6017254	PRJNA602215	SRX9772790	519450	Mycoplasma anserisalpingitidis	ILLUMINA	NextSeq 500	SINGLE	WGS	GENOMIC	other	9280163	1243618860	ftp.sra.ebi.ac.uk/vol1/fastq/SRR133/037/SRR13346637/SRR13346637.fastq.gz	714981621	2021-01-04	SUB8754746
SRR13346650	SAMN13885751	SRS6017225	PRJNA602215	SRX9772777	519450	Mycoplasma anserisalpingitidis	ILLUMINA	NextSeq 500	SINGLE	WGS	GENOMIC	other	3006006	383984898	ftp.sra.ebi.ac.uk/vol1/fastq/SRR133/050/SRR13346650/SRR13346650.fastq.gz	218440262	2021-01-04	SUB8754746
SRR13638057	SAMN17804134	SRS8202296	PRJNA699639	SRX10035287	2102	Mycoplasma mycoides	ILLUMINA	HiSeq X Ten	SINGLE	WGA	GENOMIC	RANDOM	11381919	1707287850	ftp.sra.ebi.ac.uk/vol1/fastq/SRR136/057/SRR13638057/SRR13638057.fastq.gz	760151629	2021-02-07	SUB9036227
SRR14636210	SAMN15186628	SRS9053363	PRJNA638346	SRX10975989	1848402	Candidatus Phytoplasma meliae	ILLUMINA	Illumina NovaSeq 6000	PAIRED	WGA	GENOMIC	RANDOM	11599142	3485685182	ftp.sra.ebi.ac.uk/vol1/fastq/SRR146/010/SRR14636210/SRR14636210_1.fastq.gz;ftp.sra.ebi.ac.uk/vol1/fastq/SRR146/010/SRR14636210/SRR14636210_2.fastq.gz	776530087;799898554	2021-05-25	SUB9450829
SRR15032580	SAMN20032697	SRS9385146	PRJNA743406	SRX11344268	2102	Mycoplasma mycoides	ILLUMINA	NextSeq 550	PAIRED	WGS	GENOMIC	RANDOM	592305	45015180	ftp.sra.ebi.ac.uk/vol1/fastq/SRR150/080/SRR15032580/SRR15032580_1.fastq.gz;ftp.sra.ebi.ac.uk/vol1/fastq/SRR150/080/SRR15032580/SRR15032580_2.fastq.gz	13541600;13828393	2021-07-05	SUB9950931
SRR15032581	SAMN20032696	SRS9385145	PRJNA743406	SRX11344267	2102	Mycoplasma mycoides	ILLUMINA	NextSeq 550	PAIRED	WGS	GENOMIC	RANDOM	533441	40541516	ftp.sra.ebi.ac.uk/vol1/fastq/SRR150/081/SRR15032581/SRR15032581_1.fastq.gz;ftp.sra.ebi.ac.uk/vol1/fastq/SRR150/081/SRR15032581/SRR15032581_2.fastq.gz	12192548;12505131	2021-07-05	SUB9950931
SRR15032584	SAMN20032693	SRS9385142	PRJNA743406	SRX11344264	2102	Mycoplasma mycoides	ILLUMINA	NextSeq 550	PAIRED	WGS	GENOMIC	RANDOM	698769	53106444	ftp.sra.ebi.ac.uk/vol1/fastq/SRR150/084/SRR15032584/SRR15032584_1.fastq.gz;ftp.sra.ebi.ac.uk/vol1/fastq/SRR150/084/SRR15032584/SRR15032584_2.fastq.gz	16013367;16439915	2021-07-05	SUB9950931
SRR15032588	SAMN20032690	SRS9385138	PRJNA743406	SRX11344260	2102	Mycoplasma mycoides	ILLUMINA	NextSeq 550	PAIRED	WGS	GENOMIC	RANDOM	511706	38889656	ftp.sra.ebi.ac.uk/vol1/fastq/SRR150/088/SRR15032588/SRR15032588_1.fastq.gz;ftp.sra.ebi.ac.uk/vol1/fastq/SRR150/088/SRR15032588/SRR15032588_2.fastq.gz	11670002;11942529	2021-07-05	SUB9950931
SRR15032599	SAMN20032680	SRS9385128	PRJNA743406	SRX11344249	2102	Mycoplasma mycoides	ILLUMINA	NextSeq 550	PAIRED	WGS	GENOMIC	RANDOM	488740	37144240	ftp.sra.ebi.ac.uk/vol1/fastq/SRR150/099/SRR15032599/SRR15032599_1.fastq.gz;ftp.sra.ebi.ac.uk/vol1/fastq/SRR150/099/SRR15032599/SRR15032599_2.fastq.gz	11109058;11385048	2021-07-05	SUB9950931
SRR15032602	SAMN20032677	SRS9385124	PRJNA743406	SRX11344246	2102	Mycoplasma mycoides	ILLUMINA	NextSeq 550	PAIRED	WGS	GENOMIC	RANDOM	839128	63773728	ftp.sra.ebi.ac.uk/vol1/fastq/SRR150/002/SRR15032602/SRR15032602_1.fastq.gz;ftp.sra.ebi.ac.uk/vol1/fastq/SRR150/002/SRR15032602/SRR15032602_2.fastq.gz	19233055;19775659	2021-07-05	SUB9950931
SRR15032611	SAMN20032669	SRS9385116	PRJNA743406	SRX11344237	2102	Mycoplasma mycoides	ILLUMINA	NextSeq 550	PAIRED	WGS	GENOMIC	RANDOM	256568	19499168	ftp.sra.ebi.ac.uk/vol1/fastq/SRR150/011/SRR15032611/SRR15032611_1.fastq.gz;ftp.sra.ebi.ac.uk/vol1/fastq/SRR150/011/SRR15032611/SRR15032611_2.fastq.gz	5842284;5978448	2021-07-05	SUB9950931
SRR15032614	SAMN20032666	SRS9385112	PRJNA743406	SRX11344234	2102	Mycoplasma mycoides	ILLUMINA	NextSeq 550	PAIRED	WGS	GENOMIC	RANDOM	637672	48463072	ftp.sra.ebi.ac.uk/vol1/fastq/SRR150/014/SRR15032614/SRR15032614_1.fastq.gz;ftp.sra.ebi.ac.uk/vol1/fastq/SRR150/014/SRR15032614/SRR15032614_2.fastq.gz	14458746;14877885	2021-07-05	SUB9950931
SRR15032615	SAMN20032665	SRS9385111	PRJNA743406	SRX11344233	2102	Mycoplasma mycoides	ILLUMINA	NextSeq 550	PAIRED	WGS	GENOMIC	RANDOM	436606	33182056	ftp.sra.ebi.ac.uk/vol1/fastq/SRR150/015/SRR15032615/SRR15032615_1.fastq.gz;ftp.sra.ebi.ac.uk/vol1/fastq/SRR150/015/SRR15032615/SRR15032615_2.fastq.gz	9925312;10166035	2021-07-05	SUB9950931
SRR15032632	SAMN20032650	SRS9385094	PRJNA743406	SRX11344216	2102	Mycoplasma mycoides	ILLUMINA	NextSeq 550	PAIRED	WGS	GENOMIC	RANDOM	117423	8924148	ftp.sra.ebi.ac.uk/vol1/fastq/SRR150/032/SRR15032632/SRR15032632_1.fastq.gz;ftp.sra.ebi.ac.uk/vol1/fastq/SRR150/032/SRR15032632/SRR15032632_2.fastq.gz	2698520;2758529	2021-07-05	SUB9950931
SRR15032633	SAMN20032649	SRS9385093	PRJNA743406	SRX11344215	2102	Mycoplasma mycoides	ILLUMINA	NextSeq 550	PAIRED	WGS	GENOMIC	RANDOM	668479	50804404	ftp.sra.ebi.ac.uk/vol1/fastq/SRR150/033/SRR15032633/SRR15032633_1.fastq.gz;ftp.sra.ebi.ac.uk/vol1/fastq/SRR150/033/SRR15032633/SRR15032633_2.fastq.gz	15280816;15592365	2021-07-05	SUB9950931
SRR15032634	SAMN20032648	SRS9385092	PRJNA743406	SRX11344214	2102	Mycoplasma mycoides	ILLUMINA	NextSeq 550	PAIRED	WGS	GENOMIC	RANDOM	493449	37502124	ftp.sra.ebi.ac.uk/vol1/fastq/SRR150/034/SRR15032634/SRR15032634_1.fastq.gz;ftp.sra.ebi.ac.uk/vol1/fastq/SRR150/034/SRR15032634/SRR15032634_2.fastq.gz	11261589;11494630	2021-07-05	SUB9950931
SRR15032643	SAMN20032640	SRS9385083	PRJNA743406	SRX11344205	2102	Mycoplasma mycoides	ILLUMINA	NextSeq 550	PAIRED	WGS	GENOMIC	RANDOM	232241	17650316	ftp.sra.ebi.ac.uk/vol1/fastq/SRR150/043/SRR15032643/SRR15032643_1.fastq.gz;ftp.sra.ebi.ac.uk/vol1/fastq/SRR150/043/SRR15032643/SRR15032643_2.fastq.gz	5305696;5467426	2021-07-05	SUB9950931
SRR15032660	SAMN20032624	SRS9385066	PRJNA743406	SRX11344188	2102	Mycoplasma mycoides	ILLUMINA	NextSeq 550	PAIRED	WGS	GENOMIC	RANDOM	944054	71748104	ftp.sra.ebi.ac.uk/vol1/fastq/SRR150/060/SRR15032660/SRR15032660_1.fastq.gz;ftp.sra.ebi.ac.uk/vol1/fastq/SRR150/060/SRR15032660/SRR15032660_2.fastq.gz	21545269;22059979	2021-07-05	SUB9950931
SRR15032661	SAMN20032623	SRS9385065	PRJNA743406	SRX11344187	2102	Mycoplasma mycoides	ILLUMINA	NextSeq 550	PAIRED	WGS	GENOMIC	RANDOM	632696	48084896	ftp.sra.ebi.ac.uk/vol1/fastq/SRR150/061/SRR15032661/SRR15032661_1.fastq.gz;ftp.sra.ebi.ac.uk/vol1/fastq/SRR150/061/SRR15032661/SRR15032661_2.fastq.gz	14656365;15485076	2021-07-05	SUB9950931
SRR15032674	SAMN20032750	SRS9385052	PRJNA743406	SRX11344174	2102	Mycoplasma mycoides	ILLUMINA	NextSeq 550	PAIRED	WGS	GENOMIC	RANDOM	656205	49871580	ftp.sra.ebi.ac.uk/vol1/fastq/SRR150/074/SRR15032674/SRR15032674_1.fastq.gz;ftp.sra.ebi.ac.uk/vol1/fastq/SRR150/074/SRR15032674/SRR15032674_2.fastq.gz	14984727;15325214	2021-07-05	SUB9950931
SRR15032676	SAMN20032748	SRS9385049	PRJNA743406	SRX11344172	2102	Mycoplasma mycoides	ILLUMINA	NextSeq 550	PAIRED	WGS	GENOMIC	RANDOM	6647758	505229608	ftp.sra.ebi.ac.uk/vol1/fastq/SRR150/076/SRR15032676/SRR15032676_1.fastq.gz;ftp.sra.ebi.ac.uk/vol1/fastq/SRR150/076/SRR15032676/SRR15032676_2.fastq.gz	151642084;155119445	2021-07-05	SUB9950931
SRR15032686	SAMN20032739	SRS9385040	PRJNA743406	SRX11344162	2102	Mycoplasma mycoides	ILLUMINA	NextSeq 550	PAIRED	WGS	GENOMIC	RANDOM	602852	45816752	ftp.sra.ebi.ac.uk/vol1/fastq/SRR150/086/SRR15032686/SRR15032686_1.fastq.gz;ftp.sra.ebi.ac.uk/vol1/fastq/SRR150/086/SRR15032686/SRR15032686_2.fastq.gz	13737586;14056847	2021-07-05	SUB9950931
SRR15032695	SAMN20032614	SRS9385030	PRJNA743406	SRX11344153	2102	Mycoplasma mycoides	ILLUMINA	NextSeq 550	PAIRED	WGS	GENOMIC	RANDOM	695136	52830336	ftp.sra.ebi.ac.uk/vol1/fastq/SRR150/095/SRR15032695/SRR15032695_1.fastq.gz;ftp.sra.ebi.ac.uk/vol1/fastq/SRR150/095/SRR15032695/SRR15032695_2.fastq.gz	15872943;16194410	2021-07-05	SUB9950931
SRR15032696	SAMN20032730	SRS9385031	PRJNA743406	SRX11344152	2102	Mycoplasma mycoides	ILLUMINA	NextSeq 550	PAIRED	WGS	GENOMIC	RANDOM	566120	43025120	ftp.sra.ebi.ac.uk/vol1/fastq/SRR150/096/SRR15032696/SRR15032696_1.fastq.gz;ftp.sra.ebi.ac.uk/vol1/fastq/SRR150/096/SRR15032696/SRR15032696_2.fastq.gz	13010537;13339115	2021-07-05	SUB9950931
SRR15032704	SAMN20032722	SRS9385025	PRJNA743406	SRX11344144	2102	Mycoplasma mycoides	ILLUMINA	NextSeq 550	PAIRED	WGS	GENOMIC	RANDOM	627849	47716524	ftp.sra.ebi.ac.uk/vol1/fastq/SRR150/004/SRR15032704/SRR15032704_1.fastq.gz;ftp.sra.ebi.ac.uk/vol1/fastq/SRR150/004/SRR15032704/SRR15032704_2.fastq.gz	14376754;14728611	2021-07-05	SUB9950931
SRR15032709	SAMN20032718	SRS9385017	PRJNA743406	SRX11344139	2102	Mycoplasma mycoides	ILLUMINA	NextSeq 550	PAIRED	WGS	GENOMIC	RANDOM	381499	28993924	ftp.sra.ebi.ac.uk/vol1/fastq/SRR150/009/SRR15032709/SRR15032709_1.fastq.gz;ftp.sra.ebi.ac.uk/vol1/fastq/SRR150/009/SRR15032709/SRR15032709_2.fastq.gz	8705872;8906864	2021-07-05	SUB9950931
SRR15032715	SAMN20032712	SRS9385010	PRJNA743406	SRX11344133	2102	Mycoplasma mycoides	ILLUMINA	NextSeq 550	PAIRED	WGS	GENOMIC	RANDOM	666248	50634848	ftp.sra.ebi.ac.uk/vol1/fastq/SRR150/015/SRR15032715/SRR15032715_1.fastq.gz;ftp.sra.ebi.ac.uk/vol1/fastq/SRR150/015/SRR15032715/SRR15032715_2.fastq.gz	15180801;15514708	2021-07-05	SUB9950931
SRR15032724	SAMN20032704	SRS9385003	PRJNA743406	SRX11344124	2102	Mycoplasma mycoides	ILLUMINA	NextSeq 550	PAIRED	WGS	GENOMIC	RANDOM	449275	34144900	ftp.sra.ebi.ac.uk/vol1/fastq/SRR150/024/SRR15032724/SRR15032724_1.fastq.gz;ftp.sra.ebi.ac.uk/vol1/fastq/SRR150/024/SRR15032724/SRR15032724_2.fastq.gz	10263634;10506472	2021-07-05	SUB9950931
SRR16250960	SAMN04017316	SRS10489852	PRJNA294131	SRX12530592	1123738	Candidatus Phytoplasma australasiaticum subsp. taiwanense	OXFORD_NANOPORE	MinION	SINGLE	WGS	GENOMIC	RANDOM	207087	508896005	ftp.sra.ebi.ac.uk/vol1/fastq/SRR162/060/SRR16250960/SRR16250960_1.fastq.gz	497587753	2021-10-10	SUB10501934
SRR17026579	SAMN23421098	SRS11142276	PRJNA783170	SRX13216606	1179777	Mycoplasma feriruminatoris	OXFORD_NANOPORE	GridION	SINGLE	WGS	GENOMIC	RANDOM	251372	1913704955	ftp.sra.ebi.ac.uk/vol1/fastq/SRR170/079/SRR17026579/SRR17026579_1.fastq.gz	1859616876	2022-12-23	SUB10712820
SRR17026583	SAMN23421099	SRS11142274	PRJNA783170	SRX13216602	1179777	Mycoplasma feriruminatoris	OXFORD_NANOPORE	GridION	SINGLE	WGA	GENOMIC	RANDOM	73257	1903264556	ftp.sra.ebi.ac.uk/vol1/fastq/SRR170/083/SRR17026583/SRR17026583_1.fastq.gz	1919972210	2022-12-23	SUB10712820
SRR17026584	SAMN23421099	SRS11142274	PRJNA783170	SRX13216601	1179777	Mycoplasma feriruminatoris	ILLUMINA	Illumina MiSeq	PAIRED	WGS	GENOMIC	RANDOM	523189	258441141	ftp.sra.ebi.ac.uk/vol1/fastq/SRR170/084/SRR17026584/SRR17026584_1.fastq.gz;ftp.sra.ebi.ac.uk/vol1/fastq/SRR170/084/SRR17026584/SRR17026584_2.fastq.gz	67296053;73300005	2022-12-23	SUB10712820
SRR17035817	SAMN23401530	SRS11151128	PRJNA673092	SRX13225747	2108	Mycoplasma sp.	ILLUMINA	Illumina iSeq 100	PAIRED	WGS	METAGENOMIC	other	544615	159945622	ftp.sra.ebi.ac.uk/vol1/fastq/SRR170/017/SRR17035817/SRR17035817_1.fastq.gz;ftp.sra.ebi.ac.uk/vol1/fastq/SRR170/017/SRR17035817/SRR17035817_2.fastq.gz	36422066;38023879	2025-11-29	SUB10713995
SRR17035819	SAMN23401528	SRS11151126	PRJNA673092	SRX13225745	2108	Mycoplasma sp.	ILLUMINA	Illumina iSeq 100	PAIRED	WGS	METAGENOMIC	other	701629	203469575	ftp.sra.ebi.ac.uk/vol1/fastq/SRR170/019/SRR17035819/SRR17035819_1.fastq.gz;ftp.sra.ebi.ac.uk/vol1/fastq/SRR170/019/SRR17035819/SRR17035819_2.fastq.gz	45007083;45741891	2025-11-29	SUB10713995
SRR17035822	SAMN23401481	SRS11151123	PRJNA673092	SRX13225742	2108	Mycoplasma sp.	ILLUMINA	Illumina iSeq 100	PAIRED	WGS	METAGENOMIC	other	717990	211112868	ftp.sra.ebi.ac.uk/vol1/fastq/SRR170/022/SRR17035822/SRR17035822_1.fastq.gz;ftp.sra.ebi.ac.uk/vol1/fastq/SRR170/022/SRR17035822/SRR17035822_2.fastq.gz	46880673;50162910	2025-11-29	SUB10713995
SRR17035823	SAMN23401525	SRS11151122	PRJNA673092	SRX13225741	2108	Mycoplasma sp.	ILLUMINA	Illumina iSeq 100	PAIRED	WGS	METAGENOMIC	other	540037	160664065	ftp.sra.ebi.ac.uk/vol1/fastq/SRR170/023/SRR17035823/SRR17035823_1.fastq.gz;ftp.sra.ebi.ac.uk/vol1/fastq/SRR170/023/SRR17035823/SRR17035823_2.fastq.gz	36244673;38371006	2025-11-29	SUB10713995
SRR17035827	SAMN23401521	SRS11151118	PRJNA673092	SRX13225737	2108	Mycoplasma sp.	ILLUMINA	Illumina iSeq 100	PAIRED	WGS	METAGENOMIC	other	569775	167280891	ftp.sra.ebi.ac.uk/vol1/fastq/SRR170/027/SRR17035827/SRR17035827_1.fastq.gz;ftp.sra.ebi.ac.uk/vol1/fastq/SRR170/027/SRR17035827/SRR17035827_2.fastq.gz	39956785;41669505	2025-11-29	SUB10713995
SRR17035832	SAMN23401516	SRS11151113	PRJNA673092	SRX13225732	2108	Mycoplasma sp.	ILLUMINA	Illumina iSeq 100	PAIRED	WGS	METAGENOMIC	other	508722	149930578	ftp.sra.ebi.ac.uk/vol1/fastq/SRR170/032/SRR17035832/SRR17035832_1.fastq.gz;ftp.sra.ebi.ac.uk/vol1/fastq/SRR170/032/SRR17035832/SRR17035832_2.fastq.gz	35278932;37671349	2025-11-29	SUB10713995
SRR17035835	SAMN23401514	SRS11151110	PRJNA673092	SRX13225729	2108	Mycoplasma sp.	ILLUMINA	Illumina iSeq 100	PAIRED	WGS	METAGENOMIC	other	555826	163931686	ftp.sra.ebi.ac.uk/vol1/fastq/SRR170/035/SRR17035835/SRR17035835_1.fastq.gz;ftp.sra.ebi.ac.uk/vol1/fastq/SRR170/035/SRR17035835/SRR17035835_2.fastq.gz	37955566;40315041	2025-11-29	SUB10713995
SRR17035845	SAMN23401505	SRS11151100	PRJNA673092	SRX13225719	2108	Mycoplasma sp.	ILLUMINA	Illumina iSeq 100	PAIRED	WGS	METAGENOMIC	other	253102	74424765	ftp.sra.ebi.ac.uk/vol1/fastq/SRR170/045/SRR17035845/SRR17035845_1.fastq.gz;ftp.sra.ebi.ac.uk/vol1/fastq/SRR170/045/SRR17035845/SRR17035845_2.fastq.gz	16670583;17811788	2025-11-29	SUB10713995
SRR17035851	SAMN23401499	SRS11151094	PRJNA673092	SRX13225713	33015	Acholeplasma sp.	ILLUMINA	Illumina iSeq 100	PAIRED	WGS	METAGENOMIC	other	698201	205519592	ftp.sra.ebi.ac.uk/vol1/fastq/SRR170/051/SRR17035851/SRR17035851_1.fastq.gz;ftp.sra.ebi.ac.uk/vol1/fastq/SRR170/051/SRR17035851/SRR17035851_2.fastq.gz	46074804;48874736	2025-11-29	SUB10713995
SRR17035854	SAMN23401496	SRS11151091	PRJNA673092	SRX13225710	2108	Mycoplasma sp.	ILLUMINA	Illumina iSeq 100	PAIRED	WGS	METAGENOMIC	other	692311	203395239	ftp.sra.ebi.ac.uk/vol1/fastq/SRR170/054/SRR17035854/SRR17035854_1.fastq.gz;ftp.sra.ebi.ac.uk/vol1/fastq/SRR170/054/SRR17035854/SRR17035854_2.fastq.gz	46085839;48499157	2025-11-29	SUB10713995
SRR17035867	SAMN23401476	SRS11151078	PRJNA673092	SRX13225697	2108	Mycoplasma sp.	ILLUMINA	Illumina iSeq 100	PAIRED	WGS	METAGENOMIC	other	765282	226283708	ftp.sra.ebi.ac.uk/vol1/fastq/SRR170/067/SRR17035867/SRR17035867_1.fastq.gz;ftp.sra.ebi.ac.uk/vol1/fastq/SRR170/067/SRR17035867/SRR17035867_2.fastq.gz	48642273;51616625	2025-11-29	SUB10713995
SRR1723383	SAMN03203175	SRS749257	PRJNA268114	SRX816622	436113	Mycoplasma mycoides subsp. capri str. GM12	LS454	454 GS FLX Titanium	SINGLE	AMPLICON	OTHER	PCR	545307	303971202	ftp.sra.ebi.ac.uk/vol1/fastq/SRR172/003/SRR1723383/SRR1723383.fastq.gz	117552348	2015-06-05	JCVI
SRR17243290	SAMN24039001	SRS11323744	PRJNA788900	SRX13422333	2146	Acholeplasmataceae	ILLUMINA	Illumina NovaSeq 6000	PAIRED	AMPLICON	GENOMIC	PCR	98289	41277736	ftp.sra.ebi.ac.uk/vol1/fastq/SRR172/090/SRR17243290/SRR17243290_1.fastq.gz;ftp.sra.ebi.ac.uk/vol1/fastq/SRR172/090/SRR17243290/SRR17243290_2.fastq.gz	3862083;3525417	2021-12-16	SUB10800134
SRR1801738	SAMN02584998	SRS844579	PRJNA218806	SRX875676	1399797	Williamsoniiplasma lucivorax ATCC 49196	ILLUMINA	Illumina HiSeq 2000	PAIRED	WGS	GENOMIC	RANDOM	7992801	2397840300	ftp.sra.ebi.ac.uk/vol1/fastq/SRR180/008/SRR1801738/SRR1801738_1.fastq.gz;ftp.sra.ebi.ac.uk/vol1/fastq/SRR180/008/SRR1801738/SRR1801738_2.fastq.gz	902567427;904124750	2015-03-11	JGI
SRR1801747	SAMN02584961	SRS844586	PRJNA204049	SRX875685	1336232	Mesoplasma chauliocola ATCC 49578	ILLUMINA	Illumina HiSeq 2000	PAIRED	WGS	GENOMIC	RANDOM	9652967	2895890100	ftp.sra.ebi.ac.uk/vol1/fastq/SRR180/007/SRR1801747/SRR1801747_1.fastq.gz;ftp.sra.ebi.ac.uk/vol1/fastq/SRR180/007/SRR1801747/SRR1801747_2.fastq.gz	1081837676;1075494274	2015-03-11	JGI
SRR1801748	SAMN02584967	SRS844585	PRJNA204095	SRX875686	1336238	Mesoplasma seiffertii ATCC 49495	ILLUMINA	Illumina HiSeq 2000	PAIRED	WGS	GENOMIC	RANDOM	7264119	2179235700	ftp.sra.ebi.ac.uk/vol1/fastq/SRR180/008/SRR1801748/SRR1801748_1.fastq.gz;ftp.sra.ebi.ac.uk/vol1/fastq/SRR180/008/SRR1801748/SRR1801748_2.fastq.gz	828521766;828632309	2015-03-11	JGI
SRR18884267	SAMN27736170	SRS12713213	PRJNA830658	SRX14962868	69896	Candidatus Phytoplasma solani	ILLUMINA	Illumina NovaSeq 6000	PAIRED	WGS	GENOMIC	RANDOM	3506372	1051911600	ftp.sra.ebi.ac.uk/vol1/fastq/SRR188/067/SRR18884267/SRR18884267_1.fastq.gz;ftp.sra.ebi.ac.uk/vol1/fastq/SRR188/067/SRR18884267/SRR18884267_2.fastq.gz	189498620;189465276	2024-01-28	SUB11359703
SRR19178413	SAMN28206358	SRS12976678	PRJNA837572	SRX15243747	37692	Candidatus Phytoplasma mali	ILLUMINA	Illumina MiSeq	PAIRED	Targeted-Capture	GENOMIC	size fractionation	135823	68095166	ftp.sra.ebi.ac.uk/vol1/fastq/SRR191/013/SRR19178413/SRR19178413_1.fastq.gz;ftp.sra.ebi.ac.uk/vol1/fastq/SRR191/013/SRR19178413/SRR19178413_2.fastq.gz	20468239;22638524	2022-05-14	SUB11459140
SRR19178419	SAMN28206352	SRS12976672	PRJNA837572	SRX15243741	85620	Candidatus Phytoplasma asteris	ILLUMINA	Illumina MiSeq	PAIRED	Targeted-Capture	GENOMIC	size fractionation	120940	60607613	ftp.sra.ebi.ac.uk/vol1/fastq/SRR191/019/SRR19178419/SRR19178419_1.fastq.gz;ftp.sra.ebi.ac.uk/vol1/fastq/SRR191/019/SRR19178419/SRR19178419_2.fastq.gz	16124024;18477853	2022-05-14	SUB11459140
SRR19178424	SAMN28206362	SRS12976667	PRJNA837572	SRX15243736	479893	Candidatus Phytoplasma pruni	ILLUMINA	Illumina MiSeq	PAIRED	Targeted-Capture	GENOMIC	size fractionation	88306	44270334	ftp.sra.ebi.ac.uk/vol1/fastq/SRR191/024/SRR19178424/SRR19178424_1.fastq.gz;ftp.sra.ebi.ac.uk/vol1/fastq/SRR191/024/SRR19178424/SRR19178424_2.fastq.gz	12903963;14667914	2022-05-14	SUB11459140
SRR20045362	SAMN29590212	SRS13749935	PRJNA856806	SRX16083866	519450	Mycoplasma anserisalpingitidis	ILLUMINA	NextSeq 500	SINGLE	WGS	GENOMIC	other	4277782	484655627	ftp.sra.ebi.ac.uk/vol1/fastq/SRR200/062/SRR20045362/SRR20045362.fastq.gz	304140757	2025-01-02	SUB11731176
SRR20045369	SAMN29590233	SRS13749928	PRJNA856806	SRX16083859	519450	Mycoplasma anserisalpingitidis	ILLUMINA	NextSeq 500	SINGLE	WGS	GENOMIC	other	5174002	628109798	ftp.sra.ebi.ac.uk/vol1/fastq/SRR200/069/SRR20045369/SRR20045369.fastq.gz	376171026	2025-01-02	SUB11731176
SRR20045385	SAMN29590218	SRS13749912	PRJNA856806	SRX16083843	519450	Mycoplasma anserisalpingitidis	ILLUMINA	NextSeq 500	SINGLE	WGS	GENOMIC	other	5112758	570985396	ftp.sra.ebi.ac.uk/vol1/fastq/SRR200/085/SRR20045385/SRR20045385.fastq.gz	356676763	2025-01-29	SUB11731176
SRR23594094	SAMN33408018	SRS16870415	PRJNA937424	SRX19479158	180978	Candidatus Phytoplasma citri	OXFORD_NANOPORE	MinION	SINGLE	WGS	GENOMIC	RANDOM	799539	12094566052	ftp.sra.ebi.ac.uk/vol1/fastq/SRR235/094/SRR23594094/SRR23594094_1.fastq.gz	11817295978	2023-02-27	SUB12911231
SRR23638654	SAMN33477938	SRS16908174	PRJNA939501	SRX19521406	40480	Mycoplasma capricolum subsp. capripneumoniae	ILLUMINA	Illumina MiSeq	PAIRED	WGS	GENOMIC	RANDOM	7170152	2165385904	ftp.sra.ebi.ac.uk/vol1/fastq/SRR236/054/SRR23638654/SRR23638654_1.fastq.gz;ftp.sra.ebi.ac.uk/vol1/fastq/SRR236/054/SRR23638654/SRR23638654_2.fastq.gz	359576847;360998736	2023-06-05	SUB12865123
SRR23638655	SAMN33477936	SRS16908173	PRJNA939501	SRX19521405	40480	Mycoplasma capricolum subsp. capripneumoniae	ILLUMINA	Illumina MiSeq	PAIRED	WGS	GENOMIC	RANDOM	5458060	1648334120	ftp.sra.ebi.ac.uk/vol1/fastq/SRR236/055/SRR23638655/SRR23638655_1.fastq.gz;ftp.sra.ebi.ac.uk/vol1/fastq/SRR236/055/SRR23638655/SRR23638655_2.fastq.gz	277933021;278377189	2023-06-05	SUB12865123
SRR23638657	SAMN33477944	SRS16908172	PRJNA939501	SRX19521403	40480	Mycoplasma capricolum subsp. capripneumoniae	ILLUMINA	Illumina MiSeq	PAIRED	WGS	GENOMIC	RANDOM	15600000	4711200000	ftp.sra.ebi.ac.uk/vol1/fastq/SRR236/057/SRR23638657/SRR23638657_1.fastq.gz;ftp.sra.ebi.ac.uk/vol1/fastq/SRR236/057/SRR23638657/SRR23638657_2.fastq.gz	792377142;793908955	2023-06-05	SUB12865123
SRR23638660	SAMN33477941	SRS16908167	PRJNA939501	SRX19521400	40480	Mycoplasma capricolum subsp. capripneumoniae	ILLUMINA	Illumina MiSeq	PAIRED	WGS	GENOMIC	RANDOM	4732408	1429187216	ftp.sra.ebi.ac.uk/vol1/fastq/SRR236/060/SRR23638660/SRR23638660_1.fastq.gz;ftp.sra.ebi.ac.uk/vol1/fastq/SRR236/060/SRR23638660/SRR23638660_2.fastq.gz	241937628;242576156	2023-06-05	SUB12865123
SRR23638662	SAMN33477937	SRS16908166	PRJNA939501	SRX19521398	40480	Mycoplasma capricolum subsp. capripneumoniae	ILLUMINA	Illumina MiSeq	PAIRED	WGS	GENOMIC	RANDOM	7705257	2326987614	ftp.sra.ebi.ac.uk/vol1/fastq/SRR236/062/SRR23638662/SRR23638662_1.fastq.gz;ftp.sra.ebi.ac.uk/vol1/fastq/SRR236/062/SRR23638662/SRR23638662_2.fastq.gz	396762058;397756992	2023-06-05	SUB12865123
SRR24128056	SAMN34138608	SRS17277943	PRJNA954307	SRX19926903	2102	Mycoplasma mycoides	ILLUMINA	Illumina MiSeq	PAIRED	WGS	GENOMIC	RANDOM	548866	285394246	ftp.sra.ebi.ac.uk/vol1/fastq/SRR241/056/SRR24128056/SRR24128056_1.fastq.gz;ftp.sra.ebi.ac.uk/vol1/fastq/SRR241/056/SRR24128056/SRR24128056_2.fastq.gz	81221442;102954702	2023-04-14	SUB12998481
SRR24576250	SAMN35100736	SRS17676626	PRJNA972635	SRX20359615	2093	Mycoplasma	ILLUMINA	Illumina HiSeq 4000	PAIRED	RNA-Seq	TRANSCRIPTOMIC	cDNA	8887822	2666346600	ftp.sra.ebi.ac.uk/vol1/fastq/SRR245/050/SRR24576250/SRR24576250_1.fastq.gz;ftp.sra.ebi.ac.uk/vol1/fastq/SRR245/050/SRR24576250/SRR24576250_2.fastq.gz	518734910;541461616	2024-07-01	SUB13350218
SRR25469148	SAMN36775454	SRS18460098	PRJNA1000707	SRX21201809	2146	Acholeplasmataceae	ILLUMINA	Illumina NovaSeq 6000	PAIRED	AMPLICON	GENOMIC	PCR	87959	43979500	ftp.sra.ebi.ac.uk/vol1/fastq/SRR254/048/SRR25469148/SRR25469148_1.fastq.gz;ftp.sra.ebi.ac.uk/vol1/fastq/SRR254/048/SRR25469148/SRR25469148_2.fastq.gz	2919700;2889608	2024-02-04	SUB13720433
SRR25469149	SAMN36775453	SRS18460097	PRJNA1000707	SRX21201808	2146	Acholeplasmataceae	ILLUMINA	Illumina NovaSeq 6000	PAIRED	AMPLICON	GENOMIC	PCR	78865	39432500	ftp.sra.ebi.ac.uk/vol1/fastq/SRR254/049/SRR25469149/SRR25469149_1.fastq.gz;ftp.sra.ebi.ac.uk/vol1/fastq/SRR254/049/SRR25469149/SRR25469149_2.fastq.gz	2762215;2761934	2024-02-04	SUB13720433
SRR25469155	SAMN36775451	SRS18460091	PRJNA1000707	SRX21201802	2146	Acholeplasmataceae	ILLUMINA	Illumina NovaSeq 6000	PAIRED	AMPLICON	GENOMIC	PCR	77619	38809500	ftp.sra.ebi.ac.uk/vol1/fastq/SRR254/055/SRR25469155/SRR25469155_1.fastq.gz;ftp.sra.ebi.ac.uk/vol1/fastq/SRR254/055/SRR25469155/SRR25469155_2.fastq.gz	2562818;2604967	2024-02-04	SUB13720433
SRR26453571	SAMN37908243	SRS19216816	PRJNA1030417	SRX22157855	29552	Haploplasma axanthum	ILLUMINA	Illumina HiSeq 4000	PAIRED	AMPLICON	SYNTHETIC	RT-PCR	22205217	6705975534	ftp.sra.ebi.ac.uk/vol1/fastq/SRR264/071/SRR26453571/SRR26453571_1.fastq.gz;ftp.sra.ebi.ac.uk/vol1/fastq/SRR264/071/SRR26453571/SRR26453571_2.fastq.gz	523869143;547760962	2023-10-21	SUB13915823
SRR26453581	SAMN37908287	SRS19216806	PRJNA1030417	SRX22157845	29552	Haploplasma axanthum	ILLUMINA	Illumina HiSeq 4000	PAIRED	AMPLICON	SYNTHETIC	RT-PCR	18063290	5455113580	ftp.sra.ebi.ac.uk/vol1/fastq/SRR264/081/SRR26453581/SRR26453581_1.fastq.gz;ftp.sra.ebi.ac.uk/vol1/fastq/SRR264/081/SRR26453581/SRR26453581_2.fastq.gz	430321678;454079389	2023-10-21	SUB13915823
SRR26453587	SAMN37908281	SRS19216799	PRJNA1030417	SRX22157838	29552	Haploplasma axanthum	ILLUMINA	Illumina HiSeq 4000	PAIRED	AMPLICON	SYNTHETIC	RT-PCR	12617912	3810609424	ftp.sra.ebi.ac.uk/vol1/fastq/SRR264/087/SRR26453587/SRR26453587_1.fastq.gz;ftp.sra.ebi.ac.uk/vol1/fastq/SRR264/087/SRR26453587/SRR26453587_2.fastq.gz	306851808;320970946	2023-10-21	SUB13915823
SRR26453591	SAMN37908278	SRS19216796	PRJNA1030417	SRX22157835	29552	Haploplasma axanthum	ILLUMINA	Illumina HiSeq 4000	PAIRED	AMPLICON	SYNTHETIC	RT-PCR	21517609	6498317918	ftp.sra.ebi.ac.uk/vol1/fastq/SRR264/091/SRR26453591/SRR26453591_1.fastq.gz;ftp.sra.ebi.ac.uk/vol1/fastq/SRR264/091/SRR26453591/SRR26453591_2.fastq.gz	493257313;520017888	2023-10-21	SUB13915823
SRR26453599	SAMN37908270	SRS19216787	PRJNA1030417	SRX22157826	29552	Haploplasma axanthum	ILLUMINA	Illumina HiSeq 4000	PAIRED	AMPLICON	SYNTHETIC	RT-PCR	33887057	10233891214	ftp.sra.ebi.ac.uk/vol1/fastq/SRR264/099/SRR26453599/SRR26453599_1.fastq.gz;ftp.sra.ebi.ac.uk/vol1/fastq/SRR264/099/SRR26453599/SRR26453599_2.fastq.gz	769132306;804912001	2023-10-21	SUB13915823
SRR26453603	SAMN37908266	SRS19216783	PRJNA1030417	SRX22157822	29552	Haploplasma axanthum	ILLUMINA	Illumina HiSeq 4000	PAIRED	AMPLICON	SYNTHETIC	RT-PCR	19021705	5744554910	ftp.sra.ebi.ac.uk/vol1/fastq/SRR264/003/SRR26453603/SRR26453603_1.fastq.gz;ftp.sra.ebi.ac.uk/vol1/fastq/SRR264/003/SRR26453603/SRR26453603_2.fastq.gz	439310125;449938659	2023-10-21	SUB13915823
SRR26453608	SAMN37908262	SRS19216778	PRJNA1030417	SRX22157817	29552	Haploplasma axanthum	ILLUMINA	Illumina HiSeq 4000	PAIRED	AMPLICON	SYNTHETIC	RT-PCR	35763178	10800479756	ftp.sra.ebi.ac.uk/vol1/fastq/SRR264/008/SRR26453608/SRR26453608_1.fastq.gz;ftp.sra.ebi.ac.uk/vol1/fastq/SRR264/008/SRR26453608/SRR26453608_2.fastq.gz	788321787;797372440	2023-10-21	SUB13915823
SRR26453618	SAMN37908252	SRS19216767	PRJNA1030417	SRX22157806	29552	Haploplasma axanthum	ILLUMINA	Illumina HiSeq 4000	PAIRED	AMPLICON	SYNTHETIC	RT-PCR	29525387	8916666874	ftp.sra.ebi.ac.uk/vol1/fastq/SRR264/018/SRR26453618/SRR26453618_1.fastq.gz;ftp.sra.ebi.ac.uk/vol1/fastq/SRR264/018/SRR26453618/SRR26453618_2.fastq.gz	637210267;632355503	2023-10-21	SUB13915823
SRR26453620	SAMN37908250	SRS19216765	PRJNA1030417	SRX22157804	29552	Haploplasma axanthum	ILLUMINA	Illumina HiSeq 4000	PAIRED	AMPLICON	SYNTHETIC	RT-PCR	36227681	10940759662	ftp.sra.ebi.ac.uk/vol1/fastq/SRR264/020/SRR26453620/SRR26453620_1.fastq.gz;ftp.sra.ebi.ac.uk/vol1/fastq/SRR264/020/SRR26453620/SRR26453620_2.fastq.gz	786292230;777109630	2023-10-21	SUB13915823
SRR26453621	SAMN37908275	SRS19216793	PRJNA1030417	SRX22157832	29552	Haploplasma axanthum	ILLUMINA	Illumina HiSeq 4000	PAIRED	AMPLICON	SYNTHETIC	RT-PCR	41043333	12395086566	ftp.sra.ebi.ac.uk/vol1/fastq/SRR264/021/SRR26453621/SRR26453621_1.fastq.gz;ftp.sra.ebi.ac.uk/vol1/fastq/SRR264/021/SRR26453621/SRR26453621_2.fastq.gz	990374383;959372153	2023-10-21	SUB13915823
SRR26453626	SAMN37908246	SRS19216761	PRJNA1030417	SRX22157800	29552	Haploplasma axanthum	ILLUMINA	Illumina HiSeq 4000	PAIRED	AMPLICON	SYNTHETIC	RT-PCR	29472131	8900583562	ftp.sra.ebi.ac.uk/vol1/fastq/SRR264/026/SRR26453626/SRR26453626_1.fastq.gz;ftp.sra.ebi.ac.uk/vol1/fastq/SRR264/026/SRR26453626/SRR26453626_2.fastq.gz	682888470;729625146	2023-10-21	SUB13915823
SRR26453629	SAMN37908235	SRS19216758	PRJNA1030417	SRX22157797	29552	Haploplasma axanthum	ILLUMINA	Illumina HiSeq 4000	PAIRED	AMPLICON	SYNTHETIC	RT-PCR	38240266	11548560332	ftp.sra.ebi.ac.uk/vol1/fastq/SRR264/029/SRR26453629/SRR26453629_1.fastq.gz;ftp.sra.ebi.ac.uk/vol1/fastq/SRR264/029/SRR26453629/SRR26453629_2.fastq.gz	892095074;929029178	2023-10-21	SUB13915823
SRR26455296	SAMN37909730	SRS19218365	PRJNA1030430	SRX22159492	1179777	Mycoplasma feriruminatoris	ILLUMINA	NextSeq 2000	PAIRED	RNA-Seq	TRANSCRIPTOMIC	cDNA	12316777	1256311254	ftp.sra.ebi.ac.uk/vol1/fastq/SRR264/096/SRR26455296/SRR26455296_1.fastq.gz;ftp.sra.ebi.ac.uk/vol1/fastq/SRR264/096/SRR26455296/SRR26455296_2.fastq.gz	230727897;246653176	2024-05-26	
SRR26877250	SAMN37287484	SRS19579457	PRJNA1013131	SRX22571666	31969	Mollicutes	ILLUMINA	Illumina NovaSeq 6000	PAIRED	AMPLICON	METAGENOMIC	PCR	48778	29364356	ftp.sra.ebi.ac.uk/vol1/fastq/SRR268/050/SRR26877250/SRR26877250_1.fastq.gz;ftp.sra.ebi.ac.uk/vol1/fastq/SRR268/050/SRR26877250/SRR26877250_2.fastq.gz	6081360;7836998	2024-10-27	SUB13818744
SRR2048552	SAMN03758384	SRS951376	PRJNA285728	SRX1046637	436113	Mycoplasma mycoides subsp. capri str. GM12	PACBIO_SMRT	PacBio RS II	SINGLE	WGS	GENOMIC	other	163482	3134593506	ftp.sra.ebi.ac.uk/vol1/fastq/SRR204/002/SRR2048552/SRR2048552_subreads.fastq.gz	2683737574	2015-11-03	
SRR2056320	SAMN03764001	SRS956450	PRJNA285998	SRX1053518	265311	Mesoplasma florum L1	ILLUMINA	Illumina HiSeq 2500	PAIRED	OTHER	TRANSCRIPTOMIC	RANDOM	90071396	18194421992	ftp.sra.ebi.ac.uk/vol1/fastq/SRR205/000/SRR2056320/SRR2056320_1.fastq.gz;ftp.sra.ebi.ac.uk/vol1/fastq/SRR205/000/SRR2056320/SRR2056320_2.fastq.gz	5086164815;5196803649	2015-12-25	
SRR2056321	SAMN03764001	SRS956450	PRJNA285998	SRX1053518	265311	Mesoplasma florum L1	ILLUMINA	Illumina HiSeq 2500	PAIRED	OTHER	TRANSCRIPTOMIC	RANDOM	65097925	13149780850	ftp.sra.ebi.ac.uk/vol1/fastq/SRR205/001/SRR2056321/SRR2056321_1.fastq.gz;ftp.sra.ebi.ac.uk/vol1/fastq/SRR205/001/SRR2056321/SRR2056321_2.fastq.gz	3753588576;3825745982	2015-12-25	
SRR22475907	SAMN17598643	SRS15922684	PRJNA695030	SRX18441235	2056121	'Prunus avium' virescence phytoplasma	BGISEQ	BGISEQ-500	PAIRED	WXS	GENOMIC	RANDOM	41658870	6248830500	ftp.sra.ebi.ac.uk/vol1/fastq/SRR224/007/SRR22475907/SRR22475907.fastq.gz	2167092713	2024-03-24	SUB12177521
SRR22745884	SAMN32241326	SRS16148851	PRJNA912395	SRX18707047	519450	Mycoplasma anserisalpingitidis	ILLUMINA	NextSeq 500	SINGLE	WGS	GENOMIC	other	2163503	233796617	ftp.sra.ebi.ac.uk/vol1/fastq/SRR227/084/SRR22745884/SRR22745884.fastq.gz	92852557	2023-07-11	SUB12422491
SRR22745897	SAMN32241321	SRS16148838	PRJNA912395	SRX18707034	519450	Mycoplasma anserisalpingitidis	ILLUMINA	NextSeq 500	SINGLE	WGS	GENOMIC	other	1936556	205567363	ftp.sra.ebi.ac.uk/vol1/fastq/SRR227/097/SRR22745897/SRR22745897.fastq.gz	82077662	2023-07-11	SUB12422491
SRR23060400	SAMN32686720	SRS16433017	PRJNA919199	SRX19013713	203274	Candidatus Phytoplasma oryzae	DNBSEQ	DNBSEQ-T7	PAIRED	RNA-Seq	TRANSCRIPTOMIC	PCR	58656896	8798534400	ftp.sra.ebi.ac.uk/vol1/fastq/SRR230/000/SRR23060400/SRR23060400.fastq.gz	7189936598	2023-01-13	SUB12531067
SRR27721540	SAMN39603559	SRS20248841	PRJNA1068805	SRX23387490	2105	Mycoplasma leachii	ILLUMINA	Illumina HiSeq 4000	PAIRED	RNA-Seq	TRANSCRIPTOMIC	unspecified	11465412	3462554424	ftp.sra.ebi.ac.uk/vol1/fastq/SRR277/040/SRR27721540/SRR27721540_1.fastq.gz;ftp.sra.ebi.ac.uk/vol1/fastq/SRR277/040/SRR27721540/SRR27721540_2.fastq.gz	585977508;596865746	2025-03-03	SUB14161378
SRR27721544	SAMN39603558	SRS20248840	PRJNA1068805	SRX23387486	40480	Mycoplasma capricolum subsp. capripneumoniae	ILLUMINA	Illumina HiSeq 4000	PAIRED	RNA-Seq	TRANSCRIPTOMIC	unspecified	10122283	3056929466	ftp.sra.ebi.ac.uk/vol1/fastq/SRR277/044/SRR27721544/SRR27721544_1.fastq.gz;ftp.sra.ebi.ac.uk/vol1/fastq/SRR277/044/SRR27721544/SRR27721544_2.fastq.gz	708009522;1003603470	2025-03-03	SUB14161378
SRR27721546	SAMN39603555	SRS20248837	PRJNA1068805	SRX23387483	40477	Mycoplasma mycoides subsp. capri	ILLUMINA	Illumina HiSeq 4000	PAIRED	RNA-Seq	TRANSCRIPTOMIC	unspecified	10592320	3198880640	ftp.sra.ebi.ac.uk/vol1/fastq/SRR277/046/SRR27721546/SRR27721546_1.fastq.gz;ftp.sra.ebi.ac.uk/vol1/fastq/SRR277/046/SRR27721546/SRR27721546_2.fastq.gz	472892983;488755742	2025-03-03	SUB14161378
SRR27721559	SAMN39603555	SRS20248837	PRJNA1068805	SRX23387471	40477	Mycoplasma mycoides subsp. capri	ILLUMINA	Illumina HiSeq 4000	PAIRED	RNA-Seq	TRANSCRIPTOMIC	unspecified	10970692	3313148984	ftp.sra.ebi.ac.uk/vol1/fastq/SRR277/059/SRR27721559/SRR27721559_1.fastq.gz;ftp.sra.ebi.ac.uk/vol1/fastq/SRR277/059/SRR27721559/SRR27721559_2.fastq.gz	756499062;1081569257	2025-03-03	SUB14161378
SRR29373971	SAMN41605833	SRS21594923	PRJNA1117479	SRX24888414	479893	Candidatus Phytoplasma pruni	ILLUMINA	Illumina HiSeq 2500	PAIRED	WGS	METAGENOMIC	size fractionation	170108948	51032684400	ftp.sra.ebi.ac.uk/vol1/fastq/SRR293/071/SRR29373971/SRR29373971_1.fastq.gz;ftp.sra.ebi.ac.uk/vol1/fastq/SRR293/071/SRR29373971/SRR29373971_2.fastq.gz	10314032832;10485557590	2025-10-02	SUB14494523
SRR29553187	SAMN39606365	SRS20429124	PRJNA1068968	SRX25060349	47565	Candidatus Phytoplasma prunorum	ILLUMINA	Illumina MiSeq	PAIRED	OTHER	GENOMIC	other	12970829	1919682692	ftp.sra.ebi.ac.uk/vol1/fastq/SRR295/087/SRR29553187/SRR29553187_1.fastq.gz;ftp.sra.ebi.ac.uk/vol1/fastq/SRR295/087/SRR29553187/SRR29553187_2.fastq.gz	546962223;564131428	2024-06-27	SUB14564988
SRR29639853	SAMN41883633	SRS21836862	PRJNA835721	SRX25145184	927614	Areca yellow leaf disease phytoplasma	BGISEQ	BGISEQ-500	PAIRED	WGS	GENOMIC	RANDOM	377100929	113130278700	ftp.sra.ebi.ac.uk/vol1/fastq/SRR296/053/SRR29639853/SRR29639853_1.fastq.gz;ftp.sra.ebi.ac.uk/vol1/fastq/SRR296/053/SRR29639853/SRR29639853_2.fastq.gz	37315853912;37868103771	2024-06-30	SUB14563638
SRR32305964	SAMN42772346	SRS24048241	PRJNA1139390	SRX27641700	1179777	Mycoplasma feriruminatoris	PACBIO_SMRT	PacBio RS II	SINGLE	WGS	GENOMIC	size fractionation	15158	78739953	ftp.sra.ebi.ac.uk/vol1/fastq/SRR323/064/SRR32305964/SRR32305964_subreads.fastq.gz	23917910	2026-03-23	SUB15082916
SRR32803514	SAMN47220747	SRS24444810	PRJNA1231790	SRX28087406	131152	Candidatus Phytoplasma vitis	ILLUMINA	Illumina NovaSeq 6000	PAIRED	WGS	METAGENOMIC	RANDOM	19977389	5993216700	ftp.sra.ebi.ac.uk/vol1/fastq/SRR328/014/SRR32803514/SRR32803514_1.fastq.gz;ftp.sra.ebi.ac.uk/vol1/fastq/SRR328/014/SRR32803514/SRR32803514_2.fastq.gz	1422717768;1466157265	2025-05-28	SUB15181836
SRR3314179	SAMN02744030	SRS1368368	PRJNA234423	SRX1670902	1448135	Mycoplasma leonicaptivi ATCC 49890	ILLUMINA	Illumina HiSeq 2000	SINGLE	WGS	GENOMIC	RANDOM	14634472	2195170800	ftp.sra.ebi.ac.uk/vol1/fastq/SRR331/009/SRR3314179/SRR3314179.fastq.gz	1649513058	2016-04-06	
SRR33330897	SAMN42884353	SRS24868866	PRJNA1141264	SRX28575349	3239192	'Camptotheca acuminata' phytoplasma	ILLUMINA	Illumina NovaSeq X Plus	PAIRED	WGS	METAGENOMIC	RANDOM PCR	18120120	5391744703	ftp.sra.ebi.ac.uk/vol1/fastq/SRR333/097/SRR33330897/SRR33330897_1.fastq.gz;ftp.sra.ebi.ac.uk/vol1/fastq/SRR333/097/SRR33330897/SRR33330897_2.fastq.gz	1016798700;1008283641	2025-12-04	SUB14863735
SRR33405266	SAMN48207542	SRS24917142	PRJNA958240	SRX28646521	479893	Candidatus Phytoplasma pruni	ILLUMINA	Illumina NovaSeq 6000	PAIRED	WGS	METAGENOMIC	MBD2 protein methyl-CpG binding domain	59404771	17940240842	ftp.sra.ebi.ac.uk/vol1/fastq/SRR334/066/SRR33405266/SRR33405266_1.fastq.gz;ftp.sra.ebi.ac.uk/vol1/fastq/SRR334/066/SRR33405266/SRR33405266_2.fastq.gz	4409145156;4494764146	2025-05-04	SUB15293648
SRR3493392	SAMN02841174	SRS1430363	PRJNA223075	SRX1753483	1408416	Acholeplasma hippikon ATCC 29725	ILLUMINA	Illumina HiSeq 2000	SINGLE	WGS	GENOMIC	RANDOM	22378388	3356758200	ftp.sra.ebi.ac.uk/vol1/fastq/SRR349/002/SRR3493392/SRR3493392.fastq.gz	2549751812	2016-05-17	
SRR3493393	SAMN02743882	SRS1430364	PRJNA223127	SRX1753484	1408415	Acholeplasma equifetale ATCC 29724	ILLUMINA	Illumina HiSeq 2000	SINGLE	WGS	GENOMIC	RANDOM	11356214	1703432100	ftp.sra.ebi.ac.uk/vol1/fastq/SRR349/003/SRR3493393/SRR3493393.fastq.gz	1289653302	2016-05-17	
SRR34961449	SAMN50576501	SRS26147535	PRJNA1235259	SRX30081125	2004463	Spiroplasma endosymbiont of Glossina fuscipes fuscipes	ILLUMINA	Illumina NovaSeq 6000	PAIRED	RNA-Seq	TRANSCRIPTOMIC	cDNA_randomPriming	85081259	17127850340	ftp.sra.ebi.ac.uk/vol1/fastq/SRR349/049/SRR34961449/SRR34961449_1.fastq.gz;ftp.sra.ebi.ac.uk/vol1/fastq/SRR349/049/SRR34961449/SRR34961449_2.fastq.gz	2639272875;2600766663	2025-08-13	SUB15534816
SRR34961452	SAMN50576498	SRS26147532	PRJNA1235259	SRX30081122	2004463	Spiroplasma endosymbiont of Glossina fuscipes fuscipes	ILLUMINA	Illumina NovaSeq 6000	PAIRED	RNA-Seq	TRANSCRIPTOMIC	cDNA_randomPriming	33704531	6785783657	ftp.sra.ebi.ac.uk/vol1/fastq/SRR349/052/SRR34961452/SRR34961452_1.fastq.gz;ftp.sra.ebi.ac.uk/vol1/fastq/SRR349/052/SRR34961452/SRR34961452_2.fastq.gz	1481072703;1455264263	2025-08-13	SUB15534816
SRR35152539	SAMN50749097	SRS26309397	PRJNA1309601	SRX30257810	3458677	Mycoplasma sp. 10961	OXFORD_NANOPORE	PromethION	SINGLE	WGS	GENOMIC	RANDOM	5225	24329399	ftp.sra.ebi.ac.uk/vol1/fastq/SRR351/039/SRR35152539/SRR35152539_1.fastq.gz	23112552	2025-10-23	SUB15554931
SRR35152542	SAMN50749098	SRS26309398	PRJNA1309601	SRX30257807	3458678	Mycoplasma sp. 11548	ILLUMINA	Illumina NovaSeq 6000	PAIRED	WGS	GENOMIC	RANDOM	12289696	3654827747	ftp.sra.ebi.ac.uk/vol1/fastq/SRR351/042/SRR35152542/SRR35152542_1.fastq.gz;ftp.sra.ebi.ac.uk/vol1/fastq/SRR351/042/SRR35152542/SRR35152542_2.fastq.gz	654828297;643457890	2025-10-23	SUB15554931
SRR35321429	SAMN51241729	SRS26459202	PRJNA1322314	SRX30423059	3107147	Candidatus Izemoplasmataceae bacterium	DNBSEQ	DNBSEQ-G400	SINGLE	WGS	METAGENOMIC	PCR	71	1655444	ftp.sra.ebi.ac.uk/vol1/fastq/SRR353/029/SRR35321429/SRR35321429.fastq.gz	505744	2025-09-14	SUB15618789
SRR35321432	SAMN51241726	SRS26459194	PRJNA1322314	SRX30423056	3107147	Candidatus Izemoplasmataceae bacterium	DNBSEQ	DNBSEQ-G400	SINGLE	WGS	METAGENOMIC	PCR	44	1423741	ftp.sra.ebi.ac.uk/vol1/fastq/SRR353/032/SRR35321432/SRR35321432.fastq.gz	432730	2025-09-14	SUB15618789
SRR35321435	SAMN51241723	SRS26459198	PRJNA1322314	SRX30423053	3107147	Candidatus Izemoplasmataceae bacterium	DNBSEQ	DNBSEQ-G400	SINGLE	WGS	METAGENOMIC	PCR	60	1564792	ftp.sra.ebi.ac.uk/vol1/fastq/SRR353/035/SRR35321435/SRR35321435.fastq.gz	475224	2025-09-14	SUB15618789
SRR35645215	SAMN51959222	SRS26716152	PRJNA1335287	SRX30697411	2148	Acholeplasma laidlawii	ILLUMINA	Illumina MiSeq	PAIRED	AMPLICON	METAGENOMIC	PCR	31089	9201827	ftp.sra.ebi.ac.uk/vol1/fastq/SRR356/015/SRR35645215/SRR35645215_1.fastq.gz;ftp.sra.ebi.ac.uk/vol1/fastq/SRR356/015/SRR35645215/SRR35645215_2.fastq.gz	1454766;1656489	2025-12-21	SUB15671244
SRR35645241	SAMN51959212	SRS26716127	PRJNA1335287	SRX30697385	2148	Acholeplasma laidlawii	ILLUMINA	Illumina MiSeq	PAIRED	AMPLICON	METAGENOMIC	PCR	32130	9512942	ftp.sra.ebi.ac.uk/vol1/fastq/SRR356/041/SRR35645241/SRR35645241_1.fastq.gz;ftp.sra.ebi.ac.uk/vol1/fastq/SRR356/041/SRR35645241/SRR35645241_2.fastq.gz	1602534;1515480	2025-12-21	SUB15671244
SRR35645267	SAMN51959215	SRS26716101	PRJNA1335287	SRX30697359	2148	Acholeplasma laidlawii	ILLUMINA	Illumina MiSeq	PAIRED	AMPLICON	METAGENOMIC	PCR	25655	7625445	ftp.sra.ebi.ac.uk/vol1/fastq/SRR356/067/SRR35645267/SRR35645267_1.fastq.gz;ftp.sra.ebi.ac.uk/vol1/fastq/SRR356/067/SRR35645267/SRR35645267_2.fastq.gz	1263013;1277971	2025-12-21	SUB15671244
SRR10983324	SAMN13939875	SRS6075487	PRJNA603657	SRX7645737	519450	Mycoplasma anserisalpingitidis	ILLUMINA	NextSeq 500	SINGLE	WGS	GENOMIC	other	5980515	629002277	ftp.sra.ebi.ac.uk/vol1/fastq/SRR109/024/SRR10983324/SRR10983324.fastq.gz	363092286	2020-04-14	SUB6902222
SRR1776953	SAMN03286960	SRS827457	PRJNA272775	SRX853359	2103	Mycoplasma mycoides subsp. mycoides	PACBIO_SMRT	PacBio RS	SINGLE	WGS	GENOMIC	unspecified	245223	738797219	ftp.sra.ebi.ac.uk/vol1/fastq/SRR177/003/SRR1776953/SRR1776953_consensus.fastq.gz	774856	2015-06-05	icipe
SRR17831423	SAMN19066185	SRS11831961	PRJNA727971	SRX13992532	420408	Sesame phyllody phytoplasma	ILLUMINA	Illumina NovaSeq 6000	PAIRED	WGA	METAGENOMIC	RANDOM	42296107	12773424314	ftp.sra.ebi.ac.uk/vol1/fastq/SRR178/023/SRR17831423/SRR17831423_1.fastq.gz;ftp.sra.ebi.ac.uk/vol1/fastq/SRR178/023/SRR17831423/SRR17831423_2.fastq.gz	2830031923;2846520644	2022-02-01	SUB11001245
SRR27143835	SAMN38725603	SRS19807021	PRJNA1050060	SRX22825612	2103	Mycoplasma mycoides subsp. mycoides	ILLUMINA	Illumina HiSeq 2500	PAIRED	WGS	GENOMIC	PCR	6722802	3374846604	ftp.sra.ebi.ac.uk/vol1/fastq/SRR271/035/SRR27143835/SRR27143835_1.fastq.gz;ftp.sra.ebi.ac.uk/vol1/fastq/SRR271/035/SRR27143835/SRR27143835_2.fastq.gz	585566297;587503064	2023-12-10	SUB14025708
SRR27143844	SAMN38725612	SRS19807012	PRJNA1050060	SRX22825603	2103	Mycoplasma mycoides subsp. mycoides	ILLUMINA	Illumina HiSeq 2500	PAIRED	WGS	GENOMIC	PCR	5921257	2972471014	ftp.sra.ebi.ac.uk/vol1/fastq/SRR271/044/SRR27143844/SRR27143844_1.fastq.gz;ftp.sra.ebi.ac.uk/vol1/fastq/SRR271/044/SRR27143844/SRR27143844_2.fastq.gz	516390363;519130378	2023-12-10	SUB14025708
SRR27143845	SAMN38725611	SRS19807011	PRJNA1050060	SRX22825602	2103	Mycoplasma mycoides subsp. mycoides	ILLUMINA	Illumina HiSeq 2500	PAIRED	WGS	GENOMIC	PCR	6621748	3324117496	ftp.sra.ebi.ac.uk/vol1/fastq/SRR271/045/SRR27143845/SRR27143845_1.fastq.gz;ftp.sra.ebi.ac.uk/vol1/fastq/SRR271/045/SRR27143845/SRR27143845_2.fastq.gz	576926667;578952976	2023-12-10	SUB14025708
SRR27239831	SAMN38872660	SRS19886118	PRJNA1053831	SRX22918086	315358	Spiroplasma eriocheiris	ILLUMINA	Illumina HiSeq 2500	PAIRED	RIP-Seq	METATRANSCRIPTOMIC	RANDOM PCR	2980591	894177300	ftp.sra.ebi.ac.uk/vol1/fastq/SRR272/031/SRR27239831/SRR27239831_1.fastq.gz;ftp.sra.ebi.ac.uk/vol1/fastq/SRR272/031/SRR27239831/SRR27239831_2.fastq.gz	102404574;103068237	2023-12-19	SUB14095836
SRR27371612	SAMN38511048	SRS20008809	PRJNA1046573	SRX23048191	1872523	Anaeroplasma sp.	ILLUMINA	Illumina HiSeq 4000	SINGLE	WGS	METAGENOMIC	PCR	364	1235532	ftp.sra.ebi.ac.uk/vol1/fastq/SRR273/012/SRR27371612/SRR27371612.fastq.gz	385828	2023-12-29	SUB14117928
SRR27437570	SAMN38957063	SRS20064628	PRJNA1054987	SRX23109894	3109357	'Conium maculatum' witches'-broom phytoplasma	OXFORD_NANOPORE	MinION	SINGLE	WGS	GENOMIC	other	19450	42427776	ftp.sra.ebi.ac.uk/vol1/fastq/SRR274/070/SRR27437570/SRR27437570_1.fastq.gz	39195481	2024-01-18	SUB14103836
SRR36037139	SAMN52385138	SRS27074922	PRJNA1337902	SRX31086524	3107147	Candidatus Izemoplasmataceae bacterium	ILLUMINA	Illumina NovaSeq 6000	SINGLE	WGS	METAGENOMIC	PCR	255	1928326	ftp.sra.ebi.ac.uk/vol1/fastq/SRR360/039/SRR36037139/SRR36037139.fastq.gz	583633	2025-11-23	SUB15682755
SRR5323134	SAMN06453525	SRS2033287	PRJNA348753	SRX2623329	1951329	Acholeplasmataceae bacterium UBA6150	ILLUMINA	Illumina HiSeq 2000	PAIRED	WGS	METAGENOMIC	RANDOM	382363	95947846	ftp.sra.ebi.ac.uk/vol1/fastq/SRR532/004/SRR5323134/SRR5323134.fastq.gz;ftp.sra.ebi.ac.uk/vol1/fastq/SRR532/004/SRR5323134/SRR5323134_1.fastq.gz;ftp.sra.ebi.ac.uk/vol1/fastq/SRR532/004/SRR5323134/SRR5323134_2.fastq.gz	14671680;17664257;18100043	2017-11-09	University of Queensland
SRR5323218	SAMN06450456	SRS2033372	PRJNA348753	SRX2623413	1951332	Acholeplasmataceae bacterium UBA6235	ILLUMINA	Illumina HiSeq 2000	PAIRED	WGS	METAGENOMIC	RANDOM	209719	53035904	ftp.sra.ebi.ac.uk/vol1/fastq/SRR532/008/SRR5323218/SRR5323218.fastq.gz;ftp.sra.ebi.ac.uk/vol1/fastq/SRR532/008/SRR5323218/SRR5323218_1.fastq.gz;ftp.sra.ebi.ac.uk/vol1/fastq/SRR532/008/SRR5323218/SRR5323218_2.fastq.gz	8435310;11174046;11397662	2017-11-09	University of Queensland
SRR5326552	SAMN06455092	SRS2035704	PRJNA348753	SRX2625747	1951318	Acholeplasmataceae bacterium UBA5282	ILLUMINA	Illumina HiSeq 2000	PAIRED	WGS	METAGENOMIC	RANDOM	166868	5106056	ftp.sra.ebi.ac.uk/vol1/fastq/SRR532/002/SRR5326552/SRR5326552.fastq.gz	3090200	2017-11-09	University of Queensland
SRR5326659	SAMN06455153	SRS2035811	PRJNA348753	SRX2625854	1951313	Acholeplasmataceae bacterium UBA4950	ILLUMINA	Illumina HiSeq 2000	PAIRED	WGS	METAGENOMIC	RANDOM	194329	5947654	ftp.sra.ebi.ac.uk/vol1/fastq/SRR532/009/SRR5326659/SRR5326659.fastq.gz	3595893	2017-11-09	University of Queensland
SRR12068546	SAMN15341345	SRS6886902	PRJNA641121	SRX8596335	2151	Mesoplasma florum	ILLUMINA	Illumina Genome Analyzer IIx	SINGLE	RNA-Seq	TRANSCRIPTOMIC	RACE	10234272	409370880	ftp.sra.ebi.ac.uk/vol1/fastq/SRR120/046/SRR12068546/SRR12068546.fastq.gz	331618136	2020-11-04	GEO
SRR12068550	SAMN15341341	SRS6886906	PRJNA641121	SRX8596339	2151	Mesoplasma florum	ILLUMINA	Illumina HiSeq 2000	PAIRED	RNA-Seq	TRANSCRIPTOMIC	cDNA	8694785	869478500	ftp.sra.ebi.ac.uk/vol1/fastq/SRR120/050/SRR12068550/SRR12068550_1.fastq.gz;ftp.sra.ebi.ac.uk/vol1/fastq/SRR120/050/SRR12068550/SRR12068550_2.fastq.gz	284047370;298181250	2020-11-04	GEO
SRR3379292	SAMN04849257	SRS1412670	PRJNA318373	SRX1703505	2132	Spiroplasma	ILLUMINA	Illumina HiSeq 2000	SINGLE	RNA-Seq	TRANSCRIPTOMIC	RANDOM	23302414	1631168980	ftp.sra.ebi.ac.uk/vol1/fastq/SRR337/002/SRR3379292/SRR3379292.fastq.gz	1513626475	2016-04-28	
SRR3379297	SAMN04849262	SRS1412667	PRJNA318373	SRX1703510	2132	Spiroplasma	ILLUMINA	Illumina HiSeq 2000	SINGLE	RNA-Seq	TRANSCRIPTOMIC	RANDOM	47360361	3078423465	ftp.sra.ebi.ac.uk/vol1/fastq/SRR337/007/SRR3379297/SRR3379297.fastq.gz	2940826373	2016-04-28	
SRR3655228	SAMN05219306	SRS1494398	PRJNA325094	SRX1834925	441768	Acholeplasma laidlawii PG-8A	ABI_SOLID	AB 5500 Genetic Analyzer	SINGLE	RNA-Seq	TRANSCRIPTOMIC	other	7947032	202693654	ftp.sra.ebi.ac.uk/vol1/fastq/SRR365/008/SRR3655228/SRR3655228.fastq.gz	186190377	2016-06-11	
SRR36646726	SAMN50427621	SRS27632450	PRJNA1300801	SRX31658612	85647	Brinjal little leaf phytoplasma	ILLUMINA	Illumina NovaSeq 6000	PAIRED	WGS	GENOMIC	size fractionation	125109623	37783106146	ftp.sra.ebi.ac.uk/vol1/fastq/SRR366/026/SRR36646726/SRR36646726_1.fastq.gz;ftp.sra.ebi.ac.uk/vol1/fastq/SRR366/026/SRR36646726/SRR36646726_2.fastq.gz	7733059373;7912238430	2026-01-02	SUB15906644
SRR6129219	SAMN07735426	SRS2564711	PRJNA412852	SRX3241673	2151	Mesoplasma florum	ILLUMINA	Illumina MiSeq	PAIRED	WGS	GENOMIC	RANDOM	1000000	150160493	ftp.sra.ebi.ac.uk/vol1/fastq/SRR612/009/SRR6129219/SRR6129219_1.fastq.gz;ftp.sra.ebi.ac.uk/vol1/fastq/SRR612/009/SRR6129219/SRR6129219_2.fastq.gz	37982307;38775707	2017-10-04	
SRR6155014	SAMN05323707	SRS2579060	PRJNA327174	SRX3266852	270520	New Jersey aster yellows phytoplasma	LS454	454 GS Junior	SINGLE	WGS	GENOMIC	RANDOM	245924	144712618	ftp.sra.ebi.ac.uk/vol1/fastq/SRR615/004/SRR6155014/SRR6155014.fastq.gz	95400918	2017-10-11	
SRR6224383	SAMN07838951	SRS2635452	PRJNA415956	SRX3333020	2149	Mesoplasma entomophilum	ILLUMINA	Illumina MiSeq	PAIRED	WGS	GENOMIC	RANDOM	1000000	149877980	ftp.sra.ebi.ac.uk/vol1/fastq/SRR622/003/SRR6224383/SRR6224383_1.fastq.gz;ftp.sra.ebi.ac.uk/vol1/fastq/SRR622/003/SRR6224383/SRR6224383_2.fastq.gz	48197473;48811636	2017-11-03	SUB3163844
SRR6384330	SAMN01041251	SRS2764005	PRJNA167147	SRX3478018	1196417	Milkweed yellows phytoplasma str. MW1	ILLUMINA	Illumina MiSeq	PAIRED	WGS	GENOMIC	PCR	1309516	265523054	ftp.sra.ebi.ac.uk/vol1/fastq/SRR638/000/SRR6384330/SRR6384330_1.fastq.gz;ftp.sra.ebi.ac.uk/vol1/fastq/SRR638/000/SRR6384330/SRR6384330_2.fastq.gz	96949608;102657932	2018-02-21	SUB3350772
SRR6384331	SAMN01041250	SRS2764006	PRJNA167147	SRX3478017	1196421	Italian clover phyllody phytoplasma str. MA1	ILLUMINA	Illumina MiSeq	SINGLE	WGS	GENOMIC	PCR	987004	183582744	ftp.sra.ebi.ac.uk/vol1/fastq/SRR638/001/SRR6384331/SRR6384331_1.fastq.gz;ftp.sra.ebi.ac.uk/vol1/fastq/SRR638/001/SRR6384331/SRR6384331_2.fastq.gz	72033329;74242447	2018-02-21	SUB3350772
SRR6482119	SAMN08019177	SRS2842956	PRJNA417962	SRX3571968	1898209	Acholeplasmataceae bacterium	ILLUMINA	Illumina HiSeq 2000	PAIRED	WGS	METAGENOMIC	RANDOM	1340370	361801134	ftp.sra.ebi.ac.uk/vol1/fastq/SRR648/009/SRR6482119/SRR6482119.fastq.gz;ftp.sra.ebi.ac.uk/vol1/fastq/SRR648/009/SRR6482119/SRR6482119_1.fastq.gz;ftp.sra.ebi.ac.uk/vol1/fastq/SRR648/009/SRR6482119/SRR6482119_2.fastq.gz	13382746;76667578;74173916	2018-01-30	SUB3523619
SRR6482141	SAMN08018072	SRS2842934	PRJNA417962	SRX3571946	2053494	Acholeplasmatales bacterium	ILLUMINA	Illumina HiSeq 2000	PAIRED	WGS	METAGENOMIC	RANDOM	77461	18032248	ftp.sra.ebi.ac.uk/vol1/fastq/SRR648/001/SRR6482141/SRR6482141.fastq.gz;ftp.sra.ebi.ac.uk/vol1/fastq/SRR648/001/SRR6482141/SRR6482141_1.fastq.gz;ftp.sra.ebi.ac.uk/vol1/fastq/SRR648/001/SRR6482141/SRR6482141_2.fastq.gz	1798100;4933260;5010807	2018-01-30	SUB3523619
SRR6482801	SAMN08020053	SRS2843653	PRJNA417962	SRX3572683	1898209	Acholeplasmataceae bacterium	ILLUMINA	Illumina HiSeq 2000	PAIRED	WGS	METAGENOMIC	RANDOM	43441	11295413	ftp.sra.ebi.ac.uk/vol1/fastq/SRR648/001/SRR6482801/SRR6482801.fastq.gz;ftp.sra.ebi.ac.uk/vol1/fastq/SRR648/001/SRR6482801/SRR6482801_1.fastq.gz;ftp.sra.ebi.ac.uk/vol1/fastq/SRR648/001/SRR6482801/SRR6482801_2.fastq.gz	1089939;3132468;3113005	2018-03-06	SUB3523615
SRR6482941	SAMN08020431	SRS2843512	PRJNA417962	SRX3572543	2053494	Acholeplasmatales bacterium	ILLUMINA	Illumina HiSeq 2000	PAIRED	WGS	METAGENOMIC	RANDOM	427339	79913367	ftp.sra.ebi.ac.uk/vol1/fastq/SRR648/001/SRR6482941/SRR6482941.fastq.gz;ftp.sra.ebi.ac.uk/vol1/fastq/SRR648/001/SRR6482941/SRR6482941_1.fastq.gz;ftp.sra.ebi.ac.uk/vol1/fastq/SRR648/001/SRR6482941/SRR6482941_2.fastq.gz	651637;24495677;23205677	2018-03-06	SUB3523615
SRR6485654	SAMN08018608	SRS2845615	PRJNA417962	SRX3575733	1898209	Acholeplasmataceae bacterium	ILLUMINA	Illumina Genome Analyzer IIx	PAIRED	WGS	METAGENOMIC	RANDOM	36482	10858108	ftp.sra.ebi.ac.uk/vol1/fastq/SRR648/004/SRR6485654/SRR6485654.fastq.gz;ftp.sra.ebi.ac.uk/vol1/fastq/SRR648/004/SRR6485654/SRR6485654_1.fastq.gz;ftp.sra.ebi.ac.uk/vol1/fastq/SRR648/004/SRR6485654/SRR6485654_2.fastq.gz	111236;3288855;3545207	2018-02-24	SUB3441443
SRR6890695	SAMN08792428	SRS3087383	PRJNA445479	SRX3841180	2138	Spiroplasma poulsonii	ILLUMINA	Illumina HiSeq 2500	SINGLE	RNA-Seq	TRANSCRIPTOMIC	cDNA	20844925	2105337425	ftp.sra.ebi.ac.uk/vol1/fastq/SRR689/005/SRR6890695/SRR6890695.fastq.gz	614800976	2018-03-30	GEO
SRR6890698	SAMN08792425	SRS3087386	PRJNA445479	SRX3841183	2138	Spiroplasma poulsonii	ILLUMINA	Illumina HiSeq 2500	SINGLE	RNA-Seq	TRANSCRIPTOMIC	cDNA	16729288	1689658088	ftp.sra.ebi.ac.uk/vol1/fastq/SRR689/008/SRR6890698/SRR6890698.fastq.gz	556305195	2018-03-30	GEO
SRR6997616	SAMN08924924	SRS3165230	PRJNA450000	SRX3932181	2086	Anaeroplasma	ILLUMINA	Illumina MiSeq	PAIRED	AMPLICON	METATRANSCRIPTOMIC	PCR	51785	28274610	ftp.sra.ebi.ac.uk/vol1/fastq/SRR699/006/SRR6997616/SRR6997616_1.fastq.gz;ftp.sra.ebi.ac.uk/vol1/fastq/SRR699/006/SRR6997616/SRR6997616_2.fastq.gz	5777826;8242092	2018-04-18	SUB3902932
SRR7172060	SAMN09214233	SRS3306668	PRJNA274591	SRX4089927	2132	Spiroplasma	PACBIO_SMRT	PacBio RS II	SINGLE	WGS	GENOMIC	RANDOM	163482	5702072892	ftp.sra.ebi.ac.uk/vol1/fastq/SRR717/000/SRR7172060/SRR7172060_subreads.fastq.gz	4955146356	2022-01-02	SUB4046892
SRR8351619	SAMN10613655	SRS4171730	PRJNA510711	SRX5162593	40477	Mycoplasma mycoides subsp. capri	ILLUMINA	Illumina MiSeq	PAIRED	WGS	GENOMIC	RANDOM	494244	146053250	ftp.sra.ebi.ac.uk/vol1/fastq/SRR835/009/SRR8351619/SRR8351619_1.fastq.gz;ftp.sra.ebi.ac.uk/vol1/fastq/SRR835/009/SRR8351619/SRR8351619_2.fastq.gz	43864126;50108443	2019-11-01	SUB4642144
SRR8351623	SAMN10613659	SRS4171726	PRJNA510711	SRX5162589	40477	Mycoplasma mycoides subsp. capri	ILLUMINA	Illumina MiSeq	PAIRED	WGS	GENOMIC	RANDOM	914059	270456136	ftp.sra.ebi.ac.uk/vol1/fastq/SRR835/003/SRR8351623/SRR8351623_1.fastq.gz;ftp.sra.ebi.ac.uk/vol1/fastq/SRR835/003/SRR8351623/SRR8351623_2.fastq.gz	78415751;85816228	2019-11-01	SUB4642144
SRR8351634	SAMN10613674	SRS4171714	PRJNA510711	SRX5162578	40477	Mycoplasma mycoides subsp. capri	ILLUMINA	Illumina MiSeq	PAIRED	WGS	GENOMIC	RANDOM	3112867	1019627056	ftp.sra.ebi.ac.uk/vol1/fastq/SRR835/004/SRR8351634/SRR8351634_1.fastq.gz;ftp.sra.ebi.ac.uk/vol1/fastq/SRR835/004/SRR8351634/SRR8351634_2.fastq.gz	313833804;354910934	2019-11-01	SUB4642144
SRR8676460	SAMN09726146	SRS4445210	PRJNA205100	SRX5472379	216931	Spiroplasma alleghenense	ILLUMINA	Illumina HiSeq 2000	PAIRED	WGS	GENOMIC	RANDOM	1686402	568317474	ftp.sra.ebi.ac.uk/vol1/fastq/SRR867/000/SRR8676460/SRR8676460_1.fastq.gz;ftp.sra.ebi.ac.uk/vol1/fastq/SRR867/000/SRR8676460/SRR8676460_2.fastq.gz	220662882;146288226	2019-03-07	SUB5285557
SRR8961770	SAMN11349289	SRS4676830	PRJNA256019	SRX5741322	2138	Spiroplasma poulsonii	PACBIO_SMRT	PacBio RS II	SINGLE	WGS	GENOMIC	size fractionation	163482	1061072201	ftp.sra.ebi.ac.uk/vol1/fastq/SRR896/000/SRR8961770/SRR8961770_subreads.fastq.gz	885208110	2020-05-07	SUB5418832
SRR9399842	SAMN12110548	SRS5003324		SRX6165730	2151	Mesoplasma florum	CAPILLARY	AB 310 Genetic Analyzer	SINGLE	WGS	GENOMIC	unspecified	11136	8049312	ftp.sra.ebi.ac.uk/vol1/fastq/SRR939/002/SRR9399842/SRR9399842.fastq.gz	6242423	2020-02-10	BI
SRR9399845	SAMN12110548	SRS5003324		SRX6165733	2151	Mesoplasma florum	CAPILLARY	AB 310 Genetic Analyzer	SINGLE	WGS	GENOMIC	unspecified	7392	5496872	ftp.sra.ebi.ac.uk/vol1/fastq/SRR939/005/SRR9399845/SRR9399845.fastq.gz	4406412	2020-02-10	BI
SRR9494883	SAMN12121533	SRS5013984		SRX6260729	340047	Mycoplasma capricolum subsp. capricolum ATCC 27343	CAPILLARY	AB 310 Genetic Analyzer	SINGLE	WGA	GENOMIC	unspecified	6939	6956850	ftp.sra.ebi.ac.uk/vol1/fastq/SRR949/003/SRR9494883/SRR9494883.fastq.gz	5943549	2020-02-10	TIGR
SRR9494884	SAMN12121533	SRS5013984		SRX6260730	340047	Mycoplasma capricolum subsp. capricolum ATCC 27343	CAPILLARY	AB 310 Genetic Analyzer	SINGLE	WGA	GENOMIC	unspecified	849	808728	ftp.sra.ebi.ac.uk/vol1/fastq/SRR949/004/SRR9494884/SRR9494884.fastq.gz	596720	2020-02-10	TIGR
SRR9665356	SAMN12242012	SRS5081750	PRJNA553666	SRX6426230	519450	Mycoplasma anserisalpingitidis	ILLUMINA	NextSeq 500	PAIRED	WGS	GENOMIC	other	3546302	498902038	ftp.sra.ebi.ac.uk/vol1/fastq/SRR966/006/SRR9665356/SRR9665356_1.fastq.gz;ftp.sra.ebi.ac.uk/vol1/fastq/SRR966/006/SRR9665356/SRR9665356_2.fastq.gz	131196910;136848449	2019-07-11	SUB5937347
SRR9959597	SAMN12565253	SRS5261070	PRJNA559976	SRX6707142	2148	Acholeplasma laidlawii	ILLUMINA	Illumina HiSeq 2500	SINGLE	RNA-Seq	TRANSCRIPTOMIC	RANDOM PCR	4620879	277252740	ftp.sra.ebi.ac.uk/vol1/fastq/SRR995/007/SRR9959597/SRR9959597.fastq.gz	183851093	2019-08-15	SUB6165546
SRR9961684	SAMN12567574	SRS5263103	PRJNA559976	SRX6709215	2148	Acholeplasma laidlawii	ILLUMINA	Illumina HiSeq 2500	SINGLE	RNA-Seq	TRANSCRIPTOMIC	RANDOM PCR	3358076	201484560	ftp.sra.ebi.ac.uk/vol1/fastq/SRR996/004/SRR9961684/SRR9961684.fastq.gz	132375960	2019-08-15	SUB6175190
SRR9970879	SAMN12574271	SRS5270743	PRJNA543735	SRX6718207	2103	Mycoplasma mycoides subsp. mycoides	ILLUMINA	NextSeq 500	PAIRED	WGS	GENOMIC	RANDOM	1790708	494105994	ftp.sra.ebi.ac.uk/vol1/fastq/SRR997/009/SRR9970879/SRR9970879_1.fastq.gz;ftp.sra.ebi.ac.uk/vol1/fastq/SRR997/009/SRR9970879/SRR9970879_2.fastq.gz	152079006;153610620	2019-08-18	SUB6179702
ERR3253085	SAMEA104398269	ERS2016211	PRJEB6403	ERX3279889	2150	Haploplasma modicum	PACBIO_SMRT	Sequel	SINGLE	WGS	GENOMIC	RANDOM	31996	134801141	ftp.sra.ebi.ac.uk/vol1/fastq/ERR325/005/ERR3253085/ERR3253085_subreads.fastq.gz	40658126	2019-03-27	Wellcome Sanger Institute;SC
ERR3253100	SAMEA104398269	ERS2016211	PRJEB6403	ERX3279904	2150	Haploplasma modicum	PACBIO_SMRT	Sequel	SINGLE	WGS	GENOMIC	RANDOM	72680	315634738	ftp.sra.ebi.ac.uk/vol1/fastq/ERR325/000/ERR3253100/ERR3253100_subreads.fastq.gz	96161979	2019-03-27	Wellcome Sanger Institute;SC
ERR3283447	SAMEA5073049	ERS2884416	PRJEB21680	ERX3309991	2089	Anaeroplasma varium	ILLUMINA	HiSeq X Ten	PAIRED	WGS	GENOMIC	RANDOM	2652748	400564948	ftp.sra.ebi.ac.uk/vol1/fastq/ERR328/007/ERR3283447/ERR3283447_1.fastq.gz;ftp.sra.ebi.ac.uk/vol1/fastq/ERR328/007/ERR3283447/ERR3283447_2.fastq.gz	61882387;75087482	2019-04-16	Wellcome Sanger Institute;SC
ERR3283453	SAMEA5073052	ERS2884419	PRJEB21680	ERX3309997	2095	Mycoplasma capricolum	ILLUMINA	HiSeq X Ten	PAIRED	WGS	GENOMIC	RANDOM	3453580	521490580	ftp.sra.ebi.ac.uk/vol1/fastq/ERR328/003/ERR3283453/ERR3283453_1.fastq.gz;ftp.sra.ebi.ac.uk/vol1/fastq/ERR328/003/ERR3283453/ERR3283453_2.fastq.gz	74131418;91461077	2019-04-16	Wellcome Sanger Institute;SC
ERR3283459	SAMEA5073058	ERS2884425	PRJEB21680	ERX3310003	2101	Mycoplasma incognitus	ILLUMINA	HiSeq X Ten	PAIRED	WGS	GENOMIC	RANDOM	4049422	611462722	ftp.sra.ebi.ac.uk/vol1/fastq/ERR328/009/ERR3283459/ERR3283459_1.fastq.gz;ftp.sra.ebi.ac.uk/vol1/fastq/ERR328/009/ERR3283459/ERR3283459_2.fastq.gz	88186434;95986603	2019-04-16	Wellcome Sanger Institute;SC
ERR3283471	SAMEA5073070	ERS2884437	PRJEB21680	ERX3310015	2114	Entomoplasma ellychniae	ILLUMINA	HiSeq X Ten	PAIRED	WGS	GENOMIC	RANDOM	2976960	449520960	ftp.sra.ebi.ac.uk/vol1/fastq/ERR328/001/ERR3283471/ERR3283471_1.fastq.gz;ftp.sra.ebi.ac.uk/vol1/fastq/ERR328/001/ERR3283471/ERR3283471_2.fastq.gz	62325188;70898114	2019-04-16	Wellcome Sanger Institute;SC
ERR3283480	SAMEA5073079	ERS2884446	PRJEB21680	ERX3310024	2123	Mycoplasma putrefaciens	ILLUMINA	HiSeq X Ten	PAIRED	WGS	GENOMIC	RANDOM	2573764	388638364	ftp.sra.ebi.ac.uk/vol1/fastq/ERR328/000/ERR3283480/ERR3283480_1.fastq.gz;ftp.sra.ebi.ac.uk/vol1/fastq/ERR328/000/ERR3283480/ERR3283480_2.fastq.gz	59395413;74080794	2019-04-16	Wellcome Sanger Institute;SC
ERR3283493	SAMEA5073087	ERS2884454	PRJEB21680	ERX3310037	2136	Spiroplasma monobiae	ILLUMINA	HiSeq X Ten	PAIRED	WGS	GENOMIC	RANDOM	3817048	576374248	ftp.sra.ebi.ac.uk/vol1/fastq/ERR328/003/ERR3283493/ERR3283493_1.fastq.gz;ftp.sra.ebi.ac.uk/vol1/fastq/ERR328/003/ERR3283493/ERR3283493_2.fastq.gz	83358529;98023188	2019-04-16	Wellcome Sanger Institute;SC
ERR3283494	SAMEA5073088	ERS2884455	PRJEB21680	ERX3310038	2137	Spiroplasma apis	ILLUMINA	HiSeq X Ten	PAIRED	WGS	GENOMIC	RANDOM	3130388	472688588	ftp.sra.ebi.ac.uk/vol1/fastq/ERR328/004/ERR3283494/ERR3283494_1.fastq.gz;ftp.sra.ebi.ac.uk/vol1/fastq/ERR328/004/ERR3283494/ERR3283494_2.fastq.gz	68313693;87987100	2019-04-16	Wellcome Sanger Institute;SC
DRR067160	SAMD00057673	DRS073757	PRJDB5103	DRX061098	262768	Onion yellows phytoplasma OY-M	ILLUMINA	Illumina MiSeq	SINGLE	OTHER	TRANSCRIPTOMIC	RACE	1161100	50476079	ftp.sra.ebi.ac.uk/vol1/fastq/DRR067/DRR067160/DRR067160.fastq.gz	36309185	2018-08-15	UT-GALS
DRR240860	SAMD00239571	DRS180583	PRJDB10389	DRX230719	100379	Onion yellows phytoplasma	ILLUMINA	Illumina MiSeq	PAIRED	WGS	GENOMIC	RANDOM	2530781	999493651	ftp.sra.ebi.ac.uk/vol1/fastq/DRR240/DRR240860/DRR240860_1.fastq.gz;ftp.sra.ebi.ac.uk/vol1/fastq/DRR240/DRR240860/DRR240860_2.fastq.gz	371497466;435314082	2021-04-25	UT-GALS
DRR423634	SAMD00560599	DRS356897	PRJDB14779	DRX408853	1225349	Rhus yellows phytoplasma	ILLUMINA	Illumina MiSeq	PAIRED	WGS	GENOMIC	RANDOM	3138422	694797523	ftp.sra.ebi.ac.uk/vol1/fastq/DRR423/DRR423634/DRR423634_1.fastq.gz;ftp.sra.ebi.ac.uk/vol1/fastq/DRR423/DRR423634/DRR423634_2.fastq.gz	138996322;139781011	2024-01-12	UT-GALS
DRR531723	SAMD00747047	DRS391838	PRJDB17543	DRX515596	216933	Spiroplasma chrysopicola	DNBSEQ	DNBSEQ-G400	PAIRED	WGS	GENOMIC	PCR	2555193	766557900	ftp.sra.ebi.ac.uk/vol1/fastq/DRR531/DRR531723/DRR531723_1.fastq.gz;ftp.sra.ebi.ac.uk/vol1/fastq/DRR531/DRR531723/DRR531723_2.fastq.gz	216392592;254027626	2024-06-30	National Institute of Advanced Industrial Science and Technology
ERR119334	SAMEA1409152	ERS075467	PRJEB2281	ERX095606	273136	Mycoplasma amphoriforme	ILLUMINA	Illumina HiSeq 2000	PAIRED	WGS	GENOMIC	RANDOM	3975013	596251950	ftp.sra.ebi.ac.uk/vol1/fastq/ERR119/ERR119334/ERR119334_1.fastq.gz;ftp.sra.ebi.ac.uk/vol1/fastq/ERR119/ERR119334/ERR119334_2.fastq.gz	300290300;290842438	2012-04-30	Wellcome Sanger Institute;SC
ERR119336	SAMEA1409135	ERS075469	PRJEB2281	ERX095608	273136	Mycoplasma amphoriforme	ILLUMINA	Illumina HiSeq 2000	PAIRED	WGS	GENOMIC	RANDOM	3988781	598317150	ftp.sra.ebi.ac.uk/vol1/fastq/ERR119/ERR119336/ERR119336_1.fastq.gz;ftp.sra.ebi.ac.uk/vol1/fastq/ERR119/ERR119336/ERR119336_2.fastq.gz	301518613;292183456	2012-04-30	Wellcome Sanger Institute;SC
ERR119346	SAMEA1409138	ERS075479	PRJEB2281	ERX095618	273136	Mycoplasma amphoriforme	ILLUMINA	Illumina HiSeq 2000	PAIRED	WGS	GENOMIC	RANDOM	2789128	418369200	ftp.sra.ebi.ac.uk/vol1/fastq/ERR119/ERR119346/ERR119346_1.fastq.gz;ftp.sra.ebi.ac.uk/vol1/fastq/ERR119/ERR119346/ERR119346_2.fastq.gz	210963188;204359570	2012-04-30	Wellcome Sanger Institute;SC
ERR119348	SAMEA1409128	ERS075481	PRJEB2281	ERX095620	273136	Mycoplasma amphoriforme	ILLUMINA	Illumina HiSeq 2000	PAIRED	WGS	GENOMIC	RANDOM	4346340	651951000	ftp.sra.ebi.ac.uk/vol1/fastq/ERR119/ERR119348/ERR119348_1.fastq.gz;ftp.sra.ebi.ac.uk/vol1/fastq/ERR119/ERR119348/ERR119348_2.fastq.gz	327922895;316797937	2012-04-30	Wellcome Sanger Institute;SC
ERR119351	SAMEA1409137	ERS075484	PRJEB2281	ERX095623	273136	Mycoplasma amphoriforme	ILLUMINA	Illumina HiSeq 2000	PAIRED	WGS	GENOMIC	RANDOM	3942875	591431250	ftp.sra.ebi.ac.uk/vol1/fastq/ERR119/ERR119351/ERR119351_1.fastq.gz;ftp.sra.ebi.ac.uk/vol1/fastq/ERR119/ERR119351/ERR119351_2.fastq.gz	298458476;288732642	2012-04-30	Wellcome Sanger Institute;SC
ERR119352	SAMEA1409131	ERS075485	PRJEB2281	ERX095624	273136	Mycoplasma amphoriforme	ILLUMINA	Illumina HiSeq 2000	PAIRED	WGS	GENOMIC	RANDOM	3442919	516437850	ftp.sra.ebi.ac.uk/vol1/fastq/ERR119/ERR119352/ERR119352_1.fastq.gz;ftp.sra.ebi.ac.uk/vol1/fastq/ERR119/ERR119352/ERR119352_2.fastq.gz	260620121;252521042	2012-04-30	Wellcome Sanger Institute;SC
ERR3938365	SAMEA6237242	ERS4036933	PRJEB35485	ERX3946213	1179777	Mycoplasma feriruminatoris	PACBIO_SMRT	Sequel	SINGLE	WGS	GENOMIC	RANDOM	138937	969380462	ftp.sra.ebi.ac.uk/vol1/fastq/ERR393/005/ERR3938365/ERR3938365_subreads.fastq.gz	296113860	2020-02-20	Swiss Institute of Bioinformatics;Switzerland;SIB
ERR3946903	SAMEA6582301	ERS4346608	PRJEB36873	ERX3954703	870728	Tomato witches'-broom phytoplasma	ILLUMINA	Illumina HiSeq 4000	PAIRED	OTHER	METAGENOMIC	PCR	1448254	435010408	ftp.sra.ebi.ac.uk/vol1/fastq/ERR394/003/ERR3946903/ERR3946903_1.fastq.gz;ftp.sra.ebi.ac.uk/vol1/fastq/ERR394/003/ERR3946903/ERR3946903_2.fastq.gz	131165392;145116898	2020-02-22	University of California San Diego Microbiome Initiative;UCSDMI
ERR430949	SAMEA2357029	ERS402210	PRJEB5432	ERX397224	482235	Candidatus Phytoplasma mali AT	ILLUMINA	Illumina Genome Analyzer IIx	SINGLE	RNA-Seq	METATRANSCRIPTOMIC	RANDOM	1264	145316	ftp.sra.ebi.ac.uk/vol1/fastq/ERR430/ERR430949/ERR430949.fastq.gz	68904	2014-03-03	HUMBOLDT UNIVERSITY BERLIN
ERR15956689	SAMEA120610654	ERS27947332	PRJEB104317	ERX15351915	2141	Spiroplasma ixodetis	ILLUMINA	NextSeq 550	PAIRED	WGS	METAGENOMIC	RANDOM	8557564	1043725234	ftp.sra.ebi.ac.uk/vol1/fastq/ERR159/089/ERR15956689/ERR15956689_1.fastq.gz;ftp.sra.ebi.ac.uk/vol1/fastq/ERR159/089/ERR15956689/ERR15956689_2.fastq.gz	324473396;329955479	2026-06-30	University of Ljubljana Medicine Faculty Institute for Microbiology;UL MF IMI
ERR15956700	SAMEA120610665	ERS27947343	PRJEB104317	ERX15351926	2141	Spiroplasma ixodetis	ILLUMINA	NextSeq 550	PAIRED	WGS	METAGENOMIC	RANDOM	2092732	239515762	ftp.sra.ebi.ac.uk/vol1/fastq/ERR159/000/ERR15956700/ERR15956700_1.fastq.gz;ftp.sra.ebi.ac.uk/vol1/fastq/ERR159/000/ERR15956700/ERR15956700_2.fastq.gz	73791991;75736832	2026-06-30	University of Ljubljana Medicine Faculty Institute for Microbiology;UL MF IMI
ERR15956705	SAMEA120610667	ERS27947346	PRJEB104317	ERX15351931	2141	Spiroplasma ixodetis	OXFORD_NANOPORE	PromethION	SINGLE	AMPLICON	METAGENOMIC	PCR	777	720607	ftp.sra.ebi.ac.uk/vol1/fastq/ERR159/005/ERR15956705/ERR15956705.fastq.gz	628874	2026-06-30	University of Ljubljana Medicine Faculty Institute for Microbiology;UL MF IMI
ERR15956711	SAMEA120610673	ERS27947353	PRJEB104317	ERX15351937	2141	Spiroplasma ixodetis	OXFORD_NANOPORE	PromethION	SINGLE	AMPLICON	METAGENOMIC	PCR	25178	13996680	ftp.sra.ebi.ac.uk/vol1/fastq/ERR159/011/ERR15956711/ERR15956711.fastq.gz	12605470	2026-06-30	University of Ljubljana Medicine Faculty Institute for Microbiology;UL MF IMI
ERR15956718	SAMEA120610680	ERS27947362	PRJEB104317	ERX15351944	2141	Spiroplasma ixodetis	OXFORD_NANOPORE	PromethION	SINGLE	AMPLICON	METAGENOMIC	PCR	429	305370	ftp.sra.ebi.ac.uk/vol1/fastq/ERR159/018/ERR15956718/ERR15956718.fastq.gz	261733	2026-06-30	University of Ljubljana Medicine Faculty Institute for Microbiology;UL MF IMI
ERR15956719	SAMEA120610681	ERS27947363	PRJEB104317	ERX15351945	2141	Spiroplasma ixodetis	OXFORD_NANOPORE	PromethION	SINGLE	AMPLICON	METAGENOMIC	PCR	508	239148	ftp.sra.ebi.ac.uk/vol1/fastq/ERR159/019/ERR15956719/ERR15956719.fastq.gz	224505	2026-06-30	University of Ljubljana Medicine Faculty Institute for Microbiology;UL MF IMI
ERR15956720	SAMEA120610682	ERS27947364	PRJEB104317	ERX15351946	2141	Spiroplasma ixodetis	OXFORD_NANOPORE	PromethION	SINGLE	AMPLICON	METAGENOMIC	PCR	93782	125946590	ftp.sra.ebi.ac.uk/vol1/fastq/ERR159/020/ERR15956720/ERR15956720.fastq.gz	95069959	2026-06-30	University of Ljubljana Medicine Faculty Institute for Microbiology;UL MF IMI
ERR15956725	SAMEA120610687	ERS27947369	PRJEB104317	ERX15351951	2141	Spiroplasma ixodetis	OXFORD_NANOPORE	PromethION	SINGLE	AMPLICON	METAGENOMIC	PCR	100998	130995322	ftp.sra.ebi.ac.uk/vol1/fastq/ERR159/025/ERR15956725/ERR15956725.fastq.gz	99261203	2026-06-30	University of Ljubljana Medicine Faculty Institute for Microbiology;UL MF IMI
ERR15956728	SAMEA120610690	ERS27947372	PRJEB104317	ERX15351954	2141	Spiroplasma ixodetis	OXFORD_NANOPORE	PromethION	SINGLE	AMPLICON	METAGENOMIC	PCR	118087	157863065	ftp.sra.ebi.ac.uk/vol1/fastq/ERR159/028/ERR15956728/ERR15956728.fastq.gz	118770792	2026-06-30	University of Ljubljana Medicine Faculty Institute for Microbiology;UL MF IMI
ERR15956731	SAMEA120610693	ERS27947375	PRJEB104317	ERX15351957	2141	Spiroplasma ixodetis	OXFORD_NANOPORE	PromethION	SINGLE	AMPLICON	METAGENOMIC	PCR	101502	136574086	ftp.sra.ebi.ac.uk/vol1/fastq/ERR159/031/ERR15956731/ERR15956731.fastq.gz	103242510	2026-06-30	University of Ljubljana Medicine Faculty Institute for Microbiology;UL MF IMI
ERR15956732	SAMEA120610694	ERS27947376	PRJEB104317	ERX15351958	2141	Spiroplasma ixodetis	OXFORD_NANOPORE	PromethION	SINGLE	AMPLICON	METAGENOMIC	PCR	113336	152691705	ftp.sra.ebi.ac.uk/vol1/fastq/ERR159/032/ERR15956732/ERR15956732.fastq.gz	115261168	2026-06-30	University of Ljubljana Medicine Faculty Institute for Microbiology;UL MF IMI
ERR15956733	SAMEA120610695	ERS27947377	PRJEB104317	ERX15351959	2141	Spiroplasma ixodetis	OXFORD_NANOPORE	PromethION	SINGLE	AMPLICON	METAGENOMIC	PCR	102117	136571641	ftp.sra.ebi.ac.uk/vol1/fastq/ERR159/033/ERR15956733/ERR15956733.fastq.gz	103285394	2026-06-30	University of Ljubljana Medicine Faculty Institute for Microbiology;UL MF IMI
ERR15956742	SAMEA120610704	ERS27947386	PRJEB104317	ERX15351968	2141	Spiroplasma ixodetis	OXFORD_NANOPORE	PromethION	SINGLE	AMPLICON	METAGENOMIC	PCR	88122	117792775	ftp.sra.ebi.ac.uk/vol1/fastq/ERR159/042/ERR15956742/ERR15956742.fastq.gz	91284676	2026-06-30	University of Ljubljana Medicine Faculty Institute for Microbiology;UL MF IMI
ERR15956750	SAMEA120610712	ERS27947394	PRJEB104317	ERX15351976	2141	Spiroplasma ixodetis	OXFORD_NANOPORE	PromethION	SINGLE	AMPLICON	METAGENOMIC	PCR	7558	5219437	ftp.sra.ebi.ac.uk/vol1/fastq/ERR159/050/ERR15956750/ERR15956750.fastq.gz	4284787	2026-06-30	University of Ljubljana Medicine Faculty Institute for Microbiology;UL MF IMI
ERR15956752	SAMEA120610714	ERS27947396	PRJEB104317	ERX15351978	2141	Spiroplasma ixodetis	OXFORD_NANOPORE	PromethION	SINGLE	AMPLICON	METAGENOMIC	PCR	6929	5995044	ftp.sra.ebi.ac.uk/vol1/fastq/ERR159/052/ERR15956752/ERR15956752.fastq.gz	4793067	2026-06-30	University of Ljubljana Medicine Faculty Institute for Microbiology;UL MF IMI
ERR15956765	SAMEA120610727	ERS27947411	PRJEB104317	ERX15351991	2141	Spiroplasma ixodetis	OXFORD_NANOPORE	PromethION	SINGLE	AMPLICON	METAGENOMIC	PCR	274978	170496231	ftp.sra.ebi.ac.uk/vol1/fastq/ERR159/065/ERR15956765/ERR15956765.fastq.gz	114517388	2026-06-30	University of Ljubljana Medicine Faculty Institute for Microbiology;UL MF IMI
ERR15956766	SAMEA120610728	ERS27947412	PRJEB104317	ERX15351992	2141	Spiroplasma ixodetis	OXFORD_NANOPORE	PromethION	SINGLE	AMPLICON	METAGENOMIC	PCR	23121	11669737	ftp.sra.ebi.ac.uk/vol1/fastq/ERR159/066/ERR15956766/ERR15956766.fastq.gz	8134905	2026-06-30	University of Ljubljana Medicine Faculty Institute for Microbiology;UL MF IMI
ERR15956768	SAMEA120610730	ERS27947415	PRJEB104317	ERX15351994	2141	Spiroplasma ixodetis	OXFORD_NANOPORE	PromethION	SINGLE	AMPLICON	METAGENOMIC	PCR	188864	66567011	ftp.sra.ebi.ac.uk/vol1/fastq/ERR159/068/ERR15956768/ERR15956768.fastq.gz	48895576	2026-06-30	University of Ljubljana Medicine Faculty Institute for Microbiology;UL MF IMI
ERR15956777	SAMEA120610739	ERS27947425	PRJEB104317	ERX15352003	2141	Spiroplasma ixodetis	OXFORD_NANOPORE	PromethION	SINGLE	AMPLICON	METAGENOMIC	PCR	149737	63565404	ftp.sra.ebi.ac.uk/vol1/fastq/ERR159/077/ERR15956777/ERR15956777.fastq.gz	45365382	2026-06-30	University of Ljubljana Medicine Faculty Institute for Microbiology;UL MF IMI
ERR15956780	SAMEA120610742	ERS27947428	PRJEB104317	ERX15352006	2141	Spiroplasma ixodetis	OXFORD_NANOPORE	PromethION	SINGLE	AMPLICON	METAGENOMIC	PCR	229073	153611412	ftp.sra.ebi.ac.uk/vol1/fastq/ERR159/080/ERR15956780/ERR15956780.fastq.gz	101788708	2026-06-30	University of Ljubljana Medicine Faculty Institute for Microbiology;UL MF IMI
ERR15956783	SAMEA120610745	ERS27947431	PRJEB104317	ERX15352009	2141	Spiroplasma ixodetis	OXFORD_NANOPORE	PromethION	SINGLE	AMPLICON	METAGENOMIC	PCR	236705	160881032	ftp.sra.ebi.ac.uk/vol1/fastq/ERR159/083/ERR15956783/ERR15956783.fastq.gz	105855090	2026-06-30	University of Ljubljana Medicine Faculty Institute for Microbiology;UL MF IMI
ERR15956787	SAMEA120610749	ERS27947435	PRJEB104317	ERX15352013	2141	Spiroplasma ixodetis	OXFORD_NANOPORE	PromethION	SINGLE	AMPLICON	METAGENOMIC	PCR	254234	170803901	ftp.sra.ebi.ac.uk/vol1/fastq/ERR159/087/ERR15956787/ERR15956787.fastq.gz	112382415	2026-06-30	University of Ljubljana Medicine Faculty Institute for Microbiology;UL MF IMI
ERR15956789	SAMEA120610751	ERS27947437	PRJEB104317	ERX15352015	2141	Spiroplasma ixodetis	OXFORD_NANOPORE	PromethION	SINGLE	AMPLICON	METAGENOMIC	PCR	185543	123425836	ftp.sra.ebi.ac.uk/vol1/fastq/ERR159/089/ERR15956789/ERR15956789.fastq.gz	81448741	2026-06-30	University of Ljubljana Medicine Faculty Institute for Microbiology;UL MF IMI
ERR15956796	SAMEA120610758	ERS27947444	PRJEB104317	ERX15352022	2141	Spiroplasma ixodetis	OXFORD_NANOPORE	PromethION	SINGLE	AMPLICON	METAGENOMIC	PCR	226934	152706668	ftp.sra.ebi.ac.uk/vol1/fastq/ERR159/096/ERR15956796/ERR15956796.fastq.gz	101018850	2026-06-30	University of Ljubljana Medicine Faculty Institute for Microbiology;UL MF IMI
ERR15956799	SAMEA120610761	ERS27947447	PRJEB104317	ERX15352025	2141	Spiroplasma ixodetis	OXFORD_NANOPORE	PromethION	SINGLE	AMPLICON	METAGENOMIC	PCR	176364	118399012	ftp.sra.ebi.ac.uk/vol1/fastq/ERR159/099/ERR15956799/ERR15956799.fastq.gz	78008775	2026-06-30	University of Ljubljana Medicine Faculty Institute for Microbiology;UL MF IMI
ERR15956812	SAMEA120610774	ERS27947460	PRJEB104317	ERX15352038	2141	Spiroplasma ixodetis	OXFORD_NANOPORE	PromethION	SINGLE	AMPLICON	METAGENOMIC	PCR	287472	193684064	ftp.sra.ebi.ac.uk/vol1/fastq/ERR159/012/ERR15956812/ERR15956812.fastq.gz	127834958	2026-06-30	University of Ljubljana Medicine Faculty Institute for Microbiology;UL MF IMI
ERR15956817	SAMEA120610779	ERS27947465	PRJEB104317	ERX15352043	2141	Spiroplasma ixodetis	OXFORD_NANOPORE	PromethION	SINGLE	AMPLICON	METAGENOMIC	PCR	190444	127097787	ftp.sra.ebi.ac.uk/vol1/fastq/ERR159/017/ERR15956817/ERR15956817.fastq.gz	83561220	2026-06-30	University of Ljubljana Medicine Faculty Institute for Microbiology;UL MF IMI
ERR17364359	SAMEA122718702	ERS30342987	PRJEB113329	ERX16753756	2103	Mycoplasma mycoides subsp. mycoides	PACBIO_SMRT	Sequel II	SINGLE	WGS	GENOMIC	RANDOM	36588	447536260	ftp.sra.ebi.ac.uk/vol1/fastq/ERR173/059/ERR17364359/ERR17364359.fastq.gz	441009475	2026-06-03	University of Bern;jingzhanglr@gmail.com
ERR17364569	SAMEA122718691	ERS30342976	PRJEB113329	ERX16753966	40479	Mycoplasma capricolum subsp. capricolum	PACBIO_SMRT	Sequel	SINGLE	WGS	GENOMIC	RANDOM	41268	291588845	ftp.sra.ebi.ac.uk/vol1/fastq/ERR173/069/ERR17364569/ERR17364569.fastq.gz	85214018	2026-06-04	University of Bern;jingzhanglr@gmail.com
ERR17365160	SAMEA122718696	ERS30342981	PRJEB113329	ERX16754557	40477	Mycoplasma mycoides subsp. capri	PACBIO_SMRT	Revio	SINGLE	WGS	GENOMIC	RANDOM	130369	1101743144	ftp.sra.ebi.ac.uk/vol1/fastq/ERR173/060/ERR17365160/ERR17365160.fastq.gz	350993500	2026-06-04	University of Bern;jingzhanglr@gmail.com
ERR17366117	SAMEA122718672	ERS30342957	PRJEB113329	ERX16755639	2105	Mycoplasma leachii	PACBIO_SMRT	Revio	SINGLE	WGS	GENOMIC	RANDOM	497580	3312544394	ftp.sra.ebi.ac.uk/vol1/fastq/ERR173/017/ERR17366117/ERR17366117.fastq.gz	532964984	2026-06-04	University of Bern;jingzhanglr@gmail.com
ERR17366118	SAMEA122718671	ERS30342956	PRJEB113329	ERX16755640	2105	Mycoplasma leachii	PACBIO_SMRT	Revio	SINGLE	WGS	GENOMIC	RANDOM	541554	4019883871	ftp.sra.ebi.ac.uk/vol1/fastq/ERR173/018/ERR17366118/ERR17366118.fastq.gz	674477982	2026-06-04	University of Bern;jingzhanglr@gmail.com
ERR8048779	SAMEA12361910	ERS9968700	PRJEB50216	ERX7615516	572419	Mycoplasma amphoriforme A39	ILLUMINA	NextSeq 500	PAIRED	WGS	GENOMIC	Hybrid Selection	4068000	302211642	ftp.sra.ebi.ac.uk/vol1/fastq/ERR804/009/ERR8048779/ERR8048779_1.fastq.gz;ftp.sra.ebi.ac.uk/vol1/fastq/ERR804/009/ERR8048779/ERR8048779_2.fastq.gz	98356318;100267429	2022-02-18	University of Glasgow
ERR8048787	SAMEA12361919	ERS9968708	PRJEB50216	ERX7615524	572419	Mycoplasma amphoriforme A39	ILLUMINA	NextSeq 500	PAIRED	WGS	GENOMIC	Hybrid Selection	3198600	238004263	ftp.sra.ebi.ac.uk/vol1/fastq/ERR804/007/ERR8048787/ERR8048787_1.fastq.gz;ftp.sra.ebi.ac.uk/vol1/fastq/ERR804/007/ERR8048787/ERR8048787_2.fastq.gz	77776896;79785261	2022-02-18	University of Glasgow
ERR8048788	SAMEA12361920	ERS9968709	PRJEB50216	ERX7615525	572419	Mycoplasma amphoriforme A39	ILLUMINA	NextSeq 500	PAIRED	WGS	GENOMIC	Hybrid Selection	3588676	267346240	ftp.sra.ebi.ac.uk/vol1/fastq/ERR804/008/ERR8048788/ERR8048788_1.fastq.gz;ftp.sra.ebi.ac.uk/vol1/fastq/ERR804/008/ERR8048788/ERR8048788_2.fastq.gz	86291235;89709116	2022-02-18	University of Glasgow
ERR8048793	SAMEA12361925	ERS9968714	PRJEB50216	ERX7615530	572419	Mycoplasma amphoriforme A39	ILLUMINA	NextSeq 500	PAIRED	WGS	GENOMIC	Hybrid Selection	3063620	220618695	ftp.sra.ebi.ac.uk/vol1/fastq/ERR804/003/ERR8048793/ERR8048793_1.fastq.gz;ftp.sra.ebi.ac.uk/vol1/fastq/ERR804/003/ERR8048793/ERR8048793_2.fastq.gz	72667216;75861834	2022-02-18	University of Glasgow
ERR8048797	SAMEA12361929	ERS9968718	PRJEB50216	ERX7615534	572419	Mycoplasma amphoriforme A39	ILLUMINA	NextSeq 500	PAIRED	WGS	GENOMIC	Hybrid Selection	3188492	236779679	ftp.sra.ebi.ac.uk/vol1/fastq/ERR804/007/ERR8048797/ERR8048797_1.fastq.gz;ftp.sra.ebi.ac.uk/vol1/fastq/ERR804/007/ERR8048797/ERR8048797_2.fastq.gz	77648128;86529265	2022-02-18	University of Glasgow
ERR8048804	SAMEA12361936	ERS9968725	PRJEB50216	ERX7615541	572419	Mycoplasma amphoriforme A39	ILLUMINA	NextSeq 500	PAIRED	WGS	GENOMIC	Hybrid Selection	2517694	187975159	ftp.sra.ebi.ac.uk/vol1/fastq/ERR804/004/ERR8048804/ERR8048804_1.fastq.gz;ftp.sra.ebi.ac.uk/vol1/fastq/ERR804/004/ERR8048804/ERR8048804_2.fastq.gz	60686775;64607103	2022-02-18	University of Glasgow
ERR8048806	SAMEA12361938	ERS9968727	PRJEB50216	ERX7615543	572419	Mycoplasma amphoriforme A39	ILLUMINA	NextSeq 500	PAIRED	WGS	GENOMIC	Hybrid Selection	2038286	152835206	ftp.sra.ebi.ac.uk/vol1/fastq/ERR804/006/ERR8048806/ERR8048806_1.fastq.gz;ftp.sra.ebi.ac.uk/vol1/fastq/ERR804/006/ERR8048806/ERR8048806_2.fastq.gz	49153545;53423035	2022-02-18	University of Glasgow
ERR8048821	SAMEA12361953	ERS9968742	PRJEB50216	ERX7615558	572419	Mycoplasma amphoriforme A39	ILLUMINA	NextSeq 500	PAIRED	WGS	GENOMIC	Hybrid Selection	3316852	246830863	ftp.sra.ebi.ac.uk/vol1/fastq/ERR804/001/ERR8048821/ERR8048821_1.fastq.gz;ftp.sra.ebi.ac.uk/vol1/fastq/ERR804/001/ERR8048821/ERR8048821_2.fastq.gz	79953730;83562982	2022-02-18	University of Glasgow
ERR8048824	SAMEA12361956	ERS9968745	PRJEB50216	ERX7615561	572419	Mycoplasma amphoriforme A39	ILLUMINA	NextSeq 500	PAIRED	WGS	GENOMIC	Hybrid Selection	1901398	141796720	ftp.sra.ebi.ac.uk/vol1/fastq/ERR804/004/ERR8048824/ERR8048824_1.fastq.gz;ftp.sra.ebi.ac.uk/vol1/fastq/ERR804/004/ERR8048824/ERR8048824_2.fastq.gz	46941953;48230156	2022-02-18	University of Glasgow
ERR8048827	SAMEA12361959	ERS9968748	PRJEB50216	ERX7615564	572419	Mycoplasma amphoriforme A39	ILLUMINA	NextSeq 500	PAIRED	WGS	GENOMIC	Hybrid Selection	1808426	135292756	ftp.sra.ebi.ac.uk/vol1/fastq/ERR804/007/ERR8048827/ERR8048827_1.fastq.gz;ftp.sra.ebi.ac.uk/vol1/fastq/ERR804/007/ERR8048827/ERR8048827_2.fastq.gz	45118804;46632151	2022-02-18	University of Glasgow
ERR8048828	SAMEA12361960	ERS9968749	PRJEB50216	ERX7615565	572419	Mycoplasma amphoriforme A39	ILLUMINA	NextSeq 500	PAIRED	WGS	GENOMIC	Hybrid Selection	1112336	82126101	ftp.sra.ebi.ac.uk/vol1/fastq/ERR804/008/ERR8048828/ERR8048828_1.fastq.gz;ftp.sra.ebi.ac.uk/vol1/fastq/ERR804/008/ERR8048828/ERR8048828_2.fastq.gz	27024805;27880309	2022-02-18	University of Glasgow
ERR923386	SAMEA3465009	ERS760608	PRJEB9677	ERX1002661	2103	Mycoplasma mycoides subsp. mycoides	ILLUMINA	Illumina HiSeq 2500	SINGLE	RNA-Seq	TRANSCRIPTOMIC	Oligo-dT	56487581	2880866631	ftp.sra.ebi.ac.uk/vol1/fastq/ERR923/ERR923386/ERR923386.fastq.gz	2390407659	2015-08-21	HZI - HELMHOLTZ CENTRE FOR INFECTION RESEARCH, BRAUNSCHWEIG, GERMANY
ERR923389	SAMEA3465012	ERS760611	PRJEB9677	ERX1002664	2103	Mycoplasma mycoides subsp. mycoides	ILLUMINA	Illumina HiSeq 2500	SINGLE	RNA-Seq	TRANSCRIPTOMIC	Oligo-dT	36845261	1879108311	ftp.sra.ebi.ac.uk/vol1/fastq/ERR923/ERR923389/ERR923389.fastq.gz	1559065738	2015-08-21	HZI - HELMHOLTZ CENTRE FOR INFECTION RESEARCH, BRAUNSCHWEIG, GERMANY
ERR923390	SAMEA3465013	ERS760612	PRJEB9677	ERX1002665	2103	Mycoplasma mycoides subsp. mycoides	ILLUMINA	Illumina HiSeq 2500	SINGLE	RNA-Seq	TRANSCRIPTOMIC	Oligo-dT	30517803	1556407953	ftp.sra.ebi.ac.uk/vol1/fastq/ERR923/ERR923390/ERR923390.fastq.gz	1283418444	2015-08-21	HZI - HELMHOLTZ CENTRE FOR INFECTION RESEARCH, BRAUNSCHWEIG, GERMANY
ERR926452	SAMEA3231224	ERS652458	PRJEB8311	ERX1005727	572419	Mycoplasma amphoriforme A39	ILLUMINA	Illumina HiSeq 2000	PAIRED	WXS	GENOMIC	Hybrid Selection	29146222	2185966650	ftp.sra.ebi.ac.uk/vol1/fastq/ERR926/ERR926452/ERR926452_1.fastq.gz;ftp.sra.ebi.ac.uk/vol1/fastq/ERR926/ERR926452/ERR926452_2.fastq.gz	1044327239;1056581413	2015-06-23	Wellcome Sanger Institute;SC
ERR926460	SAMEA3231232	ERS652466	PRJEB8311	ERX1005735	572419	Mycoplasma amphoriforme A39	ILLUMINA	Illumina HiSeq 2000	PAIRED	WXS	GENOMIC	Hybrid Selection	17504896	1312867200	ftp.sra.ebi.ac.uk/vol1/fastq/ERR926/ERR926460/ERR926460_1.fastq.gz;ftp.sra.ebi.ac.uk/vol1/fastq/ERR926/ERR926460/ERR926460_2.fastq.gz	628672864;638010066	2015-06-23	Wellcome Sanger Institute;SC
SRR10270701	SAMN13021990	SRS5508261	PRJNA577234	SRX6983912	2148	Acholeplasma laidlawii	ILLUMINA	Illumina HiSeq 2500	SINGLE	RNA-Seq	TRANSCRIPTOMIC	RANDOM PCR	3205038	192302280	ftp.sra.ebi.ac.uk/vol1/fastq/SRR102/001/SRR10270701/SRR10270701.fastq.gz	119166258	2019-10-13	SUB6396791
SRR10305540	SAMN13053410	SRS5538111	PRJNA578246	SRX7016856	2148	Acholeplasma laidlawii	ILLUMINA	Illumina HiSeq 2500	SINGLE	RNA-Seq	TRANSCRIPTOMIC	RANDOM PCR	4214233	252853980	ftp.sra.ebi.ac.uk/vol1/fastq/SRR103/040/SRR10305540/SRR10305540.fastq.gz	162851315	2019-10-19	SUB6432771
SRR10507068	SAMN13349063	SRS5701703	PRJNA591027	SRX7196003	2133	Spiroplasma citri	PACBIO_SMRT	PacBio RS II	SINGLE	WGS	GENOMIC	RANDOM	40816	535442847	ftp.sra.ebi.ac.uk/vol1/fastq/SRR105/068/SRR10507068/SRR10507068_subreads.fastq.gz	454175189	2020-02-18	SUB6595581
SRR10916232	SAMN13885721	SRS6017261	PRJNA602215	SRX7583693	519450	Mycoplasma anserisalpingitidis	ILLUMINA	NextSeq 500	PAIRED	WGS	GENOMIC	other	623339	83140091	ftp.sra.ebi.ac.uk/vol1/fastq/SRR109/032/SRR10916232/SRR10916232_1.fastq.gz;ftp.sra.ebi.ac.uk/vol1/fastq/SRR109/032/SRR10916232/SRR10916232_2.fastq.gz	31387073;31149077	2020-04-14	SUB6861254
SRR10916234	SAMN13885782	SRS6017259	PRJNA602215	SRX7583691	519450	Mycoplasma anserisalpingitidis	ILLUMINA	NextSeq 500	SINGLE	WGS	GENOMIC	other	3257599	399460444	ftp.sra.ebi.ac.uk/vol1/fastq/SRR109/034/SRR10916234/SRR10916234.fastq.gz	230785861	2020-04-14	SUB6861254
SRR10916236	SAMN13885780	SRS6017257	PRJNA602215	SRX7583689	519450	Mycoplasma anserisalpingitidis	ILLUMINA	NextSeq 500	PAIRED	WGS	GENOMIC	other	308051	44187905	ftp.sra.ebi.ac.uk/vol1/fastq/SRR109/036/SRR10916236/SRR10916236_1.fastq.gz;ftp.sra.ebi.ac.uk/vol1/fastq/SRR109/036/SRR10916236/SRR10916236_2.fastq.gz	16666510;16526996	2020-04-14	SUB6861254
SRR10916242	SAMN13885775	SRS6017248	PRJNA602215	SRX7583680	519450	Mycoplasma anserisalpingitidis	ILLUMINA	NextSeq 500	PAIRED	WGS	GENOMIC	other	351265	50018247	ftp.sra.ebi.ac.uk/vol1/fastq/SRR109/042/SRR10916242/SRR10916242_1.fastq.gz;ftp.sra.ebi.ac.uk/vol1/fastq/SRR109/042/SRR10916242/SRR10916242_2.fastq.gz	18795724;18625345	2020-04-14	SUB6861254
SRR10916249	SAMN13885768	SRS6017244	PRJNA602215	SRX7583676	519450	Mycoplasma anserisalpingitidis	ILLUMINA	NextSeq 500	PAIRED	WGS	GENOMIC	other	2793381	384824186	ftp.sra.ebi.ac.uk/vol1/fastq/SRR109/049/SRR10916249/SRR10916249_1.fastq.gz;ftp.sra.ebi.ac.uk/vol1/fastq/SRR109/049/SRR10916249/SRR10916249_2.fastq.gz	130907545;130571697	2020-04-14	SUB6861254
SRR10916251	SAMN13885766	SRS6017242	PRJNA602215	SRX7583674	519450	Mycoplasma anserisalpingitidis	ILLUMINA	NextSeq 500	PAIRED	WGS	GENOMIC	other	3126218	424014341	ftp.sra.ebi.ac.uk/vol1/fastq/SRR109/051/SRR10916251/SRR10916251_1.fastq.gz;ftp.sra.ebi.ac.uk/vol1/fastq/SRR109/051/SRR10916251/SRR10916251_2.fastq.gz	144032932;143346833	2020-04-14	SUB6861254
SRR10916255	SAMN13885763	SRS6017238	PRJNA602215	SRX7583670	519450	Mycoplasma anserisalpingitidis	ILLUMINA	NextSeq 500	PAIRED	WGS	GENOMIC	other	15191769	2110354860	ftp.sra.ebi.ac.uk/vol1/fastq/SRR109/055/SRR10916255/SRR10916255_1.fastq.gz;ftp.sra.ebi.ac.uk/vol1/fastq/SRR109/055/SRR10916255/SRR10916255_2.fastq.gz	711408109;708320818	2020-04-14	SUB6861254
SRR10916257	SAMN13885761	SRS6017236	PRJNA602215	SRX7583668	519450	Mycoplasma anserisalpingitidis	ILLUMINA	NextSeq 500	PAIRED	WGS	GENOMIC	other	197386	26812328	ftp.sra.ebi.ac.uk/vol1/fastq/SRR109/057/SRR10916257/SRR10916257_1.fastq.gz;ftp.sra.ebi.ac.uk/vol1/fastq/SRR109/057/SRR10916257/SRR10916257_2.fastq.gz	10093160;10008878	2020-04-14	SUB6861254
SRR10916263	SAMN13885755	SRS6017230	PRJNA602215	SRX7583662	519450	Mycoplasma anserisalpingitidis	ILLUMINA	NextSeq 500	PAIRED	WGS	GENOMIC	other	289313	41275337	ftp.sra.ebi.ac.uk/vol1/fastq/SRR109/063/SRR10916263/SRR10916263_1.fastq.gz;ftp.sra.ebi.ac.uk/vol1/fastq/SRR109/063/SRR10916263/SRR10916263_2.fastq.gz	15516057;15397504	2020-04-14	SUB6861254
SRR10916268	SAMN13885751	SRS6017225	PRJNA602215	SRX7583657	519450	Mycoplasma anserisalpingitidis	ILLUMINA	NextSeq 500	PAIRED	WGS	GENOMIC	other	199081	28326250	ftp.sra.ebi.ac.uk/vol1/fastq/SRR109/068/SRR10916268/SRR10916268_1.fastq.gz;ftp.sra.ebi.ac.uk/vol1/fastq/SRR109/068/SRR10916268/SRR10916268_2.fastq.gz	10639616;10556329	2020-04-14	SUB6861254
SRR10916281	SAMN13885739	SRS6017212	PRJNA602215	SRX7583644	519450	Mycoplasma anserisalpingitidis	ILLUMINA	NextSeq 500	PAIRED	WGS	GENOMIC	other	2482971	348122494	ftp.sra.ebi.ac.uk/vol1/fastq/SRR109/081/SRR10916281/SRR10916281_1.fastq.gz;ftp.sra.ebi.ac.uk/vol1/fastq/SRR109/081/SRR10916281/SRR10916281_2.fastq.gz	118024127;117694549	2020-04-14	SUB6861254
SRR10916285	SAMN13885735	SRS6017208	PRJNA602215	SRX7583640	519450	Mycoplasma anserisalpingitidis	ILLUMINA	NextSeq 500	PAIRED	WGS	GENOMIC	other	474947	66441081	ftp.sra.ebi.ac.uk/vol1/fastq/SRR109/085/SRR10916285/SRR10916285_1.fastq.gz;ftp.sra.ebi.ac.uk/vol1/fastq/SRR109/085/SRR10916285/SRR10916285_2.fastq.gz	25142256;24899502	2020-04-14	SUB6861254
SRR10916293	SAMN13885728	SRS6017200	PRJNA602215	SRX7583632	519450	Mycoplasma anserisalpingitidis	ILLUMINA	NextSeq 500	PAIRED	WGS	GENOMIC	other	308986	44348062	ftp.sra.ebi.ac.uk/vol1/fastq/SRR109/093/SRR10916293/SRR10916293_1.fastq.gz;ftp.sra.ebi.ac.uk/vol1/fastq/SRR109/093/SRR10916293/SRR10916293_2.fastq.gz	16696891;16581035	2020-04-14	SUB6861254
SRR10916298	SAMN13885715	SRS6017195	PRJNA602215	SRX7583627	519450	Mycoplasma anserisalpingitidis	ILLUMINA	NextSeq 500	PAIRED	WGS	GENOMIC	other	531324	71372566	ftp.sra.ebi.ac.uk/vol1/fastq/SRR109/098/SRR10916298/SRR10916298_1.fastq.gz;ftp.sra.ebi.ac.uk/vol1/fastq/SRR109/098/SRR10916298/SRR10916298_2.fastq.gz	26909669;26694279	2020-04-14	SUB6861254
SRR11853141	SAMN15030250	SRS6715839	PRJNA635252	SRX8403252	2133	Spiroplasma citri	OXFORD_NANOPORE	GridION	SINGLE	WGS	GENOMIC	RANDOM	13033	86450060	ftp.sra.ebi.ac.uk/vol1/fastq/SRR118/041/SRR11853141/SRR11853141_1.fastq.gz	84099116	2020-09-17	SUB7495277
SRR11853142	SAMN15030250	SRS6715839	PRJNA635252	SRX8403251	2133	Spiroplasma citri	ILLUMINA	Illumina MiSeq	PAIRED	WGS	GENOMIC	RANDOM	1416341	699350272	ftp.sra.ebi.ac.uk/vol1/fastq/SRR118/042/SRR11853142/SRR11853142_1.fastq.gz;ftp.sra.ebi.ac.uk/vol1/fastq/SRR118/042/SRR11853142/SRR11853142_2.fastq.gz	194254780;270391992	2020-09-17	SUB7495277
SRR11907267	SAMN15081177	SRS6755446	PRJNA636643	SRX8453854	479893	Candidatus Phytoplasma pruni	ILLUMINA	Illumina HiSeq 3000	PAIRED	WGS	METAGENOMIC	size fractionation	2485337	742586852	ftp.sra.ebi.ac.uk/vol1/fastq/SRR119/067/SRR11907267/SRR11907267_1.fastq.gz;ftp.sra.ebi.ac.uk/vol1/fastq/SRR119/067/SRR11907267/SRR11907267_2.fastq.gz	237314647;266801340	2020-07-07	SUB7539220
SRR11921288	SAMN15080914	SRS6767997	PRJNA636624	SRX8467003	35773	Candidatus Phytoplasma luffae	ILLUMINA	Illumina MiSeq	PAIRED	WGS	GENOMIC	RANDOM	7827610	4699042941	ftp.sra.ebi.ac.uk/vol1/fastq/SRR119/088/SRR11921288/SRR11921288_1.fastq.gz;ftp.sra.ebi.ac.uk/vol1/fastq/SRR119/088/SRR11921288/SRR11921288_2.fastq.gz	1839516991;2097774548	2021-07-04	SUB7543146
SRR11921289	SAMN15080914	SRS6767997	PRJNA636624	SRX8467002	35773	Candidatus Phytoplasma luffae	OXFORD_NANOPORE	MinION	SINGLE	WGS	GENOMIC	RANDOM	539354	3495637282	ftp.sra.ebi.ac.uk/vol1/fastq/SRR119/089/SRR11921289/SRR11921289_1.fastq.gz	3633424556	2021-07-04	SUB7543146
SRR12000858	SAMN15196273	SRS6829277	PRJNA638508	SRX8534097	2490543	Rapeseed phyllody phytoplasma	OXFORD_NANOPORE	MinION	SINGLE	WGS	GENOMIC	RANDOM	1697567	5997981847	ftp.sra.ebi.ac.uk/vol1/fastq/SRR120/058/SRR12000858/SRR12000858_1.fastq.gz	5896461053	2020-06-13	SUB7594960
SRR12065012	SAMN15339384	SRS6883981	PRJNA640980	SRX8592856	2138	Spiroplasma poulsonii	ILLUMINA	Illumina HiSeq 4000	PAIRED	WGS	GENOMIC	RANDOM	127731	55969994	ftp.sra.ebi.ac.uk/vol1/fastq/SRR120/012/SRR12065012/SRR12065012_1.fastq.gz;ftp.sra.ebi.ac.uk/vol1/fastq/SRR120/012/SRR12065012/SRR12065012_2.fastq.gz	17517289;18152312	2020-06-23	SUB7649414
SRR12200484	SAMN10461773	SRS6987322	PRJNA506491	SRX8711355	2490849	Spiroplasma sp. ald	ILLUMINA	Illumina NovaSeq 6000	PAIRED	WGS	GENOMIC	RANDOM	18298542	5489562600	ftp.sra.ebi.ac.uk/vol1/fastq/SRR122/084/SRR12200484/SRR12200484_1.fastq.gz;ftp.sra.ebi.ac.uk/vol1/fastq/SRR122/084/SRR12200484/SRR12200484_2.fastq.gz	1424055577;1522454070	2024-12-01	SUB7757889
SRR12366829	SAMN15700961	SRS7127003	PRJNA650261	SRX8866014	519450	Mycoplasma anserisalpingitidis	ILLUMINA	NextSeq 500	SINGLE	WGS	GENOMIC	other	7195756	853504253	ftp.sra.ebi.ac.uk/vol1/fastq/SRR123/029/SRR12366829/SRR12366829.fastq.gz	479438189	2021-01-15	SUB7796116
SRR12681135	SAMN16229481	SRS7400340	PRJNA664657	SRX9161287	2975549	Candidatus Izemoplasma	ILLUMINA	Illumina NovaSeq 6000	SINGLE	RNA-Seq	TRANSCRIPTOMIC	ChIP	3843896	1149133500	ftp.sra.ebi.ac.uk/vol1/fastq/SRR126/035/SRR12681135/SRR12681135.fastq.gz;ftp.sra.ebi.ac.uk/vol1/fastq/SRR126/035/SRR12681135/SRR12681135_1.fastq.gz;ftp.sra.ebi.ac.uk/vol1/fastq/SRR126/035/SRR12681135/SRR12681135_2.fastq.gz	1517991;77133563;137744253	2020-09-22	SUB8180074
SRR13168492	SAMN16454380	SRS7810533	PRJNA669533	SRX9607059	2780095	Mycoplasma sp. 'Moose RK'	PACBIO_SMRT	Sequel	SINGLE	WGS	GENOMIC	RANDOM	9107	48204383	ftp.sra.ebi.ac.uk/vol1/fastq/SRR131/092/SRR13168492/SRR13168492_subreads.fastq.gz	42631353	2020-12-01	SUB8656411
SRR13346630	SAMN13885743	SRS6017215	PRJNA602215	SRX9772797	519450	Mycoplasma anserisalpingitidis	ILLUMINA	NextSeq 500	SINGLE	WGS	GENOMIC	other	3669804	393513223	ftp.sra.ebi.ac.uk/vol1/fastq/SRR133/030/SRR13346630/SRR13346630.fastq.gz	227320785	2021-01-04	SUB8754746
SRR13346635	SAMN13885779	SRS6017256	PRJNA602215	SRX9772792	519450	Mycoplasma anserisalpingitidis	ILLUMINA	NextSeq 500	SINGLE	WGS	GENOMIC	other	7474393	985845663	ftp.sra.ebi.ac.uk/vol1/fastq/SRR133/035/SRR13346635/SRR13346635.fastq.gz	564809394	2021-01-04	SUB8754746
SRR13346638	SAMN13885776	SRS6017253	PRJNA602215	SRX9772789	519450	Mycoplasma anserisalpingitidis	ILLUMINA	NextSeq 500	SINGLE	WGS	GENOMIC	other	8596369	1136418084	ftp.sra.ebi.ac.uk/vol1/fastq/SRR133/038/SRR13346638/SRR13346638.fastq.gz	644122825	2021-01-04	SUB8754746
SRR13346640	SAMN13885774	SRS6017252	PRJNA602215	SRX9772787	519450	Mycoplasma anserisalpingitidis	ILLUMINA	NextSeq 500	SINGLE	WGS	GENOMIC	other	5210018	642012514	ftp.sra.ebi.ac.uk/vol1/fastq/SRR133/040/SRR13346640/SRR13346640.fastq.gz	367992935	2021-01-04	SUB8754746
SRR13346642	SAMN13885727	SRS6017199	PRJNA602215	SRX9772785	519450	Mycoplasma anserisalpingitidis	ILLUMINA	NextSeq 500	SINGLE	WGS	GENOMIC	other	4361608	567134346	ftp.sra.ebi.ac.uk/vol1/fastq/SRR133/042/SRR13346642/SRR13346642.fastq.gz	322846171	2021-01-04	SUB8754746
SRR13346643	SAMN13885772	SRS6017249	PRJNA602215	SRX9772784	519450	Mycoplasma anserisalpingitidis	ILLUMINA	NextSeq 500	SINGLE	WGS	GENOMIC	other	3237686	405039105	ftp.sra.ebi.ac.uk/vol1/fastq/SRR133/043/SRR13346643/SRR13346643.fastq.gz	236428445	2021-01-04	SUB8754746
SRR13346645	SAMN13885759	SRS6017234	PRJNA602215	SRX9772782	519450	Mycoplasma anserisalpingitidis	ILLUMINA	NextSeq 500	SINGLE	WGS	GENOMIC	other	5249221	728458552	ftp.sra.ebi.ac.uk/vol1/fastq/SRR133/045/SRR13346645/SRR13346645.fastq.gz	412819268	2021-01-04	SUB8754746
SRR13346647	SAMN13885755	SRS6017230	PRJNA602215	SRX9772780	519450	Mycoplasma anserisalpingitidis	ILLUMINA	NextSeq 500	SINGLE	WGS	GENOMIC	other	6618767	790334609	ftp.sra.ebi.ac.uk/vol1/fastq/SRR133/047/SRR13346647/SRR13346647.fastq.gz	451327399	2021-01-04	SUB8754746
SRR13346652	SAMN13885749	SRS6017223	PRJNA602215	SRX9772775	519450	Mycoplasma anserisalpingitidis	ILLUMINA	NextSeq 500	SINGLE	WGS	GENOMIC	other	3276101	420877809	ftp.sra.ebi.ac.uk/vol1/fastq/SRR133/052/SRR13346652/SRR13346652.fastq.gz	239295445	2021-01-04	SUB8754746
SRR13346654	SAMN13885716	SRS6017206	PRJNA602215	SRX9772773	519450	Mycoplasma anserisalpingitidis	ILLUMINA	NextSeq 500	SINGLE	WGS	GENOMIC	other	7068927	821726368	ftp.sra.ebi.ac.uk/vol1/fastq/SRR133/054/SRR13346654/SRR13346654.fastq.gz	474215308	2021-01-04	SUB8754746
SRR13638375	SAMN17807526	SRS8202584	PRJNA699704	SRX10035605	2102	Mycoplasma mycoides	ILLUMINA	HiSeq X Ten	SINGLE	WGA	GENOMIC	RANDOM	10271407	1540711050	ftp.sra.ebi.ac.uk/vol1/fastq/SRR136/075/SRR13638375/SRR13638375.fastq.gz	686379637	2021-02-07	SUB9037895
SRR15032577	SAMN20032700	SRS9385148	PRJNA743406	SRX11344271	2102	Mycoplasma mycoides	ILLUMINA	NextSeq 550	PAIRED	WGS	GENOMIC	RANDOM	574721	43678796	ftp.sra.ebi.ac.uk/vol1/fastq/SRR150/077/SRR15032577/SRR15032577_1.fastq.gz;ftp.sra.ebi.ac.uk/vol1/fastq/SRR150/077/SRR15032577/SRR15032577_2.fastq.gz	13181129;13550103	2021-07-05	SUB9950931
SRR15032586	SAMN20032691	SRS9385140	PRJNA743406	SRX11344262	2102	Mycoplasma mycoides	ILLUMINA	NextSeq 550	PAIRED	WGS	GENOMIC	RANDOM	887901	67480476	ftp.sra.ebi.ac.uk/vol1/fastq/SRR150/086/SRR15032586/SRR15032586_1.fastq.gz;ftp.sra.ebi.ac.uk/vol1/fastq/SRR150/086/SRR15032586/SRR15032586_2.fastq.gz	20353440;20783729	2021-07-05	SUB9950931
SRR15032593	SAMN20032685	SRS9385132	PRJNA743406	SRX11344255	2102	Mycoplasma mycoides	ILLUMINA	NextSeq 550	PAIRED	WGS	GENOMIC	RANDOM	641218	48732568	ftp.sra.ebi.ac.uk/vol1/fastq/SRR150/093/SRR15032593/SRR15032593_1.fastq.gz;ftp.sra.ebi.ac.uk/vol1/fastq/SRR150/093/SRR15032593/SRR15032593_2.fastq.gz	14691148;15124972	2021-07-05	SUB9950931
SRR15032595	SAMN20032683	SRS9385131	PRJNA743406	SRX11344253	2102	Mycoplasma mycoides	ILLUMINA	NextSeq 550	PAIRED	WGS	GENOMIC	RANDOM	659167	50096692	ftp.sra.ebi.ac.uk/vol1/fastq/SRR150/095/SRR15032595/SRR15032595_1.fastq.gz;ftp.sra.ebi.ac.uk/vol1/fastq/SRR150/095/SRR15032595/SRR15032595_2.fastq.gz	15031604;15454222	2021-07-05	SUB9950931
SRR15032596	SAMN20032682	SRS9385130	PRJNA743406	SRX11344252	2102	Mycoplasma mycoides	ILLUMINA	NextSeq 550	PAIRED	WGS	GENOMIC	RANDOM	924391	70253716	ftp.sra.ebi.ac.uk/vol1/fastq/SRR150/096/SRR15032596/SRR15032596_1.fastq.gz;ftp.sra.ebi.ac.uk/vol1/fastq/SRR150/096/SRR15032596/SRR15032596_2.fastq.gz	21147757;21658891	2021-07-05	SUB9950931
SRR15032597	SAMN20032681	SRS9385129	PRJNA743406	SRX11344251	2102	Mycoplasma mycoides	ILLUMINA	NextSeq 550	PAIRED	WGS	GENOMIC	RANDOM	512019	38913444	ftp.sra.ebi.ac.uk/vol1/fastq/SRR150/097/SRR15032597/SRR15032597_1.fastq.gz;ftp.sra.ebi.ac.uk/vol1/fastq/SRR150/097/SRR15032597/SRR15032597_2.fastq.gz	11669197;11968299	2021-07-05	SUB9950931
SRR15032598	SAMN20032609	SRS9385127	PRJNA743406	SRX11344250	2102	Mycoplasma mycoides	ILLUMINA	NextSeq 550	PAIRED	WGS	GENOMIC	RANDOM	4299554	326766104	ftp.sra.ebi.ac.uk/vol1/fastq/SRR150/098/SRR15032598/SRR15032598_1.fastq.gz;ftp.sra.ebi.ac.uk/vol1/fastq/SRR150/098/SRR15032598/SRR15032598_2.fastq.gz	98776959;101532797	2021-07-05	SUB9950931
SRR15032600	SAMN20032679	SRS9385126	PRJNA743406	SRX11344248	2102	Mycoplasma mycoides	ILLUMINA	NextSeq 550	PAIRED	WGS	GENOMIC	RANDOM	540357	41067132	ftp.sra.ebi.ac.uk/vol1/fastq/SRR150/000/SRR15032600/SRR15032600_1.fastq.gz;ftp.sra.ebi.ac.uk/vol1/fastq/SRR150/000/SRR15032600/SRR15032600_2.fastq.gz	12316089;12688563	2021-07-05	SUB9950931
SRR15032601	SAMN20032678	SRS9385125	PRJNA743406	SRX11344247	2102	Mycoplasma mycoides	ILLUMINA	NextSeq 550	PAIRED	WGS	GENOMIC	RANDOM	482852	36696752	ftp.sra.ebi.ac.uk/vol1/fastq/SRR150/001/SRR15032601/SRR15032601_1.fastq.gz;ftp.sra.ebi.ac.uk/vol1/fastq/SRR150/001/SRR15032601/SRR15032601_2.fastq.gz	11027373;11332078	2021-07-05	SUB9950931
SRR15032603	SAMN20032676	SRS9385123	PRJNA743406	SRX11344245	2102	Mycoplasma mycoides	ILLUMINA	NextSeq 550	PAIRED	WGS	GENOMIC	RANDOM	883926	67178376	ftp.sra.ebi.ac.uk/vol1/fastq/SRR150/003/SRR15032603/SRR15032603_1.fastq.gz;ftp.sra.ebi.ac.uk/vol1/fastq/SRR150/003/SRR15032603/SRR15032603_2.fastq.gz	20183133;20658378	2021-07-05	SUB9950931
SRR15032609	SAMN20032608	SRS9385117	PRJNA743406	SRX11344239	2102	Mycoplasma mycoides	ILLUMINA	NextSeq 550	PAIRED	WGS	GENOMIC	RANDOM	5677604	431497904	ftp.sra.ebi.ac.uk/vol1/fastq/SRR150/009/SRR15032609/SRR15032609_1.fastq.gz;ftp.sra.ebi.ac.uk/vol1/fastq/SRR150/009/SRR15032609/SRR15032609_2.fastq.gz	128573796;131715449	2021-07-05	SUB9950931
SRR15032613	SAMN20032667	SRS9385113	PRJNA743406	SRX11344235	2102	Mycoplasma mycoides	ILLUMINA	NextSeq 550	PAIRED	WGS	GENOMIC	RANDOM	845215	64236340	ftp.sra.ebi.ac.uk/vol1/fastq/SRR150/013/SRR15032613/SRR15032613_1.fastq.gz;ftp.sra.ebi.ac.uk/vol1/fastq/SRR150/013/SRR15032613/SRR15032613_2.fastq.gz	19152505;19630933	2021-07-05	SUB9950931
SRR15032616	SAMN20032664	SRS9385110	PRJNA743406	SRX11344232	2102	Mycoplasma mycoides	ILLUMINA	NextSeq 550	PAIRED	WGS	GENOMIC	RANDOM	263311	20011636	ftp.sra.ebi.ac.uk/vol1/fastq/SRR150/016/SRR15032616/SRR15032616_1.fastq.gz;ftp.sra.ebi.ac.uk/vol1/fastq/SRR150/016/SRR15032616/SRR15032616_2.fastq.gz	6019019;6130451	2021-07-05	SUB9950931
SRR15032617	SAMN20032663	SRS9385108	PRJNA743406	SRX11344231	2102	Mycoplasma mycoides	ILLUMINA	NextSeq 550	PAIRED	WGS	GENOMIC	RANDOM	822755	62529380	ftp.sra.ebi.ac.uk/vol1/fastq/SRR150/017/SRR15032617/SRR15032617_1.fastq.gz;ftp.sra.ebi.ac.uk/vol1/fastq/SRR150/017/SRR15032617/SRR15032617_2.fastq.gz	18740281;19314162	2021-07-05	SUB9950931
SRR15032618	SAMN20032662	SRS9385107	PRJNA743406	SRX11344230	2102	Mycoplasma mycoides	ILLUMINA	NextSeq 550	PAIRED	WGS	GENOMIC	RANDOM	1130060	85884560	ftp.sra.ebi.ac.uk/vol1/fastq/SRR150/018/SRR15032618/SRR15032618_1.fastq.gz;ftp.sra.ebi.ac.uk/vol1/fastq/SRR150/018/SRR15032618/SRR15032618_2.fastq.gz	25705486;26322782	2021-07-05	SUB9950931
SRR15032622	SAMN20032659	SRS9385105	PRJNA743406	SRX11344226	2102	Mycoplasma mycoides	ILLUMINA	NextSeq 550	PAIRED	WGS	GENOMIC	RANDOM	860107	65368132	ftp.sra.ebi.ac.uk/vol1/fastq/SRR150/022/SRR15032622/SRR15032622_1.fastq.gz;ftp.sra.ebi.ac.uk/vol1/fastq/SRR150/022/SRR15032622/SRR15032622_2.fastq.gz	19591841;20005206	2021-07-05	SUB9950931
SRR15032624	SAMN20032657	SRS9385102	PRJNA743406	SRX11344224	2102	Mycoplasma mycoides	ILLUMINA	NextSeq 550	PAIRED	WGS	GENOMIC	RANDOM	115704	8793504	ftp.sra.ebi.ac.uk/vol1/fastq/SRR150/024/SRR15032624/SRR15032624_1.fastq.gz;ftp.sra.ebi.ac.uk/vol1/fastq/SRR150/024/SRR15032624/SRR15032624_2.fastq.gz	2649443;2711261	2021-07-05	SUB9950931
SRR15032626	SAMN20032655	SRS9385100	PRJNA743406	SRX11344222	2102	Mycoplasma mycoides	ILLUMINA	NextSeq 550	PAIRED	WGS	GENOMIC	RANDOM	722826	54934776	ftp.sra.ebi.ac.uk/vol1/fastq/SRR150/026/SRR15032626/SRR15032626_1.fastq.gz;ftp.sra.ebi.ac.uk/vol1/fastq/SRR150/026/SRR15032626/SRR15032626_2.fastq.gz	16493619;16969586	2021-07-05	SUB9950931
SRR15032638	SAMN20032644	SRS9385088	PRJNA743406	SRX11344210	2102	Mycoplasma mycoides	ILLUMINA	NextSeq 550	PAIRED	WGS	GENOMIC	RANDOM	332710	25285960	ftp.sra.ebi.ac.uk/vol1/fastq/SRR150/038/SRR15032638/SRR15032638_1.fastq.gz;ftp.sra.ebi.ac.uk/vol1/fastq/SRR150/038/SRR15032638/SRR15032638_2.fastq.gz	7644682;7803802	2021-07-05	SUB9950931
SRR15032639	SAMN20032643	SRS9385087	PRJNA743406	SRX11344209	2102	Mycoplasma mycoides	ILLUMINA	NextSeq 550	PAIRED	WGS	GENOMIC	RANDOM	838651	63737476	ftp.sra.ebi.ac.uk/vol1/fastq/SRR150/039/SRR15032639/SRR15032639_1.fastq.gz;ftp.sra.ebi.ac.uk/vol1/fastq/SRR150/039/SRR15032639/SRR15032639_2.fastq.gz	19182736;19742347	2021-07-05	SUB9950931
SRR15032644	SAMN20032639	SRS9385082	PRJNA743406	SRX11344204	2102	Mycoplasma mycoides	ILLUMINA	NextSeq 550	PAIRED	WGS	GENOMIC	RANDOM	1126109	85584284	ftp.sra.ebi.ac.uk/vol1/fastq/SRR150/044/SRR15032644/SRR15032644_1.fastq.gz;ftp.sra.ebi.ac.uk/vol1/fastq/SRR150/044/SRR15032644/SRR15032644_2.fastq.gz	25594943;26288070	2021-07-05	SUB9950931
SRR15032645	SAMN20032638	SRS9385081	PRJNA743406	SRX11344203	2102	Mycoplasma mycoides	ILLUMINA	NextSeq 550	PAIRED	WGS	GENOMIC	RANDOM	408961	31081036	ftp.sra.ebi.ac.uk/vol1/fastq/SRR150/045/SRR15032645/SRR15032645_1.fastq.gz;ftp.sra.ebi.ac.uk/vol1/fastq/SRR150/045/SRR15032645/SRR15032645_2.fastq.gz	9368678;9541709	2021-07-05	SUB9950931
SRR15032648	SAMN20032635	SRS9385079	PRJNA743406	SRX11344200	2102	Mycoplasma mycoides	ILLUMINA	NextSeq 550	PAIRED	WGS	GENOMIC	RANDOM	651916	49545616	ftp.sra.ebi.ac.uk/vol1/fastq/SRR150/048/SRR15032648/SRR15032648_1.fastq.gz;ftp.sra.ebi.ac.uk/vol1/fastq/SRR150/048/SRR15032648/SRR15032648_2.fastq.gz	14943775;15357041	2021-07-05	SUB9950931
SRR15032652	SAMN20032631	SRS9385073	PRJNA743406	SRX11344196	2102	Mycoplasma mycoides	ILLUMINA	NextSeq 550	PAIRED	WGS	GENOMIC	RANDOM	558176	42421376	ftp.sra.ebi.ac.uk/vol1/fastq/SRR150/052/SRR15032652/SRR15032652_1.fastq.gz;ftp.sra.ebi.ac.uk/vol1/fastq/SRR150/052/SRR15032652/SRR15032652_2.fastq.gz	12804779;13108002	2021-07-05	SUB9950931
SRR15032653	SAMN20032604	SRS9385074	PRJNA743406	SRX11344195	2102	Mycoplasma mycoides	ILLUMINA	NextSeq 550	PAIRED	WGS	GENOMIC	RANDOM	3246393	246725868	ftp.sra.ebi.ac.uk/vol1/fastq/SRR150/053/SRR15032653/SRR15032653_1.fastq.gz;ftp.sra.ebi.ac.uk/vol1/fastq/SRR150/053/SRR15032653/SRR15032653_2.fastq.gz	75052845;76725785	2021-07-05	SUB9950931
SRR15032659	SAMN20032625	SRS9385067	PRJNA743406	SRX11344189	2102	Mycoplasma mycoides	ILLUMINA	NextSeq 550	PAIRED	WGS	GENOMIC	RANDOM	325827	24762852	ftp.sra.ebi.ac.uk/vol1/fastq/SRR150/059/SRR15032659/SRR15032659_1.fastq.gz;ftp.sra.ebi.ac.uk/vol1/fastq/SRR150/059/SRR15032659/SRR15032659_2.fastq.gz	7427868;7633554	2021-07-05	SUB9950931
SRR15032663	SAMN20032621	SRS9385063	PRJNA743406	SRX11344185	2102	Mycoplasma mycoides	ILLUMINA	NextSeq 550	PAIRED	WGS	GENOMIC	RANDOM	513490	39025240	ftp.sra.ebi.ac.uk/vol1/fastq/SRR150/063/SRR15032663/SRR15032663_1.fastq.gz;ftp.sra.ebi.ac.uk/vol1/fastq/SRR150/063/SRR15032663/SRR15032663_2.fastq.gz	11765918;11976717	2021-07-05	SUB9950931
SRR15032666	SAMN20032619	SRS9385060	PRJNA743406	SRX11344182	2102	Mycoplasma mycoides	ILLUMINA	NextSeq 550	PAIRED	WGS	GENOMIC	RANDOM	742306	56415256	ftp.sra.ebi.ac.uk/vol1/fastq/SRR150/066/SRR15032666/SRR15032666_1.fastq.gz;ftp.sra.ebi.ac.uk/vol1/fastq/SRR150/066/SRR15032666/SRR15032666_2.fastq.gz	16987094;17390151	2021-07-05	SUB9950931
SRR15032667	SAMN20032618	SRS9385059	PRJNA743406	SRX11344181	2102	Mycoplasma mycoides	ILLUMINA	NextSeq 550	PAIRED	WGS	GENOMIC	RANDOM	302985	23026860	ftp.sra.ebi.ac.uk/vol1/fastq/SRR150/067/SRR15032667/SRR15032667_1.fastq.gz;ftp.sra.ebi.ac.uk/vol1/fastq/SRR150/067/SRR15032667/SRR15032667_2.fastq.gz	6946937;7086611	2021-07-05	SUB9950931
SRR15032673	SAMN20032616	SRS9385053	PRJNA743406	SRX11344175	2102	Mycoplasma mycoides	ILLUMINA	NextSeq 550	PAIRED	WGS	GENOMIC	RANDOM	352163	26764388	ftp.sra.ebi.ac.uk/vol1/fastq/SRR150/073/SRR15032673/SRR15032673_1.fastq.gz;ftp.sra.ebi.ac.uk/vol1/fastq/SRR150/073/SRR15032673/SRR15032673_2.fastq.gz	8033283;8256222	2021-07-05	SUB9950931
SRR15032677	SAMN20032747	SRS9385050	PRJNA743406	SRX11344171	2102	Mycoplasma mycoides	ILLUMINA	NextSeq 550	PAIRED	WGS	GENOMIC	RANDOM	748774	56906824	ftp.sra.ebi.ac.uk/vol1/fastq/SRR150/077/SRR15032677/SRR15032677_1.fastq.gz;ftp.sra.ebi.ac.uk/vol1/fastq/SRR150/077/SRR15032677/SRR15032677_2.fastq.gz	17207391;17562710	2021-07-05	SUB9950931
SRR15032681	SAMN20032743	SRS9385045	PRJNA743406	SRX11344167	2102	Mycoplasma mycoides	ILLUMINA	NextSeq 550	PAIRED	WGS	GENOMIC	RANDOM	623541	47389116	ftp.sra.ebi.ac.uk/vol1/fastq/SRR150/081/SRR15032681/SRR15032681_1.fastq.gz;ftp.sra.ebi.ac.uk/vol1/fastq/SRR150/081/SRR15032681/SRR15032681_2.fastq.gz	14178602;14484559	2021-07-05	SUB9950931
SRR15032682	SAMN20032742	SRS9385044	PRJNA743406	SRX11344166	2102	Mycoplasma mycoides	ILLUMINA	NextSeq 550	PAIRED	WGS	GENOMIC	RANDOM	426598	32421448	ftp.sra.ebi.ac.uk/vol1/fastq/SRR150/082/SRR15032682/SRR15032682_1.fastq.gz;ftp.sra.ebi.ac.uk/vol1/fastq/SRR150/082/SRR15032682/SRR15032682_2.fastq.gz	9771695;9993624	2021-07-05	SUB9950931
SRR15032684	SAMN20032615	SRS9385042	PRJNA743406	SRX11344164	2102	Mycoplasma mycoides	ILLUMINA	NextSeq 550	PAIRED	WGS	GENOMIC	RANDOM	602213	45768188	ftp.sra.ebi.ac.uk/vol1/fastq/SRR150/084/SRR15032684/SRR15032684_1.fastq.gz;ftp.sra.ebi.ac.uk/vol1/fastq/SRR150/084/SRR15032684/SRR15032684_2.fastq.gz	13748721;14033901	2021-07-05	SUB9950931
SRR15032685	SAMN20032740	SRS9385041	PRJNA743406	SRX11344163	2102	Mycoplasma mycoides	ILLUMINA	NextSeq 550	PAIRED	WGS	GENOMIC	RANDOM	567920	43161920	ftp.sra.ebi.ac.uk/vol1/fastq/SRR150/085/SRR15032685/SRR15032685_1.fastq.gz;ftp.sra.ebi.ac.uk/vol1/fastq/SRR150/085/SRR15032685/SRR15032685_2.fastq.gz	12922874;13257859	2021-07-05	SUB9950931
SRR15032692	SAMN20032733	SRS9385034	PRJNA743406	SRX11344156	2102	Mycoplasma mycoides	ILLUMINA	NextSeq 550	PAIRED	WGS	GENOMIC	RANDOM	932080	70838080	ftp.sra.ebi.ac.uk/vol1/fastq/SRR150/092/SRR15032692/SRR15032692_1.fastq.gz;ftp.sra.ebi.ac.uk/vol1/fastq/SRR150/092/SRR15032692/SRR15032692_2.fastq.gz	21395834;21864013	2021-07-05	SUB9950931
SRR15032693	SAMN20032732	SRS9385033	PRJNA743406	SRX11344155	2102	Mycoplasma mycoides	ILLUMINA	NextSeq 550	PAIRED	WGS	GENOMIC	RANDOM	481705	36609580	ftp.sra.ebi.ac.uk/vol1/fastq/SRR150/093/SRR15032693/SRR15032693_1.fastq.gz;ftp.sra.ebi.ac.uk/vol1/fastq/SRR150/093/SRR15032693/SRR15032693_2.fastq.gz	11060965;11335153	2021-07-05	SUB9950931
SRR15032697	SAMN20032729	SRS9385029	PRJNA743406	SRX11344151	2102	Mycoplasma mycoides	ILLUMINA	NextSeq 550	PAIRED	WGS	GENOMIC	RANDOM	535387	40689412	ftp.sra.ebi.ac.uk/vol1/fastq/SRR150/097/SRR15032697/SRR15032697_1.fastq.gz;ftp.sra.ebi.ac.uk/vol1/fastq/SRR150/097/SRR15032697/SRR15032697_2.fastq.gz	12320116;12599489	2021-07-05	SUB9950931
SRR15032702	SAMN20032724	SRS9385022	PRJNA743406	SRX11344146	2102	Mycoplasma mycoides	ILLUMINA	NextSeq 550	PAIRED	WGS	GENOMIC	RANDOM	589746	44820696	ftp.sra.ebi.ac.uk/vol1/fastq/SRR150/002/SRR15032702/SRR15032702_1.fastq.gz;ftp.sra.ebi.ac.uk/vol1/fastq/SRR150/002/SRR15032702/SRR15032702_2.fastq.gz	13501728;13861395	2021-07-05	SUB9950931
SRR15032705	SAMN20032721	SRS9385021	PRJNA743406	SRX11344143	2102	Mycoplasma mycoides	ILLUMINA	NextSeq 550	PAIRED	WGS	GENOMIC	RANDOM	601341	45701916	ftp.sra.ebi.ac.uk/vol1/fastq/SRR150/005/SRR15032705/SRR15032705_1.fastq.gz;ftp.sra.ebi.ac.uk/vol1/fastq/SRR150/005/SRR15032705/SRR15032705_2.fastq.gz	13724581;14014882	2021-07-05	SUB9950931
SRR15032720	SAMN20032708	SRS9385006	PRJNA743406	SRX11344128	2102	Mycoplasma mycoides	ILLUMINA	NextSeq 550	PAIRED	WGS	GENOMIC	RANDOM	464074	35269624	ftp.sra.ebi.ac.uk/vol1/fastq/SRR150/020/SRR15032720/SRR15032720_1.fastq.gz;ftp.sra.ebi.ac.uk/vol1/fastq/SRR150/020/SRR15032720/SRR15032720_2.fastq.gz	10660129;10943172	2021-07-05	SUB9950931
SRR15032722	SAMN20032706	SRS9385004	PRJNA743406	SRX11344126	2102	Mycoplasma mycoides	ILLUMINA	NextSeq 550	PAIRED	WGS	GENOMIC	RANDOM	647619	49219044	ftp.sra.ebi.ac.uk/vol1/fastq/SRR150/022/SRR15032722/SRR15032722_1.fastq.gz;ftp.sra.ebi.ac.uk/vol1/fastq/SRR150/022/SRR15032722/SRR15032722_2.fastq.gz	14933436;15277324	2021-07-05	SUB9950931
SRR15032723	SAMN20032705	SRS9385002	PRJNA743406	SRX11344125	2102	Mycoplasma mycoides	ILLUMINA	NextSeq 550	PAIRED	WGS	GENOMIC	RANDOM	723843	55012068	ftp.sra.ebi.ac.uk/vol1/fastq/SRR150/023/SRR15032723/SRR15032723_1.fastq.gz;ftp.sra.ebi.ac.uk/vol1/fastq/SRR150/023/SRR15032723/SRR15032723_2.fastq.gz	16595667;16952503	2021-07-05	SUB9950931
SRR15032726	SAMN20032702	SRS9385000	PRJNA743406	SRX11344122	2102	Mycoplasma mycoides	ILLUMINA	NextSeq 550	PAIRED	WGS	GENOMIC	RANDOM	592090	44998840	ftp.sra.ebi.ac.uk/vol1/fastq/SRR150/026/SRR15032726/SRR15032726_1.fastq.gz;ftp.sra.ebi.ac.uk/vol1/fastq/SRR150/026/SRR15032726/SRR15032726_2.fastq.gz	13549599;13858225	2021-07-05	SUB9950931
SRR16038695	SAMN21591364	SRS10298019	PRJNA765891	SRX12325415	40477	Mycoplasma mycoides subsp. capri	ILLUMINA	Illumina HiSeq 4000	PAIRED	RNA-Seq	TRANSCRIPTOMIC	unspecified	13153406	3972328612	ftp.sra.ebi.ac.uk/vol1/fastq/SRR160/095/SRR16038695/SRR16038695_1.fastq.gz;ftp.sra.ebi.ac.uk/vol1/fastq/SRR160/095/SRR16038695/SRR16038695_2.fastq.gz	825582318;975843968	2021-10-07	SUB10419668
SRR16501719	SAMN19836676	SRS10654477	PRJNA740265	SRX12704554	2852100	Candidatus Phytoplasma sp. AldY-WA1	ILLUMINA	Illumina MiSeq	PAIRED	WGS	GENOMIC	RANDOM	24587260	13777469956	ftp.sra.ebi.ac.uk/vol1/fastq/SRR165/019/SRR16501719/SRR16501719_1.fastq.gz;ftp.sra.ebi.ac.uk/vol1/fastq/SRR165/019/SRR16501719/SRR16501719_2.fastq.gz	4888989859;5620468146	2021-10-23	SUB10517011
SRR17026582	SAMN23421097	SRS11142275	PRJNA783170	SRX13216603	1179777	Mycoplasma feriruminatoris	ILLUMINA	Illumina MiSeq	PAIRED	WGS	GENOMIC	RANDOM	318449	130331781	ftp.sra.ebi.ac.uk/vol1/fastq/SRR170/082/SRR17026582/SRR17026582_1.fastq.gz;ftp.sra.ebi.ac.uk/vol1/fastq/SRR170/082/SRR17026582/SRR17026582_2.fastq.gz	36481290;42187330	2022-12-23	SUB10712820
SRR17035816	SAMN23401531	SRS11151129	PRJNA673092	SRX13225748	2108	Mycoplasma sp.	ILLUMINA	Illumina iSeq 100	PAIRED	WGS	METAGENOMIC	other	654782	193750230	ftp.sra.ebi.ac.uk/vol1/fastq/SRR170/016/SRR17035816/SRR17035816_1.fastq.gz;ftp.sra.ebi.ac.uk/vol1/fastq/SRR170/016/SRR17035816/SRR17035816_2.fastq.gz	44021397;45328914	2025-11-29	SUB10713995
SRR17035838	SAMN23401511	SRS11151107	PRJNA673092	SRX13225726	2108	Mycoplasma sp.	ILLUMINA	Illumina iSeq 100	PAIRED	WGS	METAGENOMIC	other	628459	184356113	ftp.sra.ebi.ac.uk/vol1/fastq/SRR170/038/SRR17035838/SRR17035838_1.fastq.gz;ftp.sra.ebi.ac.uk/vol1/fastq/SRR170/038/SRR17035838/SRR17035838_2.fastq.gz	41319267;44008208	2025-11-29	SUB10713995
SRR17035840	SAMN23401509	SRS11151105	PRJNA673092	SRX13225724	2108	Mycoplasma sp.	ILLUMINA	Illumina iSeq 100	PAIRED	WGS	METAGENOMIC	other	575517	168315750	ftp.sra.ebi.ac.uk/vol1/fastq/SRR170/040/SRR17035840/SRR17035840_1.fastq.gz;ftp.sra.ebi.ac.uk/vol1/fastq/SRR170/040/SRR17035840/SRR17035840_2.fastq.gz	39245687;42071988	2025-11-29	SUB10713995
SRR17035849	SAMN23401501	SRS11151096	PRJNA673092	SRX13225715	2108	Mycoplasma sp.	ILLUMINA	Illumina iSeq 100	PAIRED	WGS	METAGENOMIC	other	594861	174148119	ftp.sra.ebi.ac.uk/vol1/fastq/SRR170/049/SRR17035849/SRR17035849_1.fastq.gz;ftp.sra.ebi.ac.uk/vol1/fastq/SRR170/049/SRR17035849/SRR17035849_2.fastq.gz	38799958;41654135	2025-11-29	SUB10713995
SRR17035850	SAMN23401500	SRS11151095	PRJNA673092	SRX13225714	2108	Mycoplasma sp.	ILLUMINA	Illumina iSeq 100	PAIRED	WGS	METAGENOMIC	other	880200	258727595	ftp.sra.ebi.ac.uk/vol1/fastq/SRR170/050/SRR17035850/SRR17035850_1.fastq.gz;ftp.sra.ebi.ac.uk/vol1/fastq/SRR170/050/SRR17035850/SRR17035850_2.fastq.gz	57891767;61761083	2025-11-29	SUB10713995
SRR17035853	SAMN23401497	SRS11151092	PRJNA673092	SRX13225711	2108	Mycoplasma sp.	ILLUMINA	Illumina iSeq 100	PAIRED	WGS	METAGENOMIC	other	609266	179276446	ftp.sra.ebi.ac.uk/vol1/fastq/SRR170/053/SRR17035853/SRR17035853_1.fastq.gz;ftp.sra.ebi.ac.uk/vol1/fastq/SRR170/053/SRR17035853/SRR17035853_2.fastq.gz	40068221;41919782	2025-11-29	SUB10713995
SRR17035862	SAMN23401489	SRS11151083	PRJNA673092	SRX13225702	2108	Mycoplasma sp.	ILLUMINA	Illumina iSeq 100	PAIRED	WGS	METAGENOMIC	other	1109493	327175462	ftp.sra.ebi.ac.uk/vol1/fastq/SRR170/062/SRR17035862/SRR17035862_1.fastq.gz;ftp.sra.ebi.ac.uk/vol1/fastq/SRR170/062/SRR17035862/SRR17035862_2.fastq.gz	75658807;77823971	2025-11-29	SUB10713995
SRR17035864	SAMN23401487	SRS11151081	PRJNA673092	SRX13225700	2108	Mycoplasma sp.	ILLUMINA	Illumina iSeq 100	PAIRED	WGS	METAGENOMIC	other	500020	147620838	ftp.sra.ebi.ac.uk/vol1/fastq/SRR170/064/SRR17035864/SRR17035864_1.fastq.gz;ftp.sra.ebi.ac.uk/vol1/fastq/SRR170/064/SRR17035864/SRR17035864_2.fastq.gz	34188143;36675039	2025-11-29	SUB10713995
SRR17035866	SAMN23401477	SRS11151079	PRJNA673092	SRX13225698	2108	Mycoplasma sp.	ILLUMINA	Illumina iSeq 100	PAIRED	WGS	METAGENOMIC	other	681242	201768186	ftp.sra.ebi.ac.uk/vol1/fastq/SRR170/066/SRR17035866/SRR17035866_1.fastq.gz;ftp.sra.ebi.ac.uk/vol1/fastq/SRR170/066/SRR17035866/SRR17035866_2.fastq.gz	43428772;45469475	2025-11-29	SUB10713995
SRR17695996	SAMN21844335	SRS11733419	PRJNA762720	SRX13859179	2878854	Mesoplasma whartonense	ILLUMINA	Illumina MiSeq	PAIRED	WGS	GENOMIC	RANDOM	1064650	534454300	ftp.sra.ebi.ac.uk/vol1/fastq/SRR176/096/SRR17695996/SRR17695996_1.fastq.gz;ftp.sra.ebi.ac.uk/vol1/fastq/SRR176/096/SRR17695996/SRR17695996_2.fastq.gz	163037163;192980371	2022-01-24	SUB10968732
SRR17695998	SAMN21844333	SRS11733418	PRJNA762720	SRX13859177	2878854	Mesoplasma whartonense	ILLUMINA	Illumina MiSeq	PAIRED	WGS	GENOMIC	RANDOM	1226432	615668864	ftp.sra.ebi.ac.uk/vol1/fastq/SRR176/098/SRR17695998/SRR17695998_1.fastq.gz;ftp.sra.ebi.ac.uk/vol1/fastq/SRR176/098/SRR17695998/SRR17695998_2.fastq.gz	185196166;210765851	2022-01-24	SUB10968732
SRR17696003	SAMN23742858	SRS11733414	PRJNA762720	SRX13859172	2904537	Spiroplasma attinicola	ILLUMINA	Illumina MiSeq	PAIRED	WGS	GENOMIC	RANDOM	1077680	540995360	ftp.sra.ebi.ac.uk/vol1/fastq/SRR176/003/SRR17696003/SRR17696003_1.fastq.gz;ftp.sra.ebi.ac.uk/vol1/fastq/SRR176/003/SRR17696003/SRR17696003_2.fastq.gz	154649876;181603761	2022-01-24	SUB10968732
SRR17696004	SAMN21844329	SRS11733412	PRJNA762720	SRX13859171	2878854	Mesoplasma whartonense	ILLUMINA	Illumina MiSeq	PAIRED	WGS	GENOMIC	RANDOM	2537978	1274064956	ftp.sra.ebi.ac.uk/vol1/fastq/SRR176/004/SRR17696004/SRR17696004_1.fastq.gz;ftp.sra.ebi.ac.uk/vol1/fastq/SRR176/004/SRR17696004/SRR17696004_2.fastq.gz	370161903;417704672	2022-01-24	SUB10968732
SRR17869099	SAMN19066185	SRS11831961	PRJNA727971	SRX14028844	420408	Sesame phyllody phytoplasma	OXFORD_NANOPORE	MinION	SINGLE	WGA	METAGENOMIC	MBD2 protein methyl-CpG binding domain	33607	115629286	ftp.sra.ebi.ac.uk/vol1/fastq/SRR178/099/SRR17869099/SRR17869099_1.fastq.gz	116457841	2022-02-04	SUB11034404
SRR1797143	SAMN02441097	SRS842375	PRJNA185218	SRX871923	1278299	Tullyiplasma multilocale ATCC 49900	ILLUMINA	Illumina HiSeq 2000	PAIRED	WGS	GENOMIC	RANDOM	10927451	3278235300	ftp.sra.ebi.ac.uk/vol1/fastq/SRR179/003/SRR1797143/SRR1797143_1.fastq.gz;ftp.sra.ebi.ac.uk/vol1/fastq/SRR179/003/SRR1797143/SRR1797143_2.fastq.gz	1283459189;1291832708	2015-03-11	JGI
SRR18744026	SAMN27302535	SRS12598949	PRJNA797924	SRX14844045	2933905	Mycoplasma sp. B17	ILLUMINA	Illumina NovaSeq 6000	PAIRED	WGS	METAGENOMIC	PCR	521762795	156528838500	ftp.sra.ebi.ac.uk/vol1/fastq/SRR187/026/SRR18744026/SRR18744026_1.fastq.gz;ftp.sra.ebi.ac.uk/vol1/fastq/SRR187/026/SRR18744026/SRR18744026_2.fastq.gz	26197404008;26265755956	2023-12-24	SUB11216343
SRR18884265	SAMN27736172	SRS12713216	PRJNA830658	SRX14962870	69896	Candidatus Phytoplasma solani	ILLUMINA	Illumina NovaSeq 6000	PAIRED	WGS	GENOMIC	RANDOM	5554375	1666312500	ftp.sra.ebi.ac.uk/vol1/fastq/SRR188/065/SRR18884265/SRR18884265_1.fastq.gz;ftp.sra.ebi.ac.uk/vol1/fastq/SRR188/065/SRR18884265/SRR18884265_2.fastq.gz	296668745;296599830	2024-01-28	SUB11359703
SRR18884268	SAMN27736169	SRS12713214	PRJNA830658	SRX14962867	69896	Candidatus Phytoplasma solani	ILLUMINA	Illumina NovaSeq 6000	PAIRED	WGS	GENOMIC	RANDOM	4884989	1465496700	ftp.sra.ebi.ac.uk/vol1/fastq/SRR188/068/SRR18884268/SRR18884268_1.fastq.gz;ftp.sra.ebi.ac.uk/vol1/fastq/SRR188/068/SRR18884268/SRR18884268_2.fastq.gz	262902888;262886474	2024-01-28	SUB11359703
SRR18884270	SAMN27736171	SRS12713215	PRJNA830658	SRX14962865	69896	Candidatus Phytoplasma solani	OXFORD_NANOPORE	MinION	SINGLE	WGS	GENOMIC	RANDOM	135829	255608005	ftp.sra.ebi.ac.uk/vol1/fastq/SRR188/070/SRR18884270/SRR18884270_1.fastq.gz	265339483	2024-01-28	SUB11359703
SRR19140300	SAMN28048762	SRS12946069	PRJNA834592	SRX15207385	2754999	Candidatus Phytoplasma australasiaticum	OXFORD_NANOPORE	MinION	SINGLE	WGS	GENOMIC	RANDOM	1861998	3217179374	ftp.sra.ebi.ac.uk/vol1/fastq/SRR191/000/SRR19140300/SRR19140300_1.fastq.gz	3026032737	2023-07-01	SUB11454087
SRR19178415	SAMN28206356	SRS12976676	PRJNA837572	SRX15243745	85620	Candidatus Phytoplasma asteris	ILLUMINA	Illumina MiSeq	PAIRED	Targeted-Capture	GENOMIC	size fractionation	252405	80264397	ftp.sra.ebi.ac.uk/vol1/fastq/SRR191/015/SRR19178415/SRR19178415_1.fastq.gz;ftp.sra.ebi.ac.uk/vol1/fastq/SRR191/015/SRR19178415/SRR19178415_2.fastq.gz	23527409;25992037	2022-05-14	SUB11459140
SRR19355473	SAMN28422185	SRS13139210	PRJNA838420	SRX15414260	131152	Candidatus Phytoplasma vitis	OXFORD_NANOPORE	MinION	SINGLE	WGS	GENOMIC	unspecified	1022390	6657659227	ftp.sra.ebi.ac.uk/vol1/fastq/SRR193/073/SRR19355473/SRR19355473_1.fastq.gz	6478766067	2022-12-24	SUB11510374
SRR19505313	SAMN28724346	SRS13267697	PRJNA843227	SRX15558020	2950122	'Momordica charantia' stem-flattening phytoplasma	ABI_SOLID	AB SOLiD 3 Plus System	SINGLE	WCS	GENOMIC	PCR	1	1229	ftp.sra.ebi.ac.uk/vol1/fastq/SRR195/013/SRR19505313/SRR19505313.fastq.gz	523	2022-06-20	SUB11542954
SRR20045378	SAMN29590225	SRS13749919	PRJNA856806	SRX16083850	519450	Mycoplasma anserisalpingitidis	ILLUMINA	NextSeq 500	SINGLE	WGS	GENOMIC	other	5646052	544801665	ftp.sra.ebi.ac.uk/vol1/fastq/SRR200/078/SRR20045378/SRR20045378.fastq.gz	341175359	2025-01-29	SUB11731176
SRR20045388	SAMN29590207	SRS13749909	PRJNA856806	SRX16083840	519450	Mycoplasma anserisalpingitidis	ILLUMINA	NextSeq 500	SINGLE	WGS	GENOMIC	other	4167281	478896056	ftp.sra.ebi.ac.uk/vol1/fastq/SRR200/088/SRR20045388/SRR20045388.fastq.gz	300306985	2025-01-29	SUB11731176
SRR2056322	SAMN03764001	SRS956450	PRJNA285998	SRX1053518	265311	Mesoplasma florum L1	ILLUMINA	Illumina HiSeq 2500	PAIRED	OTHER	TRANSCRIPTOMIC	RANDOM	72090266	14562233732	ftp.sra.ebi.ac.uk/vol1/fastq/SRR205/002/SRR2056322/SRR2056322_1.fastq.gz;ftp.sra.ebi.ac.uk/vol1/fastq/SRR205/002/SRR2056322/SRR2056322_2.fastq.gz	4114569915;4205529552	2015-12-25	
SRR23638658	SAMN33477942	SRS16908170	PRJNA939501	SRX19521402	40480	Mycoplasma capricolum subsp. capripneumoniae	ILLUMINA	Illumina MiSeq	PAIRED	WGS	GENOMIC	RANDOM	14805458	4471248316	ftp.sra.ebi.ac.uk/vol1/fastq/SRR236/058/SRR23638658/SRR23638658_1.fastq.gz;ftp.sra.ebi.ac.uk/vol1/fastq/SRR236/058/SRR23638658/SRR23638658_2.fastq.gz	757302597;759422746	2023-06-05	SUB12865123
SRR24775308	SAMN18653201	SRS17856819	PRJNA720530	SRX20550062	2685873	Mycoplasmataceae bacterium	ILLUMINA	Illumina MiSeq	PAIRED	WGA	METAGENOMIC	RANDOM	1797483	838842190	ftp.sra.ebi.ac.uk/vol1/fastq/SRR247/008/SRR24775308/SRR24775308_1.fastq.gz;ftp.sra.ebi.ac.uk/vol1/fastq/SRR247/008/SRR24775308/SRR24775308_2.fastq.gz	126232452;139575222	2023-06-05	SUB13485145
SRR24848568	SAMN04275153	SRS17912476	PRJNA184743	SRX20612708	1276219	Spiroplasma ixodetis Y32	PACBIO_SMRT	PacBio RS II	SINGLE	WGS	GENOMIC	RANDOM	588947	1230970296	ftp.sra.ebi.ac.uk/vol1/fastq/SRR248/068/SRR24848568/SRR24848568_subreads.fastq.gz	1109482900	2023-06-21	SUB13503053
SRR24848569	SAMN04275153	SRS17912476	PRJNA184743	SRX20612707	1276219	Spiroplasma ixodetis Y32	ILLUMINA	Illumina HiSeq 2000	PAIRED	WGS	GENOMIC	RANDOM	5289687	1068516774	ftp.sra.ebi.ac.uk/vol1/fastq/SRR248/069/SRR24848569/SRR24848569_1.fastq.gz;ftp.sra.ebi.ac.uk/vol1/fastq/SRR248/069/SRR24848569/SRR24848569_2.fastq.gz	212034830;216648909	2023-06-21	SUB13503053
DRR067158	SAMD00057673	DRS073757	PRJDB5103	DRX061096	262768	Onion yellows phytoplasma OY-M	ILLUMINA	Illumina MiSeq	SINGLE	OTHER	TRANSCRIPTOMIC	RACE	1803169	78645961	ftp.sra.ebi.ac.uk/vol1/fastq/DRR067/DRR067158/DRR067158.fastq.gz	55998320	2018-08-15	UT-GALS
DRR067159	SAMD00057673	DRS073757	PRJDB5103	DRX061097	262768	Onion yellows phytoplasma OY-M	ILLUMINA	Illumina MiSeq	SINGLE	OTHER	TRANSCRIPTOMIC	RACE	1248867	57785306	ftp.sra.ebi.ac.uk/vol1/fastq/DRR067/DRR067159/DRR067159.fastq.gz	40411435	2018-08-15	UT-GALS
DRR240862	SAMD00239572	DRS180584	PRJDB10389	DRX230721	238673	Hydrangea phyllody phytoplasma	ILLUMINA	Illumina MiSeq	PAIRED	WGS	GENOMIC	MBD2 protein methyl-CpG binding domain	2400466	560972286	ftp.sra.ebi.ac.uk/vol1/fastq/DRR240/DRR240862/DRR240862_1.fastq.gz;ftp.sra.ebi.ac.uk/vol1/fastq/DRR240/DRR240862/DRR240862_2.fastq.gz	231315653;242200652	2021-04-25	UT-GALS
DRR411754	SAMD00547685	DRS262271	PRJDB14468	DRX397355	2141	Spiroplasma ixodetis	ILLUMINA	Illumina HiSeq 4000	PAIRED	WGS	GENOMIC	RANDOM	5442459	1632737700	ftp.sra.ebi.ac.uk/vol1/fastq/DRR411/DRR411754/DRR411754_1.fastq.gz;ftp.sra.ebi.ac.uk/vol1/fastq/DRR411/DRR411754/DRR411754_2.fastq.gz	350081723;359876754	2022-11-11	NARO
DRR411756	SAMD00547900	DRS262272	PRJDB14468	DRX397357	2141	Spiroplasma ixodetis	ILLUMINA	Illumina HiSeq 4000	PAIRED	WGS	GENOMIC	RANDOM	5911386	1773415800	ftp.sra.ebi.ac.uk/vol1/fastq/DRR411/DRR411756/DRR411756_1.fastq.gz;ftp.sra.ebi.ac.uk/vol1/fastq/DRR411/DRR411756/DRR411756_2.fastq.gz	375482731;382142207	2022-11-11	NARO
DRR495437	SAMD00634128	DRS329558	PRJDB16217	DRX479610	3050081	Spiroplasma endosymbiont of Nesidiocoris tenuis	OXFORD_NANOPORE	MinION	SINGLE	WGS	METAGENOMIC	size fractionation	8587952	29588335700	ftp.sra.ebi.ac.uk/vol1/fastq/DRR495/DRR495437/DRR495437_1.fastq.gz	9367138239	2023-09-24	NIAS_NARO
DRR504716	SAMD00647262	DRS376542	PRJDB16501	DRX488708	2141	Spiroplasma ixodetis	OXFORD_NANOPORE	MinION	SINGLE	WGS	GENOMIC	RANDOM	43199	183319964	ftp.sra.ebi.ac.uk/vol1/fastq/DRR504/DRR504716/DRR504716_1.fastq.gz	181238618	2024-04-28	NARO
DRR531726	SAMD00747050	DRS391854	PRJDB17543	DRX515599	216933	Spiroplasma chrysopicola	DNBSEQ	DNBSEQ-G400	PAIRED	WGS	GENOMIC	PCR	2765570	829671000	ftp.sra.ebi.ac.uk/vol1/fastq/DRR531/DRR531726/DRR531726_1.fastq.gz;ftp.sra.ebi.ac.uk/vol1/fastq/DRR531/DRR531726/DRR531726_2.fastq.gz	234818171;273920102	2024-06-30	National Institute of Advanced Industrial Science and Technology
DRR531728	SAMD00747052	DRS391835	PRJDB17543	DRX515601	216933	Spiroplasma chrysopicola	DNBSEQ	DNBSEQ-G400	PAIRED	WGS	GENOMIC	PCR	3680336	1104100800	ftp.sra.ebi.ac.uk/vol1/fastq/DRR531/DRR531728/DRR531728_1.fastq.gz;ftp.sra.ebi.ac.uk/vol1/fastq/DRR531/DRR531728/DRR531728_2.fastq.gz	311624500;365505110	2024-06-30	National Institute of Advanced Industrial Science and Technology
DRR531729	SAMD00747053	DRS391840	PRJDB17543	DRX515602	216933	Spiroplasma chrysopicola	DNBSEQ	DNBSEQ-G400	PAIRED	WGS	GENOMIC	PCR	2071113	621333900	ftp.sra.ebi.ac.uk/vol1/fastq/DRR531/DRR531729/DRR531729_1.fastq.gz;ftp.sra.ebi.ac.uk/vol1/fastq/DRR531/DRR531729/DRR531729_2.fastq.gz	175217627;204644486	2024-06-30	National Institute of Advanced Industrial Science and Technology
ERR033883	SAMEA757069;SAMEA757067;SAMEA757061;SAMEA757059;SAMEA757053;SAMEA757055;SAMEA757086;SAMEA757091;SAMEA757084;SAMEA757095;SAMEA757098	ERS015761;ERS015763;ERS015764;ERS015767;ERS015768;ERS015769;ERS015771;ERS015773;ERS015774;ERS017547;ERS017548	PRJEB2281	ERX012599	813;273136	Mycoplasma amphoriforme;Chlamydia trachomatis	ILLUMINA	Illumina Genome Analyzer II	PAIRED	WGS	GENOMIC	RANDOM	896528	103958897	ftp.sra.ebi.ac.uk/vol1/fastq/ERR033/ERR033883/ERR033883_1.fastq.gz;ftp.sra.ebi.ac.uk/vol1/fastq/ERR033/ERR033883/ERR033883_2.fastq.gz	60369347;51054654	2011-04-20	Wellcome Sanger Institute;SC
ERR119332	SAMEA1409127	ERS075465	PRJEB2281	ERX095604	273136	Mycoplasma amphoriforme	ILLUMINA	Illumina HiSeq 2000	PAIRED	WGS	GENOMIC	RANDOM	3255415	488312250	ftp.sra.ebi.ac.uk/vol1/fastq/ERR119/ERR119332/ERR119332_1.fastq.gz;ftp.sra.ebi.ac.uk/vol1/fastq/ERR119/ERR119332/ERR119332_2.fastq.gz	246881427;240035383	2012-04-30	Wellcome Sanger Institute;SC
ERR119333	SAMEA1409134	ERS075466	PRJEB2281	ERX095605	273136	Mycoplasma amphoriforme	ILLUMINA	Illumina HiSeq 2000	PAIRED	WGS	GENOMIC	RANDOM	3589818	538472700	ftp.sra.ebi.ac.uk/vol1/fastq/ERR119/ERR119333/ERR119333_1.fastq.gz;ftp.sra.ebi.ac.uk/vol1/fastq/ERR119/ERR119333/ERR119333_2.fastq.gz	272144170;264162403	2012-04-30	Wellcome Sanger Institute;SC
ERR119338	SAMEA1409126	ERS075471	PRJEB2281	ERX095610	273136	Mycoplasma amphoriforme	ILLUMINA	Illumina HiSeq 2000	PAIRED	WGS	GENOMIC	RANDOM	3852251	577837650	ftp.sra.ebi.ac.uk/vol1/fastq/ERR119/ERR119338/ERR119338_1.fastq.gz;ftp.sra.ebi.ac.uk/vol1/fastq/ERR119/ERR119338/ERR119338_2.fastq.gz	291826273;283156613	2012-04-30	Wellcome Sanger Institute;SC
ERR119339	SAMEA1409148	ERS075472	PRJEB2281	ERX095611	273136	Mycoplasma amphoriforme	ILLUMINA	Illumina HiSeq 2000	PAIRED	WGS	GENOMIC	RANDOM	4437564	665634600	ftp.sra.ebi.ac.uk/vol1/fastq/ERR119/ERR119339/ERR119339_1.fastq.gz;ftp.sra.ebi.ac.uk/vol1/fastq/ERR119/ERR119339/ERR119339_2.fastq.gz	335471999;324843239	2012-04-30	Wellcome Sanger Institute;SC
ERR119345	SAMEA1409140	ERS075478	PRJEB2281	ERX095617	273136	Mycoplasma amphoriforme	ILLUMINA	Illumina HiSeq 2000	PAIRED	WGS	GENOMIC	RANDOM	3455376	518306400	ftp.sra.ebi.ac.uk/vol1/fastq/ERR119/ERR119345/ERR119345_1.fastq.gz;ftp.sra.ebi.ac.uk/vol1/fastq/ERR119/ERR119345/ERR119345_2.fastq.gz	261429376;252853044	2012-04-30	Wellcome Sanger Institute;SC
ERR119356	SAMEA1409132	ERS075489	PRJEB2281	ERX095628	273136	Mycoplasma amphoriforme	ILLUMINA	Illumina HiSeq 2000	PAIRED	WGS	GENOMIC	RANDOM	2689412	403411800	ftp.sra.ebi.ac.uk/vol1/fastq/ERR119/ERR119356/ERR119356_1.fastq.gz;ftp.sra.ebi.ac.uk/vol1/fastq/ERR119/ERR119356/ERR119356_2.fastq.gz	204556895;198599050	2012-04-30	Wellcome Sanger Institute;SC
ERR161001	SAMEA1484306	ERS127433	PRJEB2290	ERX136851	273136	Mycoplasma amphoriforme	ILLUMINA	Illumina HiSeq 2000	PAIRED	WGS	GENOMIC	RANDOM	3706519	741303800	ftp.sra.ebi.ac.uk/vol1/fastq/ERR161/ERR161001/ERR161001_1.fastq.gz;ftp.sra.ebi.ac.uk/vol1/fastq/ERR161/ERR161001/ERR161001_2.fastq.gz	330019397;342697574	2012-07-30	Wellcome Sanger Institute;SC
ERR2193924	SAMEA104378688	ERS2003666	PRJEB23432	ERX2249947	340047	Mycoplasma capricolum subsp. capricolum ATCC 27343	ILLUMINA	Illumina HiSeq 2000	PAIRED	RNA-Seq	TRANSCRIPTOMIC	RANDOM	64230894	6423089400	ftp.sra.ebi.ac.uk/vol1/fastq/ERR219/004/ERR2193924/ERR2193924_1.fastq.gz;ftp.sra.ebi.ac.uk/vol1/fastq/ERR219/004/ERR2193924/ERR2193924_2.fastq.gz	1761788882;1930243238	2018-11-16	European Bioinformatics Institute;Centre for Genomic Regulation
ERR2237839	SAMEA104224787	ERS1883805	PRJEB6403	ERX2290006	29552	Haploplasma axanthum	PACBIO_SMRT	PacBio RS	SINGLE	WGS	GENOMIC	RANDOM	0	0			2018-01-09	Wellcome Sanger Institute;SC
ERR2237851	SAMEA104224795	ERS1883813	PRJEB6403	ERX2290018	264634	Acholeplasma equifetale	PACBIO_SMRT	PacBio RS	SINGLE	WGS	GENOMIC	RANDOM	0	0			2018-01-09	Wellcome Sanger Institute;SC
ERR3283446	SAMEA5073048	ERS2884415	PRJEB21680	ERX3309990	2088	Anaeroplasma bactoclasticum	ILLUMINA	HiSeq X Ten	PAIRED	WGS	GENOMIC	RANDOM	2763026	417216926	ftp.sra.ebi.ac.uk/vol1/fastq/ERR328/006/ERR3283446/ERR3283446_1.fastq.gz;ftp.sra.ebi.ac.uk/vol1/fastq/ERR328/006/ERR3283446/ERR3283446_2.fastq.gz	60931272;73996467	2019-04-16	Wellcome Sanger Institute;SC
ERR3283461	SAMEA5073060	ERS2884427	PRJEB21680	ERX3310005	2103	Mycoplasma mycoides subsp. mycoides	ILLUMINA	HiSeq X Ten	PAIRED	WGS	GENOMIC	RANDOM	2950090	445463590	ftp.sra.ebi.ac.uk/vol1/fastq/ERR328/001/ERR3283461/ERR3283461_1.fastq.gz;ftp.sra.ebi.ac.uk/vol1/fastq/ERR328/001/ERR3283461/ERR3283461_2.fastq.gz	68122557;83923377	2019-04-16	Wellcome Sanger Institute;SC
ERR3283463	SAMEA5073062	ERS2884429	PRJEB21680	ERX3310007	2105	Mycoplasma leachii	ILLUMINA	HiSeq X Ten	PAIRED	WGS	GENOMIC	RANDOM	2620918	395758618	ftp.sra.ebi.ac.uk/vol1/fastq/ERR328/003/ERR3283463/ERR3283463_1.fastq.gz;ftp.sra.ebi.ac.uk/vol1/fastq/ERR328/003/ERR3283463/ERR3283463_2.fastq.gz	61454624;75593418	2019-04-16	Wellcome Sanger Institute;SC
ERR3283464	SAMEA5073063	ERS2884430	PRJEB21680	ERX3310008	2106	Mycoplasma corogypsi	ILLUMINA	HiSeq X Ten	PAIRED	WGS	GENOMIC	RANDOM	3294930	497534430	ftp.sra.ebi.ac.uk/vol1/fastq/ERR328/004/ERR3283464/ERR3283464_1.fastq.gz;ftp.sra.ebi.ac.uk/vol1/fastq/ERR328/004/ERR3283464/ERR3283464_2.fastq.gz	71425168;84807972	2019-04-16	Wellcome Sanger Institute;SC
ERR3283495	SAMEA5073089	ERS2884456	PRJEB21680	ERX3310039	2138	Spiroplasma poulsonii	ILLUMINA	HiSeq X Ten	PAIRED	WGS	GENOMIC	RANDOM	3281250	495468750	ftp.sra.ebi.ac.uk/vol1/fastq/ERR328/005/ERR3283495/ERR3283495_1.fastq.gz;ftp.sra.ebi.ac.uk/vol1/fastq/ERR328/005/ERR3283495/ERR3283495_2.fastq.gz	72373274;87321551	2019-04-16	Wellcome Sanger Institute;SC
ERR3283505	SAMEA5073107	ERS2884474	PRJEB21680	ERX3310049	2149	Mesoplasma entomophilum	ILLUMINA	HiSeq X Ten	PAIRED	WGS	GENOMIC	RANDOM	2889332	436289132	ftp.sra.ebi.ac.uk/vol1/fastq/ERR328/005/ERR3283505/ERR3283505_1.fastq.gz;ftp.sra.ebi.ac.uk/vol1/fastq/ERR328/005/ERR3283505/ERR3283505_2.fastq.gz	63639245;78980969	2019-04-16	Wellcome Sanger Institute;SC
ERR579902	SAMEA2699041	ERS526889	PRJEB6982	ERX538076	92038	Flavescence doree phytoplasma HD1	ILLUMINA	Illumina HiSeq 1000	PAIRED	RNA-Seq	TRANSCRIPTOMIC	RANDOM	127601	25198019	ftp.sra.ebi.ac.uk/vol1/fastq/ERR579/ERR579902/ERR579902_1.fastq.gz;ftp.sra.ebi.ac.uk/vol1/fastq/ERR579/ERR579902/ERR579902_2.fastq.gz	7655136;7846914	2014-12-05	Institute of Plant Virology - CNR;IVV-CNR
SRR10569189	SAMN13189863	SRS5748967	PRJNA585606	SRX7250674	2663997	Acholeplasma sp. JGI_SA12_E04_024	ILLUMINA	NextSeq 500	PAIRED	WGA	GENOMIC	other	7588899	2291847498	ftp.sra.ebi.ac.uk/vol1/fastq/SRR105/089/SRR10569189/SRR10569189_1.fastq.gz;ftp.sra.ebi.ac.uk/vol1/fastq/SRR105/089/SRR10569189/SRR10569189_2.fastq.gz	609882937;620149775	2019-12-04	
SRR10604612	SAMN13189862	SRS5777833	PRJNA585604	SRX7284156	2663995	Acholeplasma sp. JGI_SA12_B04_030	ILLUMINA	NextSeq 500	PAIRED	WGA	GENOMIC	other	8833172	2667617944	ftp.sra.ebi.ac.uk/vol1/fastq/SRR106/012/SRR10604612/SRR10604612_1.fastq.gz;ftp.sra.ebi.ac.uk/vol1/fastq/SRR106/012/SRR10604612/SRR10604612_2.fastq.gz	740423858;749446882	2019-12-09	
SRR12825550	SAMN16392098	SRS7519755	PRJNA667928	SRX9293215	136241	Mycoplasma haemocanis	ILLUMINA	Illumina MiSeq	PAIRED	AMPLICON	METAGENOMIC	PCR	29516	17768632	ftp.sra.ebi.ac.uk/vol1/fastq/SRR128/050/SRR12825550/SRR12825550_1.fastq.gz;ftp.sra.ebi.ac.uk/vol1/fastq/SRR128/050/SRR12825550/SRR12825550_2.fastq.gz	3961681;3134555	2021-01-04	SUB8220965
SRR12825555	SAMN16392093	SRS7519749	PRJNA667928	SRX9293210	136241	Mycoplasma haemocanis	ILLUMINA	Illumina MiSeq	PAIRED	AMPLICON	METAGENOMIC	PCR	22970	13827940	ftp.sra.ebi.ac.uk/vol1/fastq/SRR128/055/SRR12825555/SRR12825555_1.fastq.gz;ftp.sra.ebi.ac.uk/vol1/fastq/SRR128/055/SRR12825555/SRR12825555_2.fastq.gz	3255614;2558735	2021-01-04	SUB8220965
SRR12825556	SAMN16392092	SRS7519750	PRJNA667928	SRX9293209	136241	Mycoplasma haemocanis	ILLUMINA	Illumina MiSeq	PAIRED	AMPLICON	METAGENOMIC	PCR	35024	21084448	ftp.sra.ebi.ac.uk/vol1/fastq/SRR128/056/SRR12825556/SRR12825556_1.fastq.gz;ftp.sra.ebi.ac.uk/vol1/fastq/SRR128/056/SRR12825556/SRR12825556_2.fastq.gz	4471555;3567752	2021-01-04	SUB8220965
SRR12825559	SAMN16392089	SRS7519746	PRJNA667928	SRX9293206	136241	Mycoplasma haemocanis	ILLUMINA	Illumina MiSeq	PAIRED	AMPLICON	METAGENOMIC	PCR	39521	23791642	ftp.sra.ebi.ac.uk/vol1/fastq/SRR128/059/SRR12825559/SRR12825559_1.fastq.gz;ftp.sra.ebi.ac.uk/vol1/fastq/SRR128/059/SRR12825559/SRR12825559_2.fastq.gz	5276466;3549759	2021-01-04	SUB8220965
SRR12825561	SAMN16392088	SRS7519744	PRJNA667928	SRX9293204	136241	Mycoplasma haemocanis	ILLUMINA	Illumina MiSeq	PAIRED	AMPLICON	METAGENOMIC	PCR	34085	20519170	ftp.sra.ebi.ac.uk/vol1/fastq/SRR128/061/SRR12825561/SRR12825561_1.fastq.gz;ftp.sra.ebi.ac.uk/vol1/fastq/SRR128/061/SRR12825561/SRR12825561_2.fastq.gz	4614111;3227368	2021-01-04	SUB8220965
SRR12881902	SAMN16482778	SRS7570832	PRJNA670049	SRX9347847	1822367	Candidatus Moeniiplasma glomeromycotorum	ILLUMINA	Illumina HiSeq 2500	PAIRED	WGS	METAGENOMIC	RANDOM PCR	31891025	6361366169	ftp.sra.ebi.ac.uk/vol1/fastq/SRR128/002/SRR12881902/SRR12881902_1.fastq.gz;ftp.sra.ebi.ac.uk/vol1/fastq/SRR128/002/SRR12881902/SRR12881902_2.fastq.gz	1661306516;1658538849	2022-01-01	SUB8336291
SRR12881903	SAMN16482777	SRS7570831	PRJNA670049	SRX9347846	1822367	Candidatus Moeniiplasma glomeromycotorum	ILLUMINA	Illumina HiSeq 2500	PAIRED	WGS	METAGENOMIC	RANDOM PCR	35216199	7038326460	ftp.sra.ebi.ac.uk/vol1/fastq/SRR128/003/SRR12881903/SRR12881903_1.fastq.gz;ftp.sra.ebi.ac.uk/vol1/fastq/SRR128/003/SRR12881903/SRR12881903_2.fastq.gz	1802853146;1833543822	2022-01-01	SUB8336291
SRR20897172	SAMN27545508	SRS14503189	PRJNA839414	SRX16915811	307134	Columbia Basin potato purple top phytoplasma	ILLUMINA	Illumina HiSeq 4000	PAIRED	WGS	GENOMIC	RANDOM	28585699	8575709700	ftp.sra.ebi.ac.uk/vol1/fastq/SRR208/072/SRR20897172/SRR20897172_1.fastq.gz;ftp.sra.ebi.ac.uk/vol1/fastq/SRR208/072/SRR20897172/SRR20897172_2.fastq.gz	2178170642;2383956445	2023-02-09	SUB11893795
SRR22475906	SAMN17598643	SRS15922684	PRJNA695030	SRX18441236	2056121	'Prunus avium' virescence phytoplasma	PACBIO_SMRT	PacBio RS II	SINGLE	WXS	GENOMIC	RANDOM	794667	11257983506	ftp.sra.ebi.ac.uk/vol1/fastq/SRR224/006/SRR22475906/SRR22475906_subreads.fastq.gz	3389203811	2024-03-09	SUB12177521
SRR22585812	SAMN32123081	SRS16015242	PRJNA910329	SRX18548812	40479	Mycoplasma capricolum subsp. capricolum	ILLUMINA	Illumina MiSeq	PAIRED	WGS	GENOMIC	RANDOM	505721	204799739	ftp.sra.ebi.ac.uk/vol1/fastq/SRR225/012/SRR22585812/SRR22585812_1.fastq.gz;ftp.sra.ebi.ac.uk/vol1/fastq/SRR225/012/SRR22585812/SRR22585812_2.fastq.gz	52301258;59662955	2022-12-10	SUB12368784
SRR22745885	SAMN32241325	SRS16148850	PRJNA912395	SRX18707046	519450	Mycoplasma anserisalpingitidis	ILLUMINA	NextSeq 500	SINGLE	WGS	GENOMIC	other	2587001	273280651	ftp.sra.ebi.ac.uk/vol1/fastq/SRR227/085/SRR22745885/SRR22745885.fastq.gz	109272466	2023-07-11	SUB12422491
SRR22745891	SAMN32241335	SRS16148844	PRJNA912395	SRX18707040	519450	Mycoplasma anserisalpingitidis	ILLUMINA	NextSeq 500	SINGLE	WGS	GENOMIC	other	2909308	264097961	ftp.sra.ebi.ac.uk/vol1/fastq/SRR227/091/SRR22745891/SRR22745891.fastq.gz	108908480	2023-07-11	SUB12422491
SRR22745892	SAMN32241334	SRS16148843	PRJNA912395	SRX18707039	519450	Mycoplasma anserisalpingitidis	ILLUMINA	NextSeq 500	SINGLE	WGS	GENOMIC	other	2366235	259847389	ftp.sra.ebi.ac.uk/vol1/fastq/SRR227/092/SRR22745892/SRR22745892.fastq.gz	102820808	2023-07-11	SUB12422491
SRR22745893	SAMN32241333	SRS16148842	PRJNA912395	SRX18707038	519450	Mycoplasma anserisalpingitidis	ILLUMINA	NextSeq 500	SINGLE	WGS	GENOMIC	other	1593797	178660864	ftp.sra.ebi.ac.uk/vol1/fastq/SRR227/093/SRR22745893/SRR22745893.fastq.gz	70003422	2023-07-11	SUB12422491
SRR22745895	SAMN32241331	SRS16148840	PRJNA912395	SRX18707036	519450	Mycoplasma anserisalpingitidis	ILLUMINA	NextSeq 500	SINGLE	WGS	GENOMIC	other	1637633	178092123	ftp.sra.ebi.ac.uk/vol1/fastq/SRR227/095/SRR22745895/SRR22745895.fastq.gz	70583295	2023-07-11	SUB12422491
SRR22745896	SAMN32241322	SRS16148839	PRJNA912395	SRX18707035	519450	Mycoplasma anserisalpingitidis	ILLUMINA	NextSeq 500	SINGLE	WGS	GENOMIC	other	1915248	194905558	ftp.sra.ebi.ac.uk/vol1/fastq/SRR227/096/SRR22745896/SRR22745896.fastq.gz	78339385	2023-07-11	SUB12422491
SRR24310309	SAMN34292745	SRS17436226	PRJNA958240	SRX20105301	479893	Candidatus Phytoplasma pruni	ILLUMINA	Illumina MiSeq	PAIRED	WGS	GENOMIC	5-methylcytidine antibody	875275	399424043	ftp.sra.ebi.ac.uk/vol1/fastq/SRR243/009/SRR24310309/SRR24310309_1.fastq.gz;ftp.sra.ebi.ac.uk/vol1/fastq/SRR243/009/SRR24310309/SRR24310309_2.fastq.gz	127284285;143838154	2024-12-01	SUB13173934
SRR25469150	SAMN36775452	SRS18460096	PRJNA1000707	SRX21201807	2146	Acholeplasmataceae	ILLUMINA	Illumina NovaSeq 6000	PAIRED	AMPLICON	GENOMIC	PCR	81415	40707500	ftp.sra.ebi.ac.uk/vol1/fastq/SRR254/050/SRR25469150/SRR25469150_1.fastq.gz;ftp.sra.ebi.ac.uk/vol1/fastq/SRR254/050/SRR25469150/SRR25469150_2.fastq.gz	2514238;2449160	2024-02-04	SUB13720433
SRR25469167	SAMN36775449	SRS18460079	PRJNA1000707	SRX21201790	2146	Acholeplasmataceae	ILLUMINA	Illumina NovaSeq 6000	PAIRED	AMPLICON	GENOMIC	PCR	84503	42251500	ftp.sra.ebi.ac.uk/vol1/fastq/SRR254/067/SRR25469167/SRR25469167_1.fastq.gz;ftp.sra.ebi.ac.uk/vol1/fastq/SRR254/067/SRR25469167/SRR25469167_2.fastq.gz	2904216;2893466	2024-02-04	SUB13720433
SRR25474922	SAMN36781232	SRS18464629	PRJNA954307	SRX21207160	2102	Mycoplasma mycoides	ILLUMINA	Illumina MiSeq	PAIRED	WGS	GENOMIC	RANDOM	421048	229085602	ftp.sra.ebi.ac.uk/vol1/fastq/SRR254/022/SRR25474922/SRR25474922_1.fastq.gz;ftp.sra.ebi.ac.uk/vol1/fastq/SRR254/022/SRR25474922/SRR25474922_2.fastq.gz	64604165;78473612	2023-08-02	SUB13724118
SRR26290115	SAMN37625494	SRS19073384	PRJNA1022771	SRX21998824	2108	Mycoplasma sp.	ILLUMINA	Illumina NovaSeq 6000	SINGLE	RNA-Seq	GENOMIC	PCR	53599	26464494	ftp.sra.ebi.ac.uk/vol1/fastq/SRR262/015/SRR26290115/SRR26290115_1.fastq.gz;ftp.sra.ebi.ac.uk/vol1/fastq/SRR262/015/SRR26290115/SRR26290115_2.fastq.gz	1627052;1714605	2023-10-08	SUB13875136
SRR26453572	SAMN37908241	SRS19216814	PRJNA1030417	SRX22157853	29552	Haploplasma axanthum	ILLUMINA	Illumina HiSeq 4000	PAIRED	AMPLICON	SYNTHETIC	RT-PCR	24524024	7406255248	ftp.sra.ebi.ac.uk/vol1/fastq/SRR264/072/SRR26453572/SRR26453572_1.fastq.gz;ftp.sra.ebi.ac.uk/vol1/fastq/SRR264/072/SRR26453572/SRR26453572_2.fastq.gz	559239662;589336162	2023-10-21	SUB13915823
SRR26453574	SAMN37908293	SRS19216812	PRJNA1030417	SRX22157851	29552	Haploplasma axanthum	ILLUMINA	Illumina HiSeq 4000	PAIRED	AMPLICON	SYNTHETIC	RT-PCR	20737253	6262650406	ftp.sra.ebi.ac.uk/vol1/fastq/SRR264/074/SRR26453574/SRR26453574_1.fastq.gz;ftp.sra.ebi.ac.uk/vol1/fastq/SRR264/074/SRR26453574/SRR26453574_2.fastq.gz	464637758;509555478	2023-10-21	SUB13915823
SRR26453579	SAMN37908242	SRS19216815	PRJNA1030417	SRX22157854	29552	Haploplasma axanthum	ILLUMINA	Illumina HiSeq 4000	PAIRED	AMPLICON	SYNTHETIC	RT-PCR	10683868	3226528136	ftp.sra.ebi.ac.uk/vol1/fastq/SRR264/079/SRR26453579/SRR26453579_1.fastq.gz;ftp.sra.ebi.ac.uk/vol1/fastq/SRR264/079/SRR26453579/SRR26453579_2.fastq.gz	254609423;274053998	2023-10-21	SUB13915823
SRR26453582	SAMN37908286	SRS19216805	PRJNA1030417	SRX22157844	29552	Haploplasma axanthum	ILLUMINA	Illumina HiSeq 4000	PAIRED	AMPLICON	SYNTHETIC	RT-PCR	24516415	7403957330	ftp.sra.ebi.ac.uk/vol1/fastq/SRR264/082/SRR26453582/SRR26453582_1.fastq.gz;ftp.sra.ebi.ac.uk/vol1/fastq/SRR264/082/SRR26453582/SRR26453582_2.fastq.gz	571454255;606375916	2023-10-21	SUB13915823
SRR26453584	SAMN37908239	SRS19216802	PRJNA1030417	SRX22157841	29552	Haploplasma axanthum	ILLUMINA	Illumina HiSeq 4000	PAIRED	AMPLICON	SYNTHETIC	RT-PCR	14177098	4281483596	ftp.sra.ebi.ac.uk/vol1/fastq/SRR264/084/SRR26453584/SRR26453584_1.fastq.gz;ftp.sra.ebi.ac.uk/vol1/fastq/SRR264/084/SRR26453584/SRR26453584_2.fastq.gz	330616253;346116422	2023-10-21	SUB13915823
SRR26453595	SAMN37908238	SRS19216791	PRJNA1030417	SRX22157830	29552	Haploplasma axanthum	ILLUMINA	Illumina HiSeq 4000	PAIRED	AMPLICON	SYNTHETIC	RT-PCR	11442494	3455633188	ftp.sra.ebi.ac.uk/vol1/fastq/SRR264/095/SRR26453595/SRR26453595_1.fastq.gz;ftp.sra.ebi.ac.uk/vol1/fastq/SRR264/095/SRR26453595/SRR26453595_2.fastq.gz	273539740;284380212	2023-10-21	SUB13915823
SRR26453596	SAMN37908273	SRS19216790	PRJNA1030417	SRX22157829	29552	Haploplasma axanthum	ILLUMINA	Illumina HiSeq 4000	PAIRED	AMPLICON	SYNTHETIC	RT-PCR	18808816	5680262432	ftp.sra.ebi.ac.uk/vol1/fastq/SRR264/096/SRR26453596/SRR26453596_1.fastq.gz;ftp.sra.ebi.ac.uk/vol1/fastq/SRR264/096/SRR26453596/SRR26453596_2.fastq.gz	437108412;449933053	2023-10-21	SUB13915823
SRR26453597	SAMN37908272	SRS19216789	PRJNA1030417	SRX22157828	29552	Haploplasma axanthum	ILLUMINA	Illumina HiSeq 4000	PAIRED	AMPLICON	SYNTHETIC	RT-PCR	28957722	8745232044	ftp.sra.ebi.ac.uk/vol1/fastq/SRR264/097/SRR26453597/SRR26453597_1.fastq.gz;ftp.sra.ebi.ac.uk/vol1/fastq/SRR264/097/SRR26453597/SRR26453597_2.fastq.gz	665883239;674439183	2023-10-21	SUB13915823
SRR26453598	SAMN37908271	SRS19216788	PRJNA1030417	SRX22157827	29552	Haploplasma axanthum	ILLUMINA	Illumina HiSeq 4000	PAIRED	AMPLICON	SYNTHETIC	RT-PCR	39217523	11843691946	ftp.sra.ebi.ac.uk/vol1/fastq/SRR264/098/SRR26453598/SRR26453598_1.fastq.gz;ftp.sra.ebi.ac.uk/vol1/fastq/SRR264/098/SRR26453598/SRR26453598_2.fastq.gz	882030755;926466764	2023-10-21	SUB13915823
SRR26453606	SAMN37908237	SRS19216780	PRJNA1030417	SRX22157819	29552	Haploplasma axanthum	ILLUMINA	Illumina HiSeq 4000	PAIRED	AMPLICON	SYNTHETIC	RT-PCR	29041719	8770599138	ftp.sra.ebi.ac.uk/vol1/fastq/SRR264/006/SRR26453606/SRR26453606_1.fastq.gz;ftp.sra.ebi.ac.uk/vol1/fastq/SRR264/006/SRR26453606/SRR26453606_2.fastq.gz	679723608;715767819	2023-10-21	SUB13915823
SRR26453611	SAMN37908259	SRS19216775	PRJNA1030417	SRX22157814	29552	Haploplasma axanthum	ILLUMINA	Illumina HiSeq 4000	PAIRED	AMPLICON	SYNTHETIC	RT-PCR	19537491	5900322282	ftp.sra.ebi.ac.uk/vol1/fastq/SRR264/011/SRR26453611/SRR26453611_1.fastq.gz;ftp.sra.ebi.ac.uk/vol1/fastq/SRR264/011/SRR26453611/SRR26453611_2.fastq.gz	464104428;432335011	2023-10-21	SUB13915823
SRR26453612	SAMN37908258	SRS19216774	PRJNA1030417	SRX22157813	29552	Haploplasma axanthum	ILLUMINA	Illumina HiSeq 4000	PAIRED	AMPLICON	SYNTHETIC	RT-PCR	29945604	9043572408	ftp.sra.ebi.ac.uk/vol1/fastq/SRR264/012/SRR26453612/SRR26453612_1.fastq.gz;ftp.sra.ebi.ac.uk/vol1/fastq/SRR264/012/SRR26453612/SRR26453612_2.fastq.gz	662434425;647331004	2023-10-21	SUB13915823
SRR26453613	SAMN37908257	SRS19216773	PRJNA1030417	SRX22157812	29552	Haploplasma axanthum	ILLUMINA	Illumina HiSeq 4000	PAIRED	AMPLICON	SYNTHETIC	RT-PCR	31028638	9370648676	ftp.sra.ebi.ac.uk/vol1/fastq/SRR264/013/SRR26453613/SRR26453613_1.fastq.gz;ftp.sra.ebi.ac.uk/vol1/fastq/SRR264/013/SRR26453613/SRR26453613_2.fastq.gz	681622063;663208669	2023-10-21	SUB13915823
SRR26453630	SAMN37908234	SRS19216757	PRJNA1030417	SRX22157796	29552	Haploplasma axanthum	ILLUMINA	Illumina HiSeq 4000	PAIRED	AMPLICON	SYNTHETIC	RT-PCR	43116333	13021132566	ftp.sra.ebi.ac.uk/vol1/fastq/SRR264/030/SRR26453630/SRR26453630_1.fastq.gz;ftp.sra.ebi.ac.uk/vol1/fastq/SRR264/030/SRR26453630/SRR26453630_2.fastq.gz	1026363749;1051072012	2023-10-21	SUB13915823
SRR26590687	SAMN38045214	SRS19342661	PRJNA1033804	SRX22291699	2086	Anaeroplasma	ILLUMINA	Illumina NovaSeq 6000	PAIRED	AMPLICON	GENOMIC	PCR	91109	40050762	ftp.sra.ebi.ac.uk/vol1/fastq/SRR265/087/SRR26590687/SRR26590687.fastq.gz;ftp.sra.ebi.ac.uk/vol1/fastq/SRR265/087/SRR26590687/SRR26590687_1.fastq.gz;ftp.sra.ebi.ac.uk/vol1/fastq/SRR265/087/SRR26590687/SRR26590687_2.fastq.gz	210;2413656;2480924	2023-12-31	SUB13921347
SRR27143831	SAMN38725607	SRS19807025	PRJNA1050060	SRX22825616	2103	Mycoplasma mycoides subsp. mycoides	ILLUMINA	Illumina HiSeq 2500	PAIRED	WGS	GENOMIC	PCR	6212664	3118757328	ftp.sra.ebi.ac.uk/vol1/fastq/SRR271/031/SRR27143831/SRR27143831_1.fastq.gz;ftp.sra.ebi.ac.uk/vol1/fastq/SRR271/031/SRR27143831/SRR27143831_2.fastq.gz	541340307;542525754	2023-12-10	SUB14025708
SRR27143832	SAMN38725606	SRS19807024	PRJNA1050060	SRX22825615	2103	Mycoplasma mycoides subsp. mycoides	ILLUMINA	Illumina HiSeq 2500	PAIRED	WGS	GENOMIC	PCR	5942763	2983267026	ftp.sra.ebi.ac.uk/vol1/fastq/SRR271/032/SRR27143832/SRR27143832_1.fastq.gz;ftp.sra.ebi.ac.uk/vol1/fastq/SRR271/032/SRR27143832/SRR27143832_2.fastq.gz	518180895;519687040	2023-12-10	SUB14025708
SRR27143841	SAMN38725615	SRS19807015	PRJNA1050060	SRX22825606	2103	Mycoplasma mycoides subsp. mycoides	ILLUMINA	Illumina HiSeq 2500	PAIRED	WGS	GENOMIC	PCR	5996897	3010442294	ftp.sra.ebi.ac.uk/vol1/fastq/SRR271/041/SRR27143841/SRR27143841_1.fastq.gz;ftp.sra.ebi.ac.uk/vol1/fastq/SRR271/041/SRR27143841/SRR27143841_2.fastq.gz	522892600;524047120	2023-12-10	SUB14025708
SRR27143843	SAMN38725613	SRS19807013	PRJNA1050060	SRX22825604	2103	Mycoplasma mycoides subsp. mycoides	ILLUMINA	Illumina HiSeq 2500	PAIRED	WGS	GENOMIC	PCR	6643381	3334977262	ftp.sra.ebi.ac.uk/vol1/fastq/SRR271/043/SRR27143843/SRR27143843_1.fastq.gz;ftp.sra.ebi.ac.uk/vol1/fastq/SRR271/043/SRR27143843/SRR27143843_2.fastq.gz	579123294;580844840	2023-12-10	SUB14025708
SRR27143847	SAMN38725609	SRS19807009	PRJNA1050060	SRX22825600	2103	Mycoplasma mycoides subsp. mycoides	ILLUMINA	Illumina HiSeq 2500	PAIRED	WGS	GENOMIC	PCR	7457786	3743808572	ftp.sra.ebi.ac.uk/vol1/fastq/SRR271/047/SRR27143847/SRR27143847_1.fastq.gz;ftp.sra.ebi.ac.uk/vol1/fastq/SRR271/047/SRR27143847/SRR27143847_2.fastq.gz	649411474;650643114	2023-12-10	SUB14025708
SRR27143849	SAMN38725599	SRS19807007	PRJNA1050060	SRX22825598	2103	Mycoplasma mycoides subsp. mycoides	ILLUMINA	Illumina HiSeq 2500	PAIRED	WGS	GENOMIC	PCR	5791307	2907236114	ftp.sra.ebi.ac.uk/vol1/fastq/SRR271/049/SRR27143849/SRR27143849_1.fastq.gz;ftp.sra.ebi.ac.uk/vol1/fastq/SRR271/049/SRR27143849/SRR27143849_2.fastq.gz	505302768;506624093	2023-12-10	SUB14025708
SRR27239830	SAMN38872661	SRS19886119	PRJNA1053831	SRX22918087	315358	Spiroplasma eriocheiris	ILLUMINA	Illumina HiSeq 2500	PAIRED	RIP-Seq	METATRANSCRIPTOMIC	RANDOM PCR	4319878	1295963400	ftp.sra.ebi.ac.uk/vol1/fastq/SRR272/030/SRR27239830/SRR27239830_1.fastq.gz;ftp.sra.ebi.ac.uk/vol1/fastq/SRR272/030/SRR27239830/SRR27239830_2.fastq.gz	148900098;149389638	2023-12-19	SUB14095836
SRR27721524	SAMN39603556	SRS20248838	PRJNA1068805	SRX23387506	2103	Mycoplasma mycoides subsp. mycoides	ILLUMINA	Illumina HiSeq 4000	PAIRED	RNA-Seq	TRANSCRIPTOMIC	unspecified	10716366	3236342532	ftp.sra.ebi.ac.uk/vol1/fastq/SRR277/024/SRR27721524/SRR27721524_1.fastq.gz;ftp.sra.ebi.ac.uk/vol1/fastq/SRR277/024/SRR27721524/SRR27721524_2.fastq.gz	550304897;563888128	2025-03-03	SUB14161378
SRR27721538	SAMN39603559	SRS20248841	PRJNA1068805	SRX23387492	2105	Mycoplasma leachii	ILLUMINA	Illumina HiSeq 4000	PAIRED	RNA-Seq	TRANSCRIPTOMIC	unspecified	10148575	3064869650	ftp.sra.ebi.ac.uk/vol1/fastq/SRR277/038/SRR27721538/SRR27721538_1.fastq.gz;ftp.sra.ebi.ac.uk/vol1/fastq/SRR277/038/SRR27721538/SRR27721538_2.fastq.gz	670149460;888151888	2025-03-03	SUB14161378
SRR27721545	SAMN39603558	SRS20248840	PRJNA1068805	SRX23387485	40480	Mycoplasma capricolum subsp. capripneumoniae	ILLUMINA	Illumina HiSeq 4000	PAIRED	RNA-Seq	TRANSCRIPTOMIC	unspecified	10579066	3194877932	ftp.sra.ebi.ac.uk/vol1/fastq/SRR277/045/SRR27721545/SRR27721545_1.fastq.gz;ftp.sra.ebi.ac.uk/vol1/fastq/SRR277/045/SRR27721545/SRR27721545_2.fastq.gz	735955152;1014145568	2025-03-03	SUB14161378
SRR27721549	SAMN39603558	SRS20248840	PRJNA1068805	SRX23387482	40480	Mycoplasma capricolum subsp. capripneumoniae	ILLUMINA	Illumina HiSeq 4000	PAIRED	RNA-Seq	TRANSCRIPTOMIC	unspecified	9985303	3015561506	ftp.sra.ebi.ac.uk/vol1/fastq/SRR277/049/SRR27721549/SRR27721549_1.fastq.gz;ftp.sra.ebi.ac.uk/vol1/fastq/SRR277/049/SRR27721549/SRR27721549_2.fastq.gz	694278925;938516833	2025-03-03	SUB14161378
SRR27721550	SAMN39603558	SRS20248840	PRJNA1068805	SRX23387484	40480	Mycoplasma capricolum subsp. capripneumoniae	ILLUMINA	Illumina HiSeq 4000	PAIRED	RNA-Seq	TRANSCRIPTOMIC	unspecified	9452556	2854671912	ftp.sra.ebi.ac.uk/vol1/fastq/SRR277/050/SRR27721550/SRR27721550_1.fastq.gz;ftp.sra.ebi.ac.uk/vol1/fastq/SRR277/050/SRR27721550/SRR27721550_2.fastq.gz	663781351;906987290	2025-03-03	SUB14161378
SRR27721553	SAMN39603557	SRS20248839	PRJNA1068805	SRX23387476	340047	Mycoplasma capricolum subsp. capricolum ATCC 27343	ILLUMINA	Illumina HiSeq 4000	PAIRED	RNA-Seq	TRANSCRIPTOMIC	unspecified	9620821	2905487942	ftp.sra.ebi.ac.uk/vol1/fastq/SRR277/053/SRR27721553/SRR27721553_1.fastq.gz;ftp.sra.ebi.ac.uk/vol1/fastq/SRR277/053/SRR27721553/SRR27721553_2.fastq.gz	671252753;894486369	2025-03-03	SUB14161378
SRR27721557	SAMN39603557	SRS20248839	PRJNA1068805	SRX23387477	340047	Mycoplasma capricolum subsp. capricolum ATCC 27343	ILLUMINA	Illumina HiSeq 4000	PAIRED	RNA-Seq	TRANSCRIPTOMIC	unspecified	12313822	3718774244	ftp.sra.ebi.ac.uk/vol1/fastq/SRR277/057/SRR27721557/SRR27721557_1.fastq.gz;ftp.sra.ebi.ac.uk/vol1/fastq/SRR277/057/SRR27721557/SRR27721557_2.fastq.gz	855592607;1156495439	2025-03-03	SUB14161378
SRR28122442	SAMN40175287	SRS20592646	PRJNA1081420	SRX23767176	35780	Candidatus Phytoplasma fraxini	PACBIO_SMRT	Sequel IIe	SINGLE	WGS	METAGENOMIC	RANDOM	310838	1356711582	ftp.sra.ebi.ac.uk/vol1/fastq/SRR281/042/SRR28122442/SRR28122442_subreads.fastq.gz	618951571	2024-04-10	SUB14272887
SRR28871971	SAMN40861605	SRS21185950	PRJNA1107139	SRX24431439	69896	Candidatus Phytoplasma solani	PACBIO_SMRT	Sequel IIe	SINGLE	WGS	METAGENOMIC	RANDOM	3670	39901301	ftp.sra.ebi.ac.uk/vol1/fastq/SRR288/071/SRR28871971/SRR28871971_subreads.fastq.gz	25502378	2024-06-30	SUB14421304
SRR29373970	SAMN41605834	SRS21594921	PRJNA1117479	SRX24888415	479893	Candidatus Phytoplasma pruni	ILLUMINA	Illumina NovaSeq 6000	PAIRED	WGS	METAGENOMIC	size fractionation	345718027	103715408100	ftp.sra.ebi.ac.uk/vol1/fastq/SRR293/070/SRR29373970/SRR29373970_1.fastq.gz;ftp.sra.ebi.ac.uk/vol1/fastq/SRR293/070/SRR29373970/SRR29373970_2.fastq.gz	22501862403;23498948020	2025-10-23	SUB14494523
SRR29373977	SAMN41605839	SRS21594914	PRJNA1117479	SRX24888408	479893	Candidatus Phytoplasma pruni	ILLUMINA	Illumina NovaSeq 6000	PAIRED	WGS	METAGENOMIC	size fractionation	225965896	67789768800	ftp.sra.ebi.ac.uk/vol1/fastq/SRR293/077/SRR29373977/SRR29373977_1.fastq.gz;ftp.sra.ebi.ac.uk/vol1/fastq/SRR293/077/SRR29373977/SRR29373977_2.fastq.gz	14242024268;15066269399	2025-10-23	SUB14494523
SRR29553188	SAMN39606366	SRS20429123	PRJNA1068968	SRX25060348	47565	Candidatus Phytoplasma prunorum	ILLUMINA	Illumina MiSeq	PAIRED	OTHER	GENOMIC	other	18540274	2743960552	ftp.sra.ebi.ac.uk/vol1/fastq/SRR295/088/SRR29553188/SRR29553188_1.fastq.gz;ftp.sra.ebi.ac.uk/vol1/fastq/SRR295/088/SRR29553188/SRR29553188_2.fastq.gz	768543106;784553443	2024-06-27	SUB14564988
SRR30832042	SAMN36470877	SRS22772873	PRJNA994945	SRX26231320	2155	Phytoplasma sp.	OXFORD_NANOPORE	MinION	SINGLE	WGS	GENOMIC	RANDOM	88094	367859331	ftp.sra.ebi.ac.uk/vol1/fastq/SRR308/042/SRR30832042/SRR30832042_1.fastq.gz	348217831	2024-10-01	SUB14706620
SRR3151732	SAMN04452058	SRS1279015	PRJNA310404	SRX1564718	203274	Candidatus Phytoplasma oryzae	ILLUMINA	Illumina HiSeq 2000	PAIRED	WGS	GENOMIC	other	16934237	3420715874	ftp.sra.ebi.ac.uk/vol1/fastq/SRR315/002/SRR3151732/SRR3151732_1.fastq.gz;ftp.sra.ebi.ac.uk/vol1/fastq/SRR315/002/SRR3151732/SRR3151732_2.fastq.gz	1386806933;1361567058	2016-02-29	
SRR32219015	SAMN46536676	SRS23972886	PRJNA1218923	SRX27559272	85620	Candidatus Phytoplasma asteris	ILLUMINA	Illumina NovaSeq 6000	SINGLE	RNA-Seq	TRANSCRIPTOMIC	RANDOM	23610858	3278941406	ftp.sra.ebi.ac.uk/vol1/fastq/SRR322/015/SRR32219015/SRR32219015.fastq.gz	1212962659	2025-02-09	SUB15060784
SRR32494647	SAMN47009836	SRS24182917	PRJNA1228271	SRX27806907	3101264	Xianfuyuplasma sp.	ILLUMINA	Illumina MiSeq	SINGLE	AMPLICON	GENOMIC	PCR	578	2780708	ftp.sra.ebi.ac.uk/vol1/fastq/SRR324/047/SRR32494647/SRR32494647.fastq.gz	873703	2026-03-22	SUB15111876
SRR32803513	SAMN47220747	SRS24444810	PRJNA1231790	SRX28087407	131152	Candidatus Phytoplasma vitis	ILLUMINA	Illumina NovaSeq 6000	PAIRED	WGS	METAGENOMIC	RANDOM	23428481	7028544300	ftp.sra.ebi.ac.uk/vol1/fastq/SRR328/013/SRR32803513/SRR32803513_1.fastq.gz;ftp.sra.ebi.ac.uk/vol1/fastq/SRR328/013/SRR32803513/SRR32803513_2.fastq.gz	1751041141;1806398015	2025-05-28	SUB15181836
SRR32803515	SAMN47220747	SRS24444810	PRJNA1231790	SRX28087405	131152	Candidatus Phytoplasma vitis	ILLUMINA	Illumina NovaSeq 6000	PAIRED	WGS	METAGENOMIC	RANDOM	16167979	4850393700	ftp.sra.ebi.ac.uk/vol1/fastq/SRR328/015/SRR32803515/SRR32803515_1.fastq.gz;ftp.sra.ebi.ac.uk/vol1/fastq/SRR328/015/SRR32803515/SRR32803515_2.fastq.gz	1131384085;1213095619	2025-05-28	SUB15181836
SRR32803516	SAMN47220747	SRS24444810	PRJNA1231790	SRX28087404	131152	Candidatus Phytoplasma vitis	ILLUMINA	Illumina NovaSeq 6000	PAIRED	WGS	METAGENOMIC	RANDOM	16053698	4816109400	ftp.sra.ebi.ac.uk/vol1/fastq/SRR328/016/SRR32803516/SRR32803516_1.fastq.gz;ftp.sra.ebi.ac.uk/vol1/fastq/SRR328/016/SRR32803516/SRR32803516_2.fastq.gz	1138199261;1229099269	2025-05-28	SUB15181836
SRR33237975	SAMN47572768	SRS24803714	PRJNA1235259	SRX28484581	2004463	Spiroplasma endosymbiont of Glossina fuscipes fuscipes	OXFORD_NANOPORE	MinION	SINGLE	WGS	GENOMIC	RANDOM	78639	565801050	ftp.sra.ebi.ac.uk/vol1/fastq/SRR332/075/SRR33237975/SRR33237975_1.fastq.gz	501325516	2025-04-27	SUB15271712
SRR33405267	SAMN48207542	SRS24917142	PRJNA958240	SRX28646520	479893	Candidatus Phytoplasma pruni	OXFORD_NANOPORE	MinION	SINGLE	WGS	METAGENOMIC	MBD2 protein methyl-CpG binding domain	8986059	5713592580	ftp.sra.ebi.ac.uk/vol1/fastq/SRR334/067/SRR33405267/SRR33405267_1.fastq.gz	6367876023	2025-05-04	SUB15293648
SRR3354352	SAMN04623581	SRS1383573	PRJNA317715	SRX1688939	202462	Candidatus Phytoplasma zeae	ILLUMINA	Illumina MiSeq	PAIRED	WGS	METAGENOMIC	RANDOM	2154429	1258810474	ftp.sra.ebi.ac.uk/vol1/fastq/SRR335/002/SRR3354352/SRR3354352_1.fastq.gz;ftp.sra.ebi.ac.uk/vol1/fastq/SRR335/002/SRR3354352/SRR3354352_2.fastq.gz	451969928;517803016	2016-08-25	
SRR3354354	SAMN04623582	SRS1383575	PRJNA317715	SRX1688940	202462	Candidatus Phytoplasma zeae	ILLUMINA	Illumina MiSeq	PAIRED	WGS	METAGENOMIC	RANDOM	2322211	1361924723	ftp.sra.ebi.ac.uk/vol1/fastq/SRR335/004/SRR3354354/SRR3354354_1.fastq.gz;ftp.sra.ebi.ac.uk/vol1/fastq/SRR335/004/SRR3354354/SRR3354354_2.fastq.gz	492570554;564190355	2016-08-25	
SRR3354356	SAMN04623583	SRS1383577	PRJNA317715	SRX1688942	202462	Candidatus Phytoplasma zeae	ILLUMINA	Illumina MiSeq	PAIRED	WGS	METAGENOMIC	RANDOM	5710167	2866503834	ftp.sra.ebi.ac.uk/vol1/fastq/SRR335/006/SRR3354356/SRR3354356_1.fastq.gz;ftp.sra.ebi.ac.uk/vol1/fastq/SRR335/006/SRR3354356/SRR3354356_2.fastq.gz	910210407;1019949009	2016-08-25	
SRR3379291	SAMN04849256	SRS1412661	PRJNA318373	SRX1703504	2132	Spiroplasma	ILLUMINA	Illumina HiSeq 2000	SINGLE	RNA-Seq	TRANSCRIPTOMIC	RANDOM	23951431	1556843015	ftp.sra.ebi.ac.uk/vol1/fastq/SRR337/001/SRR3379291/SRR3379291.fastq.gz	1474807634	2016-04-28	
SRR3379293	SAMN04849258	SRS1412663	PRJNA318373	SRX1703506	2132	Spiroplasma	ILLUMINA	Illumina HiSeq 2000	SINGLE	RNA-Seq	TRANSCRIPTOMIC	RANDOM	27341454	1777194510	ftp.sra.ebi.ac.uk/vol1/fastq/SRR337/003/SRR3379293/SRR3379293.fastq.gz	1658115125	2016-04-28	
SRR3493862	SAMN02743892	SRS1430631	PRJNA223074	SRX1753759	1408459	Mycoplasma elephantis ATCC 51980	ILLUMINA	Illumina HiSeq 2000	SINGLE	WGS	GENOMIC	RANDOM	13406890	2011033500	ftp.sra.ebi.ac.uk/vol1/fastq/SRR349/002/SRR3493862/SRR3493862.fastq.gz	1483869753	2016-05-17	
SRR3495110	SAMN02841185	SRS1431756	PRJNA223004	SRX1754861	1408447	Mesoplasma grammopterae ATCC 49580	ILLUMINA	Illumina HiSeq 2000	SINGLE	WGS	GENOMIC	RANDOM	20835588	3125338200	ftp.sra.ebi.ac.uk/vol1/fastq/SRR349/000/SRR3495110/SRR3495110.fastq.gz	2327565585	2016-05-17	
SRR35152540	SAMN50749096	SRS26309395	PRJNA1309601	SRX30257809	3458676	Mycoplasma sp. 6934	OXFORD_NANOPORE	PromethION	SINGLE	WGS	GENOMIC	RANDOM	21562	94244967	ftp.sra.ebi.ac.uk/vol1/fastq/SRR351/040/SRR35152540/SRR35152540_1.fastq.gz	89777641	2025-10-23	SUB15554931
SRR35430732	SAMN48173560	SRS26540366	PRJNA1256155	SRX30509669	3418720	Candidatus Phytoplasma sp. TWB_XP	ILLUMINA	Illumina NovaSeq X Plus	PAIRED	WGS	GENOMIC	Oligo-dT	79583766	24034297332	ftp.sra.ebi.ac.uk/vol1/fastq/SRR354/032/SRR35430732/SRR35430732_1.fastq.gz;ftp.sra.ebi.ac.uk/vol1/fastq/SRR354/032/SRR35430732/SRR35430732_2.fastq.gz	5006410355;5002510047	2025-09-21	SUB15637436
SRR35645190	SAMN51959209	SRS26716178	PRJNA1335287	SRX30697436	2148	Acholeplasma laidlawii	ILLUMINA	Illumina MiSeq	PAIRED	AMPLICON	METAGENOMIC	PCR	31011	9221770	ftp.sra.ebi.ac.uk/vol1/fastq/SRR356/090/SRR35645190/SRR35645190_1.fastq.gz;ftp.sra.ebi.ac.uk/vol1/fastq/SRR356/090/SRR35645190/SRR35645190_2.fastq.gz	1419438;1508079	2025-12-21	SUB15671244
SRR35645210	SAMN51959226	SRS26716157	PRJNA1335287	SRX30697416	2148	Acholeplasma laidlawii	ILLUMINA	Illumina MiSeq	PAIRED	AMPLICON	METAGENOMIC	PCR	25598	7583826	ftp.sra.ebi.ac.uk/vol1/fastq/SRR356/010/SRR35645210/SRR35645210_1.fastq.gz;ftp.sra.ebi.ac.uk/vol1/fastq/SRR356/010/SRR35645210/SRR35645210_2.fastq.gz	1358803;1124508	2025-12-21	SUB15671244
SRR35645216	SAMN51959221	SRS26716160	PRJNA1335287	SRX30697410	2148	Acholeplasma laidlawii	ILLUMINA	Illumina MiSeq	PAIRED	AMPLICON	METAGENOMIC	PCR	31948	9511195	ftp.sra.ebi.ac.uk/vol1/fastq/SRR356/016/SRR35645216/SRR35645216_1.fastq.gz;ftp.sra.ebi.ac.uk/vol1/fastq/SRR356/016/SRR35645216/SRR35645216_2.fastq.gz	1420180;1532778	2025-12-21	SUB15671244
SRR35645263	SAMN51959210	SRS26716105	PRJNA1335287	SRX30697363	2148	Acholeplasma laidlawii	ILLUMINA	Illumina MiSeq	PAIRED	AMPLICON	METAGENOMIC	PCR	26577	7920953	ftp.sra.ebi.ac.uk/vol1/fastq/SRR356/063/SRR35645263/SRR35645263_1.fastq.gz;ftp.sra.ebi.ac.uk/vol1/fastq/SRR356/063/SRR35645263/SRR35645263_2.fastq.gz	1185681;1222972	2025-12-21	SUB15671244
SRR36037275	SAMN52385249	SRS27074786	PRJNA1337902	SRX31086388	3107147	Candidatus Izemoplasmataceae bacterium	ILLUMINA	Illumina NovaSeq 6000	SINGLE	WGS	METAGENOMIC	PCR	139	1660015	ftp.sra.ebi.ac.uk/vol1/fastq/SRR360/075/SRR36037275/SRR36037275.fastq.gz	505376	2025-11-23	SUB15682755
SRR3655226	SAMN05219307	SRS1494402	PRJNA325092	SRX1834935	570509	Spiroplasma melliferum KC3	ABI_SOLID	AB 5500 Genetic Analyzer	SINGLE	RNA-Seq	TRANSCRIPTOMIC	other	16998949	437414691	ftp.sra.ebi.ac.uk/vol1/fastq/SRR365/006/SRR3655226/SRR3655226.fastq.gz	454740371	2016-06-11	
SRR4136191	SAMN02983008	SRS1667677	PRJNA257872	SRX2118780	264637	Paracholeplasma morum	ILLUMINA	Illumina HiSeq 2000	PAIRED	WGS	GENOMIC	RANDOM	5206651	1561995300	ftp.sra.ebi.ac.uk/vol1/fastq/SRR413/001/SRR4136191/SRR4136191_1.fastq.gz;ftp.sra.ebi.ac.uk/vol1/fastq/SRR413/001/SRR4136191/SRR4136191_2.fastq.gz	554202925;565131842	2016-09-04	
SRR5322477	SAMN06451146	SRS2032629	PRJNA348753	SRX2622672	1951326	Acholeplasmataceae bacterium UBA5617	ILLUMINA	Illumina HiSeq 2000	PAIRED	WGS	METAGENOMIC	RANDOM	212067	52520189	ftp.sra.ebi.ac.uk/vol1/fastq/SRR532/007/SRR5322477/SRR5322477.fastq.gz;ftp.sra.ebi.ac.uk/vol1/fastq/SRR532/007/SRR5322477/SRR5322477_1.fastq.gz;ftp.sra.ebi.ac.uk/vol1/fastq/SRR532/007/SRR5322477/SRR5322477_2.fastq.gz	4008475;13535297;14083991	2017-11-09	University of Queensland
SRR5323110	SAMN06454855	SRS2033263	PRJNA348753	SRX2623305	1951330	Acholeplasmataceae bacterium UBA6181	ILLUMINA	Illumina HiSeq 2000	PAIRED	WGS	METAGENOMIC	RANDOM	102333	25723385	ftp.sra.ebi.ac.uk/vol1/fastq/SRR532/000/SRR5323110/SRR5323110.fastq.gz;ftp.sra.ebi.ac.uk/vol1/fastq/SRR532/000/SRR5323110/SRR5323110_1.fastq.gz;ftp.sra.ebi.ac.uk/vol1/fastq/SRR532/000/SRR5323110/SRR5323110_2.fastq.gz	4586989;5346731;5463672	2017-11-09	University of Queensland
SRR5325137	SAMN06453697	SRS2032205	PRJNA348753	SRX2622248	1946970	Mycoplasma sp. UBA710	ILLUMINA	Illumina HiSeq 2000	PAIRED	WGA	METAGENOMIC	RANDOM	55396	11013300	ftp.sra.ebi.ac.uk/vol1/fastq/SRR532/007/SRR5325137/SRR5325137.fastq.gz;ftp.sra.ebi.ac.uk/vol1/fastq/SRR532/007/SRR5325137/SRR5325137_1.fastq.gz;ftp.sra.ebi.ac.uk/vol1/fastq/SRR532/007/SRR5325137/SRR5325137_2.fastq.gz	38808;2595870;2512385	2017-11-09	University of Queensland
SRR5326473	SAMN06454566	SRS2035625	PRJNA348753	SRX2625668	1951315	Acholeplasmataceae bacterium UBA5222	ILLUMINA	Illumina HiSeq 2000	PAIRED	WGS	METAGENOMIC	RANDOM	236307	7203647	ftp.sra.ebi.ac.uk/vol1/fastq/SRR532/003/SRR5326473/SRR5326473.fastq.gz	4360892	2017-11-09	University of Queensland
SRR5326625	SAMN06456589	SRS2035777	PRJNA348753	SRX2625820	1951311	Acholeplasmataceae bacterium UBA4870	ILLUMINA	Illumina HiSeq 2000	PAIRED	WGS	METAGENOMIC	RANDOM	384237	11714491	ftp.sra.ebi.ac.uk/vol1/fastq/SRR532/005/SRR5326625/SRR5326625.fastq.gz	7080943	2017-11-09	University of Queensland
SRR5326728	SAMN06457454	SRS2035880	PRJNA348753	SRX2625923	1951312	Acholeplasmataceae bacterium UBA4904	ILLUMINA	Illumina HiSeq 2000	PAIRED	WGS	METAGENOMIC	RANDOM	169825	5179729	ftp.sra.ebi.ac.uk/vol1/fastq/SRR532/008/SRR5326728/SRR5326728.fastq.gz	3137535	2017-11-09	University of Queensland
SRR5326862	SAMN06451886	SRS2036015	PRJNA348753	SRX2626057	1951319	Acholeplasmataceae bacterium UBA5354	ILLUMINA	Illumina HiSeq 2000	PAIRED	WGS	METAGENOMIC	RANDOM	168076	5137453	ftp.sra.ebi.ac.uk/vol1/fastq/SRR532/002/SRR5326862/SRR5326862.fastq.gz	3111765	2017-11-09	University of Queensland
SRR6082029	SAMN07709945	SRS2545615	PRJNA412357	SRX3221015	81460	Mesoplasma lactucae ATCC 49193	ILLUMINA	Illumina MiSeq	PAIRED	WGS	GENOMIC	RANDOM	1000000	150024385	ftp.sra.ebi.ac.uk/vol1/fastq/SRR608/009/SRR6082029/SRR6082029_1.fastq.gz;ftp.sra.ebi.ac.uk/vol1/fastq/SRR608/009/SRR6082029/SRR6082029_2.fastq.gz	40475402;40639696	2017-09-30	
SRR6129218	SAMN07735426	SRS2564711	PRJNA412852	SRX3241674	2151	Mesoplasma florum	OXFORD_NANOPORE	MinION	SINGLE	WGS	GENOMIC	RANDOM	100000	787534772	ftp.sra.ebi.ac.uk/vol1/fastq/SRR612/008/SRR6129218/SRR6129218_1.fastq.gz	810762000	2017-10-04	
SRR6233350	SAMN06711112	SRS2643206	PRJNA382612	SRX3341780	1274318	Haloplasmatales bacterium 4B	ILLUMINA	NextSeq 500	PAIRED	WGA	GENOMIC	RANDOM	48184487	11912446339	ftp.sra.ebi.ac.uk/vol1/fastq/SRR623/000/SRR6233350/SRR6233350_1.fastq.gz;ftp.sra.ebi.ac.uk/vol1/fastq/SRR623/000/SRR6233350/SRR6233350_2.fastq.gz	3562433399;3599287777	2018-12-07	SUB3173036
SRR6325338	SAMN08102257	SRS2716708	PRJNA274591	SRX3425079	1609976	Spiroplasma sp. hyd1	PACBIO_SMRT	PacBio RS II	SINGLE	WGS	GENOMIC	RANDOM	287945	2203920036	ftp.sra.ebi.ac.uk/vol1/fastq/SRR632/008/SRR6325338/SRR6325338_subreads.fastq.gz	1935465203	2020-10-25	SUB3260366
SRR6482587	SAMN08018310	SRS2843357	PRJNA417962	SRX3572387	1898209	Acholeplasmataceae bacterium	ILLUMINA	Illumina HiSeq 2000	PAIRED	WGS	METAGENOMIC	RANDOM	102224	27592356	ftp.sra.ebi.ac.uk/vol1/fastq/SRR648/007/SRR6482587/SRR6482587.fastq.gz;ftp.sra.ebi.ac.uk/vol1/fastq/SRR648/007/SRR6482587/SRR6482587_1.fastq.gz;ftp.sra.ebi.ac.uk/vol1/fastq/SRR648/007/SRR6482587/SRR6482587_2.fastq.gz	1619204;7275525;7079626	2018-03-06	SUB3523615
SRR6487495	SAMN08019988	SRS2847011	PRJNA417962	SRX3577280	2053494	Acholeplasmatales bacterium	ILLUMINA	Illumina HiSeq 2000	PAIRED	WGS	METAGENOMIC	RANDOM	454717	87778569	ftp.sra.ebi.ac.uk/vol1/fastq/SRR648/005/SRR6487495/SRR6487495.fastq.gz;ftp.sra.ebi.ac.uk/vol1/fastq/SRR648/005/SRR6487495/SRR6487495_1.fastq.gz;ftp.sra.ebi.ac.uk/vol1/fastq/SRR648/005/SRR6487495/SRR6487495_2.fastq.gz	1244254;26519033;26518892	2018-02-24	SUB3523617
SRR6926032	SAMN08829127	SRS3113732	PRJNA448378	SRX3872216	2086	Anaeroplasma	ILLUMINA	Illumina MiSeq	PAIRED	AMPLICON	METATRANSCRIPTOMIC	PCR	56135	33793270	ftp.sra.ebi.ac.uk/vol1/fastq/SRR692/002/SRR6926032/SRR6926032_1.fastq.gz;ftp.sra.ebi.ac.uk/vol1/fastq/SRR692/002/SRR6926032/SRR6926032_2.fastq.gz	5894560;8489477	2018-04-03	SUB3862041
SRR8351618	SAMN10613656	SRS4171731	PRJNA510711	SRX5162594	40477	Mycoplasma mycoides subsp. capri	ILLUMINA	Illumina MiSeq	PAIRED	WGS	GENOMIC	RANDOM	814837	233460110	ftp.sra.ebi.ac.uk/vol1/fastq/SRR835/008/SRR8351618/SRR8351618_1.fastq.gz;ftp.sra.ebi.ac.uk/vol1/fastq/SRR835/008/SRR8351618/SRR8351618_2.fastq.gz	67172357;72755594	2019-11-01	SUB4642144
SRR8351621	SAMN10613661	SRS4171728	PRJNA510711	SRX5162591	40477	Mycoplasma mycoides subsp. capri	ILLUMINA	Illumina MiSeq	PAIRED	WGS	GENOMIC	RANDOM	849403	251390807	ftp.sra.ebi.ac.uk/vol1/fastq/SRR835/001/SRR8351621/SRR8351621_1.fastq.gz;ftp.sra.ebi.ac.uk/vol1/fastq/SRR835/001/SRR8351621/SRR8351621_2.fastq.gz	72582107;79163988	2019-11-01	SUB4642144
SRR8741477	SAMN11157588	SRS4499629	PRJNA253648	SRX5533612	2143	Spiroplasma gladiatoris	ILLUMINA	Illumina MiSeq	PAIRED	WGS	GENOMIC	RANDOM	1102004	659031533	ftp.sra.ebi.ac.uk/vol1/fastq/SRR874/007/SRR8741477/SRR8741477_1.fastq.gz;ftp.sra.ebi.ac.uk/vol1/fastq/SRR874/007/SRR8741477/SRR8741477_2.fastq.gz	175598158;211012303	2019-03-19	SUB5330449
SRR8884972	SAMN11399177	SRS4613595	PRJNA532425	SRX5670736	2138	Spiroplasma poulsonii	ILLUMINA	Illumina HiSeq 2500	SINGLE	RNA-Seq	TRANSCRIPTOMIC	cDNA	21487488	2170236288	ftp.sra.ebi.ac.uk/vol1/fastq/SRR888/002/SRR8884972/SRR8884972.fastq.gz	637686081	2020-05-07	GEO
SRR9331729	SAMN11775871	SRS4998774	PRJNA543735	SRX6098240	2103	Mycoplasma mycoides subsp. mycoides	ILLUMINA	NextSeq 500	PAIRED	WGS	GENOMIC	RANDOM	1146316	294723898	ftp.sra.ebi.ac.uk/vol1/fastq/SRR933/009/SRR9331729/SRR9331729_1.fastq.gz;ftp.sra.ebi.ac.uk/vol1/fastq/SRR933/009/SRR9331729/SRR9331729_2.fastq.gz	80792861;90525884	2019-06-21	SUB5853450
SRR9399843	SAMN12110548	SRS5003324		SRX6165731	2151	Mesoplasma florum	CAPILLARY	AB 310 Genetic Analyzer	SINGLE	WGS	GENOMIC	unspecified	35904	27975815	ftp.sra.ebi.ac.uk/vol1/fastq/SRR939/003/SRR9399843/SRR9399843.fastq.gz	23237656	2020-01-06	BI
SRR9418315	SAMN12111336	SRS5004413	PRJNA19245	SRX6184161	436113	Mycoplasma mycoides subsp. capri str. GM12	CAPILLARY	AB 310 Genetic Analyzer	SINGLE	WGA	GENOMIC	unspecified	1335	1405506	ftp.sra.ebi.ac.uk/vol1/fastq/SRR941/005/SRR9418315/SRR9418315.fastq.gz	1137950	2020-12-06	JCVI
SRR9494886	SAMN12121533	SRS5013984		SRX6260732	340047	Mycoplasma capricolum subsp. capricolum ATCC 27343	CAPILLARY	AB 310 Genetic Analyzer	SINGLE	WGA	GENOMIC	unspecified	119	116234	ftp.sra.ebi.ac.uk/vol1/fastq/SRR949/006/SRR9494886/SRR9494886.fastq.gz	102237	2020-02-10	TIGR
SRR9680641	SAMN12273890	SRS5094828	PRJNA554567	SRX6440844	519450	Mycoplasma anserisalpingitidis	ILLUMINA	Illumina MiSeq	PAIRED	WGS	GENOMIC	other	4208460	2057758155	ftp.sra.ebi.ac.uk/vol1/fastq/SRR968/001/SRR9680641/SRR9680641_1.fastq.gz;ftp.sra.ebi.ac.uk/vol1/fastq/SRR968/001/SRR9680641/SRR9680641_2.fastq.gz	678137203;791420643	2019-07-16	SUB5937476
SRR9680642	SAMN12273890	SRS5094828	PRJNA554567	SRX6440843	519450	Mycoplasma anserisalpingitidis	ILLUMINA	NextSeq 500	PAIRED	WGS	GENOMIC	other	3485948	485953236	ftp.sra.ebi.ac.uk/vol1/fastq/SRR968/002/SRR9680642/SRR9680642_1.fastq.gz;ftp.sra.ebi.ac.uk/vol1/fastq/SRR968/002/SRR9680642/SRR9680642_2.fastq.gz	127563535;132319356	2019-07-16	SUB5937476
SRR9793903	SAMN12348002	SRS5144059		SRX6550705	572419	Mycoplasma amphoriforme A39	CAPILLARY	AB 310 Genetic Analyzer	SINGLE	FINISHING	GENOMIC	unspecified	2	1789	ftp.sra.ebi.ac.uk/vol1/fastq/SRR979/003/SRR9793903/SRR9793903.fastq.gz	1400	2020-12-06	SC
SRR9793905	SAMN12348003	SRS5144060		SRX6550707	572419	Mycoplasma amphoriforme A39	CAPILLARY	AB 310 Genetic Analyzer	SINGLE	WGA	GENOMIC	unspecified	155	149315	ftp.sra.ebi.ac.uk/vol1/fastq/SRR979/005/SRR9793905/SRR9793905.fastq.gz	129907	2020-12-06	SC
SRR9793907	SAMN12348003	SRS5144060		SRX6550709	572419	Mycoplasma amphoriforme A39	CAPILLARY	AB 310 Genetic Analyzer	SINGLE	WGA	GENOMIC	unspecified	5341	5231214	ftp.sra.ebi.ac.uk/vol1/fastq/SRR979/007/SRR9793907/SRR9793907.fastq.gz	3882460	2020-12-06	SC
SRR9959596	SAMN12565253	SRS5261070	PRJNA559976	SRX6707143	2148	Acholeplasma laidlawii	ILLUMINA	Illumina HiSeq 2500	SINGLE	RNA-Seq	TRANSCRIPTOMIC	RANDOM PCR	4100967	246058020	ftp.sra.ebi.ac.uk/vol1/fastq/SRR995/006/SRR9959596/SRR9959596.fastq.gz	162355594	2019-08-15	SUB6165546
ERR1800592	SAMEA4384074	ERS1295523	PRJEB6403	ERX1864133	2148	Acholeplasma laidlawii	PACBIO_SMRT	PacBio RS	SINGLE	WGS	GENOMIC	RANDOM	0	0			2017-01-18	Wellcome Sanger Institute;SC
ERR3518148	SAMEA5952950	ERS3741432	PRJEB34399	ERX3537505	1494318	Candidatus Mycoplasma haematohominis	ILLUMINA	NextSeq 500	SINGLE	WGS	METAGENOMIC	RANDOM	34872	4779456	ftp.sra.ebi.ac.uk/vol1/fastq/ERR351/008/ERR3518148/ERR3518148.fastq.gz	2881222	2019-11-12	QLD Health
ERR3938366	SAMEA6237243	ERS4036934	PRJEB35485	ERX3946214	1179777	Mycoplasma feriruminatoris	PACBIO_SMRT	Sequel	SINGLE	WGS	GENOMIC	RANDOM	112832	769443308	ftp.sra.ebi.ac.uk/vol1/fastq/ERR393/006/ERR3938366/ERR3938366_subreads.fastq.gz	235243666	2020-02-20	Swiss Institute of Bioinformatics;Switzerland;SIB
ERR3938367	SAMEA6237244	ERS4036935	PRJEB35485	ERX3946215	1179777	Mycoplasma feriruminatoris	PACBIO_SMRT	Sequel	SINGLE	WGS	GENOMIC	RANDOM	162267	1135810163	ftp.sra.ebi.ac.uk/vol1/fastq/ERR393/007/ERR3938367/ERR3938367_subreads.fastq.gz	346828907	2020-02-20	Swiss Institute of Bioinformatics;Switzerland;SIB
ERR14335635	SAMEA117660579	ERS23167163	PRJEB85433	ERX13736728	1937190	Mycoplasma marinum	ILLUMINA	NextSeq 500	PAIRED	WGS	GENOMIC	RANDOM	1843674	271703589	ftp.sra.ebi.ac.uk/vol1/fastq/ERR143/035/ERR14335635/ERR14335635_1.fastq.gz;ftp.sra.ebi.ac.uk/vol1/fastq/ERR143/035/ERR14335635/ERR14335635_2.fastq.gz	72340581;74265417	2025-02-09	Collection de l'Institut Pasteur;CIP
ERR15956690	SAMEA120610655	ERS27947333	PRJEB104317	ERX15351916	2141	Spiroplasma ixodetis	ILLUMINA	NextSeq 550	PAIRED	WGS	METAGENOMIC	RANDOM	4368754	522831201	ftp.sra.ebi.ac.uk/vol1/fastq/ERR159/090/ERR15956690/ERR15956690_1.fastq.gz;ftp.sra.ebi.ac.uk/vol1/fastq/ERR159/090/ERR15956690/ERR15956690_2.fastq.gz	157535147;157038649	2026-06-30	University of Ljubljana Medicine Faculty Institute for Microbiology;UL MF IMI
ERR15956693	SAMEA120610658	ERS27947336	PRJEB104317	ERX15351919	2141	Spiroplasma ixodetis	ILLUMINA	NextSeq 550	PAIRED	WGS	METAGENOMIC	RANDOM	1995860	242997884	ftp.sra.ebi.ac.uk/vol1/fastq/ERR159/093/ERR15956693/ERR15956693_1.fastq.gz;ftp.sra.ebi.ac.uk/vol1/fastq/ERR159/093/ERR15956693/ERR15956693_2.fastq.gz	75334947;76132470	2026-06-30	University of Ljubljana Medicine Faculty Institute for Microbiology;UL MF IMI
ERR15956697	SAMEA120610662	ERS27947340	PRJEB104317	ERX15351923	2141	Spiroplasma ixodetis	ILLUMINA	NextSeq 550	PAIRED	WGS	METAGENOMIC	RANDOM	2686770	323646792	ftp.sra.ebi.ac.uk/vol1/fastq/ERR159/097/ERR15956697/ERR15956697_1.fastq.gz;ftp.sra.ebi.ac.uk/vol1/fastq/ERR159/097/ERR15956697/ERR15956697_2.fastq.gz	102041741;103252174	2026-06-30	University of Ljubljana Medicine Faculty Institute for Microbiology;UL MF IMI
ERR15956698	SAMEA120610663	ERS27947341	PRJEB104317	ERX15351924	2141	Spiroplasma ixodetis	ILLUMINA	NextSeq 550	PAIRED	WGS	METAGENOMIC	RANDOM	7786668	968488530	ftp.sra.ebi.ac.uk/vol1/fastq/ERR159/098/ERR15956698/ERR15956698_1.fastq.gz;ftp.sra.ebi.ac.uk/vol1/fastq/ERR159/098/ERR15956698/ERR15956698_2.fastq.gz	290148837;291634726	2026-06-30	University of Ljubljana Medicine Faculty Institute for Microbiology;UL MF IMI
ERR15956699	SAMEA120610664	ERS27947342	PRJEB104317	ERX15351925	2141	Spiroplasma ixodetis	ILLUMINA	NextSeq 550	PAIRED	WGS	METAGENOMIC	RANDOM	2853070	345716501			2026-06-30	University of Ljubljana Medicine Faculty Institute for Microbiology;UL MF IMI
ERR15956707	SAMEA120610669	ERS27947348	PRJEB104317	ERX15351933	2141	Spiroplasma ixodetis	OXFORD_NANOPORE	PromethION	SINGLE	AMPLICON	METAGENOMIC	PCR	46220	44146929	ftp.sra.ebi.ac.uk/vol1/fastq/ERR159/007/ERR15956707/ERR15956707.fastq.gz	37322913	2026-06-30	University of Ljubljana Medicine Faculty Institute for Microbiology;UL MF IMI
ERR15956708	SAMEA120610670	ERS27947349	PRJEB104317	ERX15351934	2141	Spiroplasma ixodetis	OXFORD_NANOPORE	PromethION	SINGLE	AMPLICON	METAGENOMIC	PCR	44628	43038594	ftp.sra.ebi.ac.uk/vol1/fastq/ERR159/008/ERR15956708/ERR15956708.fastq.gz	35033608	2026-06-30	University of Ljubljana Medicine Faculty Institute for Microbiology;UL MF IMI
ERR15956710	SAMEA120610672	ERS27947351	PRJEB104317	ERX15351936	2141	Spiroplasma ixodetis	OXFORD_NANOPORE	PromethION	SINGLE	AMPLICON	METAGENOMIC	PCR	26675	17512503	ftp.sra.ebi.ac.uk/vol1/fastq/ERR159/010/ERR15956710/ERR15956710.fastq.gz	15378871	2026-06-30	University of Ljubljana Medicine Faculty Institute for Microbiology;UL MF IMI
ERR15956721	SAMEA120610683	ERS27947365	PRJEB104317	ERX15351947	2141	Spiroplasma ixodetis	OXFORD_NANOPORE	PromethION	SINGLE	AMPLICON	METAGENOMIC	PCR	108402	145475677	ftp.sra.ebi.ac.uk/vol1/fastq/ERR159/021/ERR15956721/ERR15956721.fastq.gz	109820782	2026-06-30	University of Ljubljana Medicine Faculty Institute for Microbiology;UL MF IMI
ERR15956726	SAMEA120610688	ERS27947370	PRJEB104317	ERX15351952	2141	Spiroplasma ixodetis	OXFORD_NANOPORE	PromethION	SINGLE	AMPLICON	METAGENOMIC	PCR	88431	114593866	ftp.sra.ebi.ac.uk/vol1/fastq/ERR159/026/ERR15956726/ERR15956726.fastq.gz	87358456	2026-06-30	University of Ljubljana Medicine Faculty Institute for Microbiology;UL MF IMI
ERR15956738	SAMEA120610700	ERS27947382	PRJEB104317	ERX15351964	2141	Spiroplasma ixodetis	OXFORD_NANOPORE	PromethION	SINGLE	AMPLICON	METAGENOMIC	PCR	83875	109276509	ftp.sra.ebi.ac.uk/vol1/fastq/ERR159/038/ERR15956738/ERR15956738.fastq.gz	84624949	2026-06-30	University of Ljubljana Medicine Faculty Institute for Microbiology;UL MF IMI
ERR15956739	SAMEA120610701	ERS27947383	PRJEB104317	ERX15351965	2141	Spiroplasma ixodetis	OXFORD_NANOPORE	PromethION	SINGLE	AMPLICON	METAGENOMIC	PCR	125031	168021693	ftp.sra.ebi.ac.uk/vol1/fastq/ERR159/039/ERR15956739/ERR15956739.fastq.gz	128953558	2026-06-30	University of Ljubljana Medicine Faculty Institute for Microbiology;UL MF IMI
ERR15956744	SAMEA120610706	ERS27947388	PRJEB104317	ERX15351970	2141	Spiroplasma ixodetis	OXFORD_NANOPORE	PromethION	SINGLE	AMPLICON	METAGENOMIC	PCR	44699	54524721	ftp.sra.ebi.ac.uk/vol1/fastq/ERR159/044/ERR15956744/ERR15956744.fastq.gz	39854698	2026-06-30	University of Ljubljana Medicine Faculty Institute for Microbiology;UL MF IMI
ERR15956751	SAMEA120610713	ERS27947395	PRJEB104317	ERX15351977	2141	Spiroplasma ixodetis	OXFORD_NANOPORE	PromethION	SINGLE	AMPLICON	METAGENOMIC	PCR	12584	13516972	ftp.sra.ebi.ac.uk/vol1/fastq/ERR159/051/ERR15956751/ERR15956751.fastq.gz	11109801	2026-06-30	University of Ljubljana Medicine Faculty Institute for Microbiology;UL MF IMI
ERR15956754	SAMEA120610716	ERS27947398	PRJEB104317	ERX15351980	2141	Spiroplasma ixodetis	OXFORD_NANOPORE	PromethION	SINGLE	AMPLICON	METAGENOMIC	PCR	5752	4759135	ftp.sra.ebi.ac.uk/vol1/fastq/ERR159/054/ERR15956754/ERR15956754.fastq.gz	3510134	2026-06-30	University of Ljubljana Medicine Faculty Institute for Microbiology;UL MF IMI
ERR15956755	SAMEA120610717	ERS27947399	PRJEB104317	ERX15351981	2141	Spiroplasma ixodetis	OXFORD_NANOPORE	PromethION	SINGLE	AMPLICON	METAGENOMIC	PCR	15066	17226712	ftp.sra.ebi.ac.uk/vol1/fastq/ERR159/055/ERR15956755/ERR15956755.fastq.gz	13030817	2026-06-30	University of Ljubljana Medicine Faculty Institute for Microbiology;UL MF IMI
ERR15956762	SAMEA120610724	ERS27947407	PRJEB104317	ERX15351988	2141	Spiroplasma ixodetis	OXFORD_NANOPORE	PromethION	SINGLE	AMPLICON	METAGENOMIC	PCR	20868	23344295	ftp.sra.ebi.ac.uk/vol1/fastq/ERR159/062/ERR15956762/ERR15956762.fastq.gz	18112275	2026-06-30	University of Ljubljana Medicine Faculty Institute for Microbiology;UL MF IMI
ERR15956784	SAMEA120610746	ERS27947432	PRJEB104317	ERX15352010	2141	Spiroplasma ixodetis	OXFORD_NANOPORE	PromethION	SINGLE	AMPLICON	METAGENOMIC	PCR	302489	207132548	ftp.sra.ebi.ac.uk/vol1/fastq/ERR159/084/ERR15956784/ERR15956784.fastq.gz	137071210	2026-06-30	University of Ljubljana Medicine Faculty Institute for Microbiology;UL MF IMI
ERR15956790	SAMEA120610752	ERS27947438	PRJEB104317	ERX15352016	2141	Spiroplasma ixodetis	OXFORD_NANOPORE	PromethION	SINGLE	AMPLICON	METAGENOMIC	PCR	312705	212410887	ftp.sra.ebi.ac.uk/vol1/fastq/ERR159/090/ERR15956790/ERR15956790.fastq.gz	140980424	2026-06-30	University of Ljubljana Medicine Faculty Institute for Microbiology;UL MF IMI
ERR15956800	SAMEA120610762	ERS27947448	PRJEB104317	ERX15352026	2141	Spiroplasma ixodetis	OXFORD_NANOPORE	PromethION	SINGLE	AMPLICON	METAGENOMIC	PCR	202908	135538271	ftp.sra.ebi.ac.uk/vol1/fastq/ERR159/000/ERR15956800/ERR15956800.fastq.gz	89863948	2026-06-30	University of Ljubljana Medicine Faculty Institute for Microbiology;UL MF IMI
ERR15956804	SAMEA120610766	ERS27947452	PRJEB104317	ERX15352030	2141	Spiroplasma ixodetis	OXFORD_NANOPORE	PromethION	SINGLE	AMPLICON	METAGENOMIC	PCR	205335	137446435	ftp.sra.ebi.ac.uk/vol1/fastq/ERR159/004/ERR15956804/ERR15956804.fastq.gz	90483726	2026-06-30	University of Ljubljana Medicine Faculty Institute for Microbiology;UL MF IMI
ERR15956805	SAMEA120610767	ERS27947453	PRJEB104317	ERX15352031	2141	Spiroplasma ixodetis	OXFORD_NANOPORE	PromethION	SINGLE	AMPLICON	METAGENOMIC	PCR	174956	118001579	ftp.sra.ebi.ac.uk/vol1/fastq/ERR159/005/ERR15956805/ERR15956805.fastq.gz	78242307	2026-06-30	University of Ljubljana Medicine Faculty Institute for Microbiology;UL MF IMI
ERR15956806	SAMEA120610768	ERS27947454	PRJEB104317	ERX15352032	2141	Spiroplasma ixodetis	OXFORD_NANOPORE	PromethION	SINGLE	AMPLICON	METAGENOMIC	PCR	168212	112797813	ftp.sra.ebi.ac.uk/vol1/fastq/ERR159/006/ERR15956806/ERR15956806.fastq.gz	74184726	2026-06-30	University of Ljubljana Medicine Faculty Institute for Microbiology;UL MF IMI
ERR15956808	SAMEA120610770	ERS27947456	PRJEB104317	ERX15352034	2141	Spiroplasma ixodetis	OXFORD_NANOPORE	PromethION	SINGLE	AMPLICON	METAGENOMIC	PCR	108278	72485178	ftp.sra.ebi.ac.uk/vol1/fastq/ERR159/008/ERR15956808/ERR15956808.fastq.gz	47757474	2026-06-30	University of Ljubljana Medicine Faculty Institute for Microbiology;UL MF IMI
ERR15956813	SAMEA120610775	ERS27947461	PRJEB104317	ERX15352039	2141	Spiroplasma ixodetis	OXFORD_NANOPORE	PromethION	SINGLE	AMPLICON	METAGENOMIC	PCR	120990	79875394	ftp.sra.ebi.ac.uk/vol1/fastq/ERR159/013/ERR15956813/ERR15956813.fastq.gz	52776027	2026-06-30	University of Ljubljana Medicine Faculty Institute for Microbiology;UL MF IMI
ERR15956815	SAMEA120610777	ERS27947463	PRJEB104317	ERX15352041	2141	Spiroplasma ixodetis	OXFORD_NANOPORE	PromethION	SINGLE	AMPLICON	METAGENOMIC	PCR	218406	146234960	ftp.sra.ebi.ac.uk/vol1/fastq/ERR159/015/ERR15956815/ERR15956815.fastq.gz	96306602	2026-06-30	University of Ljubljana Medicine Faculty Institute for Microbiology;UL MF IMI
ERR17363846	SAMEA122718680	ERS30342965	PRJEB113329	ERX16753243	40479	Mycoplasma capricolum subsp. capricolum	PACBIO_SMRT	Sequel II	SINGLE	WGS	GENOMIC	RANDOM	7571	93315333	ftp.sra.ebi.ac.uk/vol1/fastq/ERR173/046/ERR17363846/ERR17363846.fastq.gz	92799823	2026-06-03	University of Bern;jingzhanglr@gmail.com
ERR17364357	SAMEA122718704	ERS30342989	PRJEB113329	ERX16753754	2103	Mycoplasma mycoides subsp. mycoides	PACBIO_SMRT	Sequel	SINGLE	WGS	GENOMIC	RANDOM	52941	443385143	ftp.sra.ebi.ac.uk/vol1/fastq/ERR173/057/ERR17364357/ERR17364357.fastq.gz	131348866	2026-06-03	University of Bern;jingzhanglr@gmail.com
ERR17364360	SAMEA122718701	ERS30342986	PRJEB113329	ERX16753757	2103	Mycoplasma mycoides subsp. mycoides	PACBIO_SMRT	Sequel	SINGLE	WGS	GENOMIC	RANDOM	27490	241277216	ftp.sra.ebi.ac.uk/vol1/fastq/ERR173/060/ERR17364360/ERR17364360.fastq.gz	71515752	2026-06-03	University of Bern;jingzhanglr@gmail.com
ERR17364570	SAMEA122718691	ERS30342976	PRJEB113329	ERX16753967	40479	Mycoplasma capricolum subsp. capricolum	PACBIO_SMRT	Sequel	SINGLE	WGS	GENOMIC	RANDOM	17644	103045369	ftp.sra.ebi.ac.uk/vol1/fastq/ERR173/070/ERR17364570/ERR17364570.fastq.gz	30583632	2026-06-04	University of Bern;jingzhanglr@gmail.com
ERR17364573	SAMEA122718689	ERS30342974	PRJEB113329	ERX16753970	40479	Mycoplasma capricolum subsp. capricolum	PACBIO_SMRT	Sequel	SINGLE	WGS	GENOMIC	RANDOM	23772	170105134	ftp.sra.ebi.ac.uk/vol1/fastq/ERR173/073/ERR17364573/ERR17364573.fastq.gz	49875924	2026-06-04	University of Bern;jingzhanglr@gmail.com
ERR17364576	SAMEA122718688	ERS30342973	PRJEB113329	ERX16753973	40479	Mycoplasma capricolum subsp. capricolum	PACBIO_SMRT	Sequel	SINGLE	WGS	GENOMIC	RANDOM	11232	56924712	ftp.sra.ebi.ac.uk/vol1/fastq/ERR173/076/ERR17364576/ERR17364576.fastq.gz	16980283	2026-06-04	University of Bern;jingzhanglr@gmail.com
ERR17364577	SAMEA122718687	ERS30342972	PRJEB113329	ERX16753974	40479	Mycoplasma capricolum subsp. capricolum	PACBIO_SMRT	Sequel	SINGLE	WGS	GENOMIC	RANDOM	29359	203995516	ftp.sra.ebi.ac.uk/vol1/fastq/ERR173/077/ERR17364577/ERR17364577.fastq.gz	59560697	2026-06-04	University of Bern;jingzhanglr@gmail.com
ERR17364579	SAMEA122718686	ERS30342971	PRJEB113329	ERX16753976	40479	Mycoplasma capricolum subsp. capricolum	PACBIO_SMRT	Sequel	SINGLE	WGS	GENOMIC	RANDOM	37210	282294256	ftp.sra.ebi.ac.uk/vol1/fastq/ERR173/079/ERR17364579/ERR17364579.fastq.gz	82909637	2026-06-04	University of Bern;jingzhanglr@gmail.com
ERR17365162	SAMEA122718694	ERS30342979	PRJEB113329	ERX16754559	40477	Mycoplasma mycoides subsp. capri	PACBIO_SMRT	Sequel	SINGLE	WGS	GENOMIC	RANDOM	129315	424366533	ftp.sra.ebi.ac.uk/vol1/fastq/ERR173/062/ERR17365162/ERR17365162.fastq.gz	122551880	2026-06-04	University of Bern;jingzhanglr@gmail.com
ERR17366115	SAMEA122718674	ERS30342959	PRJEB113329	ERX16755637	2105	Mycoplasma leachii	PACBIO_SMRT	Revio	SINGLE	WGS	GENOMIC	RANDOM	488073	4987213837	ftp.sra.ebi.ac.uk/vol1/fastq/ERR173/015/ERR17366115/ERR17366115.fastq.gz	1148786348	2026-06-04	University of Bern;jingzhanglr@gmail.com
ERR17366120	SAMEA122718670	ERS30342955	PRJEB113329	ERX16755642	2105	Mycoplasma leachii	PACBIO_SMRT	Sequel	SINGLE	WGS	GENOMIC	RANDOM	2363	13819628	ftp.sra.ebi.ac.uk/vol1/fastq/ERR173/020/ERR17366120/ERR17366120.fastq.gz	4115844	2026-06-04	University of Bern;jingzhanglr@gmail.com
ERR17366121	SAMEA122718669	ERS30342954	PRJEB113329	ERX16755643	2105	Mycoplasma leachii	PACBIO_SMRT	Sequel	SINGLE	WGS	GENOMIC	RANDOM	25089	194375982	ftp.sra.ebi.ac.uk/vol1/fastq/ERR173/021/ERR17366121/ERR17366121.fastq.gz	57041705	2026-06-04	University of Bern;jingzhanglr@gmail.com
ERR8048774	SAMEA12361905	ERS9968695	PRJEB50216	ERX7615511	572419	Mycoplasma amphoriforme A39	ILLUMINA	NextSeq 500	PAIRED	WGS	GENOMIC	Hybrid Selection	3970740	299042796	ftp.sra.ebi.ac.uk/vol1/fastq/ERR804/004/ERR8048774/ERR8048774_1.fastq.gz;ftp.sra.ebi.ac.uk/vol1/fastq/ERR804/004/ERR8048774/ERR8048774_2.fastq.gz	100373162;104705903	2022-02-18	University of Glasgow
ERR8048776	SAMEA12361907	ERS9968697	PRJEB50216	ERX7615513	572419	Mycoplasma amphoriforme A39	ILLUMINA	NextSeq 500	PAIRED	WGS	GENOMIC	Hybrid Selection	2768162	207700469	ftp.sra.ebi.ac.uk/vol1/fastq/ERR804/006/ERR8048776/ERR8048776_1.fastq.gz;ftp.sra.ebi.ac.uk/vol1/fastq/ERR804/006/ERR8048776/ERR8048776_2.fastq.gz	69954861;71889096	2022-02-18	University of Glasgow
ERR8048782	SAMEA12361913	ERS9968703	PRJEB50216	ERX7615519	572419	Mycoplasma amphoriforme A39	ILLUMINA	NextSeq 500	PAIRED	WGS	GENOMIC	Hybrid Selection	3054902	227264380	ftp.sra.ebi.ac.uk/vol1/fastq/ERR804/002/ERR8048782/ERR8048782_1.fastq.gz;ftp.sra.ebi.ac.uk/vol1/fastq/ERR804/002/ERR8048782/ERR8048782_2.fastq.gz	74470575;76546780	2022-02-18	University of Glasgow
ERR8048785	SAMEA12361916	ERS9968706	PRJEB50216	ERX7615522	572419	Mycoplasma amphoriforme A39	ILLUMINA	NextSeq 500	PAIRED	WGS	GENOMIC	Hybrid Selection	2725010	204438193	ftp.sra.ebi.ac.uk/vol1/fastq/ERR804/005/ERR8048785/ERR8048785_1.fastq.gz;ftp.sra.ebi.ac.uk/vol1/fastq/ERR804/005/ERR8048785/ERR8048785_2.fastq.gz	66688405;68237925	2022-02-18	University of Glasgow
ERR8048794	SAMEA12361926	ERS9968715	PRJEB50216	ERX7615531	572419	Mycoplasma amphoriforme A39	ILLUMINA	NextSeq 500	PAIRED	WGS	GENOMIC	Hybrid Selection	3416388	255810313	ftp.sra.ebi.ac.uk/vol1/fastq/ERR804/004/ERR8048794/ERR8048794_1.fastq.gz;ftp.sra.ebi.ac.uk/vol1/fastq/ERR804/004/ERR8048794/ERR8048794_2.fastq.gz	82879339;85604529	2022-02-18	University of Glasgow
ERR8048798	SAMEA12361930	ERS9968719	PRJEB50216	ERX7615535	572419	Mycoplasma amphoriforme A39	ILLUMINA	NextSeq 500	PAIRED	WGS	GENOMIC	Hybrid Selection	3429372	253643406	ftp.sra.ebi.ac.uk/vol1/fastq/ERR804/008/ERR8048798/ERR8048798_1.fastq.gz;ftp.sra.ebi.ac.uk/vol1/fastq/ERR804/008/ERR8048798/ERR8048798_2.fastq.gz	83160797;85477667	2022-02-18	University of Glasgow
ERR8048799	SAMEA12361931	ERS9968720	PRJEB50216	ERX7615536	572419	Mycoplasma amphoriforme A39	ILLUMINA	NextSeq 500	PAIRED	WGS	GENOMIC	Hybrid Selection	2623080	194901643	ftp.sra.ebi.ac.uk/vol1/fastq/ERR804/009/ERR8048799/ERR8048799_1.fastq.gz;ftp.sra.ebi.ac.uk/vol1/fastq/ERR804/009/ERR8048799/ERR8048799_2.fastq.gz	64377044;65920327	2022-02-18	University of Glasgow
ERR8048814	SAMEA12361946	ERS9968735	PRJEB50216	ERX7615551	572419	Mycoplasma amphoriforme A39	ILLUMINA	NextSeq 500	PAIRED	WGS	GENOMIC	Hybrid Selection	3292212	247385796	ftp.sra.ebi.ac.uk/vol1/fastq/ERR804/004/ERR8048814/ERR8048814_1.fastq.gz;ftp.sra.ebi.ac.uk/vol1/fastq/ERR804/004/ERR8048814/ERR8048814_2.fastq.gz	80697801;82795221	2022-02-18	University of Glasgow
ERR8048820	SAMEA12361952	ERS9968741	PRJEB50216	ERX7615557	572419	Mycoplasma amphoriforme A39	ILLUMINA	NextSeq 500	PAIRED	WGS	GENOMIC	Hybrid Selection	3754604	280222024	ftp.sra.ebi.ac.uk/vol1/fastq/ERR804/000/ERR8048820/ERR8048820_1.fastq.gz;ftp.sra.ebi.ac.uk/vol1/fastq/ERR804/000/ERR8048820/ERR8048820_2.fastq.gz	89505630;91682575	2022-02-18	University of Glasgow
ERR923387	SAMEA3465010	ERS760609	PRJEB9677	ERX1002662	2103	Mycoplasma mycoides subsp. mycoides	ILLUMINA	Illumina HiSeq 2500	SINGLE	RNA-Seq	TRANSCRIPTOMIC	Oligo-dT	28339297	1445304147	ftp.sra.ebi.ac.uk/vol1/fastq/ERR923/ERR923387/ERR923387.fastq.gz	1197962044	2015-08-21	HZI - HELMHOLTZ CENTRE FOR INFECTION RESEARCH, BRAUNSCHWEIG, GERMANY
ERR926447	SAMEA3231219	ERS652453	PRJEB8311	ERX1005722	572419	Mycoplasma amphoriforme A39	ILLUMINA	Illumina HiSeq 2000	PAIRED	WXS	GENOMIC	Hybrid Selection	11562194	867164550	ftp.sra.ebi.ac.uk/vol1/fastq/ERR926/ERR926447/ERR926447_1.fastq.gz;ftp.sra.ebi.ac.uk/vol1/fastq/ERR926/ERR926447/ERR926447_2.fastq.gz	425436821;433943893	2015-06-23	Wellcome Sanger Institute;SC
ERR926456	SAMEA3231228	ERS652462	PRJEB8311	ERX1005731	572419	Mycoplasma amphoriforme A39	ILLUMINA	Illumina HiSeq 2000	PAIRED	WXS	GENOMIC	Hybrid Selection	7176622	538246650	ftp.sra.ebi.ac.uk/vol1/fastq/ERR926/ERR926456/ERR926456_1.fastq.gz;ftp.sra.ebi.ac.uk/vol1/fastq/ERR926/ERR926456/ERR926456_2.fastq.gz	259386022;263739259	2015-06-23	Wellcome Sanger Institute;SC
ERR926457	SAMEA3231229	ERS652463	PRJEB8311	ERX1005732	572419	Mycoplasma amphoriforme A39	ILLUMINA	Illumina HiSeq 2000	PAIRED	WXS	GENOMIC	Hybrid Selection	89973920	6748044000	ftp.sra.ebi.ac.uk/vol1/fastq/ERR926/ERR926457/ERR926457_1.fastq.gz;ftp.sra.ebi.ac.uk/vol1/fastq/ERR926/ERR926457/ERR926457_2.fastq.gz	3150733753;3192880286	2015-06-23	Wellcome Sanger Institute;SC
ERR926466	SAMEA3231238	ERS652472	PRJEB8311	ERX1005741	572419	Mycoplasma amphoriforme A39	ILLUMINA	Illumina HiSeq 2000	PAIRED	WXS	GENOMIC	Hybrid Selection	7465528	559914600	ftp.sra.ebi.ac.uk/vol1/fastq/ERR926/ERR926466/ERR926466_1.fastq.gz;ftp.sra.ebi.ac.uk/vol1/fastq/ERR926/ERR926466/ERR926466_2.fastq.gz	271700247;276731153	2015-06-23	Wellcome Sanger Institute;SC
ERR926467	SAMEA3231239	ERS652473	PRJEB8311	ERX1005742	572419	Mycoplasma amphoriforme A39	ILLUMINA	Illumina HiSeq 2000	PAIRED	WXS	GENOMIC	Hybrid Selection	10619216	796441200	ftp.sra.ebi.ac.uk/vol1/fastq/ERR926/ERR926467/ERR926467_1.fastq.gz;ftp.sra.ebi.ac.uk/vol1/fastq/ERR926/ERR926467/ERR926467_2.fastq.gz	385366203;391596371	2015-06-23	Wellcome Sanger Institute;SC
SRR10270700	SAMN13021990	SRS5508261	PRJNA577234	SRX6983913	2148	Acholeplasma laidlawii	ILLUMINA	Illumina HiSeq 2500	SINGLE	RNA-Seq	TRANSCRIPTOMIC	RANDOM PCR	4391811	263508660	ftp.sra.ebi.ac.uk/vol1/fastq/SRR102/000/SRR10270700/SRR10270700.fastq.gz	169433081	2019-10-13	SUB6396791
SRR10305538	SAMN13053410	SRS5538111	PRJNA578246	SRX7016858	2148	Acholeplasma laidlawii	ILLUMINA	Illumina HiSeq 2500	SINGLE	RNA-Seq	TRANSCRIPTOMIC	RANDOM PCR	4361780	261706800	ftp.sra.ebi.ac.uk/vol1/fastq/SRR103/038/SRR10305538/SRR10305538.fastq.gz	172013122	2019-10-19	SUB6432771
SRR12065010	SAMN15339386	SRS6883983	PRJNA640980	SRX8592858	2138	Spiroplasma poulsonii	ILLUMINA	Illumina HiSeq 4000	PAIRED	WGS	GENOMIC	RANDOM	185757	84622678	ftp.sra.ebi.ac.uk/vol1/fastq/SRR120/010/SRR12065010/SRR12065010_1.fastq.gz;ftp.sra.ebi.ac.uk/vol1/fastq/SRR120/010/SRR12065010/SRR12065010_2.fastq.gz	32858232;31824524	2020-06-23	SUB7649414
SRR12068552	SAMN15341339	SRS6886908	PRJNA641121	SRX8596341	2151	Mesoplasma florum	ILLUMINA	Illumina HiSeq 2000	PAIRED	RNA-Seq	TRANSCRIPTOMIC	cDNA	7623719	762371900	ftp.sra.ebi.ac.uk/vol1/fastq/SRR120/052/SRR12068552/SRR12068552_1.fastq.gz;ftp.sra.ebi.ac.uk/vol1/fastq/SRR120/052/SRR12068552/SRR12068552_2.fastq.gz	249758963;262064314	2020-11-04	GEO
SRR12200482	SAMN10461773	SRS6987322	PRJNA506491	SRX8711357	2490849	Spiroplasma sp. ald	ILLUMINA	Illumina NovaSeq 6000	PAIRED	WGS	GENOMIC	RANDOM	56056127	16816838100	ftp.sra.ebi.ac.uk/vol1/fastq/SRR122/082/SRR12200482/SRR12200482_1.fastq.gz;ftp.sra.ebi.ac.uk/vol1/fastq/SRR122/082/SRR12200482/SRR12200482_2.fastq.gz	3954702663;4167851988	2024-12-01	SUB7757889
SRR12200483	SAMN10461773	SRS6987322	PRJNA506491	SRX8711356	2490849	Spiroplasma sp. ald	ILLUMINA	Illumina NovaSeq 6000	PAIRED	WGS	GENOMIC	RANDOM	35634813	10690443900	ftp.sra.ebi.ac.uk/vol1/fastq/SRR122/083/SRR12200483/SRR12200483_1.fastq.gz;ftp.sra.ebi.ac.uk/vol1/fastq/SRR122/083/SRR12200483/SRR12200483_2.fastq.gz	2779801196;2963734397	2024-12-01	SUB7757889
SRR12825551	SAMN16392097	SRS7519753	PRJNA667928	SRX9293214	136241	Mycoplasma haemocanis	ILLUMINA	Illumina MiSeq	PAIRED	AMPLICON	METAGENOMIC	PCR	37161	22370922	ftp.sra.ebi.ac.uk/vol1/fastq/SRR128/051/SRR12825551/SRR12825551_1.fastq.gz;ftp.sra.ebi.ac.uk/vol1/fastq/SRR128/051/SRR12825551/SRR12825551_2.fastq.gz	5006052;3343263	2021-01-04	SUB8220965
SRR12825552	SAMN16392096	SRS7519754	PRJNA667928	SRX9293213	136241	Mycoplasma haemocanis	ILLUMINA	Illumina MiSeq	PAIRED	AMPLICON	METAGENOMIC	PCR	29174	17562748	ftp.sra.ebi.ac.uk/vol1/fastq/SRR128/052/SRR12825552/SRR12825552_1.fastq.gz;ftp.sra.ebi.ac.uk/vol1/fastq/SRR128/052/SRR12825552/SRR12825552_2.fastq.gz	4299386;3484175	2021-01-04	SUB8220965
SRR12825553	SAMN16392095	SRS7519752	PRJNA667928	SRX9293212	136241	Mycoplasma haemocanis	ILLUMINA	Illumina MiSeq	PAIRED	AMPLICON	METAGENOMIC	PCR	42969	25867338	ftp.sra.ebi.ac.uk/vol1/fastq/SRR128/053/SRR12825553/SRR12825553_1.fastq.gz;ftp.sra.ebi.ac.uk/vol1/fastq/SRR128/053/SRR12825553/SRR12825553_2.fastq.gz	5412776;4128932	2021-01-04	SUB8220965
SRR12825569	SAMN16392080	SRS7519736	PRJNA667928	SRX9293196	136241	Mycoplasma haemocanis	ILLUMINA	Illumina MiSeq	PAIRED	AMPLICON	METAGENOMIC	PCR	196742	118438684	ftp.sra.ebi.ac.uk/vol1/fastq/SRR128/069/SRR12825569/SRR12825569_1.fastq.gz;ftp.sra.ebi.ac.uk/vol1/fastq/SRR128/069/SRR12825569/SRR12825569_2.fastq.gz	27295303;21923398	2021-01-04	SUB8220965
SRR13346629	SAMN13885744	SRS6017218	PRJNA602215	SRX9772798	519450	Mycoplasma anserisalpingitidis	ILLUMINA	NextSeq 500	SINGLE	WGS	GENOMIC	other	3923886	479254326	ftp.sra.ebi.ac.uk/vol1/fastq/SRR133/029/SRR13346629/SRR13346629.fastq.gz	275377472	2021-01-04	SUB8754746
SRR13346634	SAMN13885780	SRS6017257	PRJNA602215	SRX9772793	519450	Mycoplasma anserisalpingitidis	ILLUMINA	NextSeq 500	SINGLE	WGS	GENOMIC	other	5825527	714352463	ftp.sra.ebi.ac.uk/vol1/fastq/SRR133/034/SRR13346634/SRR13346634.fastq.gz	410400660	2021-01-04	SUB8754746
SRR13346639	SAMN13885775	SRS6017248	PRJNA602215	SRX9772788	519450	Mycoplasma anserisalpingitidis	ILLUMINA	NextSeq 500	SINGLE	WGS	GENOMIC	other	6271848	768362430	ftp.sra.ebi.ac.uk/vol1/fastq/SRR133/039/SRR13346639/SRR13346639.fastq.gz	439002287	2021-01-04	SUB8754746
SRR13346644	SAMN13885761	SRS6017236	PRJNA602215	SRX9772783	519450	Mycoplasma anserisalpingitidis	ILLUMINA	NextSeq 500	SINGLE	WGS	GENOMIC	other	5562238	638983926	ftp.sra.ebi.ac.uk/vol1/fastq/SRR133/044/SRR13346644/SRR13346644.fastq.gz	365807849	2021-01-04	SUB8754746
SRR15032579	SAMN20032698	SRS9385147	PRJNA743406	SRX11344269	2102	Mycoplasma mycoides	ILLUMINA	NextSeq 550	PAIRED	WGS	GENOMIC	RANDOM	496197	37710972	ftp.sra.ebi.ac.uk/vol1/fastq/SRR150/079/SRR15032579/SRR15032579_1.fastq.gz;ftp.sra.ebi.ac.uk/vol1/fastq/SRR150/079/SRR15032579/SRR15032579_2.fastq.gz	11422964;11701192	2021-07-05	SUB9950931
SRR15032589	SAMN20032689	SRS9385137	PRJNA743406	SRX11344259	2102	Mycoplasma mycoides	ILLUMINA	NextSeq 550	PAIRED	WGS	GENOMIC	RANDOM	241602	18361752	ftp.sra.ebi.ac.uk/vol1/fastq/SRR150/089/SRR15032589/SRR15032589_1.fastq.gz;ftp.sra.ebi.ac.uk/vol1/fastq/SRR150/089/SRR15032589/SRR15032589_2.fastq.gz	5543637;5667691	2021-07-05	SUB9950931
SRR15032590	SAMN20032688	SRS9385136	PRJNA743406	SRX11344258	2102	Mycoplasma mycoides	ILLUMINA	NextSeq 550	PAIRED	WGS	GENOMIC	RANDOM	440799	33500724	ftp.sra.ebi.ac.uk/vol1/fastq/SRR150/090/SRR15032590/SRR15032590_1.fastq.gz;ftp.sra.ebi.ac.uk/vol1/fastq/SRR150/090/SRR15032590/SRR15032590_2.fastq.gz	10103034;10373433	2021-07-05	SUB9950931
SRR15032591	SAMN20032687	SRS9385135	PRJNA743406	SRX11344257	2102	Mycoplasma mycoides	ILLUMINA	NextSeq 550	PAIRED	WGS	GENOMIC	RANDOM	253443	19261668	ftp.sra.ebi.ac.uk/vol1/fastq/SRR150/091/SRR15032591/SRR15032591_1.fastq.gz;ftp.sra.ebi.ac.uk/vol1/fastq/SRR150/091/SRR15032591/SRR15032591_2.fastq.gz	5814187;5947094	2021-07-05	SUB9950931
SRR15032594	SAMN20032684	SRS9385133	PRJNA743406	SRX11344254	2102	Mycoplasma mycoides	ILLUMINA	NextSeq 550	PAIRED	WGS	GENOMIC	RANDOM	851117	64684892	ftp.sra.ebi.ac.uk/vol1/fastq/SRR150/094/SRR15032594/SRR15032594_1.fastq.gz;ftp.sra.ebi.ac.uk/vol1/fastq/SRR150/094/SRR15032594/SRR15032594_2.fastq.gz	19491942;19966386	2021-07-05	SUB9950931
SRR15032604	SAMN20032675	SRS9385122	PRJNA743406	SRX11344244	2102	Mycoplasma mycoides	ILLUMINA	NextSeq 550	PAIRED	WGS	GENOMIC	RANDOM	628364	47755664	ftp.sra.ebi.ac.uk/vol1/fastq/SRR150/004/SRR15032604/SRR15032604_1.fastq.gz;ftp.sra.ebi.ac.uk/vol1/fastq/SRR150/004/SRR15032604/SRR15032604_2.fastq.gz	14280454;14640827	2021-07-05	SUB9950931
SRR15032606	SAMN20032673	SRS9385120	PRJNA743406	SRX11344242	2102	Mycoplasma mycoides	ILLUMINA	NextSeq 550	PAIRED	WGS	GENOMIC	RANDOM	513888	39055488	ftp.sra.ebi.ac.uk/vol1/fastq/SRR150/006/SRR15032606/SRR15032606_1.fastq.gz;ftp.sra.ebi.ac.uk/vol1/fastq/SRR150/006/SRR15032606/SRR15032606_2.fastq.gz	11859629;12186007	2021-07-05	SUB9950931
SRR15032607	SAMN20032672	SRS9385119	PRJNA743406	SRX11344241	2102	Mycoplasma mycoides	ILLUMINA	NextSeq 550	PAIRED	WGS	GENOMIC	RANDOM	1216531	92456356	ftp.sra.ebi.ac.uk/vol1/fastq/SRR150/007/SRR15032607/SRR15032607_1.fastq.gz;ftp.sra.ebi.ac.uk/vol1/fastq/SRR150/007/SRR15032607/SRR15032607_2.fastq.gz	28166700;28891314	2021-07-05	SUB9950931
SRR15032610	SAMN20032670	SRS9385115	PRJNA743406	SRX11344238	2102	Mycoplasma mycoides	ILLUMINA	NextSeq 550	PAIRED	WGS	GENOMIC	RANDOM	415349	31566524	ftp.sra.ebi.ac.uk/vol1/fastq/SRR150/010/SRR15032610/SRR15032610_1.fastq.gz;ftp.sra.ebi.ac.uk/vol1/fastq/SRR150/010/SRR15032610/SRR15032610_2.fastq.gz	9469159;9708019	2021-07-05	SUB9950931
SRR15032621	SAMN20032660	SRS9385104	PRJNA743406	SRX11344227	2102	Mycoplasma mycoides	ILLUMINA	NextSeq 550	PAIRED	WGS	GENOMIC	RANDOM	832441	63265516	ftp.sra.ebi.ac.uk/vol1/fastq/SRR150/021/SRR15032621/SRR15032621_1.fastq.gz;ftp.sra.ebi.ac.uk/vol1/fastq/SRR150/021/SRR15032621/SRR15032621_2.fastq.gz	18958853;19422863	2021-07-05	SUB9950931
SRR15032627	SAMN20032654	SRS9385099	PRJNA743406	SRX11344221	2102	Mycoplasma mycoides	ILLUMINA	NextSeq 550	PAIRED	WGS	GENOMIC	RANDOM	1041918	79185768	ftp.sra.ebi.ac.uk/vol1/fastq/SRR150/027/SRR15032627/SRR15032627_1.fastq.gz;ftp.sra.ebi.ac.uk/vol1/fastq/SRR150/027/SRR15032627/SRR15032627_2.fastq.gz	23797891;24462969	2021-07-05	SUB9950931
SRR15032628	SAMN20032653	SRS9385098	PRJNA743406	SRX11344220	2102	Mycoplasma mycoides	ILLUMINA	NextSeq 550	PAIRED	WGS	GENOMIC	RANDOM	985283	74881508	ftp.sra.ebi.ac.uk/vol1/fastq/SRR150/028/SRR15032628/SRR15032628_1.fastq.gz;ftp.sra.ebi.ac.uk/vol1/fastq/SRR150/028/SRR15032628/SRR15032628_2.fastq.gz	22401338;22956914	2021-07-05	SUB9950931
SRR15032631	SAMN20032606	SRS9385095	PRJNA743406	SRX11344217	2102	Mycoplasma mycoides	ILLUMINA	NextSeq 550	PAIRED	WGS	GENOMIC	RANDOM	4759548	361725648	ftp.sra.ebi.ac.uk/vol1/fastq/SRR150/031/SRR15032631/SRR15032631_1.fastq.gz;ftp.sra.ebi.ac.uk/vol1/fastq/SRR150/031/SRR15032631/SRR15032631_2.fastq.gz	108413749;113657024	2021-07-05	SUB9950931
SRR15032640	SAMN20032642	SRS9385086	PRJNA743406	SRX11344208	2102	Mycoplasma mycoides	ILLUMINA	NextSeq 550	PAIRED	WGS	GENOMIC	RANDOM	772751	58729076	ftp.sra.ebi.ac.uk/vol1/fastq/SRR150/040/SRR15032640/SRR15032640_1.fastq.gz;ftp.sra.ebi.ac.uk/vol1/fastq/SRR150/040/SRR15032640/SRR15032640_2.fastq.gz	17723276;18243590	2021-07-05	SUB9950931
SRR15032646	SAMN20032637	SRS9385080	PRJNA743406	SRX11344202	2102	Mycoplasma mycoides	ILLUMINA	NextSeq 550	PAIRED	WGS	GENOMIC	RANDOM	680458	51714808	ftp.sra.ebi.ac.uk/vol1/fastq/SRR150/046/SRR15032646/SRR15032646_1.fastq.gz;ftp.sra.ebi.ac.uk/vol1/fastq/SRR150/046/SRR15032646/SRR15032646_2.fastq.gz	15553159;16008414	2021-07-05	SUB9950931
SRR15032662	SAMN20032622	SRS9385064	PRJNA743406	SRX11344186	2102	Mycoplasma mycoides	ILLUMINA	NextSeq 550	PAIRED	WGS	GENOMIC	RANDOM	769673	58495148	ftp.sra.ebi.ac.uk/vol1/fastq/SRR150/062/SRR15032662/SRR15032662_1.fastq.gz;ftp.sra.ebi.ac.uk/vol1/fastq/SRR150/062/SRR15032662/SRR15032662_2.fastq.gz	17539263;17921830	2021-07-05	SUB9950931
SRR15032664	SAMN20032603	SRS9385062	PRJNA743406	SRX11344184	2102	Mycoplasma mycoides	ILLUMINA	NextSeq 550	PAIRED	WGS	GENOMIC	RANDOM	4175111	317308436	ftp.sra.ebi.ac.uk/vol1/fastq/SRR150/064/SRR15032664/SRR15032664_1.fastq.gz;ftp.sra.ebi.ac.uk/vol1/fastq/SRR150/064/SRR15032664/SRR15032664_2.fastq.gz	95011047;98476591	2021-07-05	SUB9950931
SRR15032670	SAMN20032753	SRS9385057	PRJNA743406	SRX11344178	2102	Mycoplasma mycoides	ILLUMINA	NextSeq 550	PAIRED	WGS	GENOMIC	RANDOM	601120	45685120	ftp.sra.ebi.ac.uk/vol1/fastq/SRR150/070/SRR15032670/SRR15032670_1.fastq.gz;ftp.sra.ebi.ac.uk/vol1/fastq/SRR150/070/SRR15032670/SRR15032670_2.fastq.gz	13700748;14032932	2021-07-05	SUB9950931
SRR15032675	SAMN20032749	SRS9385051	PRJNA743406	SRX11344173	2102	Mycoplasma mycoides	ILLUMINA	NextSeq 550	PAIRED	WGS	GENOMIC	RANDOM	851763	64733988	ftp.sra.ebi.ac.uk/vol1/fastq/SRR150/075/SRR15032675/SRR15032675_1.fastq.gz;ftp.sra.ebi.ac.uk/vol1/fastq/SRR150/075/SRR15032675/SRR15032675_2.fastq.gz	19424591;19816266	2021-07-05	SUB9950931
SRR15032680	SAMN20032744	SRS9385046	PRJNA743406	SRX11344168	2102	Mycoplasma mycoides	ILLUMINA	NextSeq 550	PAIRED	WGS	GENOMIC	RANDOM	502612	38198512	ftp.sra.ebi.ac.uk/vol1/fastq/SRR150/080/SRR15032680/SRR15032680_1.fastq.gz;ftp.sra.ebi.ac.uk/vol1/fastq/SRR150/080/SRR15032680/SRR15032680_2.fastq.gz	11483238;11762497	2021-07-05	SUB9950931
SRR15032687	SAMN20032738	SRS9385039	PRJNA743406	SRX11344161	2102	Mycoplasma mycoides	ILLUMINA	NextSeq 550	PAIRED	WGS	GENOMIC	RANDOM	574274	43644824	ftp.sra.ebi.ac.uk/vol1/fastq/SRR150/087/SRR15032687/SRR15032687_1.fastq.gz;ftp.sra.ebi.ac.uk/vol1/fastq/SRR150/087/SRR15032687/SRR15032687_2.fastq.gz	13056973;13437385	2021-07-05	SUB9950931
SRR15032694	SAMN20032731	SRS9385032	PRJNA743406	SRX11344154	2102	Mycoplasma mycoides	ILLUMINA	NextSeq 550	PAIRED	WGS	GENOMIC	RANDOM	450702	34253352	ftp.sra.ebi.ac.uk/vol1/fastq/SRR150/094/SRR15032694/SRR15032694_1.fastq.gz;ftp.sra.ebi.ac.uk/vol1/fastq/SRR150/094/SRR15032694/SRR15032694_2.fastq.gz	10335193;10616292	2021-07-05	SUB9950931
SRR15032699	SAMN20032727	SRS9385027	PRJNA743406	SRX11344149	2102	Mycoplasma mycoides	ILLUMINA	NextSeq 550	PAIRED	WGS	GENOMIC	RANDOM	801711	60930036	ftp.sra.ebi.ac.uk/vol1/fastq/SRR150/099/SRR15032699/SRR15032699_1.fastq.gz;ftp.sra.ebi.ac.uk/vol1/fastq/SRR150/099/SRR15032699/SRR15032699_2.fastq.gz	18340977;18753655	2021-07-05	SUB9950931
SRR15032711	SAMN20032716	SRS9385018	PRJNA743406	SRX11344137	2102	Mycoplasma mycoides	ILLUMINA	NextSeq 550	PAIRED	WGS	GENOMIC	RANDOM	535666	40710616	ftp.sra.ebi.ac.uk/vol1/fastq/SRR150/011/SRR15032711/SRR15032711_1.fastq.gz;ftp.sra.ebi.ac.uk/vol1/fastq/SRR150/011/SRR15032711/SRR15032711_2.fastq.gz	12265976;12573601	2021-07-05	SUB9950931
SRR15032727	SAMN20032701	SRS9384996	PRJNA743406	SRX11344121	2102	Mycoplasma mycoides	ILLUMINA	NextSeq 550	PAIRED	WGS	GENOMIC	RANDOM	365342	27765992	ftp.sra.ebi.ac.uk/vol1/fastq/SRR150/027/SRR15032727/SRR15032727_1.fastq.gz;ftp.sra.ebi.ac.uk/vol1/fastq/SRR150/027/SRR15032727/SRR15032727_2.fastq.gz	8335383;8526543	2021-07-05	SUB9950931
SRR15282901	SAMN20447760	SRS9621093	PRJNA750283	SRX11587782	2725268	Hujiaoplasma nucleasis	ILLUMINA	Illumina NovaSeq 6000	SINGLE	RNA-Seq	TRANSCRIPTOMIC SINGLE CELL	ChIP	3710397	1110451650	ftp.sra.ebi.ac.uk/vol1/fastq/SRR152/001/SRR15282901/SRR15282901.fastq.gz;ftp.sra.ebi.ac.uk/vol1/fastq/SRR152/001/SRR15282901/SRR15282901_1.fastq.gz;ftp.sra.ebi.ac.uk/vol1/fastq/SRR152/001/SRR15282901/SRR15282901_2.fastq.gz	737931;75641885;78605400	2021-08-25	SUB10096434
SRR1587376	SAMN02584996	SRS710356	PRJNA218803	SRX711649	1399795	Williamsoniiplasma somnilux ATCC 49194	ILLUMINA	Illumina HiSeq 2000	PAIRED	WGS	GENOMIC	RANDOM	8686359	2605907700	ftp.sra.ebi.ac.uk/vol1/fastq/SRR158/006/SRR1587376/SRR1587376_1.fastq.gz;ftp.sra.ebi.ac.uk/vol1/fastq/SRR158/006/SRR1587376/SRR1587376_2.fastq.gz	981278569;974877530	2015-06-05	JGI
SRR16038693	SAMN21591366	SRS10298020	PRJNA765891	SRX12325417	40477	Mycoplasma mycoides subsp. capri	ILLUMINA	Illumina HiSeq 4000	PAIRED	RNA-Seq	TRANSCRIPTOMIC	unspecified	14143428	4271315256	ftp.sra.ebi.ac.uk/vol1/fastq/SRR160/093/SRR16038693/SRR16038693_1.fastq.gz;ftp.sra.ebi.ac.uk/vol1/fastq/SRR160/093/SRR16038693/SRR16038693_2.fastq.gz	884501182;1064391424	2021-10-07	SUB10419668
SRR16250963	SAMN04017316	SRS10489852	PRJNA294131	SRX12530589	1123738	Candidatus Phytoplasma australasiaticum subsp. taiwanense	ILLUMINA	Illumina MiSeq	PAIRED	WGS	GENOMIC	RANDOM	17160733	10206843846	ftp.sra.ebi.ac.uk/vol1/fastq/SRR162/063/SRR16250963/SRR16250963_1.fastq.gz;ftp.sra.ebi.ac.uk/vol1/fastq/SRR162/063/SRR16250963/SRR16250963_2.fastq.gz	2945377573;3654005135	2021-10-10	SUB10501934
SRR16250964	SAMN04017316	SRS10489852	PRJNA294131	SRX12530588	1123738	Candidatus Phytoplasma australasiaticum subsp. taiwanense	OXFORD_NANOPORE	MinION	SINGLE	WGS	GENOMIC	RANDOM	36062	156684665	ftp.sra.ebi.ac.uk/vol1/fastq/SRR162/064/SRR16250964/SRR16250964_1.fastq.gz	152660632	2021-10-10	SUB10501934
SRR16250965	SAMN04017316	SRS10489852	PRJNA294131	SRX12530587	1123738	Candidatus Phytoplasma australasiaticum subsp. taiwanense	OXFORD_NANOPORE	MinION	SINGLE	WGS	GENOMIC	RANDOM	161139	771121702	ftp.sra.ebi.ac.uk/vol1/fastq/SRR162/065/SRR16250965/SRR16250965_1.fastq.gz	752103460	2021-10-10	SUB10501934
SRR16250970	SAMN04017316	SRS10489852	PRJNA294131	SRX12530582	1123738	Candidatus Phytoplasma australasiaticum subsp. taiwanense	OXFORD_NANOPORE	MinION	SINGLE	WGS	GENOMIC	RANDOM	58938	243389618	ftp.sra.ebi.ac.uk/vol1/fastq/SRR162/070/SRR16250970/SRR16250970_1.fastq.gz	237747567	2021-10-10	SUB10501934
SRR17035813	SAMN23401482	SRS11151132	PRJNA673092	SRX13225751	2108	Mycoplasma sp.	ILLUMINA	Illumina iSeq 100	PAIRED	WGS	METAGENOMIC	other	497113	146093757	ftp.sra.ebi.ac.uk/vol1/fastq/SRR170/013/SRR17035813/SRR17035813_1.fastq.gz;ftp.sra.ebi.ac.uk/vol1/fastq/SRR170/013/SRR17035813/SRR17035813_2.fastq.gz	34187067;36317071	2025-11-29	SUB10713995
SRR17035815	SAMN23401532	SRS11151130	PRJNA673092	SRX13225749	2108	Mycoplasma sp.	ILLUMINA	Illumina iSeq 100	PAIRED	WGS	METAGENOMIC	other	462463	131607528	ftp.sra.ebi.ac.uk/vol1/fastq/SRR170/015/SRR17035815/SRR17035815_1.fastq.gz;ftp.sra.ebi.ac.uk/vol1/fastq/SRR170/015/SRR17035815/SRR17035815_2.fastq.gz	31134311;31786906	2025-11-29	SUB10713995
SRR17035818	SAMN23401529	SRS11151127	PRJNA673092	SRX13225746	2108	Mycoplasma sp.	ILLUMINA	Illumina iSeq 100	PAIRED	WGS	METAGENOMIC	other	422061	124717044	ftp.sra.ebi.ac.uk/vol1/fastq/SRR170/018/SRR17035818/SRR17035818_1.fastq.gz;ftp.sra.ebi.ac.uk/vol1/fastq/SRR170/018/SRR17035818/SRR17035818_2.fastq.gz	28007819;29290891	2025-11-29	SUB10713995
SRR17035824	SAMN23401524	SRS11151121	PRJNA673092	SRX13225740	2108	Mycoplasma sp.	ILLUMINA	Illumina iSeq 100	PAIRED	WGS	METAGENOMIC	other	592125	175660114	ftp.sra.ebi.ac.uk/vol1/fastq/SRR170/024/SRR17035824/SRR17035824_1.fastq.gz;ftp.sra.ebi.ac.uk/vol1/fastq/SRR170/024/SRR17035824/SRR17035824_2.fastq.gz	40125896;41470777	2025-11-29	SUB10713995
SRR17035825	SAMN23401523	SRS11151120	PRJNA673092	SRX13225739	2108	Mycoplasma sp.	ILLUMINA	Illumina iSeq 100	PAIRED	WGS	METAGENOMIC	other	467087	139232338	ftp.sra.ebi.ac.uk/vol1/fastq/SRR170/025/SRR17035825/SRR17035825_1.fastq.gz;ftp.sra.ebi.ac.uk/vol1/fastq/SRR170/025/SRR17035825/SRR17035825_2.fastq.gz	31432396;33135449	2025-11-29	SUB10713995
SRR17035828	SAMN23401520	SRS11151117	PRJNA673092	SRX13225736	2108	Mycoplasma sp.	ILLUMINA	Illumina iSeq 100	PAIRED	WGS	METAGENOMIC	other	534726	157335434	ftp.sra.ebi.ac.uk/vol1/fastq/SRR170/028/SRR17035828/SRR17035828_1.fastq.gz;ftp.sra.ebi.ac.uk/vol1/fastq/SRR170/028/SRR17035828/SRR17035828_2.fastq.gz	35988145;37791811	2025-11-29	SUB10713995
SRR17035830	SAMN23401518	SRS11151115	PRJNA673092	SRX13225734	2108	Mycoplasma sp.	ILLUMINA	Illumina iSeq 100	PAIRED	WGS	METAGENOMIC	other	729589	214779659	ftp.sra.ebi.ac.uk/vol1/fastq/SRR170/030/SRR17035830/SRR17035830_1.fastq.gz;ftp.sra.ebi.ac.uk/vol1/fastq/SRR170/030/SRR17035830/SRR17035830_2.fastq.gz	50021737;53613287	2025-11-29	SUB10713995
SRR17035833	SAMN23401480	SRS11151112	PRJNA673092	SRX13225731	2108	Mycoplasma sp.	ILLUMINA	Illumina iSeq 100	PAIRED	WGS	METAGENOMIC	other	649964	192022620	ftp.sra.ebi.ac.uk/vol1/fastq/SRR170/033/SRR17035833/SRR17035833_1.fastq.gz;ftp.sra.ebi.ac.uk/vol1/fastq/SRR170/033/SRR17035833/SRR17035833_2.fastq.gz	42770829;45475564	2025-11-29	SUB10713995
SRR17035834	SAMN23401515	SRS11151111	PRJNA673092	SRX13225730	2108	Mycoplasma sp.	ILLUMINA	Illumina iSeq 100	PAIRED	WGS	METAGENOMIC	other	793908	234018705	ftp.sra.ebi.ac.uk/vol1/fastq/SRR170/034/SRR17035834/SRR17035834_1.fastq.gz;ftp.sra.ebi.ac.uk/vol1/fastq/SRR170/034/SRR17035834/SRR17035834_2.fastq.gz	54866505;57721548	2025-11-29	SUB10713995
SRR17035844	SAMN23401479	SRS11151101	PRJNA673092	SRX13225720	2108	Mycoplasma sp.	ILLUMINA	Illumina iSeq 100	PAIRED	WGS	METAGENOMIC	other	609596	180657361	ftp.sra.ebi.ac.uk/vol1/fastq/SRR170/044/SRR17035844/SRR17035844_1.fastq.gz;ftp.sra.ebi.ac.uk/vol1/fastq/SRR170/044/SRR17035844/SRR17035844_2.fastq.gz	40148672;42028323	2025-11-29	SUB10713995
SRR17035848	SAMN23401502	SRS11151097	PRJNA673092	SRX13225716	2108	Mycoplasma sp.	ILLUMINA	Illumina iSeq 100	PAIRED	WGS	METAGENOMIC	other	739523	216740755	ftp.sra.ebi.ac.uk/vol1/fastq/SRR170/048/SRR17035848/SRR17035848_1.fastq.gz;ftp.sra.ebi.ac.uk/vol1/fastq/SRR170/048/SRR17035848/SRR17035848_2.fastq.gz	48486977;50449092	2025-11-29	SUB10713995
SRR17035857	SAMN23401494	SRS11151088	PRJNA673092	SRX13225707	2108	Mycoplasma sp.	ILLUMINA	Illumina iSeq 100	PAIRED	WGS	METAGENOMIC	other	845465	249487710	ftp.sra.ebi.ac.uk/vol1/fastq/SRR170/057/SRR17035857/SRR17035857_1.fastq.gz;ftp.sra.ebi.ac.uk/vol1/fastq/SRR170/057/SRR17035857/SRR17035857_2.fastq.gz	57634206;61428635	2025-11-29	SUB10713995
SRR17035863	SAMN23401488	SRS11151082	PRJNA673092	SRX13225701	2108	Mycoplasma sp.	ILLUMINA	Illumina iSeq 100	PAIRED	WGS	METAGENOMIC	other	933848	275982360	ftp.sra.ebi.ac.uk/vol1/fastq/SRR170/063/SRR17035863/SRR17035863_1.fastq.gz;ftp.sra.ebi.ac.uk/vol1/fastq/SRR170/063/SRR17035863/SRR17035863_2.fastq.gz	63166567;68412773	2025-11-29	SUB10713995
SRR17243286	SAMN24039005	SRS11323749	PRJNA788900	SRX13422337	2146	Acholeplasmataceae	ILLUMINA	Illumina NovaSeq 6000	PAIRED	AMPLICON	GENOMIC	PCR	97768	41061421	ftp.sra.ebi.ac.uk/vol1/fastq/SRR172/086/SRR17243286/SRR17243286_1.fastq.gz;ftp.sra.ebi.ac.uk/vol1/fastq/SRR172/086/SRR17243286/SRR17243286_2.fastq.gz	3674972;3384331	2021-12-16	SUB10800134
SRR17243288	SAMN24039003	SRS11323747	PRJNA788900	SRX13422335	2146	Acholeplasmataceae	ILLUMINA	Illumina NovaSeq 6000	PAIRED	AMPLICON	GENOMIC	PCR	96257	40426413	ftp.sra.ebi.ac.uk/vol1/fastq/SRR172/088/SRR17243288/SRR17243288_1.fastq.gz;ftp.sra.ebi.ac.uk/vol1/fastq/SRR172/088/SRR17243288/SRR17243288_2.fastq.gz	3403263;3060392	2021-12-16	SUB10800134
SRR17695999	SAMN21844332	SRS11733416	PRJNA762720	SRX13859176	2878854	Mesoplasma whartonense	ILLUMINA	Illumina MiSeq	PAIRED	WGS	GENOMIC	RANDOM	1401612	703609224	ftp.sra.ebi.ac.uk/vol1/fastq/SRR176/099/SRR17695999/SRR17695999_1.fastq.gz;ftp.sra.ebi.ac.uk/vol1/fastq/SRR176/099/SRR17695999/SRR17695999_2.fastq.gz	211815388;241052436	2022-01-24	SUB10968732
SRR17696005	SAMN21844328	SRS11733411	PRJNA762720	SRX13859170	81460	Mesoplasma lactucae ATCC 49193	ILLUMINA	Illumina MiSeq	PAIRED	WGS	GENOMIC	RANDOM	1386726	696136452	ftp.sra.ebi.ac.uk/vol1/fastq/SRR176/005/SRR17696005/SRR17696005_1.fastq.gz;ftp.sra.ebi.ac.uk/vol1/fastq/SRR176/005/SRR17696005/SRR17696005_2.fastq.gz	194635333;226441109	2022-01-24	SUB10968732
SRR18884271	SAMN27736170	SRS12713213	PRJNA830658	SRX14962864	69896	Candidatus Phytoplasma solani	OXFORD_NANOPORE	MinION	SINGLE	WGS	GENOMIC	RANDOM	83375	157832232	ftp.sra.ebi.ac.uk/vol1/fastq/SRR188/071/SRR18884271/SRR18884271_1.fastq.gz	163731744	2024-01-28	SUB11359703
SRR18884272	SAMN27736169	SRS12713214	PRJNA830658	SRX14962863	69896	Candidatus Phytoplasma solani	OXFORD_NANOPORE	MinION	SINGLE	WGS	GENOMIC	RANDOM	93870	202826451	ftp.sra.ebi.ac.uk/vol1/fastq/SRR188/072/SRR18884272/SRR18884272_1.fastq.gz	209897964	2024-01-28	SUB11359703
SRR19178414	SAMN28206357	SRS12976677	PRJNA837572	SRX15243746	47565	Candidatus Phytoplasma prunorum	ILLUMINA	Illumina MiSeq	PAIRED	Targeted-Capture	GENOMIC	size fractionation	121626	60969377	ftp.sra.ebi.ac.uk/vol1/fastq/SRR191/014/SRR19178414/SRR19178414_1.fastq.gz;ftp.sra.ebi.ac.uk/vol1/fastq/SRR191/014/SRR19178414/SRR19178414_2.fastq.gz	19468846;21522928	2022-05-14	SUB11459140
SRR19178416	SAMN28206355	SRS12976675	PRJNA837572	SRX15243744	85620	Candidatus Phytoplasma asteris	ILLUMINA	Illumina MiSeq	PAIRED	Targeted-Capture	GENOMIC	size fractionation	257976	107688831	ftp.sra.ebi.ac.uk/vol1/fastq/SRR191/016/SRR19178416/SRR19178416_1.fastq.gz;ftp.sra.ebi.ac.uk/vol1/fastq/SRR191/016/SRR19178416/SRR19178416_2.fastq.gz	24517420;28211941	2022-05-14	SUB11459140
SRR19178418	SAMN28206353	SRS12976673	PRJNA837572	SRX15243742	85620	Candidatus Phytoplasma asteris	ILLUMINA	Illumina MiSeq	PAIRED	Targeted-Capture	GENOMIC	size fractionation	106822	44122702	ftp.sra.ebi.ac.uk/vol1/fastq/SRR191/018/SRR19178418/SRR19178418_1.fastq.gz;ftp.sra.ebi.ac.uk/vol1/fastq/SRR191/018/SRR19178418/SRR19178418_2.fastq.gz	12264634;13107091	2022-05-14	SUB11459140
SRR19178420	SAMN28206351	SRS12976671	PRJNA837572	SRX15243740	85620	Candidatus Phytoplasma asteris	ILLUMINA	Illumina MiSeq	PAIRED	Targeted-Capture	GENOMIC	size fractionation	95922	48072839	ftp.sra.ebi.ac.uk/vol1/fastq/SRR191/020/SRR19178420/SRR19178420_1.fastq.gz;ftp.sra.ebi.ac.uk/vol1/fastq/SRR191/020/SRR19178420/SRR19178420_2.fastq.gz	12903079;14860760	2022-05-14	SUB11459140
SRR19178422	SAMN28206364	SRS12976669	PRJNA837572	SRX15243738	69896	Candidatus Phytoplasma solani	ILLUMINA	Illumina MiSeq	PAIRED	Targeted-Capture	GENOMIC	size fractionation	36506	12490222	ftp.sra.ebi.ac.uk/vol1/fastq/SRR191/022/SRR19178422/SRR19178422_1.fastq.gz;ftp.sra.ebi.ac.uk/vol1/fastq/SRR191/022/SRR19178422/SRR19178422_2.fastq.gz	4278083;4527762	2022-05-14	SUB11459140
SRR19178426	SAMN28206360	SRS12976665	PRJNA837572	SRX15243734	47566	Candidatus Phytoplasma pyri	ILLUMINA	Illumina MiSeq	PAIRED	Targeted-Capture	GENOMIC	size fractionation	124515	62415879	ftp.sra.ebi.ac.uk/vol1/fastq/SRR191/026/SRR19178426/SRR19178426_1.fastq.gz;ftp.sra.ebi.ac.uk/vol1/fastq/SRR191/026/SRR19178426/SRR19178426_2.fastq.gz	19339509;21349131	2022-05-14	SUB11459140
SRR19178427	SAMN28206359	SRS12976664	PRJNA837572	SRX15243733	47566	Candidatus Phytoplasma pyri	ILLUMINA	Illumina MiSeq	PAIRED	Targeted-Capture	GENOMIC	size fractionation	97897	49074346	ftp.sra.ebi.ac.uk/vol1/fastq/SRR191/027/SRR19178427/SRR19178427_1.fastq.gz;ftp.sra.ebi.ac.uk/vol1/fastq/SRR191/027/SRR19178427/SRR19178427_2.fastq.gz	15846880;17686159	2022-05-14	SUB11459140
SRR19178428	SAMN28206350	SRS12976663	PRJNA837572	SRX15243732	85620	Candidatus Phytoplasma asteris	ILLUMINA	Illumina MiSeq	PAIRED	Targeted-Capture	GENOMIC	size fractionation	103800	52028528	ftp.sra.ebi.ac.uk/vol1/fastq/SRR191/028/SRR19178428/SRR19178428_1.fastq.gz;ftp.sra.ebi.ac.uk/vol1/fastq/SRR191/028/SRR19178428/SRR19178428_2.fastq.gz	15271712;17213783	2022-05-14	SUB11459140
SRR22523853	SAMN31868164	SRS15960948	PRJNA906321	SRX18488081	399025	Candidatus Phytoplasma rubi	OXFORD_NANOPORE	MinION	SINGLE	WGS	GENOMIC	RANDOM	441170	1117404213	ftp.sra.ebi.ac.uk/vol1/fastq/SRR225/053/SRR22523853/SRR22523853_1.fastq.gz	1119683101	2022-12-14	SUB12315046
SRR24128047	SAMN34138616	SRS17277952	PRJNA954307	SRX19926912	2102	Mycoplasma mycoides	ILLUMINA	Illumina MiSeq	PAIRED	WGS	GENOMIC	RANDOM	316121	170042793	ftp.sra.ebi.ac.uk/vol1/fastq/SRR241/047/SRR24128047/SRR24128047_1.fastq.gz;ftp.sra.ebi.ac.uk/vol1/fastq/SRR241/047/SRR24128047/SRR24128047_2.fastq.gz	44673007;56566240	2023-04-14	SUB12998481
SRR24128048	SAMN34138615	SRS17277951	PRJNA954307	SRX19926911	2102	Mycoplasma mycoides	ILLUMINA	Illumina MiSeq	PAIRED	WGS	GENOMIC	RANDOM	326035	175462861	ftp.sra.ebi.ac.uk/vol1/fastq/SRR241/048/SRR24128048/SRR24128048_1.fastq.gz;ftp.sra.ebi.ac.uk/vol1/fastq/SRR241/048/SRR24128048/SRR24128048_2.fastq.gz	50482441;57097384	2023-04-14	SUB12998481
SRR24576249	SAMN35100781	SRS17676624	PRJNA972635	SRX20359616	2093	Mycoplasma	ILLUMINA	Illumina HiSeq 4000	PAIRED	RNA-Seq	TRANSCRIPTOMIC	cDNA	7958953	2387685900	ftp.sra.ebi.ac.uk/vol1/fastq/SRR245/049/SRR24576249/SRR24576249_1.fastq.gz;ftp.sra.ebi.ac.uk/vol1/fastq/SRR245/049/SRR24576249/SRR24576249_2.fastq.gz	464952107;497410593	2024-07-01	SUB13350218
SRR24576251	SAMN35084586	SRS17676623	PRJNA972635	SRX20359614	2093	Mycoplasma	ILLUMINA	Illumina HiSeq 4000	PAIRED	RNA-Seq	TRANSCRIPTOMIC	cDNA	8340468	2502140400	ftp.sra.ebi.ac.uk/vol1/fastq/SRR245/051/SRR24576251/SRR24576251_1.fastq.gz;ftp.sra.ebi.ac.uk/vol1/fastq/SRR245/051/SRR24576251/SRR24576251_2.fastq.gz	485206107;502286062	2024-07-01	SUB13350218
SRR24576253	SAMN35084531	SRS17676622	PRJNA972635	SRX20359612	2093	Mycoplasma	ILLUMINA	Illumina HiSeq 4000	PAIRED	RNA-Seq	TRANSCRIPTOMIC	cDNA	7674042	2302212600	ftp.sra.ebi.ac.uk/vol1/fastq/SRR245/053/SRR24576253/SRR24576253_1.fastq.gz;ftp.sra.ebi.ac.uk/vol1/fastq/SRR245/053/SRR24576253/SRR24576253_2.fastq.gz	439045172;472879918	2024-07-01	SUB13350218
SRR24654890	SAMN04868714	SRS17741547	PRJNA318828	SRX20434751	72990	Candidatus Phytoplasma cynodontis	ILLUMINA	Illumina MiSeq	PAIRED	WGS	GENOMIC	RANDOM	25821241	15284124724	ftp.sra.ebi.ac.uk/vol1/fastq/SRR246/090/SRR24654890/SRR24654890_1.fastq.gz;ftp.sra.ebi.ac.uk/vol1/fastq/SRR246/090/SRR24654890/SRR24654890_2.fastq.gz	2636482694;2664107457	2023-06-05	SUB13395188
SRR24848565	SAMN04274829	SRS17912474	PRJNA184742	SRX20612704	1276218	Spiroplasma platyhelix PALS-1	PACBIO_SMRT	PacBio RS II	SINGLE	WGS	GENOMIC	RANDOM	134281	405653955	ftp.sra.ebi.ac.uk/vol1/fastq/SRR248/065/SRR24848565/SRR24848565_subreads.fastq.gz	371805821	2023-06-21	SUB13503043
SRR24848566	SAMN04274829	SRS17912474	PRJNA184742	SRX20612703	1276218	Spiroplasma platyhelix PALS-1	ILLUMINA	Illumina HiSeq 2000	PAIRED	WGS	GENOMIC	RANDOM	46151405	9322583810	ftp.sra.ebi.ac.uk/vol1/fastq/SRR248/066/SRR24848566/SRR24848566_1.fastq.gz;ftp.sra.ebi.ac.uk/vol1/fastq/SRR248/066/SRR24848566/SRR24848566_2.fastq.gz	1972707072;1972705981	2023-06-21	SUB13503043
SRR24848570	SAMN04275153	SRS17912476	PRJNA184743	SRX20612706	1276219	Spiroplasma ixodetis Y32	ILLUMINA	Illumina HiSeq 2000	PAIRED	WGS	GENOMIC	RANDOM	4993807	1008749014	ftp.sra.ebi.ac.uk/vol1/fastq/SRR248/070/SRR24848570/SRR24848570_1.fastq.gz;ftp.sra.ebi.ac.uk/vol1/fastq/SRR248/070/SRR24848570/SRR24848570_2.fastq.gz	187918544;187472343	2023-06-21	SUB13503053
SRR10506905	SAMN13349057	SRS5701590	PRJNA591024	SRX7195841	2148	Acholeplasma laidlawii	ILLUMINA	Illumina HiSeq 2500	SINGLE	RNA-Seq	TRANSCRIPTOMIC	RANDOM PCR	3794220	227653200	ftp.sra.ebi.ac.uk/vol1/fastq/SRR105/005/SRR10506905/SRR10506905.fastq.gz	151819043	2019-11-23	SUB6595365
SRR10506958	SAMN13349060	SRS5701623	PRJNA591025	SRX7195894	2148	Acholeplasma laidlawii	ILLUMINA	Illumina HiSeq 2500	SINGLE	RNA-Seq	TRANSCRIPTOMIC	RANDOM PCR	3552215	213132900	ftp.sra.ebi.ac.uk/vol1/fastq/SRR105/058/SRR10506958/SRR10506958.fastq.gz	143388327	2019-11-23	SUB6594411
SRR10541839	SAMN11982574	SRS5725991	PRJNA592142	SRX7225248	265311	Mesoplasma florum L1	ILLUMINA	Illumina HiSeq 2500	SINGLE	OTHER	TRANSCRIPTOMIC	Inverse rRNA	13307215	4005471715	ftp.sra.ebi.ac.uk/vol1/fastq/SRR105/039/SRR10541839/SRR10541839.fastq.gz	1600502012	2020-05-25	SUB6622277
SRR10567143	SAMN13170314	SRS5747998	PRJNA585656	SRX7248628	2663662	Mollicutes bacterium JGI_SA12_B02_014	ILLUMINA	NextSeq 500	PAIRED	WGA	GENOMIC	other	7447189	2249051078	ftp.sra.ebi.ac.uk/vol1/fastq/SRR105/043/SRR10567143/SRR10567143_1.fastq.gz;ftp.sra.ebi.ac.uk/vol1/fastq/SRR105/043/SRR10567143/SRR10567143_2.fastq.gz	700365337;714703394	2019-12-03	
SRR10604397	SAMN13170469	SRS5777618	PRJNA585655	SRX7283941	2663661	Mollicutes bacterium JGI_SA12_A04_032	ILLUMINA	NextSeq 500	PAIRED	WGA	GENOMIC	other	9374936	2831230672	ftp.sra.ebi.ac.uk/vol1/fastq/SRR106/097/SRR10604397/SRR10604397_1.fastq.gz;ftp.sra.ebi.ac.uk/vol1/fastq/SRR106/097/SRR10604397/SRR10604397_2.fastq.gz	771062471;780466933	2019-12-09	
SRR10743059	SAMN13640121	SRS5865136	PRJNA596820	SRX7418473	31969	Mollicutes	ILLUMINA	Illumina HiSeq 2500	PAIRED	AMPLICON	GENOMIC	PCR	63341	26216593	ftp.sra.ebi.ac.uk/vol1/fastq/SRR107/059/SRR10743059/SRR10743059.fastq.gz	2899884	2019-12-24	SUB6712925
SRR10843927	SAMN13747535	SRS5954253	PRJNA591027	SRX7514565	2133	Spiroplasma citri	PACBIO_SMRT	PacBio RS II	SINGLE	WGS	GENOMIC	RANDOM	97434	1278429822	ftp.sra.ebi.ac.uk/vol1/fastq/SRR108/027/SRR10843927/SRR10843927_subreads.fastq.gz	1110925456	2020-02-18	SUB6794815
SRR10916225	SAMN13885722	SRS6017268	PRJNA602215	SRX7583700	519450	Mycoplasma anserisalpingitidis	ILLUMINA	NextSeq 500	PAIRED	WGS	GENOMIC	other	558627	75661572	ftp.sra.ebi.ac.uk/vol1/fastq/SRR109/025/SRR10916225/SRR10916225_1.fastq.gz;ftp.sra.ebi.ac.uk/vol1/fastq/SRR109/025/SRR10916225/SRR10916225_2.fastq.gz	28588313;28344355	2020-04-14	SUB6861254
SRR10916230	SAMN13885785	SRS6017263	PRJNA602215	SRX7583695	519450	Mycoplasma anserisalpingitidis	ILLUMINA	NextSeq 500	SINGLE	WGS	GENOMIC	other	3827642	442702627	ftp.sra.ebi.ac.uk/vol1/fastq/SRR109/030/SRR10916230/SRR10916230.fastq.gz	257137372	2020-04-14	SUB6861254
SRR10916231	SAMN13885784	SRS6017262	PRJNA602215	SRX7583694	519450	Mycoplasma anserisalpingitidis	ILLUMINA	NextSeq 500	SINGLE	WGS	GENOMIC	other	3219704	378308232	ftp.sra.ebi.ac.uk/vol1/fastq/SRR109/031/SRR10916231/SRR10916231.fastq.gz	219886141	2020-04-14	SUB6861254
SRR10916233	SAMN13885783	SRS6017260	PRJNA602215	SRX7583692	519450	Mycoplasma anserisalpingitidis	ILLUMINA	NextSeq 500	SINGLE	WGS	GENOMIC	other	3997633	460297471	ftp.sra.ebi.ac.uk/vol1/fastq/SRR109/033/SRR10916233/SRR10916233.fastq.gz	267236378	2020-04-14	SUB6861254
SRR10916241	SAMN13885774	SRS6017252	PRJNA602215	SRX7583684	519450	Mycoplasma anserisalpingitidis	ILLUMINA	NextSeq 500	PAIRED	WGS	GENOMIC	other	367142	53091620	ftp.sra.ebi.ac.uk/vol1/fastq/SRR109/041/SRR10916241/SRR10916241_1.fastq.gz;ftp.sra.ebi.ac.uk/vol1/fastq/SRR109/041/SRR10916241/SRR10916241_2.fastq.gz	19973515;19824085	2020-04-14	SUB6861254
SRR10916254	SAMN13885719	SRS6017239	PRJNA602215	SRX7583671	519450	Mycoplasma anserisalpingitidis	ILLUMINA	NextSeq 500	PAIRED	WGS	GENOMIC	other	604597	80096587	ftp.sra.ebi.ac.uk/vol1/fastq/SRR109/054/SRR10916254/SRR10916254_1.fastq.gz;ftp.sra.ebi.ac.uk/vol1/fastq/SRR109/054/SRR10916254/SRR10916254_2.fastq.gz	30224855;29986562	2020-04-14	SUB6861254
SRR10916258	SAMN13885760	SRS6017235	PRJNA602215	SRX7583667	519450	Mycoplasma anserisalpingitidis	ILLUMINA	NextSeq 500	PAIRED	WGS	GENOMIC	other	2483870	344921600	ftp.sra.ebi.ac.uk/vol1/fastq/SRR109/058/SRR10916258/SRR10916258_1.fastq.gz;ftp.sra.ebi.ac.uk/vol1/fastq/SRR109/058/SRR10916258/SRR10916258_2.fastq.gz	116647437;116490185	2020-04-14	SUB6861254
SRR10916260	SAMN13885758	SRS6017233	PRJNA602215	SRX7583665	519450	Mycoplasma anserisalpingitidis	ILLUMINA	NextSeq 500	PAIRED	WGS	GENOMIC	other	2649137	368877667	ftp.sra.ebi.ac.uk/vol1/fastq/SRR109/060/SRR10916260/SRR10916260_1.fastq.gz;ftp.sra.ebi.ac.uk/vol1/fastq/SRR109/060/SRR10916260/SRR10916260_2.fastq.gz	124875629;124381277	2020-04-14	SUB6861254
SRR10916261	SAMN13885757	SRS6017232	PRJNA602215	SRX7583664	519450	Mycoplasma anserisalpingitidis	ILLUMINA	NextSeq 500	PAIRED	WGS	GENOMIC	other	2434038	335127795	ftp.sra.ebi.ac.uk/vol1/fastq/SRR109/061/SRR10916261/SRR10916261_1.fastq.gz;ftp.sra.ebi.ac.uk/vol1/fastq/SRR109/061/SRR10916261/SRR10916261_2.fastq.gz	113908742;113420045	2020-04-14	SUB6861254
SRR10916265	SAMN13885718	SRS6017228	PRJNA602215	SRX7583660	519450	Mycoplasma anserisalpingitidis	ILLUMINA	NextSeq 500	PAIRED	WGS	GENOMIC	other	492361	66157732	ftp.sra.ebi.ac.uk/vol1/fastq/SRR109/065/SRR10916265/SRR10916265_1.fastq.gz;ftp.sra.ebi.ac.uk/vol1/fastq/SRR109/065/SRR10916265/SRR10916265_2.fastq.gz	24957378;24730838	2020-04-14	SUB6861254
SRR10916266	SAMN13885753	SRS6017227	PRJNA602215	SRX7583659	519450	Mycoplasma anserisalpingitidis	ILLUMINA	NextSeq 500	PAIRED	WGS	GENOMIC	other	273008	37274739	ftp.sra.ebi.ac.uk/vol1/fastq/SRR109/066/SRR10916266/SRR10916266_1.fastq.gz;ftp.sra.ebi.ac.uk/vol1/fastq/SRR109/066/SRR10916266/SRR10916266_2.fastq.gz	14053621;13930042	2020-04-14	SUB6861254
SRR10916269	SAMN13885750	SRS6017224	PRJNA602215	SRX7583656	519450	Mycoplasma anserisalpingitidis	ILLUMINA	NextSeq 500	PAIRED	WGS	GENOMIC	other	200744	28571555	ftp.sra.ebi.ac.uk/vol1/fastq/SRR109/069/SRR10916269/SRR10916269_1.fastq.gz;ftp.sra.ebi.ac.uk/vol1/fastq/SRR109/069/SRR10916269/SRR10916269_2.fastq.gz	10757144;10682473	2020-04-14	SUB6861254
SRR10916273	SAMN13885746	SRS6017220	PRJNA602215	SRX7583652	519450	Mycoplasma anserisalpingitidis	ILLUMINA	NextSeq 500	PAIRED	WGS	GENOMIC	other	3011557	415043879	ftp.sra.ebi.ac.uk/vol1/fastq/SRR109/073/SRR10916273/SRR10916273_1.fastq.gz;ftp.sra.ebi.ac.uk/vol1/fastq/SRR109/073/SRR10916273/SRR10916273_2.fastq.gz	140133481;140123258	2020-04-14	SUB6861254
SRR10916275	SAMN13885744	SRS6017218	PRJNA602215	SRX7583650	519450	Mycoplasma anserisalpingitidis	ILLUMINA	NextSeq 500	PAIRED	WGS	GENOMIC	other	162211	22799538	ftp.sra.ebi.ac.uk/vol1/fastq/SRR109/075/SRR10916275/SRR10916275_1.fastq.gz;ftp.sra.ebi.ac.uk/vol1/fastq/SRR109/075/SRR10916275/SRR10916275_2.fastq.gz	8616200;8544150	2020-04-14	SUB6861254
SRR10916276	SAMN13885717	SRS6017217	PRJNA602215	SRX7583649	519450	Mycoplasma anserisalpingitidis	ILLUMINA	NextSeq 500	PAIRED	WGS	GENOMIC	other	442313	59257431	ftp.sra.ebi.ac.uk/vol1/fastq/SRR109/076/SRR10916276/SRR10916276_1.fastq.gz;ftp.sra.ebi.ac.uk/vol1/fastq/SRR109/076/SRR10916276/SRR10916276_2.fastq.gz	22322420;22164710	2020-04-14	SUB6861254
SRR10916279	SAMN13885741	SRS6017214	PRJNA602215	SRX7583646	519450	Mycoplasma anserisalpingitidis	ILLUMINA	NextSeq 500	PAIRED	WGS	GENOMIC	other	2822340	395169952	ftp.sra.ebi.ac.uk/vol1/fastq/SRR109/079/SRR10916279/SRR10916279_1.fastq.gz;ftp.sra.ebi.ac.uk/vol1/fastq/SRR109/079/SRR10916279/SRR10916279_2.fastq.gz	133253485;133105177	2020-04-14	SUB6861254
SRR10916290	SAMN13885731	SRS6017203	PRJNA602215	SRX7583635	519450	Mycoplasma anserisalpingitidis	ILLUMINA	NextSeq 500	PAIRED	WGS	GENOMIC	other	536567	71915207	ftp.sra.ebi.ac.uk/vol1/fastq/SRR109/090/SRR10916290/SRR10916290_1.fastq.gz;ftp.sra.ebi.ac.uk/vol1/fastq/SRR109/090/SRR10916290/SRR10916290_2.fastq.gz	27129536;26876088	2020-04-14	SUB6861254
SRR10916294	SAMN13885727	SRS6017199	PRJNA602215	SRX7583631	519450	Mycoplasma anserisalpingitidis	ILLUMINA	NextSeq 500	PAIRED	WGS	GENOMIC	other	333251	47954129	ftp.sra.ebi.ac.uk/vol1/fastq/SRR109/094/SRR10916294/SRR10916294_1.fastq.gz;ftp.sra.ebi.ac.uk/vol1/fastq/SRR109/094/SRR10916294/SRR10916294_2.fastq.gz	18010443;17869419	2020-04-14	SUB6861254
SRR10916296	SAMN13885725	SRS6017197	PRJNA602215	SRX7583629	519450	Mycoplasma anserisalpingitidis	ILLUMINA	NextSeq 500	PAIRED	WGS	GENOMIC	other	380302	53980440	ftp.sra.ebi.ac.uk/vol1/fastq/SRR109/096/SRR10916296/SRR10916296_1.fastq.gz;ftp.sra.ebi.ac.uk/vol1/fastq/SRR109/096/SRR10916296/SRR10916296_2.fastq.gz	20292925;20144245	2020-04-14	SUB6861254
SRR22585809	SAMN32123081	SRS16015242	PRJNA910329	SRX18548815	40479	Mycoplasma capricolum subsp. capricolum	OXFORD_NANOPORE	GridION	SINGLE	WGS	GENOMIC	RANDOM	1388	74311624	ftp.sra.ebi.ac.uk/vol1/fastq/SRR225/009/SRR22585809/SRR22585809_1.fastq.gz	67996918	2022-12-10	SUB12368784
SRR22745880	SAMN32241330	SRS16148855	PRJNA912395	SRX18707051	519450	Mycoplasma anserisalpingitidis	ILLUMINA	NextSeq 500	SINGLE	WGS	GENOMIC	other	2375681	247026510	ftp.sra.ebi.ac.uk/vol1/fastq/SRR227/080/SRR22745880/SRR22745880.fastq.gz	98825213	2023-07-11	SUB12422491
SRR22745887	SAMN32241323	SRS16148848	PRJNA912395	SRX18707044	519450	Mycoplasma anserisalpingitidis	ILLUMINA	NextSeq 500	SINGLE	WGS	GENOMIC	other	2604095	272394661	ftp.sra.ebi.ac.uk/vol1/fastq/SRR227/087/SRR22745887/SRR22745887.fastq.gz	108619132	2023-07-11	SUB12422491
SRR22745888	SAMN32241338	SRS16148847	PRJNA912395	SRX18707043	519450	Mycoplasma anserisalpingitidis	ILLUMINA	NextSeq 500	SINGLE	WGS	GENOMIC	other	1577310	179535608	ftp.sra.ebi.ac.uk/vol1/fastq/SRR227/088/SRR22745888/SRR22745888.fastq.gz	70073395	2023-07-11	SUB12422491
SRR22745889	SAMN32241337	SRS16148846	PRJNA912395	SRX18707042	519450	Mycoplasma anserisalpingitidis	ILLUMINA	NextSeq 500	SINGLE	WGS	GENOMIC	other	1884487	219478018	ftp.sra.ebi.ac.uk/vol1/fastq/SRR227/089/SRR22745889/SRR22745889.fastq.gz	85590807	2023-07-11	SUB12422491
SRR22745890	SAMN32241336	SRS16148845	PRJNA912395	SRX18707041	519450	Mycoplasma anserisalpingitidis	ILLUMINA	NextSeq 500	SINGLE	WGS	GENOMIC	other	1483750	167487210	ftp.sra.ebi.ac.uk/vol1/fastq/SRR227/090/SRR22745890/SRR22745890.fastq.gz	65823901	2023-07-11	SUB12422491
SRR22956584	SAMN32543039	SRS16341257	PRJNA917597	SRX18913429	40480	Mycoplasma capricolum subsp. capripneumoniae	ILLUMINA	Illumina MiSeq	PAIRED	WGS	GENOMIC	RANDOM	1286086	504346919	ftp.sra.ebi.ac.uk/vol1/fastq/SRR229/084/SRR22956584/SRR22956584_1.fastq.gz;ftp.sra.ebi.ac.uk/vol1/fastq/SRR229/084/SRR22956584/SRR22956584_2.fastq.gz	88715971;89171309	2023-09-29	SUB12430728
SRR23060397	SAMN32686720	SRS16433017	PRJNA919199	SRX19013716	203274	Candidatus Phytoplasma oryzae	DNBSEQ	DNBSEQ-G50	SINGLE	ncRNA-Seq	TRANSCRIPTOMIC	PCR	20364557	499552586	ftp.sra.ebi.ac.uk/vol1/fastq/SRR230/097/SRR23060397/SRR23060397.fastq.gz	492193083	2023-01-14	SUB12531067
SRR23060398	SAMN32686720	SRS16433017	PRJNA919199	SRX19013715	203274	Candidatus Phytoplasma oryzae	DNBSEQ	DNBSEQ-T7	PAIRED	RNA-Seq	TRANSCRIPTOMIC	PCR	51024124	7653618600	ftp.sra.ebi.ac.uk/vol1/fastq/SRR230/098/SRR23060398/SRR23060398.fastq.gz	6229684654	2023-01-13	SUB12531067
SRR23254142	SAMN32939082	SRS16609314	PRJNA928682	SRX19199602	614643	Spiroplasma endosymbiont of Drosophila atripex	ILLUMINA	Illumina NovaSeq 6000	PAIRED	WGS	GENOMIC	RANDOM	42798358	12839507400	ftp.sra.ebi.ac.uk/vol1/fastq/SRR232/042/SRR23254142/SRR23254142_1.fastq.gz;ftp.sra.ebi.ac.uk/vol1/fastq/SRR232/042/SRR23254142/SRR23254142_2.fastq.gz	2909710455;3094065981	2023-01-28	SUB12685294
SRR23593368	SAMN33407024	SRS16869714	PRJNA937408	SRX19478432	85620	Candidatus Phytoplasma asteris	OXFORD_NANOPORE	MinION	SINGLE	WGS	GENOMIC	RANDOM	618488	9924820487	ftp.sra.ebi.ac.uk/vol1/fastq/SRR235/068/SRR23593368/SRR23593368_1.fastq.gz	9751165197	2023-02-27	SUB12911216
SRR23593369	SAMN33407024	SRS16869714	PRJNA937408	SRX19478431	85620	Candidatus Phytoplasma asteris	ILLUMINA	Illumina NovaSeq 6000	PAIRED	WGS	GENOMIC	RANDOM	30311116	9054840164	ftp.sra.ebi.ac.uk/vol1/fastq/SRR235/069/SRR23593369/SRR23593369_1.fastq.gz;ftp.sra.ebi.ac.uk/vol1/fastq/SRR235/069/SRR23593369/SRR23593369_2.fastq.gz	1663976808;1663387785	2023-02-27	SUB12911216
SRR23638659	SAMN33477943	SRS16908168	PRJNA939501	SRX19521401	40480	Mycoplasma capricolum subsp. capripneumoniae	ILLUMINA	Illumina MiSeq	PAIRED	WGS	GENOMIC	RANDOM	9159277	2766101654	ftp.sra.ebi.ac.uk/vol1/fastq/SRR236/059/SRR23638659/SRR23638659_1.fastq.gz;ftp.sra.ebi.ac.uk/vol1/fastq/SRR236/059/SRR23638659/SRR23638659_2.fastq.gz	452573731;454653261	2023-06-05	SUB12865123
SRR23692424	SAMN33549442	SRS16939402	PRJNA939941	SRX19554650	479893	Candidatus Phytoplasma pruni	ILLUMINA	Illumina NovaSeq 6000	PAIRED	WGS	METAGENOMIC	RANDOM	224798211	67889059722	ftp.sra.ebi.ac.uk/vol1/fastq/SRR236/024/SRR23692424/SRR23692424_1.fastq.gz;ftp.sra.ebi.ac.uk/vol1/fastq/SRR236/024/SRR23692424/SRR23692424_2.fastq.gz	12254754210;12274193490	2023-03-04	SUB12929566
SRR26453573	SAMN37908240	SRS19216813	PRJNA1030417	SRX22157852	29552	Haploplasma axanthum	ILLUMINA	Illumina HiSeq 4000	PAIRED	AMPLICON	SYNTHETIC	RT-PCR	12222884	3691310968	ftp.sra.ebi.ac.uk/vol1/fastq/SRR264/073/SRR26453573/SRR26453573_1.fastq.gz;ftp.sra.ebi.ac.uk/vol1/fastq/SRR264/073/SRR26453573/SRR26453573_2.fastq.gz	287712516;311475220	2023-10-21	SUB13915823
SRR26453580	SAMN37908288	SRS19216807	PRJNA1030417	SRX22157846	29552	Haploplasma axanthum	ILLUMINA	Illumina HiSeq 4000	PAIRED	AMPLICON	SYNTHETIC	RT-PCR	16912574	5107597348	ftp.sra.ebi.ac.uk/vol1/fastq/SRR264/080/SRR26453580/SRR26453580_1.fastq.gz;ftp.sra.ebi.ac.uk/vol1/fastq/SRR264/080/SRR26453580/SRR26453580_2.fastq.gz	395001800;424313537	2023-10-21	SUB13915823
SRR26453586	SAMN37908282	SRS19216800	PRJNA1030417	SRX22157839	29552	Haploplasma axanthum	ILLUMINA	Illumina HiSeq 4000	PAIRED	AMPLICON	SYNTHETIC	RT-PCR	22001886	6644569572	ftp.sra.ebi.ac.uk/vol1/fastq/SRR264/086/SRR26453586/SRR26453586_1.fastq.gz;ftp.sra.ebi.ac.uk/vol1/fastq/SRR264/086/SRR26453586/SRR26453586_2.fastq.gz	539214745;563708620	2023-10-21	SUB13915823
SRR26453588	SAMN37908285	SRS19216804	PRJNA1030417	SRX22157843	29552	Haploplasma axanthum	ILLUMINA	Illumina HiSeq 4000	PAIRED	AMPLICON	SYNTHETIC	RT-PCR	22865346	6905334492	ftp.sra.ebi.ac.uk/vol1/fastq/SRR264/088/SRR26453588/SRR26453588_1.fastq.gz;ftp.sra.ebi.ac.uk/vol1/fastq/SRR264/088/SRR26453588/SRR26453588_2.fastq.gz	530100391;557070734	2023-10-21	SUB13915823
SRR26453602	SAMN37908267	SRS19216784	PRJNA1030417	SRX22157823	29552	Haploplasma axanthum	ILLUMINA	Illumina HiSeq 4000	PAIRED	AMPLICON	SYNTHETIC	RT-PCR	27468828	8295586056	ftp.sra.ebi.ac.uk/vol1/fastq/SRR264/002/SRR26453602/SRR26453602_1.fastq.gz;ftp.sra.ebi.ac.uk/vol1/fastq/SRR264/002/SRR26453602/SRR26453602_2.fastq.gz	631078911;649179870	2023-10-21	SUB13915823
SRR26453604	SAMN37908265	SRS19216782	PRJNA1030417	SRX22157821	29552	Haploplasma axanthum	ILLUMINA	Illumina HiSeq 4000	PAIRED	AMPLICON	SYNTHETIC	RT-PCR	21353533	6448766966	ftp.sra.ebi.ac.uk/vol1/fastq/SRR264/004/SRR26453604/SRR26453604_1.fastq.gz;ftp.sra.ebi.ac.uk/vol1/fastq/SRR264/004/SRR26453604/SRR26453604_2.fastq.gz	487791097;514923221	2023-10-21	SUB13915823
SRR26453607	SAMN37908263	SRS19216779	PRJNA1030417	SRX22157818	29552	Haploplasma axanthum	ILLUMINA	Illumina HiSeq 4000	PAIRED	AMPLICON	SYNTHETIC	RT-PCR	23875588	7210427576	ftp.sra.ebi.ac.uk/vol1/fastq/SRR264/007/SRR26453607/SRR26453607_1.fastq.gz;ftp.sra.ebi.ac.uk/vol1/fastq/SRR264/007/SRR26453607/SRR26453607_2.fastq.gz	528139334;539026164	2023-10-21	SUB13915823
SRR26453609	SAMN37908261	SRS19216777	PRJNA1030417	SRX22157816	29552	Haploplasma axanthum	ILLUMINA	Illumina HiSeq 4000	PAIRED	AMPLICON	SYNTHETIC	RT-PCR	44274917	13371024934	ftp.sra.ebi.ac.uk/vol1/fastq/SRR264/009/SRR26453609/SRR26453609_1.fastq.gz;ftp.sra.ebi.ac.uk/vol1/fastq/SRR264/009/SRR26453609/SRR26453609_2.fastq.gz	943313759;953887120	2023-10-21	SUB13915823
SRR26453615	SAMN37908255	SRS19216771	PRJNA1030417	SRX22157810	29552	Haploplasma axanthum	ILLUMINA	Illumina HiSeq 4000	PAIRED	AMPLICON	SYNTHETIC	RT-PCR	38929947	11756843994	ftp.sra.ebi.ac.uk/vol1/fastq/SRR264/015/SRR26453615/SRR26453615_1.fastq.gz;ftp.sra.ebi.ac.uk/vol1/fastq/SRR264/015/SRR26453615/SRR26453615_2.fastq.gz	848604165;861057969	2023-10-21	SUB13915823
SRR26453616	SAMN37908236	SRS19216769	PRJNA1030417	SRX22157808	29552	Haploplasma axanthum	ILLUMINA	Illumina HiSeq 4000	PAIRED	AMPLICON	SYNTHETIC	RT-PCR	24789548	7486443496	ftp.sra.ebi.ac.uk/vol1/fastq/SRR264/016/SRR26453616/SRR26453616_1.fastq.gz;ftp.sra.ebi.ac.uk/vol1/fastq/SRR264/016/SRR26453616/SRR26453616_2.fastq.gz	588039972;610193128	2023-10-21	SUB13915823
SRR26453619	SAMN37908251	SRS19216766	PRJNA1030417	SRX22157805	29552	Haploplasma axanthum	ILLUMINA	Illumina HiSeq 4000	PAIRED	AMPLICON	SYNTHETIC	RT-PCR	18016758	5441060916	ftp.sra.ebi.ac.uk/vol1/fastq/SRR264/019/SRR26453619/SRR26453619_1.fastq.gz;ftp.sra.ebi.ac.uk/vol1/fastq/SRR264/019/SRR26453619/SRR26453619_2.fastq.gz	405968204;392772064	2023-10-21	SUB13915823
SRR26455297	SAMN37909731	SRS19218364	PRJNA1030430	SRX22159491	1179777	Mycoplasma feriruminatoris	ILLUMINA	NextSeq 2000	PAIRED	RNA-Seq	TRANSCRIPTOMIC	cDNA	13685133	1395883566	ftp.sra.ebi.ac.uk/vol1/fastq/SRR264/097/SRR26455297/SRR26455297_1.fastq.gz;ftp.sra.ebi.ac.uk/vol1/fastq/SRR264/097/SRR26455297/SRR26455297_2.fastq.gz	256954914;276804575	2024-05-26	
SRR27143836	SAMN38725602	SRS19807020	PRJNA1050060	SRX22825611	2103	Mycoplasma mycoides subsp. mycoides	ILLUMINA	Illumina HiSeq 2500	PAIRED	WGS	GENOMIC	PCR	6356248	3190836496	ftp.sra.ebi.ac.uk/vol1/fastq/SRR271/036/SRR27143836/SRR27143836_1.fastq.gz;ftp.sra.ebi.ac.uk/vol1/fastq/SRR271/036/SRR27143836/SRR27143836_2.fastq.gz	554094178;556645634	2023-12-10	SUB14025708
SRR27143837	SAMN38725601	SRS19807019	PRJNA1050060	SRX22825610	2103	Mycoplasma mycoides subsp. mycoides	ILLUMINA	Illumina HiSeq 2500	PAIRED	WGS	GENOMIC	PCR	6060207	3042223914	ftp.sra.ebi.ac.uk/vol1/fastq/SRR271/037/SRR27143837/SRR27143837_1.fastq.gz;ftp.sra.ebi.ac.uk/vol1/fastq/SRR271/037/SRR27143837/SRR27143837_2.fastq.gz	528603607;529926426	2023-12-10	SUB14025708
SRR27143839	SAMN38725617	SRS19807017	PRJNA1050060	SRX22825608	2103	Mycoplasma mycoides subsp. mycoides	ILLUMINA	Illumina HiSeq 2500	PAIRED	WGS	GENOMIC	PCR	5955757	2989790014	ftp.sra.ebi.ac.uk/vol1/fastq/SRR271/039/SRR27143839/SRR27143839_1.fastq.gz;ftp.sra.ebi.ac.uk/vol1/fastq/SRR271/039/SRR27143839/SRR27143839_2.fastq.gz	518928081;520422951	2023-12-10	SUB14025708
SRR27143840	SAMN38725616	SRS19807016	PRJNA1050060	SRX22825607	2103	Mycoplasma mycoides subsp. mycoides	ILLUMINA	Illumina HiSeq 2500	PAIRED	WGS	GENOMIC	PCR	6378781	3202148062	ftp.sra.ebi.ac.uk/vol1/fastq/SRR271/040/SRR27143840/SRR27143840_1.fastq.gz;ftp.sra.ebi.ac.uk/vol1/fastq/SRR271/040/SRR27143840/SRR27143840_2.fastq.gz	555973038;557803276	2023-12-10	SUB14025708
SRR27143842	SAMN38725614	SRS19807014	PRJNA1050060	SRX22825605	2103	Mycoplasma mycoides subsp. mycoides	ILLUMINA	Illumina HiSeq 2500	PAIRED	WGS	GENOMIC	PCR	5643319	2832946138	ftp.sra.ebi.ac.uk/vol1/fastq/SRR271/042/SRR27143842/SRR27143842_1.fastq.gz;ftp.sra.ebi.ac.uk/vol1/fastq/SRR271/042/SRR27143842/SRR27143842_2.fastq.gz	492557458;493860460	2023-12-10	SUB14025708
SRR27721529	SAMN39603560	SRS20248842	PRJNA1068805	SRX23387499	1179777	Mycoplasma feriruminatoris	ILLUMINA	Illumina HiSeq 4000	PAIRED	RNA-Seq	TRANSCRIPTOMIC	unspecified	10720869	3237702438	ftp.sra.ebi.ac.uk/vol1/fastq/SRR277/029/SRR27721529/SRR27721529_1.fastq.gz;ftp.sra.ebi.ac.uk/vol1/fastq/SRR277/029/SRR27721529/SRR27721529_2.fastq.gz	762200241;1042284218	2025-03-03	SUB14161378
SRR27721530	SAMN39603555	SRS20248837	PRJNA1068805	SRX23387501	40477	Mycoplasma mycoides subsp. capri	ILLUMINA	Illumina HiSeq 4000	PAIRED	RNA-Seq	TRANSCRIPTOMIC	unspecified	11708415	3535941330	ftp.sra.ebi.ac.uk/vol1/fastq/SRR277/030/SRR27721530/SRR27721530_1.fastq.gz;ftp.sra.ebi.ac.uk/vol1/fastq/SRR277/030/SRR27721530/SRR27721530_2.fastq.gz	801629102;1145977981	2025-03-03	SUB14161378
SRR27721532	SAMN39603560	SRS20248842	PRJNA1068805	SRX23387498	1179777	Mycoplasma feriruminatoris	ILLUMINA	Illumina HiSeq 4000	PAIRED	RNA-Seq	TRANSCRIPTOMIC	unspecified	11667319	3523530338	ftp.sra.ebi.ac.uk/vol1/fastq/SRR277/032/SRR27721532/SRR27721532_1.fastq.gz;ftp.sra.ebi.ac.uk/vol1/fastq/SRR277/032/SRR27721532/SRR27721532_2.fastq.gz	809601669;1130769600	2025-03-03	SUB14161378
SRR27721534	SAMN39603560	SRS20248842	PRJNA1068805	SRX23387496	1179777	Mycoplasma feriruminatoris	ILLUMINA	Illumina HiSeq 4000	PAIRED	RNA-Seq	TRANSCRIPTOMIC	unspecified	11082495	3346913490	ftp.sra.ebi.ac.uk/vol1/fastq/SRR277/034/SRR27721534/SRR27721534_1.fastq.gz;ftp.sra.ebi.ac.uk/vol1/fastq/SRR277/034/SRR27721534/SRR27721534_2.fastq.gz	572526719;589164975	2025-03-03	SUB14161378
SRR27721539	SAMN39603559	SRS20248841	PRJNA1068805	SRX23387491	2105	Mycoplasma leachii	ILLUMINA	Illumina HiSeq 4000	PAIRED	RNA-Seq	TRANSCRIPTOMIC	unspecified	9479638	2862850676	ftp.sra.ebi.ac.uk/vol1/fastq/SRR277/039/SRR27721539/SRR27721539_1.fastq.gz;ftp.sra.ebi.ac.uk/vol1/fastq/SRR277/039/SRR27721539/SRR27721539_2.fastq.gz	466300977;477518649	2025-03-03	SUB14161378
SRR27721541	SAMN39603559	SRS20248841	PRJNA1068805	SRX23387489	2105	Mycoplasma leachii	ILLUMINA	Illumina HiSeq 4000	PAIRED	RNA-Seq	TRANSCRIPTOMIC	unspecified	9962681	3008729662	ftp.sra.ebi.ac.uk/vol1/fastq/SRR277/041/SRR27721541/SRR27721541_1.fastq.gz;ftp.sra.ebi.ac.uk/vol1/fastq/SRR277/041/SRR27721541/SRR27721541_2.fastq.gz	699927928;963002820	2025-03-03	SUB14161378
SRR27721542	SAMN39603559	SRS20248841	PRJNA1068805	SRX23387488	2105	Mycoplasma leachii	ILLUMINA	Illumina HiSeq 4000	PAIRED	RNA-Seq	TRANSCRIPTOMIC	unspecified	11491202	3470343004	ftp.sra.ebi.ac.uk/vol1/fastq/SRR277/042/SRR27721542/SRR27721542_1.fastq.gz;ftp.sra.ebi.ac.uk/vol1/fastq/SRR277/042/SRR27721542/SRR27721542_2.fastq.gz	798639575;1120536313	2025-03-03	SUB14161378
SRR27721547	SAMN39603558	SRS20248840	PRJNA1068805	SRX23387481	40480	Mycoplasma capricolum subsp. capripneumoniae	ILLUMINA	Illumina HiSeq 4000	PAIRED	RNA-Seq	TRANSCRIPTOMIC	unspecified	12273799	3706687298	ftp.sra.ebi.ac.uk/vol1/fastq/SRR277/047/SRR27721547/SRR27721547_1.fastq.gz;ftp.sra.ebi.ac.uk/vol1/fastq/SRR277/047/SRR27721547/SRR27721547_2.fastq.gz	873203655;1233774830	2025-03-03	SUB14161378
SRR27721556	SAMN39603557	SRS20248839	PRJNA1068805	SRX23387475	340047	Mycoplasma capricolum subsp. capricolum ATCC 27343	ILLUMINA	Illumina HiSeq 4000	PAIRED	RNA-Seq	TRANSCRIPTOMIC	unspecified	9260250	2796595500	ftp.sra.ebi.ac.uk/vol1/fastq/SRR277/056/SRR27721556/SRR27721556_1.fastq.gz;ftp.sra.ebi.ac.uk/vol1/fastq/SRR277/056/SRR27721556/SRR27721556_2.fastq.gz	630721770;872840502	2025-03-03	SUB14161378
SRR28398519	SAMN40554789	SRS20799668	PRJNA1090061	SRX24003219	479893	Candidatus Phytoplasma pruni	ILLUMINA	Illumina NovaSeq 6000	PAIRED	WGS	METAGENOMIC	size fractionation	184512213	55353663900	ftp.sra.ebi.ac.uk/vol1/fastq/SRR283/019/SRR28398519/SRR28398519_1.fastq.gz;ftp.sra.ebi.ac.uk/vol1/fastq/SRR283/019/SRR28398519/SRR28398519_2.fastq.gz	11700152097;11837080032	2024-07-02	SUB14326727
SRR28713934	SAMN40990526	SRS21045187	PRJNA1101213	SRX24280397	2152	Asteroleplasma	ILLUMINA	NextSeq 500	PAIRED	AMPLICON	METAGENOMIC	PCR	62531	37643662	ftp.sra.ebi.ac.uk/vol1/fastq/SRR287/034/SRR28713934/SRR28713934_1.fastq.gz;ftp.sra.ebi.ac.uk/vol1/fastq/SRR287/034/SRR28713934/SRR28713934_2.fastq.gz	1256954;1694774	2024-04-28	SUB14383349
SRR29373969	SAMN41605835	SRS21594924	PRJNA1117479	SRX24888416	479893	Candidatus Phytoplasma pruni	ILLUMINA	Illumina NovaSeq 6000	PAIRED	WGS	METAGENOMIC	size fractionation	312373424	93712027200	ftp.sra.ebi.ac.uk/vol1/fastq/SRR293/069/SRR29373969/SRR29373969_1.fastq.gz;ftp.sra.ebi.ac.uk/vol1/fastq/SRR293/069/SRR29373969/SRR29373969_2.fastq.gz	19793301882;20984053916	2025-10-23	SUB14494523
SRR32212099	SAMN46529968	SRS23967356	PRJNA1218696	SRX27553429	85620	Candidatus Phytoplasma asteris	ILLUMINA	Illumina NovaSeq 6000	SINGLE	WGS	GENOMIC	RANDOM	27161770	3000442308	ftp.sra.ebi.ac.uk/vol1/fastq/SRR322/099/SRR32212099/SRR32212099.fastq.gz	1503648188	2025-02-04	SUB15058322
SRR32494588	SAMN47010035	SRS24182976	PRJNA1228271	SRX27806966	3101264	Xianfuyuplasma sp.	ILLUMINA	Illumina MiSeq	SINGLE	AMPLICON	GENOMIC	PCR	295	3288506	ftp.sra.ebi.ac.uk/vol1/fastq/SRR324/088/SRR32494588/SRR32494588.fastq.gz	971024	2026-03-22	SUB15111876
SRR32494590	SAMN47010033	SRS24182974	PRJNA1228271	SRX27806964	2903102	Mariniplasma sp.	ILLUMINA	Illumina MiSeq	SINGLE	AMPLICON	GENOMIC	PCR	282	2998071	ftp.sra.ebi.ac.uk/vol1/fastq/SRR324/090/SRR32494590/SRR32494590.fastq.gz	924834	2026-03-22	SUB15111876
SRR32494603	SAMN47010021	SRS24182961	PRJNA1228271	SRX27806951	2979197	Candidatus Izemoplasma sp.	ILLUMINA	Illumina MiSeq	SINGLE	AMPLICON	GENOMIC	PCR	67	3437562	ftp.sra.ebi.ac.uk/vol1/fastq/SRR324/003/SRR32494603/SRR32494603.fastq.gz	1042711	2026-03-22	SUB15111876
SRR32803517	SAMN47220747	SRS24444810	PRJNA1231790	SRX28087403	131152	Candidatus Phytoplasma vitis	ILLUMINA	Illumina NovaSeq 6000	PAIRED	WGS	METAGENOMIC	RANDOM	20278668	6083600400	ftp.sra.ebi.ac.uk/vol1/fastq/SRR328/017/SRR32803517/SRR32803517_1.fastq.gz;ftp.sra.ebi.ac.uk/vol1/fastq/SRR328/017/SRR32803517/SRR32803517_2.fastq.gz	1442030366;1501427051	2025-05-28	SUB15181836
SRR32945541	SAMN46078053	SRS24568394	PRJNA1206467	SRX28219740	47566	Candidatus Phytoplasma pyri	DNBSEQ	DNBSEQ-G400	PAIRED	WGS	GENOMIC	other	220000000	33000000000	ftp.sra.ebi.ac.uk/vol1/fastq/SRR329/041/SRR32945541/SRR32945541.fastq.gz	30893214346	2025-04-06	SUB15227437
SRR3379298	SAMN04849263	SRS1412668	PRJNA318373	SRX1703511	2132	Spiroplasma	ILLUMINA	Illumina HiSeq 2000	SINGLE	RNA-Seq	TRANSCRIPTOMIC	RANDOM	31339807	2193786490	ftp.sra.ebi.ac.uk/vol1/fastq/SRR337/008/SRR3379298/SRR3379298.fastq.gz	2020565059	2016-04-28	
SRR3466528	SAMN04914480	SRS1417086	PRJNA320022	SRX1736349	1276221	Spiroplasma diminutum CUAS-1	ILLUMINA	Illumina MiSeq	SINGLE	RNA-Seq	TRANSCRIPTOMIC	unspecified	6915653	1001962793	ftp.sra.ebi.ac.uk/vol1/fastq/SRR346/008/SRR3466528/SRR3466528.fastq.gz	447282551	2016-05-01	
SRR3466531	SAMN04914484	SRS1417089	PRJNA320022	SRX1736352	1276220	Spiroplasma taiwanense CT-1	ILLUMINA	Illumina MiSeq	SINGLE	RNA-Seq	TRANSCRIPTOMIC	unspecified	6593449	942082329	ftp.sra.ebi.ac.uk/vol1/fastq/SRR346/001/SRR3466531/SRR3466531.fastq.gz	431445502	2016-05-01	
SRR3496271	SAMN02743375	SRS1432676	PRJNA223073	SRX1755814	1408435	Mesoplasma melaleucae ATCC 49191	ILLUMINA	Illumina HiSeq 2000	SINGLE	WGS	GENOMIC	RANDOM	17887388	2683108200	ftp.sra.ebi.ac.uk/vol1/fastq/SRR349/001/SRR3496271/SRR3496271.fastq.gz	1996790491	2016-05-17	
SRR3496279	SAMN02743351	SRS1432684	PRJNA223038	SRX1755822	1408449	Mesoplasma syrphidae ATCC 51578	ILLUMINA	Illumina HiSeq 2000	SINGLE	WGS	GENOMIC	RANDOM	18720496	2808074400	ftp.sra.ebi.ac.uk/vol1/fastq/SRR349/009/SRR3496279/SRR3496279.fastq.gz	2120211337	2016-05-17	
SRR35108208	SAMN13170376	SRS26274661	PRJNA585659	SRX30217058	2663665	Mollicutes bacterium JGI_SA12_E07_055	ILLUMINA	NextSeq 500	PAIRED	WGA	GENOMIC SINGLE CELL	MDA	8015523	2420687946	ftp.sra.ebi.ac.uk/vol1/fastq/SRR351/008/SRR35108208/SRR35108208_1.fastq.gz;ftp.sra.ebi.ac.uk/vol1/fastq/SRR351/008/SRR35108208/SRR35108208_2.fastq.gz	796097213;813085909	2025-08-26	
SRR35152541	SAMN50749099	SRS26309396	PRJNA1309601	SRX30257808	3458679	Mycoplasma sp. 13536	ILLUMINA	Illumina NovaSeq 6000	PAIRED	WGS	GENOMIC	RANDOM	8085243	2401672138	ftp.sra.ebi.ac.uk/vol1/fastq/SRR351/041/SRR35152541/SRR35152541_1.fastq.gz;ftp.sra.ebi.ac.uk/vol1/fastq/SRR351/041/SRR35152541/SRR35152541_2.fastq.gz	438144055;430719307	2025-10-23	SUB15554931
SRR35612013	SAMN51832615	SRS26696930	PRJNA1333659	SRX30677029	40479	Mycoplasma capricolum subsp. capricolum	ILLUMINA	Illumina HiSeq X	PAIRED	WGS	GENOMIC	RANDOM	6131658	1819023374	ftp.sra.ebi.ac.uk/vol1/fastq/SRR356/013/SRR35612013/SRR35612013_1.fastq.gz;ftp.sra.ebi.ac.uk/vol1/fastq/SRR356/013/SRR35612013/SRR35612013_2.fastq.gz	429903906;437760125	2025-09-26	SUB15664694
SRR35645172	SAMN51959213	SRS26716195	PRJNA1335287	SRX30697453	2148	Acholeplasma laidlawii	ILLUMINA	Illumina MiSeq	PAIRED	AMPLICON	METAGENOMIC	PCR	26480	7889954	ftp.sra.ebi.ac.uk/vol1/fastq/SRR356/072/SRR35645172/SRR35645172_1.fastq.gz;ftp.sra.ebi.ac.uk/vol1/fastq/SRR356/072/SRR35645172/SRR35645172_2.fastq.gz	1114831;1241738	2025-12-21	SUB15671244
SRR35645211	SAMN51959225	SRS26716156	PRJNA1335287	SRX30697415	2148	Acholeplasma laidlawii	ILLUMINA	Illumina MiSeq	PAIRED	AMPLICON	METAGENOMIC	PCR	25984	7665726	ftp.sra.ebi.ac.uk/vol1/fastq/SRR356/011/SRR35645211/SRR35645211_1.fastq.gz;ftp.sra.ebi.ac.uk/vol1/fastq/SRR356/011/SRR35645211/SRR35645211_2.fastq.gz	1447783;1173509	2025-12-21	SUB15671244
SRR35645214	SAMN51959223	SRS26716153	PRJNA1335287	SRX30697412	2148	Acholeplasma laidlawii	ILLUMINA	Illumina MiSeq	PAIRED	AMPLICON	METAGENOMIC	PCR	28694	8555387	ftp.sra.ebi.ac.uk/vol1/fastq/SRR356/014/SRR35645214/SRR35645214_1.fastq.gz;ftp.sra.ebi.ac.uk/vol1/fastq/SRR356/014/SRR35645214/SRR35645214_2.fastq.gz	1348398;1362942	2025-12-21	SUB15671244
SRR35645220	SAMN51959217	SRS26716148	PRJNA1335287	SRX30697406	2148	Acholeplasma laidlawii	ILLUMINA	Illumina MiSeq	PAIRED	AMPLICON	METAGENOMIC	PCR	30966	8921382	ftp.sra.ebi.ac.uk/vol1/fastq/SRR356/020/SRR35645220/SRR35645220_1.fastq.gz;ftp.sra.ebi.ac.uk/vol1/fastq/SRR356/020/SRR35645220/SRR35645220_2.fastq.gz	1587900;1877744	2025-12-21	SUB15671244
SRR4090632	SAMN02745153	SRS1652626	PRJNA245591	SRX2061182	2088	Anaeroplasma bactoclasticum	ILLUMINA	Illumina HiSeq 2000	PAIRED	WGS	GENOMIC	RANDOM	4137590	1241277000	ftp.sra.ebi.ac.uk/vol1/fastq/SRR409/002/SRR4090632/SRR4090632_1.fastq.gz;ftp.sra.ebi.ac.uk/vol1/fastq/SRR409/002/SRR4090632/SRR4090632_2.fastq.gz	424345858;437541469	2017-02-18	
SRR4090652	SAMN02745122	SRS1652643	PRJNA245590	SRX2061202	35623	Acholeplasma oculi	ILLUMINA	Illumina HiSeq 2000	PAIRED	WGS	GENOMIC	RANDOM	4354835	1306450500	ftp.sra.ebi.ac.uk/vol1/fastq/SRR409/002/SRR4090652/SRR4090652_1.fastq.gz;ftp.sra.ebi.ac.uk/vol1/fastq/SRR409/002/SRR4090652/SRR4090652_2.fastq.gz	449294203;464282471	2017-02-18	
SRR4136192	SAMN02982991	SRS1667678	PRJNA257864	SRX2118781	74700	Entomoplasma freundtii	ILLUMINA	Illumina HiSeq 2000	PAIRED	WGS	GENOMIC	RANDOM	4507295	1352188500	ftp.sra.ebi.ac.uk/vol1/fastq/SRR413/002/SRR4136192/SRR4136192_1.fastq.gz;ftp.sra.ebi.ac.uk/vol1/fastq/SRR413/002/SRR4136192/SRR4136192_2.fastq.gz	477339868;487335456	2016-09-04	
SRR6082028	SAMN07709945	SRS2545615	PRJNA412357	SRX3221016	81460	Mesoplasma lactucae ATCC 49193	OXFORD_NANOPORE	MinION	SINGLE	WGS	GENOMIC	RANDOM	25000	229908741	ftp.sra.ebi.ac.uk/vol1/fastq/SRR608/008/SRR6082028/SRR6082028_1.fastq.gz	237221852	2017-09-30	
SRR6129216	SAMN07735427	SRS2564712	PRJNA412852	SRX3241676	2151	Mesoplasma florum	OXFORD_NANOPORE	MinION	SINGLE	WGS	GENOMIC	RANDOM	200000	1773121578	ftp.sra.ebi.ac.uk/vol1/fastq/SRR612/006/SRR6129216/SRR6129216_1.fastq.gz	1819794958	2017-10-04	
SRR6350066	SAMN07737451	SRS2736763	PRJNA256019	SRX3446810	2138	Spiroplasma poulsonii	PACBIO_SMRT	PacBio RS II	SINGLE	WGS	GENOMIC	size fractionation	163482	530398959	ftp.sra.ebi.ac.uk/vol1/fastq/SRR635/006/SRR6350066/SRR6350066_subreads.fastq.gz	436824828	2018-03-23	SUB3300114
SRR6364637	SAMN08158127	SRS2748660	PRJNA421837	SRX3460343	225999	Mesoplasma syrphidae	OXFORD_NANOPORE	MinION	SINGLE	WGA	GENOMIC	RANDOM	200000	409807026	ftp.sra.ebi.ac.uk/vol1/fastq/SRR636/007/SRR6364637/SRR6364637_1.fastq.gz	450278645	2017-12-11	SUB3319684
SRR6483049	SAMN08018709	SRS2843900	PRJNA417962	SRX3572925	1898209	Acholeplasmataceae bacterium	ILLUMINA	Illumina HiSeq 2000	PAIRED	WGS	METAGENOMIC	RANDOM	272734	70605953	ftp.sra.ebi.ac.uk/vol1/fastq/SRR648/009/SRR6483049/SRR6483049.fastq.gz;ftp.sra.ebi.ac.uk/vol1/fastq/SRR648/009/SRR6483049/SRR6483049_1.fastq.gz;ftp.sra.ebi.ac.uk/vol1/fastq/SRR648/009/SRR6483049/SRR6483049_2.fastq.gz	5155858;16016532;15700781	2018-03-06	SUB3523615
SRR6487796	SAMN08019459	SRS2847216	PRJNA417962	SRX3577489	1898209	Acholeplasmataceae bacterium	ILLUMINA	Illumina HiSeq 2000	PAIRED	WGS	METAGENOMIC	RANDOM	173931	46237940	ftp.sra.ebi.ac.uk/vol1/fastq/SRR648/006/SRR6487796/SRR6487796.fastq.gz;ftp.sra.ebi.ac.uk/vol1/fastq/SRR648/006/SRR6487796/SRR6487796_1.fastq.gz;ftp.sra.ebi.ac.uk/vol1/fastq/SRR648/006/SRR6487796/SRR6487796_2.fastq.gz	2528516;11402796;11740877	2018-02-24	SUB3523617
SRR6488268	SAMN08019209	SRS2847744	PRJNA417962	SRX3578017	1898209	Acholeplasmataceae bacterium	ILLUMINA	Illumina MiSeq	PAIRED	WGS	METAGENOMIC	RANDOM	71894	11491851	ftp.sra.ebi.ac.uk/vol1/fastq/SRR648/008/SRR6488268/SRR6488268.fastq.gz;ftp.sra.ebi.ac.uk/vol1/fastq/SRR648/008/SRR6488268/SRR6488268_1.fastq.gz;ftp.sra.ebi.ac.uk/vol1/fastq/SRR648/008/SRR6488268/SRR6488268_2.fastq.gz	5597832;306094;267654	2018-02-24	SUB3523617
SRR6890694	SAMN08792423	SRS3087382	PRJNA445479	SRX3841179	2138	Spiroplasma poulsonii	ILLUMINA	Illumina HiSeq 2500	SINGLE	RNA-Seq	TRANSCRIPTOMIC	cDNA	19504193	1969923493	ftp.sra.ebi.ac.uk/vol1/fastq/SRR689/004/SRR6890694/SRR6890694.fastq.gz	583444970	2018-03-30	GEO
SRR6890696	SAMN08792427	SRS3087384	PRJNA445479	SRX3841181	2138	Spiroplasma poulsonii	ILLUMINA	Illumina HiSeq 2500	SINGLE	RNA-Seq	TRANSCRIPTOMIC	cDNA	27407601	2768167701	ftp.sra.ebi.ac.uk/vol1/fastq/SRR689/006/SRR6890696/SRR6890696.fastq.gz	860156251	2018-03-30	GEO
SRR6890697	SAMN08792426	SRS3087385	PRJNA445479	SRX3841182	2138	Spiroplasma poulsonii	ILLUMINA	Illumina HiSeq 2500	SINGLE	RNA-Seq	TRANSCRIPTOMIC	cDNA	22931911	2316123011	ftp.sra.ebi.ac.uk/vol1/fastq/SRR689/007/SRR6890697/SRR6890697.fastq.gz	746610537	2018-03-30	GEO
SRR6925916	SAMN08829023	SRS3113624	PRJNA448375	SRX3872098	2086	Anaeroplasma	ILLUMINA	Illumina MiSeq	PAIRED	AMPLICON	METATRANSCRIPTOMIC	PCR	54022	32521244	ftp.sra.ebi.ac.uk/vol1/fastq/SRR692/006/SRR6925916/SRR6925916_1.fastq.gz;ftp.sra.ebi.ac.uk/vol1/fastq/SRR692/006/SRR6925916/SRR6925916_2.fastq.gz	6665146;9183316	2018-04-03	SUB3859714
SRR6926125	SAMN08832010	SRS3113838	PRJNA448383	SRX3872323	2086	Anaeroplasma	ILLUMINA	Illumina MiSeq	PAIRED	AMPLICON	METATRANSCRIPTOMIC	PCR	48332	29095864	ftp.sra.ebi.ac.uk/vol1/fastq/SRR692/005/SRR6926125/SRR6926125_1.fastq.gz;ftp.sra.ebi.ac.uk/vol1/fastq/SRR692/005/SRR6926125/SRR6926125_2.fastq.gz	5226376;7640327	2018-04-03	SUB3862114
SRR8258035	SAMN08579949	SRS4088852	PRJNA435429	SRX5075236	1276259	Spiroplasma phoeniceum P40	PACBIO_SMRT	PacBio RS	SINGLE	WGS	GENOMIC	RANDOM	29380	222678535	ftp.sra.ebi.ac.uk/vol1/fastq/SRR825/005/SRR8258035/SRR8258035_subreads.fastq.gz	66903608	2018-12-07	SUB4855670
SRR8351617	SAMN10613657	SRS4171732	PRJNA510711	SRX5162595	40477	Mycoplasma mycoides subsp. capri	ILLUMINA	Illumina MiSeq	PAIRED	WGS	GENOMIC	RANDOM	544676	158456517	ftp.sra.ebi.ac.uk/vol1/fastq/SRR835/007/SRR8351617/SRR8351617_1.fastq.gz;ftp.sra.ebi.ac.uk/vol1/fastq/SRR835/007/SRR8351617/SRR8351617_2.fastq.gz	47337261;51716467	2019-11-01	SUB4642144
SRR8351620	SAMN10613662	SRS4171729	PRJNA510711	SRX5162592	40477	Mycoplasma mycoides subsp. capri	ILLUMINA	Illumina MiSeq	PAIRED	WGS	GENOMIC	RANDOM	367593	109908816	ftp.sra.ebi.ac.uk/vol1/fastq/SRR835/000/SRR8351620/SRR8351620_1.fastq.gz;ftp.sra.ebi.ac.uk/vol1/fastq/SRR835/000/SRR8351620/SRR8351620_2.fastq.gz	32620914;36961853	2019-11-01	SUB4642144
SRR8351626	SAMN10613666	SRS4171723	PRJNA510711	SRX5162586	40477	Mycoplasma mycoides subsp. capri	ILLUMINA	Illumina MiSeq	PAIRED	WGS	GENOMIC	RANDOM	385165	113912324	ftp.sra.ebi.ac.uk/vol1/fastq/SRR835/006/SRR8351626/SRR8351626_1.fastq.gz;ftp.sra.ebi.ac.uk/vol1/fastq/SRR835/006/SRR8351626/SRR8351626_2.fastq.gz	33722714;37976398	2019-11-01	SUB4642144
SRR8351629	SAMN10613667	SRS4171720	PRJNA510711	SRX5162583	40477	Mycoplasma mycoides subsp. capri	ILLUMINA	Illumina MiSeq	PAIRED	WGS	GENOMIC	RANDOM	885262	260071760	ftp.sra.ebi.ac.uk/vol1/fastq/SRR835/009/SRR8351629/SRR8351629_1.fastq.gz;ftp.sra.ebi.ac.uk/vol1/fastq/SRR835/009/SRR8351629/SRR8351629_2.fastq.gz	75313582;85281885	2019-11-01	SUB4642144
SRR8351631	SAMN10613669	SRS4171718	PRJNA510711	SRX5162581	40477	Mycoplasma mycoides subsp. capri	ILLUMINA	Illumina MiSeq	PAIRED	WGS	GENOMIC	RANDOM	389814	116131053	ftp.sra.ebi.ac.uk/vol1/fastq/SRR835/001/SRR8351631/SRR8351631_1.fastq.gz;ftp.sra.ebi.ac.uk/vol1/fastq/SRR835/001/SRR8351631/SRR8351631_2.fastq.gz	34851804;39225611	2019-11-01	SUB4642144
SRR8351632	SAMN10613672	SRS4171717	PRJNA510711	SRX5162580	40477	Mycoplasma mycoides subsp. capri	ILLUMINA	Illumina MiSeq	PAIRED	WGS	GENOMIC	RANDOM	181673	53747666	ftp.sra.ebi.ac.uk/vol1/fastq/SRR835/002/SRR8351632/SRR8351632_1.fastq.gz;ftp.sra.ebi.ac.uk/vol1/fastq/SRR835/002/SRR8351632/SRR8351632_2.fastq.gz	16593049;18929233	2019-11-01	SUB4642144
SRR8676459	SAMN09726146	SRS4445210	PRJNA205100	SRX5472380	216931	Spiroplasma alleghenense	ILLUMINA	Illumina MiSeq	PAIRED	WGS	GENOMIC	RANDOM	1501055	529675501	ftp.sra.ebi.ac.uk/vol1/fastq/SRR867/009/SRR8676459/SRR8676459_1.fastq.gz;ftp.sra.ebi.ac.uk/vol1/fastq/SRR867/009/SRR8676459/SRR8676459_2.fastq.gz	156070624;185756559	2019-03-07	SUB5285557
SRR8884970	SAMN11399179	SRS4613593	PRJNA532425	SRX5670734	2138	Spiroplasma poulsonii	ILLUMINA	Illumina HiSeq 2500	SINGLE	RNA-Seq	TRANSCRIPTOMIC	cDNA	16952551	1712207651	ftp.sra.ebi.ac.uk/vol1/fastq/SRR888/000/SRR8884970/SRR8884970.fastq.gz	504139715	2020-05-07	GEO
SRR8884973	SAMN11399176	SRS4613596	PRJNA532425	SRX5670737	2138	Spiroplasma poulsonii	ILLUMINA	Illumina HiSeq 2500	SINGLE	RNA-Seq	TRANSCRIPTOMIC	cDNA	20040785	2024119285	ftp.sra.ebi.ac.uk/vol1/fastq/SRR888/003/SRR8884973/SRR8884973.fastq.gz	606187218	2020-05-07	GEO
SRR8884974	SAMN11399175	SRS4613597	PRJNA532425	SRX5670738	2138	Spiroplasma poulsonii	ILLUMINA	Illumina HiSeq 2500	SINGLE	RNA-Seq	TRANSCRIPTOMIC	cDNA	16741338	1690875138	ftp.sra.ebi.ac.uk/vol1/fastq/SRR888/004/SRR8884974/SRR8884974.fastq.gz	516002528	2020-05-07	GEO
SRR9399847	SAMN12110548	SRS5003324		SRX6165735	2151	Mesoplasma florum	CAPILLARY	AB 310 Genetic Analyzer	SINGLE	WGS	GENOMIC	unspecified	13342	12622793	ftp.sra.ebi.ac.uk/vol1/fastq/SRR939/007/SRR9399847/SRR9399847.fastq.gz	9609244	2020-01-06	BI
SRR9429894	SAMN12119946	SRS5012376		SRX6195740	340047	Mycoplasma capricolum subsp. capricolum ATCC 27343	CAPILLARY	AB 310 Genetic Analyzer	SINGLE	WGA	GENOMIC	unspecified	14	19162	ftp.sra.ebi.ac.uk/vol1/fastq/SRR942/004/SRR9429894/SRR9429894.fastq.gz	16939	2020-01-06	JCVI
SRR9673243	SAMN12253292	SRS5088315	PRJNA552769	SRX6433708	2086	Anaeroplasma	ION_TORRENT	Ion Torrent S5 XL	SINGLE	AMPLICON	GENOMIC	PCR	83669	34684473	ftp.sra.ebi.ac.uk/vol1/fastq/SRR967/003/SRR9673243/SRR9673243.fastq.gz	23427962	2019-10-01	SUB5941112
SRR9681681	SAMN12274163	SRS5095438	PRJNA554588	SRX6441455	519450	Mycoplasma anserisalpingitidis	ILLUMINA	Illumina MiSeq	PAIRED	WGS	GENOMIC	other	1805880	879000852	ftp.sra.ebi.ac.uk/vol1/fastq/SRR968/001/SRR9681681/SRR9681681_1.fastq.gz;ftp.sra.ebi.ac.uk/vol1/fastq/SRR968/001/SRR9681681/SRR9681681_2.fastq.gz	301944456;361921950	2019-08-08	SUB5956290
SRR9793904	SAMN12348003	SRS5144060		SRX6550706	572419	Mycoplasma amphoriforme A39	CAPILLARY	AB 310 Genetic Analyzer	SINGLE	FINISHING	GENOMIC	unspecified	160	173380	ftp.sra.ebi.ac.uk/vol1/fastq/SRR979/004/SRR9793904/SRR9793904.fastq.gz	119932	2020-12-06	SC
SRR9975811	SAMN12548087	SRS5275341	PRJNA559598	SRX6723104	220137	uncultured Mollicutes bacterium	ILLUMINA	Illumina MiSeq	SINGLE	AMPLICON	GENOMIC	PCR	114154	28566021	ftp.sra.ebi.ac.uk/vol1/fastq/SRR997/001/SRR9975811/SRR9975811.fastq.gz	10481935	2020-05-07	SUB6176482
DRR411755	SAMD00547685	DRS262271	PRJDB14468	DRX397356	2141	Spiroplasma ixodetis	OXFORD_NANOPORE	MinION	SINGLE	WGS	GENOMIC	RANDOM	592830	8629782438	ftp.sra.ebi.ac.uk/vol1/fastq/DRR411/DRR411755/DRR411755_1.fastq.gz	8347474368	2022-11-11	NARO
DRR423635	SAMD00560600	DRS356898	PRJDB14779	DRX408854	39647	Paulownia witches'-broom phytoplasma	ILLUMINA	Illumina MiSeq	PAIRED	WGS	GENOMIC	RANDOM	1930602	498210286	ftp.sra.ebi.ac.uk/vol1/fastq/DRR423/DRR423635/DRR423635_1.fastq.gz;ftp.sra.ebi.ac.uk/vol1/fastq/DRR423/DRR423635/DRR423635_2.fastq.gz	94761319;95275089	2024-01-12	UT-GALS
DRR531727	SAMD00747051	DRS391867	PRJDB17543	DRX515600	216933	Spiroplasma chrysopicola	DNBSEQ	DNBSEQ-G400	PAIRED	WGS	GENOMIC	PCR	4156796	1247038800	ftp.sra.ebi.ac.uk/vol1/fastq/DRR531/DRR531727/DRR531727_1.fastq.gz;ftp.sra.ebi.ac.uk/vol1/fastq/DRR531/DRR531727/DRR531727_2.fastq.gz	351801464;412395102	2024-06-30	National Institute of Advanced Industrial Science and Technology
ERR033885	SAMEA757095	ERS017547	PRJEB2281	ERX2003615	273136	Mycoplasma amphoriforme	ILLUMINA	Illumina Genome Analyzer II	PAIRED	WGS	GENOMIC	RANDOM	99254	11513464	ftp.sra.ebi.ac.uk/vol1/fastq/ERR033/ERR033885/ERR033885_1.fastq.gz;ftp.sra.ebi.ac.uk/vol1/fastq/ERR033/ERR033885/ERR033885_2.fastq.gz	5600531;5455699	2011-04-20	Wellcome Sanger Institute;SC
ERR033886	SAMEA757098	ERS017548	PRJEB2281	ERX2003616	273136	Mycoplasma amphoriforme	ILLUMINA	Illumina Genome Analyzer II	PAIRED	WGS	GENOMIC	RANDOM	4052420	470080720	ftp.sra.ebi.ac.uk/vol1/fastq/ERR033/ERR033886/ERR033886_1.fastq.gz;ftp.sra.ebi.ac.uk/vol1/fastq/ERR033/ERR033886/ERR033886_2.fastq.gz	226027539;218229456	2011-04-20	Wellcome Sanger Institute;SC
ERR119337	SAMEA1409136	ERS075470	PRJEB2281	ERX095609	273136	Mycoplasma amphoriforme	ILLUMINA	Illumina HiSeq 2000	PAIRED	WGS	GENOMIC	RANDOM	4815488	722323200	ftp.sra.ebi.ac.uk/vol1/fastq/ERR119/ERR119337/ERR119337_1.fastq.gz;ftp.sra.ebi.ac.uk/vol1/fastq/ERR119/ERR119337/ERR119337_2.fastq.gz	364685933;353076301	2012-04-30	Wellcome Sanger Institute;SC
ERR119347	SAMEA1409130	ERS075480	PRJEB2281	ERX095619	273136	Mycoplasma amphoriforme	ILLUMINA	Illumina HiSeq 2000	PAIRED	WGS	GENOMIC	RANDOM	2527277	379091550	ftp.sra.ebi.ac.uk/vol1/fastq/ERR119/ERR119347/ERR119347_1.fastq.gz;ftp.sra.ebi.ac.uk/vol1/fastq/ERR119/ERR119347/ERR119347_2.fastq.gz	191315755;185463355	2012-04-30	Wellcome Sanger Institute;SC
ERR119349	SAMEA1409147	ERS075482	PRJEB2281	ERX095621	273136	Mycoplasma amphoriforme	ILLUMINA	Illumina HiSeq 2000	PAIRED	WGS	GENOMIC	RANDOM	2536989	380548350	ftp.sra.ebi.ac.uk/vol1/fastq/ERR119/ERR119349/ERR119349_1.fastq.gz;ftp.sra.ebi.ac.uk/vol1/fastq/ERR119/ERR119349/ERR119349_2.fastq.gz	195640354;190301613	2012-04-30	Wellcome Sanger Institute;SC
ERR119353	SAMEA1409141	ERS075486	PRJEB2281	ERX095625	273136	Mycoplasma amphoriforme	ILLUMINA	Illumina HiSeq 2000	PAIRED	WGS	GENOMIC	RANDOM	4478847	671827050	ftp.sra.ebi.ac.uk/vol1/fastq/ERR119/ERR119353/ERR119353_1.fastq.gz;ftp.sra.ebi.ac.uk/vol1/fastq/ERR119/ERR119353/ERR119353_2.fastq.gz	344724791;334381729	2012-04-30	Wellcome Sanger Institute;SC
ERR119354	SAMEA1409146	ERS075487	PRJEB2281	ERX095626	273136	Mycoplasma amphoriforme	ILLUMINA	Illumina HiSeq 2000	PAIRED	WGS	GENOMIC	RANDOM	3768043	565206450	ftp.sra.ebi.ac.uk/vol1/fastq/ERR119/ERR119354/ERR119354_1.fastq.gz;ftp.sra.ebi.ac.uk/vol1/fastq/ERR119/ERR119354/ERR119354_2.fastq.gz	285470741;276453564	2012-04-30	Wellcome Sanger Institute;SC
ERR119357	SAMEA1409129	ERS075490	PRJEB2281	ERX095629	273136	Mycoplasma amphoriforme	ILLUMINA	Illumina HiSeq 2000	PAIRED	WGS	GENOMIC	RANDOM	3210313	481546950	ftp.sra.ebi.ac.uk/vol1/fastq/ERR119/ERR119357/ERR119357_1.fastq.gz;ftp.sra.ebi.ac.uk/vol1/fastq/ERR119/ERR119357/ERR119357_2.fastq.gz	244337708;236815540	2012-04-30	Wellcome Sanger Institute;SC
ERR2193925	SAMEA104378689	ERS2003667	PRJEB23432	ERX2249948	340047	Mycoplasma capricolum subsp. capricolum ATCC 27343	ILLUMINA	Illumina HiSeq 2000	PAIRED	RNA-Seq	TRANSCRIPTOMIC	RANDOM	68175651	6817565100	ftp.sra.ebi.ac.uk/vol1/fastq/ERR219/005/ERR2193925/ERR2193925_1.fastq.gz;ftp.sra.ebi.ac.uk/vol1/fastq/ERR219/005/ERR2193925/ERR2193925_2.fastq.gz	1824340006;2051650777	2018-11-16	European Bioinformatics Institute;Centre for Genomic Regulation
ERR3938364	SAMEA6237241	ERS4036932	PRJEB35485	ERX3946212	1179777	Mycoplasma feriruminatoris	PACBIO_SMRT	Sequel	SINGLE	WGS	GENOMIC	RANDOM	118456	826502548	ftp.sra.ebi.ac.uk/vol1/fastq/ERR393/004/ERR3938364/ERR3938364_subreads.fastq.gz	252447856	2020-02-20	Swiss Institute of Bioinformatics;Switzerland;SIB
ERR498072	SAMEA2500737	ERS450618	PRJEB6255	ERX463488	35623	Acholeplasma oculi	ILLUMINA	Illumina HiSeq 2500	SINGLE	WGS	GENOMIC	RANDOM	973843	98358143	ftp.sra.ebi.ac.uk/vol1/fastq/ERR498/ERR498072/ERR498072.fastq.gz	73437296	2014-05-14	Max Planck Institute for Molecular Genetics;MPIMG
SRR3655225	SAMN05219307	SRS1494402	PRJNA325092	SRX1834930	570509	Spiroplasma melliferum KC3	ABI_SOLID	AB 5500 Genetic Analyzer	SINGLE	RNA-Seq	TRANSCRIPTOMIC	other	20452078	527058110	ftp.sra.ebi.ac.uk/vol1/fastq/SRR365/005/SRR3655225/SRR3655225.fastq.gz	437004120	2016-06-11	
SRR33237976	SAMN47572768	SRS24803714	PRJNA1235259	SRX28484580	2004463	Spiroplasma endosymbiont of Glossina fuscipes fuscipes	ILLUMINA	Illumina NovaSeq X	PAIRED	WGS	GENOMIC	RANDOM	4166801	1230627058	ftp.sra.ebi.ac.uk/vol1/fastq/SRR332/076/SRR33237976/SRR33237976_1.fastq.gz;ftp.sra.ebi.ac.uk/vol1/fastq/SRR332/076/SRR33237976/SRR33237976_2.fastq.gz	232637121;236908527	2025-04-23	SUB15271712
SRR33330896	SAMN42884353	SRS24868866	PRJNA1141264	SRX28575350	3239192	'Camptotheca acuminata' phytoplasma	ILLUMINA	Illumina NovaSeq X Plus	PAIRED	WGS	METAGENOMIC	RANDOM PCR	28438607	8417302075	ftp.sra.ebi.ac.uk/vol1/fastq/SRR333/096/SRR33330896/SRR33330896_1.fastq.gz;ftp.sra.ebi.ac.uk/vol1/fastq/SRR333/096/SRR33330896/SRR33330896_2.fastq.gz	1775042616;1751072492	2025-12-04	SUB14863735
SRR3348967	SAMN04623572	SRS1381870	PRJNA317711	SRX1687171	202462	Candidatus Phytoplasma zeae	ILLUMINA	Illumina MiSeq	PAIRED	WGS	METAGENOMIC	RANDOM	2428616	1409983456	ftp.sra.ebi.ac.uk/vol1/fastq/SRR334/007/SRR3348967/SRR3348967_1.fastq.gz;ftp.sra.ebi.ac.uk/vol1/fastq/SRR334/007/SRR3348967/SRR3348967_2.fastq.gz	499791197;575251115	2016-08-25	
SRR5172866	SAMN03223654	SRS1783097	PRJNA256019	SRX2489180	2138	Spiroplasma poulsonii	PACBIO_SMRT	PacBio RS II	SINGLE	WGS	GENOMIC	size fractionation	150291	237969327	ftp.sra.ebi.ac.uk/vol1/fastq/SRR517/006/SRR5172866/SRR5172866_subreads.fastq.gz	207352620	2017-01-20	
SRR5322479	SAMN06452378	SRS2032631	PRJNA348753	SRX2622674	1951327	Acholeplasmataceae bacterium UBA5635	ILLUMINA	Illumina HiSeq 2000	PAIRED	WGS	METAGENOMIC	RANDOM	417429	105675557	ftp.sra.ebi.ac.uk/vol1/fastq/SRR532/009/SRR5322479/SRR5322479.fastq.gz;ftp.sra.ebi.ac.uk/vol1/fastq/SRR532/009/SRR5322479/SRR5322479_1.fastq.gz;ftp.sra.ebi.ac.uk/vol1/fastq/SRR532/009/SRR5322479/SRR5322479_2.fastq.gz	6511972;26193485;27390714	2017-11-09	University of Queensland
SRR5325347	SAMN06451457	SRS2032415	PRJNA348753	SRX2622458	1951328	Acholeplasmataceae bacterium UBA5769	ILLUMINA	Illumina HiSeq 2000	PAIRED	WGS	METAGENOMIC	unspecified	121191	29722222	ftp.sra.ebi.ac.uk/vol1/fastq/SRR532/007/SRR5325347/SRR5325347.fastq.gz;ftp.sra.ebi.ac.uk/vol1/fastq/SRR532/007/SRR5325347/SRR5325347_1.fastq.gz;ftp.sra.ebi.ac.uk/vol1/fastq/SRR532/007/SRR5325347/SRR5325347_2.fastq.gz	2450354;8511671;8856961	2017-11-09	University of Queensland
SRR5326501	SAMN06452243	SRS2035653	PRJNA348753	SRX2625696	1951316	Acholeplasmataceae bacterium UBA5250	ILLUMINA	Illumina HiSeq 2000	PAIRED	WGS	METAGENOMIC	RANDOM	121033	3699269	ftp.sra.ebi.ac.uk/vol1/fastq/SRR532/001/SRR5326501/SRR5326501.fastq.gz	2245494	2017-11-09	University of Queensland
SRR5326514	SAMN06457556	SRS2035666	PRJNA348753	SRX2625709	1951317	Acholeplasmataceae bacterium UBA5264	ILLUMINA	Illumina HiSeq 2000	PAIRED	WGS	METAGENOMIC	RANDOM	192194	5873083	ftp.sra.ebi.ac.uk/vol1/fastq/SRR532/004/SRR5326514/SRR5326514.fastq.gz	3555155	2017-11-09	University of Queensland
SRR5326561	SAMN06454696	SRS2035713	PRJNA348753	SRX2625756	1951333	Acholeplasmataceae bacterium UBA7643	ILLUMINA	Illumina HiSeq 2000	PAIRED	WGS	METAGENOMIC	RANDOM	173008	5279687	ftp.sra.ebi.ac.uk/vol1/fastq/SRR532/001/SRR5326561/SRR5326561.fastq.gz	3199226	2017-11-09	University of Queensland
SRR5326745	SAMN06450981	SRS2035898	PRJNA348753	SRX2625940	1951314	Acholeplasmataceae bacterium UBA5000	ILLUMINA	Illumina HiSeq 2000	PAIRED	WGS	METAGENOMIC	RANDOM	128979	3930361	ftp.sra.ebi.ac.uk/vol1/fastq/SRR532/005/SRR5326745/SRR5326745.fastq.gz	2387190	2017-11-09	University of Queensland
ERR1805701	SAMEA4412699	ERS1324148	PRJEB6403	ERX1868728	2123	Mycoplasma putrefaciens	PACBIO_SMRT	PacBio RS	SINGLE	WGS	GENOMIC	RANDOM	0	0			2017-01-24	Wellcome Sanger Institute;SC
ERR579901	SAMEA2699041	ERS526889	PRJEB6982	ERX538075	92038	Flavescence doree phytoplasma HD1	ILLUMINA	Illumina HiSeq 1000	PAIRED	RNA-Seq	TRANSCRIPTOMIC	RANDOM	155215	30705493	ftp.sra.ebi.ac.uk/vol1/fastq/ERR579/ERR579901/ERR579901_1.fastq.gz;ftp.sra.ebi.ac.uk/vol1/fastq/ERR579/ERR579901/ERR579901_2.fastq.gz	9209169;9406132	2014-12-05	Institute of Plant Virology - CNR;IVV-CNR
ERR3283445	SAMEA5073047	ERS2884414	PRJEB21680	ERX3309989	2087	Anaeroplasma abactoclasticum	ILLUMINA	HiSeq X Ten	PAIRED	WGS	GENOMIC	RANDOM	2650422	400213722	ftp.sra.ebi.ac.uk/vol1/fastq/ERR328/005/ERR3283445/ERR3283445_1.fastq.gz;ftp.sra.ebi.ac.uk/vol1/fastq/ERR328/005/ERR3283445/ERR3283445_2.fastq.gz	61769326;79205105	2019-04-16	Wellcome Sanger Institute;SC
ERR3283501	SAMEA5073094	ERS2884461	PRJEB21680	ERX3310045	2144	Spiroplasma mirum	ILLUMINA	HiSeq X Ten	PAIRED	WGS	GENOMIC	RANDOM	3274462	494443762	ftp.sra.ebi.ac.uk/vol1/fastq/ERR328/001/ERR3283501/ERR3283501_1.fastq.gz;ftp.sra.ebi.ac.uk/vol1/fastq/ERR328/001/ERR3283501/ERR3283501_2.fastq.gz	74082743;93547688	2019-04-16	Wellcome Sanger Institute;SC
ERR3283806	SAMEA5073105	ERS2884472	PRJEB21680	ERX3310350	2145	Spiroplasma taiwanense	ILLUMINA	HiSeq X Ten	PAIRED	WGS	GENOMIC	RANDOM	3203682	483755982	ftp.sra.ebi.ac.uk/vol1/fastq/ERR328/006/ERR3283806/ERR3283806_1.fastq.gz;ftp.sra.ebi.ac.uk/vol1/fastq/ERR328/006/ERR3283806/ERR3283806_2.fastq.gz	86224347;94458414	2019-04-16	Wellcome Sanger Institute;SC
ERR15956687	SAMEA120610652	ERS27947330	PRJEB104317	ERX15351913	2141	Spiroplasma ixodetis	ILLUMINA	NextSeq 550	PAIRED	WGS	METAGENOMIC	RANDOM	4709766	536618400	ftp.sra.ebi.ac.uk/vol1/fastq/ERR159/087/ERR15956687/ERR15956687_1.fastq.gz;ftp.sra.ebi.ac.uk/vol1/fastq/ERR159/087/ERR15956687/ERR15956687_2.fastq.gz	167130181;171022245	2026-06-30	University of Ljubljana Medicine Faculty Institute for Microbiology;UL MF IMI
ERR15956694	SAMEA120610659	ERS27947337	PRJEB104317	ERX15351920	2141	Spiroplasma ixodetis	ILLUMINA	NextSeq 550	PAIRED	WGS	METAGENOMIC	RANDOM	2993070	371758143	ftp.sra.ebi.ac.uk/vol1/fastq/ERR159/094/ERR15956694/ERR15956694_1.fastq.gz;ftp.sra.ebi.ac.uk/vol1/fastq/ERR159/094/ERR15956694/ERR15956694_2.fastq.gz	117181193;117771419	2026-06-30	University of Ljubljana Medicine Faculty Institute for Microbiology;UL MF IMI
ERR15956695	SAMEA120610660	ERS27947338	PRJEB104317	ERX15351921	2141	Spiroplasma ixodetis	ILLUMINA	NextSeq 550	PAIRED	WGS	METAGENOMIC	RANDOM	4800516	598807869	ftp.sra.ebi.ac.uk/vol1/fastq/ERR159/095/ERR15956695/ERR15956695_1.fastq.gz;ftp.sra.ebi.ac.uk/vol1/fastq/ERR159/095/ERR15956695/ERR15956695_2.fastq.gz	177429708;176116705	2026-06-30	University of Ljubljana Medicine Faculty Institute for Microbiology;UL MF IMI
ERR15956696	SAMEA120610661	ERS27947339	PRJEB104317	ERX15351922	2141	Spiroplasma ixodetis	ILLUMINA	NextSeq 550	PAIRED	WGS	METAGENOMIC	RANDOM	2100892	249362022	ftp.sra.ebi.ac.uk/vol1/fastq/ERR159/096/ERR15956696/ERR15956696_1.fastq.gz;ftp.sra.ebi.ac.uk/vol1/fastq/ERR159/096/ERR15956696/ERR15956696_2.fastq.gz	79431450;80752505	2026-06-30	University of Ljubljana Medicine Faculty Institute for Microbiology;UL MF IMI
ERR15956701	SAMEA120610666	ERS27947344	PRJEB104317	ERX15351927	2141	Spiroplasma ixodetis	ILLUMINA	NextSeq 550	PAIRED	WGS	METAGENOMIC	RANDOM	2736970	322678443	ftp.sra.ebi.ac.uk/vol1/fastq/ERR159/001/ERR15956701/ERR15956701_1.fastq.gz;ftp.sra.ebi.ac.uk/vol1/fastq/ERR159/001/ERR15956701/ERR15956701_2.fastq.gz	94504570;97365179	2026-06-30	University of Ljubljana Medicine Faculty Institute for Microbiology;UL MF IMI
ERR15956712	SAMEA120610674	ERS27947354	PRJEB104317	ERX15351938	2141	Spiroplasma ixodetis	OXFORD_NANOPORE	PromethION	SINGLE	AMPLICON	METAGENOMIC	PCR	29958	17552363	ftp.sra.ebi.ac.uk/vol1/fastq/ERR159/012/ERR15956712/ERR15956712.fastq.gz	15119233	2026-06-30	University of Ljubljana Medicine Faculty Institute for Microbiology;UL MF IMI
ERR15956713	SAMEA120610675	ERS27947355	PRJEB104317	ERX15351939	2141	Spiroplasma ixodetis	OXFORD_NANOPORE	PromethION	SINGLE	AMPLICON	METAGENOMIC	PCR	30569	11832778	ftp.sra.ebi.ac.uk/vol1/fastq/ERR159/013/ERR15956713/ERR15956713.fastq.gz	11258472	2026-06-30	University of Ljubljana Medicine Faculty Institute for Microbiology;UL MF IMI
ERR15956714	SAMEA120610676	ERS27947356	PRJEB104317	ERX15351940	2141	Spiroplasma ixodetis	OXFORD_NANOPORE	PromethION	SINGLE	AMPLICON	METAGENOMIC	PCR	28153	23375573	ftp.sra.ebi.ac.uk/vol1/fastq/ERR159/014/ERR15956714/ERR15956714.fastq.gz	19266534	2026-06-30	University of Ljubljana Medicine Faculty Institute for Microbiology;UL MF IMI
ERR15956735	SAMEA120610697	ERS27947379	PRJEB104317	ERX15351961	2141	Spiroplasma ixodetis	OXFORD_NANOPORE	PromethION	SINGLE	AMPLICON	METAGENOMIC	PCR	111232	146821250	ftp.sra.ebi.ac.uk/vol1/fastq/ERR159/035/ERR15956735/ERR15956735.fastq.gz	113166296	2026-06-30	University of Ljubljana Medicine Faculty Institute for Microbiology;UL MF IMI
ERR15956740	SAMEA120610702	ERS27947384	PRJEB104317	ERX15351966	2141	Spiroplasma ixodetis	OXFORD_NANOPORE	PromethION	SINGLE	AMPLICON	METAGENOMIC	PCR	94776	127518967	ftp.sra.ebi.ac.uk/vol1/fastq/ERR159/040/ERR15956740/ERR15956740.fastq.gz	98530098	2026-06-30	University of Ljubljana Medicine Faculty Institute for Microbiology;UL MF IMI
ERR15956745	SAMEA120610707	ERS27947389	PRJEB104317	ERX15351971	2141	Spiroplasma ixodetis	OXFORD_NANOPORE	PromethION	SINGLE	AMPLICON	METAGENOMIC	PCR	21071	20515786	ftp.sra.ebi.ac.uk/vol1/fastq/ERR159/045/ERR15956745/ERR15956745.fastq.gz	15979656	2026-06-30	University of Ljubljana Medicine Faculty Institute for Microbiology;UL MF IMI
ERR15956753	SAMEA120610715	ERS27947397	PRJEB104317	ERX15351979	2141	Spiroplasma ixodetis	OXFORD_NANOPORE	PromethION	SINGLE	AMPLICON	METAGENOMIC	PCR	14312	15494545	ftp.sra.ebi.ac.uk/vol1/fastq/ERR159/053/ERR15956753/ERR15956753.fastq.gz	11372395	2026-06-30	University of Ljubljana Medicine Faculty Institute for Microbiology;UL MF IMI
ERR15956759	SAMEA120610721	ERS27947404	PRJEB104317	ERX15351985	2141	Spiroplasma ixodetis	OXFORD_NANOPORE	PromethION	SINGLE	AMPLICON	METAGENOMIC	PCR	5695	4540810	ftp.sra.ebi.ac.uk/vol1/fastq/ERR159/059/ERR15956759/ERR15956759.fastq.gz	3555803	2026-06-30	University of Ljubljana Medicine Faculty Institute for Microbiology;UL MF IMI
ERR15956760	SAMEA120610722	ERS27947405	PRJEB104317	ERX15351986	2141	Spiroplasma ixodetis	OXFORD_NANOPORE	PromethION	SINGLE	AMPLICON	METAGENOMIC	PCR	15266	16038514	ftp.sra.ebi.ac.uk/vol1/fastq/ERR159/060/ERR15956760/ERR15956760.fastq.gz	13278515	2026-06-30	University of Ljubljana Medicine Faculty Institute for Microbiology;UL MF IMI
ERR15956761	SAMEA120610723	ERS27947406	PRJEB104317	ERX15351987	2141	Spiroplasma ixodetis	OXFORD_NANOPORE	PromethION	SINGLE	AMPLICON	METAGENOMIC	PCR	3487	2783275	ftp.sra.ebi.ac.uk/vol1/fastq/ERR159/061/ERR15956761/ERR15956761.fastq.gz	2232309	2026-06-30	University of Ljubljana Medicine Faculty Institute for Microbiology;UL MF IMI
ERR15956763	SAMEA120610725	ERS27947409	PRJEB104317	ERX15351989	2141	Spiroplasma ixodetis	OXFORD_NANOPORE	PromethION	SINGLE	AMPLICON	METAGENOMIC	PCR	9980	8818336	ftp.sra.ebi.ac.uk/vol1/fastq/ERR159/063/ERR15956763/ERR15956763.fastq.gz	7014848	2026-06-30	University of Ljubljana Medicine Faculty Institute for Microbiology;UL MF IMI
ERR15956772	SAMEA120610734	ERS27947420	PRJEB104317	ERX15351998	2141	Spiroplasma ixodetis	OXFORD_NANOPORE	PromethION	SINGLE	AMPLICON	METAGENOMIC	PCR	113275	77832857	ftp.sra.ebi.ac.uk/vol1/fastq/ERR159/072/ERR15956772/ERR15956772.fastq.gz	50845439	2026-06-30	University of Ljubljana Medicine Faculty Institute for Microbiology;UL MF IMI
ERR15956776	SAMEA120610738	ERS27947424	PRJEB104317	ERX15352002	2141	Spiroplasma ixodetis	OXFORD_NANOPORE	PromethION	SINGLE	AMPLICON	METAGENOMIC	PCR	298111	135658187	ftp.sra.ebi.ac.uk/vol1/fastq/ERR159/076/ERR15956776/ERR15956776.fastq.gz	95757015	2026-06-30	University of Ljubljana Medicine Faculty Institute for Microbiology;UL MF IMI
ERR15956778	SAMEA120610740	ERS27947426	PRJEB104317	ERX15352004	2141	Spiroplasma ixodetis	OXFORD_NANOPORE	PromethION	SINGLE	AMPLICON	METAGENOMIC	PCR	194926	130533796	ftp.sra.ebi.ac.uk/vol1/fastq/ERR159/078/ERR15956778/ERR15956778.fastq.gz	86697938	2026-06-30	University of Ljubljana Medicine Faculty Institute for Microbiology;UL MF IMI
ERR15956788	SAMEA120610750	ERS27947436	PRJEB104317	ERX15352014	2141	Spiroplasma ixodetis	OXFORD_NANOPORE	PromethION	SINGLE	AMPLICON	METAGENOMIC	PCR	203360	137895271	ftp.sra.ebi.ac.uk/vol1/fastq/ERR159/088/ERR15956788/ERR15956788.fastq.gz	91672048	2026-06-30	University of Ljubljana Medicine Faculty Institute for Microbiology;UL MF IMI
ERR15956797	SAMEA120610759	ERS27947445	PRJEB104317	ERX15352023	2141	Spiroplasma ixodetis	OXFORD_NANOPORE	PromethION	SINGLE	AMPLICON	METAGENOMIC	PCR	207015	138538763	ftp.sra.ebi.ac.uk/vol1/fastq/ERR159/097/ERR15956797/ERR15956797.fastq.gz	92182490	2026-06-30	University of Ljubljana Medicine Faculty Institute for Microbiology;UL MF IMI
ERR15956802	SAMEA120610764	ERS27947450	PRJEB104317	ERX15352028	2141	Spiroplasma ixodetis	OXFORD_NANOPORE	PromethION	SINGLE	AMPLICON	METAGENOMIC	PCR	195188	132852228	ftp.sra.ebi.ac.uk/vol1/fastq/ERR159/002/ERR15956802/ERR15956802.fastq.gz	87663467	2026-06-30	University of Ljubljana Medicine Faculty Institute for Microbiology;UL MF IMI
ERR15956816	SAMEA120610778	ERS27947464	PRJEB104317	ERX15352042	2141	Spiroplasma ixodetis	OXFORD_NANOPORE	PromethION	SINGLE	AMPLICON	METAGENOMIC	PCR	191520	129270871	ftp.sra.ebi.ac.uk/vol1/fastq/ERR159/016/ERR15956816/ERR15956816.fastq.gz	85224709	2026-06-30	University of Ljubljana Medicine Faculty Institute for Microbiology;UL MF IMI
ERR15956819	SAMEA120610781	ERS27947467	PRJEB104317	ERX15352045	2141	Spiroplasma ixodetis	OXFORD_NANOPORE	PromethION	SINGLE	AMPLICON	METAGENOMIC	PCR	95184	63608188	ftp.sra.ebi.ac.uk/vol1/fastq/ERR159/019/ERR15956819/ERR15956819.fastq.gz	42008274	2026-06-30	University of Ljubljana Medicine Faculty Institute for Microbiology;UL MF IMI
ERR17363842	SAMEA122718684	ERS30342969	PRJEB113329	ERX16753239	40479	Mycoplasma capricolum subsp. capricolum	PACBIO_SMRT	Sequel II	SINGLE	WGS	GENOMIC	RANDOM	5253	67979030	ftp.sra.ebi.ac.uk/vol1/fastq/ERR173/042/ERR17363842/ERR17363842.fastq.gz	68548790	2026-06-03	University of Bern;jingzhanglr@gmail.com
ERR17363843	SAMEA122718683	ERS30342968	PRJEB113329	ERX16753240	40479	Mycoplasma capricolum subsp. capricolum	PACBIO_SMRT	Sequel II	SINGLE	WGS	GENOMIC	RANDOM	34458	353336381	ftp.sra.ebi.ac.uk/vol1/fastq/ERR173/043/ERR17363843/ERR17363843.fastq.gz	328374834	2026-06-03	University of Bern;jingzhanglr@gmail.com
ERR17363844	SAMEA122718682	ERS30342967	PRJEB113329	ERX16753241	40479	Mycoplasma capricolum subsp. capricolum	PACBIO_SMRT	Sequel II	SINGLE	WGS	GENOMIC	RANDOM	4113	47813450	ftp.sra.ebi.ac.uk/vol1/fastq/ERR173/044/ERR17363844/ERR17363844.fastq.gz	45820499	2026-06-03	University of Bern;jingzhanglr@gmail.com
ERR17364356	SAMEA122718705	ERS30342990	PRJEB113329	ERX16753753	2103	Mycoplasma mycoides subsp. mycoides	PACBIO_SMRT	Sequel	SINGLE	WGS	GENOMIC	RANDOM	19260	159814364	ftp.sra.ebi.ac.uk/vol1/fastq/ERR173/056/ERR17364356/ERR17364356.fastq.gz	47323007	2026-06-03	University of Bern;jingzhanglr@gmail.com
ERR17364358	SAMEA122718703	ERS30342988	PRJEB113329	ERX16753755	2103	Mycoplasma mycoides subsp. mycoides	PACBIO_SMRT	Sequel	SINGLE	WGS	GENOMIC	RANDOM	64774	536888427	ftp.sra.ebi.ac.uk/vol1/fastq/ERR173/058/ERR17364358/ERR17364358.fastq.gz	159082703	2026-06-03	University of Bern;jingzhanglr@gmail.com
ERR17364361	SAMEA122718700	ERS30342985	PRJEB113329	ERX16753758	2103	Mycoplasma mycoides subsp. mycoides	PACBIO_SMRT	Sequel	SINGLE	WGS	GENOMIC	RANDOM	31490	264958200	ftp.sra.ebi.ac.uk/vol1/fastq/ERR173/061/ERR17364361/ERR17364361.fastq.gz	78625317	2026-06-03	University of Bern;jingzhanglr@gmail.com
ERR17364572	SAMEA122718690	ERS30342975	PRJEB113329	ERX16753969	40479	Mycoplasma capricolum subsp. capricolum	PACBIO_SMRT	Sequel	SINGLE	WGS	GENOMIC	RANDOM	33064	182540021	ftp.sra.ebi.ac.uk/vol1/fastq/ERR173/072/ERR17364572/ERR17364572.fastq.gz	54417986	2026-06-04	University of Bern;jingzhanglr@gmail.com
ERR17364574	SAMEA122718689	ERS30342974	PRJEB113329	ERX16753971	40479	Mycoplasma capricolum subsp. capricolum	PACBIO_SMRT	Sequel	SINGLE	WGS	GENOMIC	RANDOM	25186	137535157	ftp.sra.ebi.ac.uk/vol1/fastq/ERR173/074/ERR17364574/ERR17364574.fastq.gz	40943305	2026-06-04	University of Bern;jingzhanglr@gmail.com
ERR17364578	SAMEA122718687	ERS30342972	PRJEB113329	ERX16753975	40479	Mycoplasma capricolum subsp. capricolum	PACBIO_SMRT	Sequel	SINGLE	WGS	GENOMIC	RANDOM	12361	71403745	ftp.sra.ebi.ac.uk/vol1/fastq/ERR173/078/ERR17364578/ERR17364578.fastq.gz	21186625	2026-06-04	University of Bern;jingzhanglr@gmail.com
ERR17364581	SAMEA122718679	ERS30342964	PRJEB113329	ERX16753978	40479	Mycoplasma capricolum subsp. capricolum	PACBIO_SMRT	Sequel	SINGLE	WGS	GENOMIC	RANDOM	30835	236257213	ftp.sra.ebi.ac.uk/vol1/fastq/ERR173/081/ERR17364581/ERR17364581.fastq.gz	69457877	2026-06-04	University of Bern;jingzhanglr@gmail.com
ERR17365158	SAMEA122718698	ERS30342983	PRJEB113329	ERX16754555	40477	Mycoplasma mycoides subsp. capri	PACBIO_SMRT	Revio	SINGLE	WGS	GENOMIC	RANDOM	57897	422284888	ftp.sra.ebi.ac.uk/vol1/fastq/ERR173/058/ERR17365158/ERR17365158.fastq.gz	136860211	2026-06-04	University of Bern;jingzhanglr@gmail.com
ERR17365164	SAMEA122718692	ERS30342977	PRJEB113329	ERX16754561	40477	Mycoplasma mycoides subsp. capri	PACBIO_SMRT	Sequel	SINGLE	WGS	GENOMIC	RANDOM	203646	724158777	ftp.sra.ebi.ac.uk/vol1/fastq/ERR173/064/ERR17365164/ERR17365164.fastq.gz	209780595	2026-06-04	University of Bern;jingzhanglr@gmail.com
ERR17366111	SAMEA122718677	ERS30342962	PRJEB113329	ERX16755633	2105	Mycoplasma leachii	PACBIO_SMRT	Sequel	SINGLE	WGS	GENOMIC	RANDOM	19080	123555475	ftp.sra.ebi.ac.uk/vol1/fastq/ERR173/011/ERR17366111/ERR17366111.fastq.gz	36709598	2026-06-04	University of Bern;jingzhanglr@gmail.com
ERR17366112	SAMEA122718676	ERS30342961	PRJEB113329	ERX16755634	2105	Mycoplasma leachii	PACBIO_SMRT	Sequel	SINGLE	WGS	GENOMIC	RANDOM	27672	210342325	ftp.sra.ebi.ac.uk/vol1/fastq/ERR173/012/ERR17366112/ERR17366112.fastq.gz	61698478	2026-06-04	University of Bern;jingzhanglr@gmail.com
ERR17366113	SAMEA122718676	ERS30342961	PRJEB113329	ERX16755635	2105	Mycoplasma leachii	PACBIO_SMRT	Sequel	SINGLE	WGS	GENOMIC	RANDOM	13400	83296661	ftp.sra.ebi.ac.uk/vol1/fastq/ERR173/013/ERR17366113/ERR17366113.fastq.gz	24746444	2026-06-04	University of Bern;jingzhanglr@gmail.com
ERR8048773	SAMEA12361904	ERS9968694	PRJEB50216	ERX7615510	572419	Mycoplasma amphoriforme A39	ILLUMINA	NextSeq 500	PAIRED	WGS	GENOMIC	Hybrid Selection	4060950	304685106	ftp.sra.ebi.ac.uk/vol1/fastq/ERR804/003/ERR8048773/ERR8048773_1.fastq.gz;ftp.sra.ebi.ac.uk/vol1/fastq/ERR804/003/ERR8048773/ERR8048773_2.fastq.gz	98739588;100985509	2022-02-18	University of Glasgow
ERR8048781	SAMEA12361912	ERS9968702	PRJEB50216	ERX7615518	572419	Mycoplasma amphoriforme A39	ILLUMINA	NextSeq 500	PAIRED	WGS	GENOMIC	Hybrid Selection	3514294	262270099	ftp.sra.ebi.ac.uk/vol1/fastq/ERR804/001/ERR8048781/ERR8048781_1.fastq.gz;ftp.sra.ebi.ac.uk/vol1/fastq/ERR804/001/ERR8048781/ERR8048781_2.fastq.gz	85564534;87496660	2022-02-18	University of Glasgow
ERR8048783	SAMEA12361914	ERS9968704	PRJEB50216	ERX7615520	572419	Mycoplasma amphoriforme A39	ILLUMINA	NextSeq 500	PAIRED	WGS	GENOMIC	Hybrid Selection	2991944	225194462	ftp.sra.ebi.ac.uk/vol1/fastq/ERR804/003/ERR8048783/ERR8048783_1.fastq.gz;ftp.sra.ebi.ac.uk/vol1/fastq/ERR804/003/ERR8048783/ERR8048783_2.fastq.gz	73506953;76010988	2022-02-18	University of Glasgow
ERR8048790	SAMEA12361922	ERS9968711	PRJEB50216	ERX7615527	572419	Mycoplasma amphoriforme A39	ILLUMINA	NextSeq 500	PAIRED	WGS	GENOMIC	Hybrid Selection	3367578	248594888	ftp.sra.ebi.ac.uk/vol1/fastq/ERR804/000/ERR8048790/ERR8048790_1.fastq.gz;ftp.sra.ebi.ac.uk/vol1/fastq/ERR804/000/ERR8048790/ERR8048790_2.fastq.gz	81014727;87721059	2022-02-18	University of Glasgow
ERR8048792	SAMEA12361924	ERS9968713	PRJEB50216	ERX7615529	572419	Mycoplasma amphoriforme A39	ILLUMINA	NextSeq 500	PAIRED	WGS	GENOMIC	Hybrid Selection	3494924	258029313	ftp.sra.ebi.ac.uk/vol1/fastq/ERR804/002/ERR8048792/ERR8048792_1.fastq.gz;ftp.sra.ebi.ac.uk/vol1/fastq/ERR804/002/ERR8048792/ERR8048792_2.fastq.gz	84202963;86426963	2022-02-18	University of Glasgow
ERR8048800	SAMEA12361932	ERS9968721	PRJEB50216	ERX7615537	572419	Mycoplasma amphoriforme A39	ILLUMINA	NextSeq 500	PAIRED	WGS	GENOMIC	Hybrid Selection	2948818	215846730	ftp.sra.ebi.ac.uk/vol1/fastq/ERR804/000/ERR8048800/ERR8048800_1.fastq.gz;ftp.sra.ebi.ac.uk/vol1/fastq/ERR804/000/ERR8048800/ERR8048800_2.fastq.gz	70567454;72639132	2022-02-18	University of Glasgow
ERR8048803	SAMEA12361935	ERS9968724	PRJEB50216	ERX7615540	572419	Mycoplasma amphoriforme A39	ILLUMINA	NextSeq 500	PAIRED	WGS	GENOMIC	Hybrid Selection	2866950	212820889	ftp.sra.ebi.ac.uk/vol1/fastq/ERR804/003/ERR8048803/ERR8048803_1.fastq.gz;ftp.sra.ebi.ac.uk/vol1/fastq/ERR804/003/ERR8048803/ERR8048803_2.fastq.gz	70116349;71548596	2022-02-18	University of Glasgow
ERR8048807	SAMEA12361939	ERS9968728	PRJEB50216	ERX7615544	572419	Mycoplasma amphoriforme A39	ILLUMINA	NextSeq 500	PAIRED	WGS	GENOMIC	Hybrid Selection	2935312	220802922	ftp.sra.ebi.ac.uk/vol1/fastq/ERR804/007/ERR8048807/ERR8048807_1.fastq.gz;ftp.sra.ebi.ac.uk/vol1/fastq/ERR804/007/ERR8048807/ERR8048807_2.fastq.gz	71582935;73489120	2022-02-18	University of Glasgow
ERR8048811	SAMEA12361943	ERS9968732	PRJEB50216	ERX7615548	572419	Mycoplasma amphoriforme A39	ILLUMINA	NextSeq 500	PAIRED	WGS	GENOMIC	Hybrid Selection	2940528	219138845	ftp.sra.ebi.ac.uk/vol1/fastq/ERR804/001/ERR8048811/ERR8048811_1.fastq.gz;ftp.sra.ebi.ac.uk/vol1/fastq/ERR804/001/ERR8048811/ERR8048811_2.fastq.gz	72006145;74807596	2022-02-18	University of Glasgow
ERR8048818	SAMEA12361950	ERS9968739	PRJEB50216	ERX7615555	572419	Mycoplasma amphoriforme A39	ILLUMINA	NextSeq 500	PAIRED	WGS	GENOMIC	Hybrid Selection	2247088	167275090	ftp.sra.ebi.ac.uk/vol1/fastq/ERR804/008/ERR8048818/ERR8048818_1.fastq.gz;ftp.sra.ebi.ac.uk/vol1/fastq/ERR804/008/ERR8048818/ERR8048818_2.fastq.gz	53461819;55728925	2022-02-18	University of Glasgow
ERR8048819	SAMEA12361951	ERS9968740	PRJEB50216	ERX7615556	572419	Mycoplasma amphoriforme A39	ILLUMINA	NextSeq 500	PAIRED	WGS	GENOMIC	Hybrid Selection	4076134	303850023	ftp.sra.ebi.ac.uk/vol1/fastq/ERR804/009/ERR8048819/ERR8048819_1.fastq.gz;ftp.sra.ebi.ac.uk/vol1/fastq/ERR804/009/ERR8048819/ERR8048819_2.fastq.gz	99717005;104930785	2022-02-18	University of Glasgow
ERR923388	SAMEA3465011	ERS760610	PRJEB9677	ERX1002663	2103	Mycoplasma mycoides subsp. mycoides	ILLUMINA	Illumina HiSeq 2500	SINGLE	RNA-Seq	TRANSCRIPTOMIC	Oligo-dT	43399674	2213383374	ftp.sra.ebi.ac.uk/vol1/fastq/ERR923/ERR923388/ERR923388.fastq.gz	1803433579	2015-08-21	HZI - HELMHOLTZ CENTRE FOR INFECTION RESEARCH, BRAUNSCHWEIG, GERMANY
ERR926455	SAMEA3231227	ERS652461	PRJEB8311	ERX1005730	572419	Mycoplasma amphoriforme A39	ILLUMINA	Illumina HiSeq 2000	PAIRED	WXS	GENOMIC	Hybrid Selection	5282120	396159000	ftp.sra.ebi.ac.uk/vol1/fastq/ERR926/ERR926455/ERR926455_1.fastq.gz;ftp.sra.ebi.ac.uk/vol1/fastq/ERR926/ERR926455/ERR926455_2.fastq.gz	192886456;196763445	2015-06-23	Wellcome Sanger Institute;SC
ERR926461	SAMEA3231233	ERS652467	PRJEB8311	ERX1005736	572419	Mycoplasma amphoriforme A39	ILLUMINA	Illumina HiSeq 2000	PAIRED	WXS	GENOMIC	Hybrid Selection	8639500	647962500	ftp.sra.ebi.ac.uk/vol1/fastq/ERR926/ERR926461/ERR926461_1.fastq.gz;ftp.sra.ebi.ac.uk/vol1/fastq/ERR926/ERR926461/ERR926461_2.fastq.gz	313097278;317997425	2015-06-23	Wellcome Sanger Institute;SC
ERR926464	SAMEA3231236	ERS652470	PRJEB8311	ERX1005739	572419	Mycoplasma amphoriforme A39	ILLUMINA	Illumina HiSeq 2000	PAIRED	WXS	GENOMIC	Hybrid Selection	14599884	1094991300	ftp.sra.ebi.ac.uk/vol1/fastq/ERR926/ERR926464/ERR926464_1.fastq.gz;ftp.sra.ebi.ac.uk/vol1/fastq/ERR926/ERR926464/ERR926464_2.fastq.gz	521418149;527534660	2015-06-23	Wellcome Sanger Institute;SC
ERR926465	SAMEA3231237	ERS652471	PRJEB8311	ERX1005740	572419	Mycoplasma amphoriforme A39	ILLUMINA	Illumina HiSeq 2000	PAIRED	WXS	GENOMIC	Hybrid Selection	5921934	444145050	ftp.sra.ebi.ac.uk/vol1/fastq/ERR926/ERR926465/ERR926465_1.fastq.gz;ftp.sra.ebi.ac.uk/vol1/fastq/ERR926/ERR926465/ERR926465_2.fastq.gz	216619414;220508236	2015-06-23	Wellcome Sanger Institute;SC
ERR926468	SAMEA3231240	ERS652474	PRJEB8311	ERX1005743	572419	Mycoplasma amphoriforme A39	ILLUMINA	Illumina HiSeq 2000	PAIRED	WXS	GENOMIC	Hybrid Selection	27611474	2070860550	ftp.sra.ebi.ac.uk/vol1/fastq/ERR926/ERR926468/ERR926468_1.fastq.gz;ftp.sra.ebi.ac.uk/vol1/fastq/ERR926/ERR926468/ERR926468_2.fastq.gz	987296856;1000159164	2015-06-23	Wellcome Sanger Institute;SC
SRR10270702	SAMN13021990	SRS5508261	PRJNA577234	SRX6983911	2148	Acholeplasma laidlawii	ILLUMINA	Illumina HiSeq 2500	SINGLE	RNA-Seq	TRANSCRIPTOMIC	RANDOM PCR	4162925	249775500	ftp.sra.ebi.ac.uk/vol1/fastq/SRR102/002/SRR10270702/SRR10270702.fastq.gz	159520194	2019-10-13	SUB6396791
SRR10294115	SAMN13041419	SRS5528170	PRJNA577919	SRX7006971	2148	Acholeplasma laidlawii	ILLUMINA	Illumina HiSeq 2500	SINGLE	RNA-Seq	TRANSCRIPTOMIC	RANDOM PCR	2328568	139714080	ftp.sra.ebi.ac.uk/vol1/fastq/SRR102/015/SRR10294115/SRR10294115.fastq.gz	88785530	2019-10-18	SUB6430508
SRR10294116	SAMN13041419	SRS5528170	PRJNA577919	SRX7006970	2148	Acholeplasma laidlawii	ILLUMINA	Illumina HiSeq 2500	SINGLE	RNA-Seq	TRANSCRIPTOMIC	RANDOM PCR	5129316	307758960	ftp.sra.ebi.ac.uk/vol1/fastq/SRR102/016/SRR10294116/SRR10294116.fastq.gz	202195574	2019-10-18	SUB6430508
SRR10294824	SAMN13041968	SRS5528822	PRJNA577945	SRX7007653	2148	Acholeplasma laidlawii	ILLUMINA	Illumina HiSeq 2500	SINGLE	RNA-Seq	TRANSCRIPTOMIC	RANDOM PCR	3709137	222548220	ftp.sra.ebi.ac.uk/vol1/fastq/SRR102/024/SRR10294824/SRR10294824.fastq.gz	143234514	2019-10-18	SUB6432588
SRR10305539	SAMN13053410	SRS5538111	PRJNA578246	SRX7016857	2148	Acholeplasma laidlawii	ILLUMINA	Illumina HiSeq 2500	SINGLE	RNA-Seq	TRANSCRIPTOMIC	RANDOM PCR	3707312	222438720	ftp.sra.ebi.ac.uk/vol1/fastq/SRR103/039/SRR10305539/SRR10305539.fastq.gz	147194133	2019-10-19	SUB6432771
SRR11237629	SAMN14173566	SRS6208612	PRJNA608455	SRX7849348	1276218	Spiroplasma platyhelix PALS-1	OXFORD_NANOPORE	MinION	SINGLE	WGS	GENOMIC	RANDOM	2976	4103942	ftp.sra.ebi.ac.uk/vol1/fastq/SRR112/029/SRR11237629/SRR11237629_1.fastq.gz	4301229	2020-03-05	SUB7078441
SRR11237631	SAMN14173566	SRS6208612	PRJNA608455	SRX7849346	1276218	Spiroplasma platyhelix PALS-1	ILLUMINA	Illumina MiSeq	PAIRED	WGA	GENOMIC	RANDOM PCR	326607	163956714	ftp.sra.ebi.ac.uk/vol1/fastq/SRR112/031/SRR11237631/SRR11237631_1.fastq.gz;ftp.sra.ebi.ac.uk/vol1/fastq/SRR112/031/SRR11237631/SRR11237631_2.fastq.gz	48946664;54984355	2020-03-05	SUB7078441
SRR12065007	SAMN15339389	SRS6883986	PRJNA640980	SRX8592861	2138	Spiroplasma poulsonii	ILLUMINA	Illumina HiSeq 4000	PAIRED	WGS	GENOMIC	RANDOM	559391	220212809	ftp.sra.ebi.ac.uk/vol1/fastq/SRR120/007/SRR12065007/SRR12065007_1.fastq.gz;ftp.sra.ebi.ac.uk/vol1/fastq/SRR120/007/SRR12065007/SRR12065007_2.fastq.gz	81212992;80691497	2020-06-23	SUB7649414
SRR12065008	SAMN15339388	SRS6883985	PRJNA640980	SRX8592860	2138	Spiroplasma poulsonii	ILLUMINA	Illumina HiSeq 4000	PAIRED	WGS	GENOMIC	RANDOM	654538	290707368	ftp.sra.ebi.ac.uk/vol1/fastq/SRR120/008/SRR12065008/SRR12065008_1.fastq.gz;ftp.sra.ebi.ac.uk/vol1/fastq/SRR120/008/SRR12065008/SRR12065008_2.fastq.gz	108255272;105981526	2020-06-23	SUB7649414
SRR12065013	SAMN15339383	SRS6883980	PRJNA640980	SRX8592855	2138	Spiroplasma poulsonii	OXFORD_NANOPORE	MinION	SINGLE	WGS	METAGENOMIC	RANDOM	993661	4601163353	ftp.sra.ebi.ac.uk/vol1/fastq/SRR120/013/SRR12065013/SRR12065013_1.fastq.gz	4495679245	2020-06-23	SUB7649414
SRR12068551	SAMN15341340	SRS6886907	PRJNA641121	SRX8596340	2151	Mesoplasma florum	ILLUMINA	Illumina HiSeq 2000	PAIRED	RNA-Seq	TRANSCRIPTOMIC	cDNA	9283135	928313500	ftp.sra.ebi.ac.uk/vol1/fastq/SRR120/051/SRR12068551/SRR12068551_1.fastq.gz;ftp.sra.ebi.ac.uk/vol1/fastq/SRR120/051/SRR12068551/SRR12068551_2.fastq.gz	300893753;316942862	2020-11-04	GEO
SRR12800422	SAMN14573116	SRS7498282	PRJNA624276	SRX9269397	39647	Paulownia witches'-broom phytoplasma	PACBIO_SMRT	PacBio RS II	SINGLE	WGS	GENOMIC	RANDOM	32596	272697220	ftp.sra.ebi.ac.uk/vol1/fastq/SRR128/022/SRR12800422/SRR12800422_subreads.fastq.gz	238581107	2023-02-27	SUB8218276
SRR12825562	SAMN16392087	SRS7519743	PRJNA667928	SRX9293203	136241	Mycoplasma haemocanis	ILLUMINA	Illumina MiSeq	PAIRED	AMPLICON	METAGENOMIC	PCR	37866	22795332	ftp.sra.ebi.ac.uk/vol1/fastq/SRR128/062/SRR12825562/SRR12825562_1.fastq.gz;ftp.sra.ebi.ac.uk/vol1/fastq/SRR128/062/SRR12825562/SRR12825562_2.fastq.gz	4952289;3416702	2021-01-04	SUB8220965
SRR12825570	SAMN16392079	SRS7519735	PRJNA667928	SRX9293195	136241	Mycoplasma haemocanis	ILLUMINA	Illumina MiSeq	PAIRED	AMPLICON	METAGENOMIC	PCR	44519	26800438	ftp.sra.ebi.ac.uk/vol1/fastq/SRR128/070/SRR12825570/SRR12825570_1.fastq.gz;ftp.sra.ebi.ac.uk/vol1/fastq/SRR128/070/SRR12825570/SRR12825570_2.fastq.gz	6294937;4733578	2021-01-04	SUB8220965
SRR12834252	SAMN16446524	SRS7525564	PRJNA669478	SRX9301785	2975549	Candidatus Izemoplasma	ILLUMINA	Illumina NovaSeq 6000	SINGLE	RNA-Seq	TRANSCRIPTOMIC	ChIP	2249545	673336800	ftp.sra.ebi.ac.uk/vol1/fastq/SRR128/052/SRR12834252/SRR12834252.fastq.gz;ftp.sra.ebi.ac.uk/vol1/fastq/SRR128/052/SRR12834252/SRR12834252_1.fastq.gz;ftp.sra.ebi.ac.uk/vol1/fastq/SRR128/052/SRR12834252/SRR12834252_2.fastq.gz	457456;45131151;51488653	2020-10-20	SUB8323888
SRR12881899	SAMN16482781	SRS7570835	PRJNA670049	SRX9347850	1822367	Candidatus Moeniiplasma glomeromycotorum	ILLUMINA	Illumina HiSeq 2500	PAIRED	WGS	METAGENOMIC	RANDOM PCR	43932929	8792504757	ftp.sra.ebi.ac.uk/vol1/fastq/SRR128/099/SRR12881899/SRR12881899_1.fastq.gz;ftp.sra.ebi.ac.uk/vol1/fastq/SRR128/099/SRR12881899/SRR12881899_2.fastq.gz	2231603934;2259948933	2022-01-01	SUB8336291
SRR12937688	SAMN16587990	SRS7619301	PRJNA673092	SRX9401362	31969	Mollicutes	ILLUMINA	Illumina iSeq 100	PAIRED	WGS	OTHER	other	487919	144071037	ftp.sra.ebi.ac.uk/vol1/fastq/SRR129/088/SRR12937688/SRR12937688_1.fastq.gz;ftp.sra.ebi.ac.uk/vol1/fastq/SRR129/088/SRR12937688/SRR12937688_2.fastq.gz	34334235;35953837	2021-09-18	SUB8432526
SRR12937689	SAMN16587975	SRS7619300	PRJNA673092	SRX9401361	31969	Mollicutes	ILLUMINA	Illumina iSeq 100	PAIRED	WGS	OTHER	other	440747	130057286	ftp.sra.ebi.ac.uk/vol1/fastq/SRR129/089/SRR12937689/SRR12937689_1.fastq.gz;ftp.sra.ebi.ac.uk/vol1/fastq/SRR129/089/SRR12937689/SRR12937689_2.fastq.gz	29815618;31605947	2021-09-18	SUB8432526
SRR12937690	SAMN16587974	SRS7619299	PRJNA673092	SRX9401360	31969	Mollicutes	ILLUMINA	Illumina iSeq 100	PAIRED	WGS	OTHER	other	548811	162098283	ftp.sra.ebi.ac.uk/vol1/fastq/SRR129/090/SRR12937690/SRR12937690_1.fastq.gz;ftp.sra.ebi.ac.uk/vol1/fastq/SRR129/090/SRR12937690/SRR12937690_2.fastq.gz	36878103;39256418	2021-09-18	SUB8432526
SRR13342267	SAMN17204038	SRS7956704	PRJNA689237	SRX9768658	2147	Acholeplasma	ION_TORRENT	Ion Torrent S5 XL	SINGLE	AMPLICON	GENOMIC	PCR	85253	33973453	ftp.sra.ebi.ac.uk/vol1/fastq/SRR133/067/SRR13342267/SRR13342267.fastq.gz	25394211	2021-07-04	SUB8843437
SRR13346627	SAMN13885748	SRS6017222	PRJNA602215	SRX9772800	519450	Mycoplasma anserisalpingitidis	ILLUMINA	NextSeq 500	SINGLE	WGS	GENOMIC	other	2352286	312241271	ftp.sra.ebi.ac.uk/vol1/fastq/SRR133/027/SRR13346627/SRR13346627.fastq.gz	177967446	2021-01-04	SUB8754746
SRR13346632	SAMN13885729	SRS6017201	PRJNA602215	SRX9772795	519450	Mycoplasma anserisalpingitidis	ILLUMINA	NextSeq 500	SINGLE	WGS	GENOMIC	other	3199724	447136037	ftp.sra.ebi.ac.uk/vol1/fastq/SRR133/032/SRR13346632/SRR13346632.fastq.gz	255848425	2021-01-04	SUB8754746
SRR13346648	SAMN13885754	SRS6017229	PRJNA602215	SRX9772779	519450	Mycoplasma anserisalpingitidis	ILLUMINA	NextSeq 500	SINGLE	WGS	GENOMIC	other	8947054	1196400788	ftp.sra.ebi.ac.uk/vol1/fastq/SRR133/048/SRR13346648/SRR13346648.fastq.gz	676460069	2021-01-04	SUB8754746
SRR13346653	SAMN13885726	SRS6017198	PRJNA602215	SRX9772774	519450	Mycoplasma anserisalpingitidis	ILLUMINA	NextSeq 500	SINGLE	WGS	GENOMIC	other	3858706	498536877	ftp.sra.ebi.ac.uk/vol1/fastq/SRR133/053/SRR13346653/SRR13346653.fastq.gz	285605902	2021-01-04	SUB8754746
SRR13899764	SAMN18201729	SRS8411473	PRJNA707339	SRX10279414	2817024	Entomoplasma sp. MP1	OXFORD_NANOPORE	MinION	SINGLE	WGS	GENOMIC	RANDOM	21	59632	ftp.sra.ebi.ac.uk/vol1/fastq/SRR138/064/SRR13899764/SRR13899764_1.fastq.gz	63184	2021-03-12	SUB9222722
SRR15032583	SAMN20032694	SRS9385143	PRJNA743406	SRX11344265	2102	Mycoplasma mycoides	ILLUMINA	NextSeq 550	PAIRED	WGS	GENOMIC	RANDOM	322404	24502704	ftp.sra.ebi.ac.uk/vol1/fastq/SRR150/083/SRR15032583/SRR15032583_1.fastq.gz;ftp.sra.ebi.ac.uk/vol1/fastq/SRR150/083/SRR15032583/SRR15032583_2.fastq.gz	7812052;8449092	2021-07-05	SUB9950931
SRR15032587	SAMN20032610	SRS9385139	PRJNA743406	SRX11344261	2102	Mycoplasma mycoides	ILLUMINA	NextSeq 550	PAIRED	WGS	GENOMIC	RANDOM	2420563	183962788	ftp.sra.ebi.ac.uk/vol1/fastq/SRR150/087/SRR15032587/SRR15032587_1.fastq.gz;ftp.sra.ebi.ac.uk/vol1/fastq/SRR150/087/SRR15032587/SRR15032587_2.fastq.gz	55765867;56978869	2021-07-05	SUB9950931
SRR15032620	SAMN20032607	SRS9385106	PRJNA743406	SRX11344228	2102	Mycoplasma mycoides	ILLUMINA	NextSeq 550	PAIRED	WGS	GENOMIC	RANDOM	4272896	324740096	ftp.sra.ebi.ac.uk/vol1/fastq/SRR150/020/SRR15032620/SRR15032620_1.fastq.gz;ftp.sra.ebi.ac.uk/vol1/fastq/SRR150/020/SRR15032620/SRR15032620_2.fastq.gz	97097480;100022447	2021-07-05	SUB9950931
SRR15032629	SAMN20032652	SRS9385097	PRJNA743406	SRX11344219	2102	Mycoplasma mycoides	ILLUMINA	NextSeq 550	PAIRED	WGS	GENOMIC	RANDOM	668144	50778944	ftp.sra.ebi.ac.uk/vol1/fastq/SRR150/029/SRR15032629/SRR15032629_1.fastq.gz;ftp.sra.ebi.ac.uk/vol1/fastq/SRR150/029/SRR15032629/SRR15032629_2.fastq.gz	15197756;15561667	2021-07-05	SUB9950931
SRR15032630	SAMN20032651	SRS9385096	PRJNA743406	SRX11344218	2102	Mycoplasma mycoides	ILLUMINA	NextSeq 550	PAIRED	WGS	GENOMIC	RANDOM	249447	18957972	ftp.sra.ebi.ac.uk/vol1/fastq/SRR150/030/SRR15032630/SRR15032630_1.fastq.gz;ftp.sra.ebi.ac.uk/vol1/fastq/SRR150/030/SRR15032630/SRR15032630_2.fastq.gz	5723375;5817858	2021-07-05	SUB9950931
SRR15032641	SAMN20032641	SRS9385085	PRJNA743406	SRX11344207	2102	Mycoplasma mycoides	ILLUMINA	NextSeq 550	PAIRED	WGS	GENOMIC	RANDOM	952814	72413864	ftp.sra.ebi.ac.uk/vol1/fastq/SRR150/041/SRR15032641/SRR15032641_1.fastq.gz;ftp.sra.ebi.ac.uk/vol1/fastq/SRR150/041/SRR15032641/SRR15032641_2.fastq.gz	21712985;22293245	2021-07-05	SUB9950931
SRR15032642	SAMN20032605	SRS9385084	PRJNA743406	SRX11344206	2102	Mycoplasma mycoides	ILLUMINA	NextSeq 550	PAIRED	WGS	GENOMIC	RANDOM	5007755	380589380	ftp.sra.ebi.ac.uk/vol1/fastq/SRR150/042/SRR15032642/SRR15032642_1.fastq.gz;ftp.sra.ebi.ac.uk/vol1/fastq/SRR150/042/SRR15032642/SRR15032642_2.fastq.gz	114537551;117592968	2021-07-05	SUB9950931
SRR15032647	SAMN20032636	SRS9385076	PRJNA743406	SRX11344201	2102	Mycoplasma mycoides	ILLUMINA	NextSeq 550	PAIRED	WGS	GENOMIC	RANDOM	390982	29714632	ftp.sra.ebi.ac.uk/vol1/fastq/SRR150/047/SRR15032647/SRR15032647_1.fastq.gz;ftp.sra.ebi.ac.uk/vol1/fastq/SRR150/047/SRR15032647/SRR15032647_2.fastq.gz	8942674;9167546	2021-07-05	SUB9950931
SRR15032650	SAMN20032633	SRS9385078	PRJNA743406	SRX11344198	2102	Mycoplasma mycoides	ILLUMINA	NextSeq 550	PAIRED	WGS	GENOMIC	RANDOM	442469	33627644	ftp.sra.ebi.ac.uk/vol1/fastq/SRR150/050/SRR15032650/SRR15032650_1.fastq.gz;ftp.sra.ebi.ac.uk/vol1/fastq/SRR150/050/SRR15032650/SRR15032650_2.fastq.gz	10112716;10314458	2021-07-05	SUB9950931
SRR15032656	SAMN20032628	SRS9385070	PRJNA743406	SRX11344192	2102	Mycoplasma mycoides	ILLUMINA	NextSeq 550	PAIRED	WGS	GENOMIC	RANDOM	934810	71045560	ftp.sra.ebi.ac.uk/vol1/fastq/SRR150/056/SRR15032656/SRR15032656_1.fastq.gz;ftp.sra.ebi.ac.uk/vol1/fastq/SRR150/056/SRR15032656/SRR15032656_2.fastq.gz	21383074;21958224	2021-07-05	SUB9950931
SRR15032658	SAMN20032626	SRS9385068	PRJNA743406	SRX11344190	2102	Mycoplasma mycoides	ILLUMINA	NextSeq 550	PAIRED	WGS	GENOMIC	RANDOM	916941	69687516	ftp.sra.ebi.ac.uk/vol1/fastq/SRR150/058/SRR15032658/SRR15032658_1.fastq.gz;ftp.sra.ebi.ac.uk/vol1/fastq/SRR150/058/SRR15032658/SRR15032658_2.fastq.gz	20976871;21409241	2021-07-05	SUB9950931
SRR15032665	SAMN20032620	SRS9385061	PRJNA743406	SRX11344183	2102	Mycoplasma mycoides	ILLUMINA	NextSeq 550	PAIRED	WGS	GENOMIC	RANDOM	252702	19205352	ftp.sra.ebi.ac.uk/vol1/fastq/SRR150/065/SRR15032665/SRR15032665_1.fastq.gz;ftp.sra.ebi.ac.uk/vol1/fastq/SRR150/065/SRR15032665/SRR15032665_2.fastq.gz	5801493;5965305	2021-07-05	SUB9950931
SRR15032678	SAMN20032746	SRS9385048	PRJNA743406	SRX11344170	2102	Mycoplasma mycoides	ILLUMINA	NextSeq 550	PAIRED	WGS	GENOMIC	RANDOM	472574	35915624	ftp.sra.ebi.ac.uk/vol1/fastq/SRR150/078/SRR15032678/SRR15032678_1.fastq.gz;ftp.sra.ebi.ac.uk/vol1/fastq/SRR150/078/SRR15032678/SRR15032678_2.fastq.gz	10771936;11002412	2021-07-05	SUB9950931
SRR15032688	SAMN20032737	SRS9385038	PRJNA743406	SRX11344160	2102	Mycoplasma mycoides	ILLUMINA	NextSeq 550	PAIRED	WGS	GENOMIC	RANDOM	741822	56378472	ftp.sra.ebi.ac.uk/vol1/fastq/SRR150/088/SRR15032688/SRR15032688_1.fastq.gz;ftp.sra.ebi.ac.uk/vol1/fastq/SRR150/088/SRR15032688/SRR15032688_2.fastq.gz	16928497;17393159	2021-07-05	SUB9950931
SRR15032689	SAMN20032736	SRS9385037	PRJNA743406	SRX11344159	2102	Mycoplasma mycoides	ILLUMINA	NextSeq 550	PAIRED	WGS	GENOMIC	RANDOM	723839	55011764	ftp.sra.ebi.ac.uk/vol1/fastq/SRR150/089/SRR15032689/SRR15032689_1.fastq.gz;ftp.sra.ebi.ac.uk/vol1/fastq/SRR150/089/SRR15032689/SRR15032689_2.fastq.gz	16497970;16934696	2021-07-05	SUB9950931
SRR15032690	SAMN20032735	SRS9385036	PRJNA743406	SRX11344158	2102	Mycoplasma mycoides	ILLUMINA	NextSeq 550	PAIRED	WGS	GENOMIC	RANDOM	1063272	80808672	ftp.sra.ebi.ac.uk/vol1/fastq/SRR150/090/SRR15032690/SRR15032690_1.fastq.gz;ftp.sra.ebi.ac.uk/vol1/fastq/SRR150/090/SRR15032690/SRR15032690_2.fastq.gz	24313733;24885526	2021-07-05	SUB9950931
SRR15032706	SAMN20032613	SRS9385020	PRJNA743406	SRX11344142	2102	Mycoplasma mycoides	ILLUMINA	NextSeq 550	PAIRED	WGS	GENOMIC	RANDOM	400871	30466196	ftp.sra.ebi.ac.uk/vol1/fastq/SRR150/006/SRR15032706/SRR15032706_1.fastq.gz;ftp.sra.ebi.ac.uk/vol1/fastq/SRR150/006/SRR15032706/SRR15032706_2.fastq.gz	9173526;9330993	2021-07-05	SUB9950931
SRR15032710	SAMN20032717	SRS9385015	PRJNA743406	SRX11344138	2102	Mycoplasma mycoides	ILLUMINA	NextSeq 550	PAIRED	WGS	GENOMIC	RANDOM	584424	44416224	ftp.sra.ebi.ac.uk/vol1/fastq/SRR150/010/SRR15032710/SRR15032710_1.fastq.gz;ftp.sra.ebi.ac.uk/vol1/fastq/SRR150/010/SRR15032710/SRR15032710_2.fastq.gz	13384281;13656219	2021-07-05	SUB9950931
SRR15032712	SAMN20032715	SRS9385014	PRJNA743406	SRX11344136	2102	Mycoplasma mycoides	ILLUMINA	NextSeq 550	PAIRED	WGS	GENOMIC	RANDOM	178395	13558020	ftp.sra.ebi.ac.uk/vol1/fastq/SRR150/012/SRR15032712/SRR15032712_1.fastq.gz;ftp.sra.ebi.ac.uk/vol1/fastq/SRR150/012/SRR15032712/SRR15032712_2.fastq.gz	4078459;4170909	2021-07-05	SUB9950931
SRR15032713	SAMN20032714	SRS9385013	PRJNA743406	SRX11344135	2102	Mycoplasma mycoides	ILLUMINA	NextSeq 550	PAIRED	WGS	GENOMIC	RANDOM	550707	41853732	ftp.sra.ebi.ac.uk/vol1/fastq/SRR150/013/SRR15032713/SRR15032713_1.fastq.gz;ftp.sra.ebi.ac.uk/vol1/fastq/SRR150/013/SRR15032713/SRR15032713_2.fastq.gz	12678467;12960264	2021-07-05	SUB9950931
SRR15032716	SAMN20032711	SRS9385011	PRJNA743406	SRX11344132	2102	Mycoplasma mycoides	ILLUMINA	NextSeq 550	PAIRED	WGS	GENOMIC	RANDOM	834372	63412272	ftp.sra.ebi.ac.uk/vol1/fastq/SRR150/016/SRR15032716/SRR15032716_1.fastq.gz;ftp.sra.ebi.ac.uk/vol1/fastq/SRR150/016/SRR15032716/SRR15032716_2.fastq.gz	19196296;19598073	2021-07-05	SUB9950931
SRR15032721	SAMN20032707	SRS9385005	PRJNA743406	SRX11344127	2102	Mycoplasma mycoides	ILLUMINA	NextSeq 550	PAIRED	WGS	GENOMIC	RANDOM	623549	47389724	ftp.sra.ebi.ac.uk/vol1/fastq/SRR150/021/SRR15032721/SRR15032721_1.fastq.gz;ftp.sra.ebi.ac.uk/vol1/fastq/SRR150/021/SRR15032721/SRR15032721_2.fastq.gz	14328614;14676768	2021-07-05	SUB9950931
SRR15032725	SAMN20032703	SRS9385001	PRJNA743406	SRX11344123	2102	Mycoplasma mycoides	ILLUMINA	NextSeq 550	PAIRED	WGS	GENOMIC	RANDOM	476488	36213088	ftp.sra.ebi.ac.uk/vol1/fastq/SRR150/025/SRR15032725/SRR15032725_1.fastq.gz;ftp.sra.ebi.ac.uk/vol1/fastq/SRR150/025/SRR15032725/SRR15032725_2.fastq.gz	10941416;11180422	2021-07-05	SUB9950931
SRR15032728	SAMN20032611	SRS9384997	PRJNA743406	SRX11344120	2102	Mycoplasma mycoides	ILLUMINA	NextSeq 550	PAIRED	WGS	GENOMIC	RANDOM	3875153	294511628	ftp.sra.ebi.ac.uk/vol1/fastq/SRR150/028/SRR15032728/SRR15032728_1.fastq.gz;ftp.sra.ebi.ac.uk/vol1/fastq/SRR150/028/SRR15032728/SRR15032728_2.fastq.gz	87880911;90214779	2021-07-05	SUB9950931
SRR15282900	SAMN20447761	SRS9621094	PRJNA750283	SRX11587783	2725268	Hujiaoplasma nucleasis	ILLUMINA	Illumina NovaSeq 6000	SINGLE	RNA-Seq	TRANSCRIPTOMIC SINGLE CELL	ChIP	4089132	1223796150	ftp.sra.ebi.ac.uk/vol1/fastq/SRR152/000/SRR15282900/SRR15282900.fastq.gz;ftp.sra.ebi.ac.uk/vol1/fastq/SRR152/000/SRR15282900/SRR15282900_1.fastq.gz;ftp.sra.ebi.ac.uk/vol1/fastq/SRR152/000/SRR15282900/SRR15282900_2.fastq.gz	910290;84742837;93027382	2021-08-25	SUB10096434
SRR16501720	SAMN19836676	SRS10654477	PRJNA740265	SRX12704553	2852100	Candidatus Phytoplasma sp. AldY-WA1	OXFORD_NANOPORE	MinION	SINGLE	WGS	GENOMIC	RANDOM	1673211	4406472562	ftp.sra.ebi.ac.uk/vol1/fastq/SRR165/020/SRR16501720/SRR16501720_1.fastq.gz	4687809535	2021-10-23	SUB10517011
SRR17026580	SAMN23421098	SRS11142276	PRJNA783170	SRX13216605	1179777	Mycoplasma feriruminatoris	ILLUMINA	Illumina MiSeq	PAIRED	WGS	GENOMIC	RANDOM	244074	110404614	ftp.sra.ebi.ac.uk/vol1/fastq/SRR170/080/SRR17026580/SRR17026580_1.fastq.gz;ftp.sra.ebi.ac.uk/vol1/fastq/SRR170/080/SRR17026580/SRR17026580_2.fastq.gz	28583638;32225107	2022-12-23	SUB10712820
SRR17026581	SAMN23421097	SRS11142275	PRJNA783170	SRX13216604	1179777	Mycoplasma feriruminatoris	OXFORD_NANOPORE	GridION	SINGLE	WGS	GENOMIC	RANDOM	86599	842604835	ftp.sra.ebi.ac.uk/vol1/fastq/SRR170/081/SRR17026581/SRR17026581_1.fastq.gz	810702820	2022-12-23	SUB10712820
SRR17035812	SAMN23401483	SRS11151133	PRJNA673092	SRX13225752	2108	Mycoplasma sp.	ILLUMINA	Illumina iSeq 100	PAIRED	WGS	METAGENOMIC	other	588768	174643184	ftp.sra.ebi.ac.uk/vol1/fastq/SRR170/012/SRR17035812/SRR17035812_1.fastq.gz;ftp.sra.ebi.ac.uk/vol1/fastq/SRR170/012/SRR17035812/SRR17035812_2.fastq.gz	39289612;41428956	2025-11-29	SUB10713995
SRR17035814	SAMN23401533	SRS11151131	PRJNA673092	SRX13225750	2108	Mycoplasma sp.	ILLUMINA	Illumina iSeq 100	PAIRED	WGS	METAGENOMIC	other	482582	139545531	ftp.sra.ebi.ac.uk/vol1/fastq/SRR170/014/SRR17035814/SRR17035814_1.fastq.gz;ftp.sra.ebi.ac.uk/vol1/fastq/SRR170/014/SRR17035814/SRR17035814_2.fastq.gz	32981931;34715594	2025-11-29	SUB10713995
SRR17035821	SAMN23401526	SRS11151124	PRJNA673092	SRX13225743	2108	Mycoplasma sp.	ILLUMINA	Illumina iSeq 100	PAIRED	WGS	METAGENOMIC	other	454422	134887009	ftp.sra.ebi.ac.uk/vol1/fastq/SRR170/021/SRR17035821/SRR17035821_1.fastq.gz;ftp.sra.ebi.ac.uk/vol1/fastq/SRR170/021/SRR17035821/SRR17035821_2.fastq.gz	30809441;31895572	2025-11-29	SUB10713995
SRR17035829	SAMN23401519	SRS11151116	PRJNA673092	SRX13225735	2108	Mycoplasma sp.	ILLUMINA	Illumina iSeq 100	PAIRED	WGS	METAGENOMIC	other	851809	251419585	ftp.sra.ebi.ac.uk/vol1/fastq/SRR170/029/SRR17035829/SRR17035829_1.fastq.gz;ftp.sra.ebi.ac.uk/vol1/fastq/SRR170/029/SRR17035829/SRR17035829_2.fastq.gz	55684072;57928495	2025-11-29	SUB10713995
SRR17035831	SAMN23401517	SRS11151114	PRJNA673092	SRX13225733	2108	Mycoplasma sp.	ILLUMINA	Illumina iSeq 100	PAIRED	WGS	METAGENOMIC	other	725961	214319210	ftp.sra.ebi.ac.uk/vol1/fastq/SRR170/031/SRR17035831/SRR17035831_1.fastq.gz;ftp.sra.ebi.ac.uk/vol1/fastq/SRR170/031/SRR17035831/SRR17035831_2.fastq.gz	49713498;53695418	2025-11-29	SUB10713995
SRR17035837	SAMN23401512	SRS11151108	PRJNA673092	SRX13225727	2108	Mycoplasma sp.	ILLUMINA	Illumina iSeq 100	PAIRED	WGS	METAGENOMIC	other	744136	218899575	ftp.sra.ebi.ac.uk/vol1/fastq/SRR170/037/SRR17035837/SRR17035837_1.fastq.gz;ftp.sra.ebi.ac.uk/vol1/fastq/SRR170/037/SRR17035837/SRR17035837_2.fastq.gz	48878942;49883638	2025-11-29	SUB10713995
SRR17035839	SAMN23401510	SRS11151106	PRJNA673092	SRX13225725	2108	Mycoplasma sp.	ILLUMINA	Illumina iSeq 100	PAIRED	WGS	METAGENOMIC	other	587562	173304905	ftp.sra.ebi.ac.uk/vol1/fastq/SRR170/039/SRR17035839/SRR17035839_1.fastq.gz;ftp.sra.ebi.ac.uk/vol1/fastq/SRR170/039/SRR17035839/SRR17035839_2.fastq.gz	41971183;45446092	2025-11-29	SUB10713995
SRR17035841	SAMN23401508	SRS11151104	PRJNA673092	SRX13225723	2108	Mycoplasma sp.	ILLUMINA	Illumina iSeq 100	PAIRED	WGS	METAGENOMIC	other	744020	216530441	ftp.sra.ebi.ac.uk/vol1/fastq/SRR170/041/SRR17035841/SRR17035841_1.fastq.gz;ftp.sra.ebi.ac.uk/vol1/fastq/SRR170/041/SRR17035841/SRR17035841_2.fastq.gz	50871270;53164928	2025-11-29	SUB10713995
SRR17035843	SAMN23401506	SRS11151102	PRJNA673092	SRX13225721	2108	Mycoplasma sp.	ILLUMINA	Illumina iSeq 100	PAIRED	WGS	METAGENOMIC	other	587366	172456579	ftp.sra.ebi.ac.uk/vol1/fastq/SRR170/043/SRR17035843/SRR17035843_1.fastq.gz;ftp.sra.ebi.ac.uk/vol1/fastq/SRR170/043/SRR17035843/SRR17035843_2.fastq.gz	38834198;42295077	2025-11-29	SUB10713995
SRR17035846	SAMN23401504	SRS11151099	PRJNA673092	SRX13225718	2108	Mycoplasma sp.	ILLUMINA	Illumina iSeq 100	PAIRED	WGS	METAGENOMIC	other	564716	166733554	ftp.sra.ebi.ac.uk/vol1/fastq/SRR170/046/SRR17035846/SRR17035846_1.fastq.gz;ftp.sra.ebi.ac.uk/vol1/fastq/SRR170/046/SRR17035846/SRR17035846_2.fastq.gz	37205065;39984387	2025-11-29	SUB10713995
SRR17035847	SAMN23401503	SRS11151098	PRJNA673092	SRX13225717	2108	Mycoplasma sp.	ILLUMINA	Illumina iSeq 100	PAIRED	WGS	METAGENOMIC	other	756206	222815664	ftp.sra.ebi.ac.uk/vol1/fastq/SRR170/047/SRR17035847/SRR17035847_1.fastq.gz;ftp.sra.ebi.ac.uk/vol1/fastq/SRR170/047/SRR17035847/SRR17035847_2.fastq.gz	50353401;53736705	2025-11-29	SUB10713995
SRR17035852	SAMN23401498	SRS11151093	PRJNA673092	SRX13225712	2108	Mycoplasma sp.	ILLUMINA	Illumina iSeq 100	PAIRED	WGS	METAGENOMIC	other	975924	287872419	ftp.sra.ebi.ac.uk/vol1/fastq/SRR170/052/SRR17035852/SRR17035852_1.fastq.gz;ftp.sra.ebi.ac.uk/vol1/fastq/SRR170/052/SRR17035852/SRR17035852_2.fastq.gz	64910522;70375617	2025-11-29	SUB10713995
SRR17035855	SAMN23401478	SRS11151090	PRJNA673092	SRX13225709	2108	Mycoplasma sp.	ILLUMINA	Illumina iSeq 100	PAIRED	WGS	METAGENOMIC	other	659535	195588894	ftp.sra.ebi.ac.uk/vol1/fastq/SRR170/055/SRR17035855/SRR17035855_1.fastq.gz;ftp.sra.ebi.ac.uk/vol1/fastq/SRR170/055/SRR17035855/SRR17035855_2.fastq.gz	44131325;45193826	2025-11-29	SUB10713995
SRR17035856	SAMN23401495	SRS11151089	PRJNA673092	SRX13225708	2108	Mycoplasma sp.	ILLUMINA	Illumina iSeq 100	PAIRED	WGS	METAGENOMIC	other	581828	172338422	ftp.sra.ebi.ac.uk/vol1/fastq/SRR170/056/SRR17035856/SRR17035856_1.fastq.gz;ftp.sra.ebi.ac.uk/vol1/fastq/SRR170/056/SRR17035856/SRR17035856_2.fastq.gz	38736222;40940564	2025-11-29	SUB10713995
SRR17035859	SAMN23401492	SRS11151086	PRJNA673092	SRX13225705	2108	Mycoplasma sp.	ILLUMINA	Illumina iSeq 100	PAIRED	WGS	METAGENOMIC	other	753479	219154460	ftp.sra.ebi.ac.uk/vol1/fastq/SRR170/059/SRR17035859/SRR17035859_1.fastq.gz;ftp.sra.ebi.ac.uk/vol1/fastq/SRR170/059/SRR17035859/SRR17035859_2.fastq.gz	50235623;52947018	2025-11-29	SUB10713995
SRR17035861	SAMN23401490	SRS11151084	PRJNA673092	SRX13225703	2108	Mycoplasma sp.	ILLUMINA	Illumina iSeq 100	PAIRED	WGS	METAGENOMIC	other	903463	265134957	ftp.sra.ebi.ac.uk/vol1/fastq/SRR170/061/SRR17035861/SRR17035861_1.fastq.gz;ftp.sra.ebi.ac.uk/vol1/fastq/SRR170/061/SRR17035861/SRR17035861_2.fastq.gz	60563192;64186604	2025-11-29	SUB10713995
SRR17243287	SAMN24039004	SRS11323748	PRJNA788900	SRX13422336	2146	Acholeplasmataceae	ILLUMINA	Illumina NovaSeq 6000	PAIRED	AMPLICON	GENOMIC	PCR	80231	33696516	ftp.sra.ebi.ac.uk/vol1/fastq/SRR172/087/SRR17243287/SRR17243287_1.fastq.gz;ftp.sra.ebi.ac.uk/vol1/fastq/SRR172/087/SRR17243287/SRR17243287_2.fastq.gz	3003066;2805820	2021-12-16	SUB10800134
SRR17243295	SAMN24039000	SRS11323740	PRJNA788900	SRX13422328	2146	Acholeplasmataceae	ILLUMINA	Illumina NovaSeq 6000	PAIRED	AMPLICON	GENOMIC	PCR	91693	38508304	ftp.sra.ebi.ac.uk/vol1/fastq/SRR172/095/SRR17243295/SRR17243295_1.fastq.gz;ftp.sra.ebi.ac.uk/vol1/fastq/SRR172/095/SRR17243295/SRR17243295_2.fastq.gz	3636349;3266195	2021-12-16	SUB10800134
SRR17695994	SAMN23742857	SRS11733422	PRJNA762720	SRX13859181	2904537	Spiroplasma attinicola	ILLUMINA	Illumina MiSeq	PAIRED	WGS	GENOMIC	RANDOM	613607	308030714	ftp.sra.ebi.ac.uk/vol1/fastq/SRR176/094/SRR17695994/SRR17695994_1.fastq.gz;ftp.sra.ebi.ac.uk/vol1/fastq/SRR176/094/SRR17695994/SRR17695994_2.fastq.gz	86707254;101306046	2022-01-24	SUB10968732
SRR17695995	SAMN21844336	SRS11733421	PRJNA762720	SRX13859180	2878854	Mesoplasma whartonense	ILLUMINA	Illumina MiSeq	PAIRED	WGS	GENOMIC	RANDOM	1077102	540705204	ftp.sra.ebi.ac.uk/vol1/fastq/SRR176/095/SRR17695995/SRR17695995_1.fastq.gz;ftp.sra.ebi.ac.uk/vol1/fastq/SRR176/095/SRR17695995/SRR17695995_2.fastq.gz	167757789;194000372	2022-01-24	SUB10968732
SRR17696000	SAMN21844331	SRS11733417	PRJNA762720	SRX13859175	2878854	Mesoplasma whartonense	ILLUMINA	Illumina MiSeq	PAIRED	WGS	GENOMIC	RANDOM	518539	260306578	ftp.sra.ebi.ac.uk/vol1/fastq/SRR176/000/SRR17696000/SRR17696000_1.fastq.gz;ftp.sra.ebi.ac.uk/vol1/fastq/SRR176/000/SRR17696000/SRR17696000_2.fastq.gz	76255881;86722288	2022-01-24	SUB10968732
SRR17696002	SAMN23742859	SRS11733413	PRJNA762720	SRX13859173	2904537	Spiroplasma attinicola	ILLUMINA	Illumina MiSeq	PAIRED	WGS	GENOMIC	RANDOM	474502	238200004	ftp.sra.ebi.ac.uk/vol1/fastq/SRR176/002/SRR17696002/SRR17696002_1.fastq.gz;ftp.sra.ebi.ac.uk/vol1/fastq/SRR176/002/SRR17696002/SRR17696002_2.fastq.gz	68330226;83145953	2022-01-24	SUB10968732
SRR1797141	SAMN02584924	SRS842374	PRJNA185223	SRX871922	1278304	Acholeplasma granularum ATCC 19168	ILLUMINA	Illumina HiSeq 2000	PAIRED	WGS	GENOMIC	RANDOM	1634831	490449300	ftp.sra.ebi.ac.uk/vol1/fastq/SRR179/001/SRR1797141/SRR1797141_1.fastq.gz;ftp.sra.ebi.ac.uk/vol1/fastq/SRR179/001/SRR1797141/SRR1797141_2.fastq.gz	193285774;196553397	2015-03-11	JGI
SRR1797452	SAMN02584997	SRS842507	PRJNA218805	SRX872127	1399796	Williamsoniiplasma luminosum ATCC 49195	ILLUMINA	Illumina HiSeq 2000	PAIRED	WGS	GENOMIC	RANDOM	8770928	2631278400	ftp.sra.ebi.ac.uk/vol1/fastq/SRR179/002/SRR1797452/SRR1797452_1.fastq.gz;ftp.sra.ebi.ac.uk/vol1/fastq/SRR179/002/SRR1797452/SRR1797452_2.fastq.gz	991364746;992282482	2015-03-11	JGI
SRR18884269	SAMN27736172	SRS12713216	PRJNA830658	SRX14962866	69896	Candidatus Phytoplasma solani	OXFORD_NANOPORE	MinION	SINGLE	WGS	GENOMIC	RANDOM	155909	257361366	ftp.sra.ebi.ac.uk/vol1/fastq/SRR188/069/SRR18884269/SRR18884269_1.fastq.gz	267057535	2024-01-28	SUB11359703
SRR19140298	SAMN28048762	SRS12946069	PRJNA834592	SRX15207387	2754999	Candidatus Phytoplasma australasiaticum	OXFORD_NANOPORE	MinION	SINGLE	WGS	GENOMIC	RANDOM	423744	4205100642	ftp.sra.ebi.ac.uk/vol1/fastq/SRR191/098/SRR19140298/SRR19140298_1.fastq.gz	3867591075	2023-07-01	SUB11454087
SRR19140301	SAMN28048762	SRS12946069	PRJNA834592	SRX15207384	2754999	Candidatus Phytoplasma australasiaticum	ILLUMINA	Illumina NovaSeq 6000	PAIRED	WGS	GENOMIC	RANDOM	28750864	8682760928	ftp.sra.ebi.ac.uk/vol1/fastq/SRR191/001/SRR19140301/SRR19140301_1.fastq.gz;ftp.sra.ebi.ac.uk/vol1/fastq/SRR191/001/SRR19140301/SRR19140301_2.fastq.gz	1480910091;1483533294	2023-07-01	SUB11454087
SRR19178417	SAMN28206354	SRS12976674	PRJNA837572	SRX15243743	85620	Candidatus Phytoplasma asteris	ILLUMINA	Illumina MiSeq	PAIRED	Targeted-Capture	GENOMIC	size fractionation	86025	36461436	ftp.sra.ebi.ac.uk/vol1/fastq/SRR191/017/SRR19178417/SRR19178417_1.fastq.gz;ftp.sra.ebi.ac.uk/vol1/fastq/SRR191/017/SRR19178417/SRR19178417_2.fastq.gz	10233181;11096748	2022-05-14	SUB11459140
SRR19178429	SAMN28206349	SRS12976662	PRJNA837572	SRX15243731	85620	Candidatus Phytoplasma asteris	ILLUMINA	Illumina MiSeq	PAIRED	Targeted-Capture	GENOMIC	size fractionation	52429	26281620	ftp.sra.ebi.ac.uk/vol1/fastq/SRR191/029/SRR19178429/SRR19178429_1.fastq.gz;ftp.sra.ebi.ac.uk/vol1/fastq/SRR191/029/SRR19178429/SRR19178429_2.fastq.gz	7661374;8468067	2022-05-14	SUB11459140
SRR19355472	SAMN28422185	SRS13139210	PRJNA838420	SRX15414261	131152	Candidatus Phytoplasma vitis	ILLUMINA	Illumina NovaSeq 6000	PAIRED	WGS	GENOMIC	unspecified	64453416	19464931632	ftp.sra.ebi.ac.uk/vol1/fastq/SRR193/072/SRR19355472/SRR19355472_1.fastq.gz;ftp.sra.ebi.ac.uk/vol1/fastq/SRR193/072/SRR19355472/SRR19355472_2.fastq.gz	4374821393;4643362165	2022-12-24	SUB11510374
SRR20045366	SAMN29590209	SRS13749931	PRJNA856806	SRX16083862	519450	Mycoplasma anserisalpingitidis	ILLUMINA	NextSeq 500	SINGLE	WGS	GENOMIC	other	4230728	470581058	ftp.sra.ebi.ac.uk/vol1/fastq/SRR200/066/SRR20045366/SRR20045366.fastq.gz	295900289	2025-01-02	SUB11731176
SRR20324745	SAMN29722629	SRS13995692	PRJNA673092	SRX16357972	2683645	unclassified Mycoplasma	ILLUMINA	Illumina iSeq 100	PAIRED	WGS	METAGENOMIC	other	588507	170146084	ftp.sra.ebi.ac.uk/vol1/fastq/SRR203/045/SRR20324745/SRR20324745_1.fastq.gz;ftp.sra.ebi.ac.uk/vol1/fastq/SRR203/045/SRR20324745/SRR20324745_2.fastq.gz	38455473;40192234	2026-07-16	SUB11799594
SRR20897171	SAMN27545508	SRS14503189	PRJNA839414	SRX16915812	307134	Columbia Basin potato purple top phytoplasma	ILLUMINA	Illumina HiSeq 4000	PAIRED	WGS	GENOMIC	RANDOM	32414652	9724395600	ftp.sra.ebi.ac.uk/vol1/fastq/SRR208/071/SRR20897171/SRR20897171_1.fastq.gz;ftp.sra.ebi.ac.uk/vol1/fastq/SRR208/071/SRR20897171/SRR20897171_2.fastq.gz	2446591891;2665467439	2023-02-09	SUB11893795
SRR23638656	SAMN33477935	SRS16908171	PRJNA939501	SRX19521404	40480	Mycoplasma capricolum subsp. capripneumoniae	ILLUMINA	Illumina MiSeq	PAIRED	WGS	GENOMIC	RANDOM	7192346	2172088492	ftp.sra.ebi.ac.uk/vol1/fastq/SRR236/056/SRR23638656/SRR23638656_1.fastq.gz;ftp.sra.ebi.ac.uk/vol1/fastq/SRR236/056/SRR23638656/SRR23638656_2.fastq.gz	365647751;366319047	2023-06-05	SUB12865123
SRR23692423	SAMN33549442	SRS16939402	PRJNA939941	SRX19554651	479893	Candidatus Phytoplasma pruni	OXFORD_NANOPORE	MinION	SINGLE	WGS	METAGENOMIC	RANDOM	1704843	27918742343	ftp.sra.ebi.ac.uk/vol1/fastq/SRR236/023/SRR23692423/SRR23692423_1.fastq.gz	27219938156	2023-03-04	SUB12929566
SRR24128046	SAMN34138617	SRS17277953	PRJNA954307	SRX19926913	2102	Mycoplasma mycoides	ILLUMINA	Illumina MiSeq	PAIRED	WGS	GENOMIC	RANDOM	298868	160597809	ftp.sra.ebi.ac.uk/vol1/fastq/SRR241/046/SRR24128046/SRR24128046_1.fastq.gz;ftp.sra.ebi.ac.uk/vol1/fastq/SRR241/046/SRR24128046/SRR24128046_2.fastq.gz	43197546;56926007	2023-04-14	SUB12998481
SRR24128050	SAMN34138613	SRS17277949	PRJNA954307	SRX19926909	2102	Mycoplasma mycoides	ILLUMINA	Illumina MiSeq	PAIRED	WGS	GENOMIC	RANDOM	335998	178440781	ftp.sra.ebi.ac.uk/vol1/fastq/SRR241/050/SRR24128050/SRR24128050_1.fastq.gz;ftp.sra.ebi.ac.uk/vol1/fastq/SRR241/050/SRR24128050/SRR24128050_2.fastq.gz	47071081;61603582	2023-04-14	SUB12998481
SRR24128054	SAMN34138618	SRS17277945	PRJNA954307	SRX19926905	2102	Mycoplasma mycoides	ILLUMINA	Illumina MiSeq	PAIRED	WGS	GENOMIC	RANDOM	392645	210510292	ftp.sra.ebi.ac.uk/vol1/fastq/SRR241/054/SRR24128054/SRR24128054_1.fastq.gz;ftp.sra.ebi.ac.uk/vol1/fastq/SRR241/054/SRR24128054/SRR24128054_2.fastq.gz	57050925;75680977	2023-04-14	SUB12998481
SRR24128055	SAMN34138609	SRS17277944	PRJNA954307	SRX19926904	2102	Mycoplasma mycoides	ILLUMINA	Illumina MiSeq	PAIRED	WGS	GENOMIC	RANDOM	347172	187742121	ftp.sra.ebi.ac.uk/vol1/fastq/SRR241/055/SRR24128055/SRR24128055_1.fastq.gz;ftp.sra.ebi.ac.uk/vol1/fastq/SRR241/055/SRR24128055/SRR24128055_2.fastq.gz	49982883;66565844	2023-04-14	SUB12998481
SRR24310308	SAMN34292745	SRS17436226	PRJNA958240	SRX20105302	479893	Candidatus Phytoplasma pruni	OXFORD_NANOPORE	MinION	SINGLE	WGS	GENOMIC	5-methylcytidine antibody	1891053	3929736306	ftp.sra.ebi.ac.uk/vol1/fastq/SRR243/008/SRR24310308/SRR24310308_1.fastq.gz	4204984193	2024-12-01	SUB13173934
SRR24576248	SAMN35100866	SRS17676625	PRJNA972635	SRX20359617	2093	Mycoplasma	ILLUMINA	Illumina HiSeq 4000	PAIRED	RNA-Seq	TRANSCRIPTOMIC	cDNA	7816679	2345003700	ftp.sra.ebi.ac.uk/vol1/fastq/SRR245/048/SRR24576248/SRR24576248_1.fastq.gz;ftp.sra.ebi.ac.uk/vol1/fastq/SRR245/048/SRR24576248/SRR24576248_2.fastq.gz	453101445;492858128	2024-07-01	SUB13350218
SRR24576252	SAMN35084584	SRS17676621	PRJNA972635	SRX20359613	2093	Mycoplasma	ILLUMINA	Illumina HiSeq 4000	PAIRED	RNA-Seq	TRANSCRIPTOMIC	cDNA	8745308	2623592400	ftp.sra.ebi.ac.uk/vol1/fastq/SRR245/052/SRR24576252/SRR24576252_1.fastq.gz;ftp.sra.ebi.ac.uk/vol1/fastq/SRR245/052/SRR24576252/SRR24576252_2.fastq.gz	503006321;519258385	2024-07-01	SUB13350218
SRR24654889	SAMN04868714	SRS17741547	PRJNA318828	SRX20434752	72990	Candidatus Phytoplasma cynodontis	OXFORD_NANOPORE	MinION	SINGLE	WGS	GENOMIC	RANDOM	546782	11650932768	ftp.sra.ebi.ac.uk/vol1/fastq/SRR246/089/SRR24654889/SRR24654889_1.fastq.gz	11400897738	2023-06-05	SUB13395188
SRR24890053	SAMN35327278	SRS17950101	PRJNA975436	SRX20652350	85620	Candidatus Phytoplasma asteris	ILLUMINA	Illumina HiSeq 2500	PAIRED	WGS	GENOMIC	RANDOM	1058282	523209931	ftp.sra.ebi.ac.uk/vol1/fastq/SRR248/053/SRR24890053/SRR24890053_1.fastq.gz;ftp.sra.ebi.ac.uk/vol1/fastq/SRR248/053/SRR24890053/SRR24890053_2.fastq.gz	142569913;162607731	2024-06-24	SUB13511786
SRR24890054	SAMN35528337	SRS17950102	PRJNA975459	SRX20652351	85620	Candidatus Phytoplasma asteris	ILLUMINA	Illumina HiSeq 2500	PAIRED	WGS	GENOMIC	RANDOM	1084125	537610910	ftp.sra.ebi.ac.uk/vol1/fastq/SRR248/054/SRR24890054/SRR24890054_1.fastq.gz;ftp.sra.ebi.ac.uk/vol1/fastq/SRR248/054/SRR24890054/SRR24890054_2.fastq.gz	145779513;167067533	2024-06-24	SUB13514244
SRR26453578	SAMN37908289	SRS19216808	PRJNA1030417	SRX22157847	29552	Haploplasma axanthum	ILLUMINA	Illumina HiSeq 4000	PAIRED	AMPLICON	SYNTHETIC	RT-PCR	19923896	6017016592	ftp.sra.ebi.ac.uk/vol1/fastq/SRR264/078/SRR26453578/SRR26453578_1.fastq.gz;ftp.sra.ebi.ac.uk/vol1/fastq/SRR264/078/SRR26453578/SRR26453578_2.fastq.gz	469511517;492318917	2023-10-21	SUB13915823
SRR26453593	SAMN37908276	SRS19216794	PRJNA1030417	SRX22157833	29552	Haploplasma axanthum	ILLUMINA	Illumina HiSeq 4000	PAIRED	AMPLICON	SYNTHETIC	RT-PCR	29160367	8806430834	ftp.sra.ebi.ac.uk/vol1/fastq/SRR264/093/SRR26453593/SRR26453593_1.fastq.gz;ftp.sra.ebi.ac.uk/vol1/fastq/SRR264/093/SRR26453593/SRR26453593_2.fastq.gz	660846841;683988204	2023-10-21	SUB13915823
SRR26453600	SAMN37908269	SRS19216786	PRJNA1030417	SRX22157825	29552	Haploplasma axanthum	ILLUMINA	Illumina HiSeq 4000	PAIRED	AMPLICON	SYNTHETIC	RT-PCR	25692546	7759148892	ftp.sra.ebi.ac.uk/vol1/fastq/SRR264/000/SRR26453600/SRR26453600_1.fastq.gz;ftp.sra.ebi.ac.uk/vol1/fastq/SRR264/000/SRR26453600/SRR26453600_2.fastq.gz	581807620;614180180	2023-10-21	SUB13915823
SRR26453601	SAMN37908268	SRS19216785	PRJNA1030417	SRX22157824	29552	Haploplasma axanthum	ILLUMINA	Illumina HiSeq 4000	PAIRED	AMPLICON	SYNTHETIC	RT-PCR	28041056	8468398912	ftp.sra.ebi.ac.uk/vol1/fastq/SRR264/001/SRR26453601/SRR26453601_1.fastq.gz;ftp.sra.ebi.ac.uk/vol1/fastq/SRR264/001/SRR26453601/SRR26453601_2.fastq.gz	649763622;666331116	2023-10-21	SUB13915823
SRR26453605	SAMN37908264	SRS19216781	PRJNA1030417	SRX22157820	29552	Haploplasma axanthum	ILLUMINA	Illumina HiSeq 4000	PAIRED	AMPLICON	SYNTHETIC	RT-PCR	26877713	8117069326	ftp.sra.ebi.ac.uk/vol1/fastq/SRR264/005/SRR26453605/SRR26453605_1.fastq.gz;ftp.sra.ebi.ac.uk/vol1/fastq/SRR264/005/SRR26453605/SRR26453605_2.fastq.gz	625288617;636832830	2023-10-21	SUB13915823
SRR26453622	SAMN37908249	SRS19216764	PRJNA1030417	SRX22157803	29552	Haploplasma axanthum	ILLUMINA	Illumina HiSeq 4000	PAIRED	AMPLICON	SYNTHETIC	RT-PCR	25379987	7664756074	ftp.sra.ebi.ac.uk/vol1/fastq/SRR264/022/SRR26453622/SRR26453622_1.fastq.gz;ftp.sra.ebi.ac.uk/vol1/fastq/SRR264/022/SRR26453622/SRR26453622_2.fastq.gz	560746555;530627257	2023-10-21	SUB13915823
SRR26453625	SAMN37908247	SRS19216762	PRJNA1030417	SRX22157801	29552	Haploplasma axanthum	ILLUMINA	Illumina HiSeq 4000	PAIRED	AMPLICON	SYNTHETIC	RT-PCR	15740860	4753739720	ftp.sra.ebi.ac.uk/vol1/fastq/SRR264/025/SRR26453625/SRR26453625_1.fastq.gz;ftp.sra.ebi.ac.uk/vol1/fastq/SRR264/025/SRR26453625/SRR26453625_2.fastq.gz	366320938;382195113	2023-10-21	SUB13915823
SRR26453628	SAMN37908244	SRS19216759	PRJNA1030417	SRX22157798	29552	Haploplasma axanthum	ILLUMINA	Illumina HiSeq 4000	PAIRED	AMPLICON	SYNTHETIC	RT-PCR	15704241	4742680782	ftp.sra.ebi.ac.uk/vol1/fastq/SRR264/028/SRR26453628/SRR26453628_1.fastq.gz;ftp.sra.ebi.ac.uk/vol1/fastq/SRR264/028/SRR26453628/SRR26453628_2.fastq.gz	376754931;399197394	2023-10-21	SUB13915823
SRR26877184	SAMN37287544	SRS19579523	PRJNA1013131	SRX22571732	2092	Mycoplasmataceae	ILLUMINA	NextSeq 500	PAIRED	AMPLICON	METAGENOMIC	PCR	61853	37235506	ftp.sra.ebi.ac.uk/vol1/fastq/SRR268/084/SRR26877184/SRR26877184_1.fastq.gz;ftp.sra.ebi.ac.uk/vol1/fastq/SRR268/084/SRR26877184/SRR26877184_2.fastq.gz	7974031;10443867	2024-10-27	SUB13818744
SRR27143833	SAMN38725605	SRS19807023	PRJNA1050060	SRX22825614	2103	Mycoplasma mycoides subsp. mycoides	ILLUMINA	Illumina HiSeq 2500	PAIRED	WGS	GENOMIC	PCR	6397110	3211349220	ftp.sra.ebi.ac.uk/vol1/fastq/SRR271/033/SRR27143833/SRR27143833_1.fastq.gz;ftp.sra.ebi.ac.uk/vol1/fastq/SRR271/033/SRR27143833/SRR27143833_2.fastq.gz	557410160;560776716	2023-12-10	SUB14025708
SRR27143834	SAMN38725604	SRS19807022	PRJNA1050060	SRX22825613	2103	Mycoplasma mycoides subsp. mycoides	ILLUMINA	Illumina HiSeq 2500	PAIRED	WGS	GENOMIC	PCR	5932476	2978102952	ftp.sra.ebi.ac.uk/vol1/fastq/SRR271/034/SRR27143834/SRR27143834_1.fastq.gz;ftp.sra.ebi.ac.uk/vol1/fastq/SRR271/034/SRR27143834/SRR27143834_2.fastq.gz	517619106;518520152	2023-12-10	SUB14025708
SRR27143846	SAMN38725610	SRS19807010	PRJNA1050060	SRX22825601	2103	Mycoplasma mycoides subsp. mycoides	ILLUMINA	Illumina HiSeq 2500	PAIRED	WGS	GENOMIC	PCR	7264861	3646960222	ftp.sra.ebi.ac.uk/vol1/fastq/SRR271/046/SRR27143846/SRR27143846_1.fastq.gz;ftp.sra.ebi.ac.uk/vol1/fastq/SRR271/046/SRR27143846/SRR27143846_2.fastq.gz	632243903;635897920	2023-12-10	SUB14025708
SRR27143848	SAMN38725608	SRS19807008	PRJNA1050060	SRX22825599	2103	Mycoplasma mycoides subsp. mycoides	ILLUMINA	Illumina HiSeq 2500	PAIRED	WGS	GENOMIC	PCR	6150465	3087533430	ftp.sra.ebi.ac.uk/vol1/fastq/SRR271/048/SRR27143848/SRR27143848_1.fastq.gz;ftp.sra.ebi.ac.uk/vol1/fastq/SRR271/048/SRR27143848/SRR27143848_2.fastq.gz	535983176;537863294	2023-12-10	SUB14025708
SRR27143850	SAMN38725598	SRS19807006	PRJNA1050060	SRX22825597	2103	Mycoplasma mycoides subsp. mycoides	ILLUMINA	Illumina HiSeq 2500	PAIRED	WGS	GENOMIC	PCR	6076017	3050160534	ftp.sra.ebi.ac.uk/vol1/fastq/SRR271/050/SRR27143850/SRR27143850_1.fastq.gz;ftp.sra.ebi.ac.uk/vol1/fastq/SRR271/050/SRR27143850/SRR27143850_2.fastq.gz	529912246;531842511	2023-12-10	SUB14025708
SRR27721525	SAMN39603556	SRS20248838	PRJNA1068805	SRX23387505	2103	Mycoplasma mycoides subsp. mycoides	ILLUMINA	Illumina HiSeq 4000	PAIRED	RNA-Seq	TRANSCRIPTOMIC	unspecified	11423334	3449846868	ftp.sra.ebi.ac.uk/vol1/fastq/SRR277/025/SRR27721525/SRR27721525_1.fastq.gz;ftp.sra.ebi.ac.uk/vol1/fastq/SRR277/025/SRR27721525/SRR27721525_2.fastq.gz	814122690;1129576122	2025-03-03	SUB14161378
SRR27721533	SAMN39603560	SRS20248842	PRJNA1068805	SRX23387497	1179777	Mycoplasma feriruminatoris	ILLUMINA	Illumina HiSeq 4000	PAIRED	RNA-Seq	TRANSCRIPTOMIC	unspecified	9757048	2946628496	ftp.sra.ebi.ac.uk/vol1/fastq/SRR277/033/SRR27721533/SRR27721533_1.fastq.gz;ftp.sra.ebi.ac.uk/vol1/fastq/SRR277/033/SRR27721533/SRR27721533_2.fastq.gz	691591012;948912918	2025-03-03	SUB14161378
SRR27721535	SAMN39603560	SRS20248842	PRJNA1068805	SRX23387495	1179777	Mycoplasma feriruminatoris	ILLUMINA	Illumina HiSeq 4000	PAIRED	RNA-Seq	TRANSCRIPTOMIC	unspecified	12272081	3706168462	ftp.sra.ebi.ac.uk/vol1/fastq/SRR277/035/SRR27721535/SRR27721535_1.fastq.gz;ftp.sra.ebi.ac.uk/vol1/fastq/SRR277/035/SRR27721535/SRR27721535_2.fastq.gz	856376686;1151597262	2025-03-03	SUB14161378
SRR27721536	SAMN39603555	SRS20248837	PRJNA1068805	SRX23387494	40477	Mycoplasma mycoides subsp. capri	ILLUMINA	Illumina HiSeq 4000	PAIRED	RNA-Seq	TRANSCRIPTOMIC	unspecified	9283339	2803568378	ftp.sra.ebi.ac.uk/vol1/fastq/SRR277/036/SRR27721536/SRR27721536_1.fastq.gz;ftp.sra.ebi.ac.uk/vol1/fastq/SRR277/036/SRR27721536/SRR27721536_2.fastq.gz	630457960;866847599	2025-03-03	SUB14161378
SRR27721548	SAMN39603557	SRS20248839	PRJNA1068805	SRX23387480	340047	Mycoplasma capricolum subsp. capricolum ATCC 27343	ILLUMINA	Illumina HiSeq 4000	PAIRED	RNA-Seq	TRANSCRIPTOMIC	unspecified	10365842	3130484284	ftp.sra.ebi.ac.uk/vol1/fastq/SRR277/048/SRR27721548/SRR27721548_1.fastq.gz;ftp.sra.ebi.ac.uk/vol1/fastq/SRR277/048/SRR27721548/SRR27721548_2.fastq.gz	713252897;970736707	2025-03-03	SUB14161378
SRR27721552	SAMN39603557	SRS20248839	PRJNA1068805	SRX23387478	340047	Mycoplasma capricolum subsp. capricolum ATCC 27343	ILLUMINA	Illumina HiSeq 4000	PAIRED	RNA-Seq	TRANSCRIPTOMIC	unspecified	10111434	3053653068	ftp.sra.ebi.ac.uk/vol1/fastq/SRR277/052/SRR27721552/SRR27721552_1.fastq.gz;ftp.sra.ebi.ac.uk/vol1/fastq/SRR277/052/SRR27721552/SRR27721552_2.fastq.gz	686529138;952237961	2025-03-03	SUB14161378
SRR27721554	SAMN39603556	SRS20248838	PRJNA1068805	SRX23387474	2103	Mycoplasma mycoides subsp. mycoides	ILLUMINA	Illumina HiSeq 4000	PAIRED	RNA-Seq	TRANSCRIPTOMIC	unspecified	11315334	3417230868	ftp.sra.ebi.ac.uk/vol1/fastq/SRR277/054/SRR27721554/SRR27721554_1.fastq.gz;ftp.sra.ebi.ac.uk/vol1/fastq/SRR277/054/SRR27721554/SRR27721554_2.fastq.gz	581834670;598846953	2025-03-03	SUB14161378
SRR27721555	SAMN39603556	SRS20248838	PRJNA1068805	SRX23387473	2103	Mycoplasma mycoides subsp. mycoides	ILLUMINA	Illumina HiSeq 4000	PAIRED	RNA-Seq	TRANSCRIPTOMIC	unspecified	9671365	2920752230	ftp.sra.ebi.ac.uk/vol1/fastq/SRR277/055/SRR27721555/SRR27721555_1.fastq.gz;ftp.sra.ebi.ac.uk/vol1/fastq/SRR277/055/SRR27721555/SRR27721555_2.fastq.gz	711146332;909472083	2025-03-03	SUB14161378
SRR16250959	SAMN04017316	SRS10489852	PRJNA294131	SRX12530593	1123738	Candidatus Phytoplasma australasiaticum subsp. taiwanense	OXFORD_NANOPORE	MinION	SINGLE	WGS	GENOMIC	RANDOM	25499	127395862	ftp.sra.ebi.ac.uk/vol1/fastq/SRR162/059/SRR16250959/SRR16250959_1.fastq.gz	124162757	2021-10-10	SUB10501934
SRR16250961	SAMN04017316	SRS10489852	PRJNA294131	SRX12530591	1123738	Candidatus Phytoplasma australasiaticum subsp. taiwanense	OXFORD_NANOPORE	MinION	SINGLE	WGS	GENOMIC	RANDOM	28469	119508126	ftp.sra.ebi.ac.uk/vol1/fastq/SRR162/061/SRR16250961/SRR16250961_1.fastq.gz	116499838	2021-10-10	SUB10501934
SRR16250968	SAMN04017316	SRS10489852	PRJNA294131	SRX12530584	1123738	Candidatus Phytoplasma australasiaticum subsp. taiwanense	OXFORD_NANOPORE	MinION	SINGLE	WGS	GENOMIC	RANDOM	23978	95619661	ftp.sra.ebi.ac.uk/vol1/fastq/SRR162/068/SRR16250968/SRR16250968_1.fastq.gz	93337936	2021-10-10	SUB10501934
SRR16250972	SAMN04017316	SRS10489852	PRJNA294131	SRX12530580	1123738	Candidatus Phytoplasma australasiaticum subsp. taiwanense	OXFORD_NANOPORE	MinION	SINGLE	WGS	GENOMIC	RANDOM	475713	2194034847	ftp.sra.ebi.ac.uk/vol1/fastq/SRR162/072/SRR16250972/SRR16250972_1.fastq.gz	2120872205	2021-10-10	SUB10501934
SRR22523854	SAMN31868164	SRS15960948	PRJNA906321	SRX18488080	399025	Candidatus Phytoplasma rubi	ILLUMINA	Illumina NovaSeq 6000	PAIRED	WGS	GENOMIC	RANDOM	12612264	3808903728	ftp.sra.ebi.ac.uk/vol1/fastq/SRR225/054/SRR22523854/SRR22523854_1.fastq.gz;ftp.sra.ebi.ac.uk/vol1/fastq/SRR225/054/SRR22523854/SRR22523854_2.fastq.gz	891418982;939822026	2022-12-14	SUB12315046
SRR22585808	SAMN32123082	SRS16015243	PRJNA910329	SRX18548816	40480	Mycoplasma capricolum subsp. capripneumoniae	OXFORD_NANOPORE	GridION	SINGLE	WGS	GENOMIC	RANDOM	419	22183875	ftp.sra.ebi.ac.uk/vol1/fastq/SRR225/008/SRR22585808/SRR22585808_1.fastq.gz	20363519	2022-12-10	SUB12368784
SRR22585810	SAMN32123080	SRS16015241	PRJNA910329	SRX18548814	40477	Mycoplasma mycoides subsp. capri	OXFORD_NANOPORE	GridION	SINGLE	WGS	GENOMIC	RANDOM	1424	76943562	ftp.sra.ebi.ac.uk/vol1/fastq/SRR225/010/SRR22585810/SRR22585810_1.fastq.gz	70613304	2022-12-10	SUB12368784
SRR22585811	SAMN32123082	SRS16015243	PRJNA910329	SRX18548813	40480	Mycoplasma capricolum subsp. capripneumoniae	ILLUMINA	Illumina MiSeq	PAIRED	WGS	GENOMIC	RANDOM	326675	131221600	ftp.sra.ebi.ac.uk/vol1/fastq/SRR225/011/SRR22585811/SRR22585811_1.fastq.gz;ftp.sra.ebi.ac.uk/vol1/fastq/SRR225/011/SRR22585811/SRR22585811_2.fastq.gz	34240671;38015782	2022-12-10	SUB12368784
SRR22745882	SAMN32241328	SRS16148853	PRJNA912395	SRX18707049	519450	Mycoplasma anserisalpingitidis	ILLUMINA	NextSeq 500	SINGLE	WGS	GENOMIC	other	2354246	272654385	ftp.sra.ebi.ac.uk/vol1/fastq/SRR227/082/SRR22745882/SRR22745882.fastq.gz	106436829	2023-07-11	SUB12422491
SRR22745883	SAMN32241327	SRS16148852	PRJNA912395	SRX18707048	519450	Mycoplasma anserisalpingitidis	ILLUMINA	NextSeq 500	SINGLE	WGS	GENOMIC	other	2330285	260103343	ftp.sra.ebi.ac.uk/vol1/fastq/SRR227/083/SRR22745883/SRR22745883.fastq.gz	102428669	2023-07-11	SUB12422491
SRR22745886	SAMN32241324	SRS16148849	PRJNA912395	SRX18707045	519450	Mycoplasma anserisalpingitidis	ILLUMINA	NextSeq 500	SINGLE	WGS	GENOMIC	other	2255307	260283343	ftp.sra.ebi.ac.uk/vol1/fastq/SRR227/086/SRR22745886/SRR22745886.fastq.gz	101613817	2023-07-11	SUB12422491
SRR22745894	SAMN32241332	SRS16148841	PRJNA912395	SRX18707037	519450	Mycoplasma anserisalpingitidis	ILLUMINA	NextSeq 500	SINGLE	WGS	GENOMIC	other	2218067	218328016	ftp.sra.ebi.ac.uk/vol1/fastq/SRR227/094/SRR22745894/SRR22745894.fastq.gz	88440708	2023-07-11	SUB12422491
SRR22956581	SAMN32543039	SRS16341257	PRJNA917597	SRX18913432	40480	Mycoplasma capricolum subsp. capripneumoniae	OXFORD_NANOPORE	GridION	SINGLE	WGS	GENOMIC	RANDOM	26292	666312719	ftp.sra.ebi.ac.uk/vol1/fastq/SRR229/081/SRR22956581/SRR22956581_1.fastq.gz	609982201	2023-09-29	SUB12430728
SRR22956582	SAMN32543038	SRS16341256	PRJNA917597	SRX18913431	40480	Mycoplasma capricolum subsp. capripneumoniae	OXFORD_NANOPORE	GridION	SINGLE	WGS	GENOMIC	RANDOM	46044	1312980411	ftp.sra.ebi.ac.uk/vol1/fastq/SRR229/082/SRR22956582/SRR22956582_1.fastq.gz	1322009288	2023-09-29	SUB12430728
SRR22956585	SAMN32543038	SRS16341256	PRJNA917597	SRX18913428	40480	Mycoplasma capricolum subsp. capripneumoniae	ILLUMINA	Illumina MiSeq	PAIRED	WGS	GENOMIC	RANDOM	487744	241298577	ftp.sra.ebi.ac.uk/vol1/fastq/SRR229/085/SRR22956585/SRR22956585_1.fastq.gz;ftp.sra.ebi.ac.uk/vol1/fastq/SRR229/085/SRR22956585/SRR22956585_2.fastq.gz	40910900;40919608	2023-09-29	SUB12430728
SRR23060064	SAMN32686720	SRS16433017	PRJNA919199	SRX19013381	203274	Candidatus Phytoplasma oryzae	PACBIO_SMRT	Sequel	SINGLE	WGS	GENOMIC	RANDOM	18428660	283103861424	ftp.sra.ebi.ac.uk/vol1/fastq/SRR230/064/SRR23060064/SRR23060064_subreads.fastq.gz	86012170296	2023-01-13	SUB12527687
SRR23254141	SAMN32939082	SRS16609314	PRJNA928682	SRX19199603	614643	Spiroplasma endosymbiont of Drosophila atripex	OXFORD_NANOPORE	MinION	SINGLE	WGS	GENOMIC	RANDOM	244693	1515882035	ftp.sra.ebi.ac.uk/vol1/fastq/SRR232/041/SRR23254141/SRR23254141_1.fastq.gz	1396594840	2023-01-28	SUB12685294
SRR28713796	SAMN40990413	SRS21045324	PRJNA1101213	SRX24280535	31969	Mollicutes	ILLUMINA	Illumina NovaSeq 6000	PAIRED	AMPLICON	METAGENOMIC	PCR	48612	29264424	ftp.sra.ebi.ac.uk/vol1/fastq/SRR287/096/SRR28713796/SRR28713796_1.fastq.gz;ftp.sra.ebi.ac.uk/vol1/fastq/SRR287/096/SRR28713796/SRR28713796_2.fastq.gz	2013054;2392965	2024-04-28	SUB14383349
SRR28848964	SAMN41134153	SRS21165938	PRJNA1106459	SRX24410635	479893	Candidatus Phytoplasma pruni	ILLUMINA	Illumina NovaSeq 6000	PAIRED	WCS	METAGENOMIC	size fractionation	138427602	41528280600	ftp.sra.ebi.ac.uk/vol1/fastq/SRR288/064/SRR28848964/SRR28848964_1.fastq.gz;ftp.sra.ebi.ac.uk/vol1/fastq/SRR288/064/SRR28848964/SRR28848964_2.fastq.gz	8867892057;9275682405	2025-01-02	SUB14416799
SRR29373967	SAMN41605837	SRS21594925	PRJNA1117479	SRX24888418	479893	Candidatus Phytoplasma pruni	ILLUMINA	Illumina NovaSeq 6000	PAIRED	WGS	METAGENOMIC	size fractionation	163466329	49039898700	ftp.sra.ebi.ac.uk/vol1/fastq/SRR293/067/SRR29373967/SRR29373967_1.fastq.gz;ftp.sra.ebi.ac.uk/vol1/fastq/SRR293/067/SRR29373967/SRR29373967_2.fastq.gz	10275840333;10405203505	2025-10-23	SUB14494523
SRR29373974	SAMN41605830	SRS21594917	PRJNA1117479	SRX24888411	479893	Candidatus Phytoplasma pruni	ILLUMINA	Illumina HiSeq 2500	PAIRED	WGS	METAGENOMIC	size fractionation	41995431	12682620162	ftp.sra.ebi.ac.uk/vol1/fastq/SRR293/074/SRR29373974/SRR29373974_1.fastq.gz;ftp.sra.ebi.ac.uk/vol1/fastq/SRR293/074/SRR29373974/SRR29373974_2.fastq.gz	2424476974;2665244879	2025-10-23	SUB14494523
SRR29373975	SAMN41605841	SRS21594919	PRJNA1117479	SRX24888410	479893	Candidatus Phytoplasma pruni	ILLUMINA	Illumina NovaSeq 6000	PAIRED	WGS	METAGENOMIC	size fractionation	156140054	46842016200	ftp.sra.ebi.ac.uk/vol1/fastq/SRR293/075/SRR29373975/SRR29373975_1.fastq.gz;ftp.sra.ebi.ac.uk/vol1/fastq/SRR293/075/SRR29373975/SRR29373975_2.fastq.gz	10053601779;10129324135	2025-10-23	SUB14494523
SRR29373978	SAMN41605838	SRS21594915	PRJNA1117479	SRX24888407	479893	Candidatus Phytoplasma pruni	ILLUMINA	Illumina NovaSeq 6000	PAIRED	WGS	METAGENOMIC	size fractionation	327558413	98267523900	ftp.sra.ebi.ac.uk/vol1/fastq/SRR293/078/SRR29373978/SRR29373978_1.fastq.gz;ftp.sra.ebi.ac.uk/vol1/fastq/SRR293/078/SRR29373978/SRR29373978_2.fastq.gz	20654194336;21816503347	2025-10-23	SUB14494523
SRR29373979	SAMN41605829	SRS21594912	PRJNA1117479	SRX24888406	479893	Candidatus Phytoplasma pruni	ILLUMINA	Illumina HiSeq 2500	PAIRED	WGS	METAGENOMIC	size fractionation	4762141	2314393646	ftp.sra.ebi.ac.uk/vol1/fastq/SRR293/079/SRR29373979/SRR29373979_1.fastq.gz;ftp.sra.ebi.ac.uk/vol1/fastq/SRR293/079/SRR29373979/SRR29373979_2.fastq.gz	572677720;596355653	2025-10-23	SUB14494523
SRR29373980	SAMN41605828	SRS21594913	PRJNA1117479	SRX24888405	479893	Candidatus Phytoplasma pruni	ILLUMINA	Illumina HiSeq 2500	PAIRED	WGS	METAGENOMIC	size fractionation	3952874	1925874184	ftp.sra.ebi.ac.uk/vol1/fastq/SRR293/080/SRR29373980/SRR29373980_1.fastq.gz;ftp.sra.ebi.ac.uk/vol1/fastq/SRR293/080/SRR29373980/SRR29373980_2.fastq.gz	441608202;443265235	2025-10-02	SUB14494523
SRR29704217	SAMN42186291	SRS21894492	PRJNA1130149	SRX25206790	307134	Columbia Basin potato purple top phytoplasma	ILLUMINA	Illumina NovaSeq 6000	PAIRED	WGS	METAGENOMIC	RANDOM	64804013	19441203900	ftp.sra.ebi.ac.uk/vol1/fastq/SRR297/017/SRR29704217/SRR29704217_1.fastq.gz;ftp.sra.ebi.ac.uk/vol1/fastq/SRR297/017/SRR29704217/SRR29704217_2.fastq.gz	7914859990;7155338550	2024-07-09	SUB14583818
SRR30832043	SAMN36470877	SRS22772873	PRJNA994945	SRX26231319	2155	Phytoplasma sp.	ILLUMINA	Illumina NovaSeq 6000	PAIRED	WGS	GENOMIC	RANDOM	13366128	4036570656	ftp.sra.ebi.ac.uk/vol1/fastq/SRR308/043/SRR30832043/SRR30832043_1.fastq.gz;ftp.sra.ebi.ac.uk/vol1/fastq/SRR308/043/SRR30832043/SRR30832043_2.fastq.gz	993395036;1066390583	2024-10-01	SUB14706620
SRR3354355	SAMN04623584	SRS1383576	PRJNA317715	SRX1688941	202462	Candidatus Phytoplasma zeae	ILLUMINA	Illumina MiSeq	PAIRED	WGS	METAGENOMIC	RANDOM	2051849	1197998778	ftp.sra.ebi.ac.uk/vol1/fastq/SRR335/005/SRR3354355/SRR3354355_1.fastq.gz;ftp.sra.ebi.ac.uk/vol1/fastq/SRR335/005/SRR3354355/SRR3354355_2.fastq.gz	434685360;505181106	2016-08-25	
SRR3379294	SAMN04849259	SRS1412664	PRJNA318373	SRX1703507	2132	Spiroplasma	ILLUMINA	Illumina HiSeq 2000	SINGLE	RNA-Seq	TRANSCRIPTOMIC	RANDOM	36736297	2571540790	ftp.sra.ebi.ac.uk/vol1/fastq/SRR337/004/SRR3379294/SRR3379294.fastq.gz	2394167446	2016-04-28	
SRR3379295	SAMN04849260	SRS1412665	PRJNA318373	SRX1703508	2132	Spiroplasma	ILLUMINA	Illumina HiSeq 2000	SINGLE	RNA-Seq	TRANSCRIPTOMIC	RANDOM	44347633	2882596145	ftp.sra.ebi.ac.uk/vol1/fastq/SRR337/005/SRR3379295/SRR3379295.fastq.gz	2749605944	2016-04-28	
SRR3466529	SAMN04914481	SRS1417087	PRJNA320022	SRX1736350	1276221	Spiroplasma diminutum CUAS-1	ILLUMINA	Illumina MiSeq	SINGLE	RNA-Seq	TRANSCRIPTOMIC	unspecified	7119209	1023991603	ftp.sra.ebi.ac.uk/vol1/fastq/SRR346/009/SRR3466529/SRR3466529.fastq.gz	454603208	2016-05-01	
SRR3466530	SAMN04914483	SRS1417088	PRJNA320022	SRX1736351	1276220	Spiroplasma taiwanense CT-1	ILLUMINA	Illumina MiSeq	SINGLE	RNA-Seq	TRANSCRIPTOMIC	unspecified	6384761	924714848	ftp.sra.ebi.ac.uk/vol1/fastq/SRR346/000/SRR3466530/SRR3466530.fastq.gz	427382241	2016-05-01	
SRR3493860	SAMN02841157	SRS1430629	PRJNA223019	SRX1753757	1408469	Mycoplasma simbae ATCC 49888	ILLUMINA	Illumina HiSeq 2000	SINGLE	WGS	GENOMIC	RANDOM	12938038	1940705700	ftp.sra.ebi.ac.uk/vol1/fastq/SRR349/000/SRR3493860/SRR3493860.fastq.gz	1481915992	2016-05-17	
SRR34961448	SAMN50576502	SRS26147536	PRJNA1235259	SRX30081126	2004463	Spiroplasma endosymbiont of Glossina fuscipes fuscipes	ILLUMINA	Illumina NovaSeq 6000	PAIRED	RNA-Seq	TRANSCRIPTOMIC	cDNA_randomPriming	138826548	27844010288	ftp.sra.ebi.ac.uk/vol1/fastq/SRR349/048/SRR34961448/SRR34961448_1.fastq.gz;ftp.sra.ebi.ac.uk/vol1/fastq/SRR349/048/SRR34961448/SRR34961448_2.fastq.gz	3761264480;3725924900	2025-08-13	SUB15534816
SRR34961450	SAMN50576500	SRS26147534	PRJNA1235259	SRX30081124	2004463	Spiroplasma endosymbiont of Glossina fuscipes fuscipes	ILLUMINA	Illumina NovaSeq 6000	PAIRED	RNA-Seq	TRANSCRIPTOMIC	cDNA_randomPriming	28099754	5620896477	ftp.sra.ebi.ac.uk/vol1/fastq/SRR349/050/SRR34961450/SRR34961450_1.fastq.gz;ftp.sra.ebi.ac.uk/vol1/fastq/SRR349/050/SRR34961450/SRR34961450_2.fastq.gz	1191150455;1165951593	2025-08-13	SUB15534816
SRR34961451	SAMN50576499	SRS26147533	PRJNA1235259	SRX30081123	2004463	Spiroplasma endosymbiont of Glossina fuscipes fuscipes	ILLUMINA	Illumina NovaSeq 6000	PAIRED	RNA-Seq	TRANSCRIPTOMIC	cDNA_randomPriming	29395658	5865124351	ftp.sra.ebi.ac.uk/vol1/fastq/SRR349/051/SRR34961451/SRR34961451_1.fastq.gz;ftp.sra.ebi.ac.uk/vol1/fastq/SRR349/051/SRR34961451/SRR34961451_2.fastq.gz	1181074600;1158587060	2025-08-13	SUB15534816
SRR35106451	SAMN15000242	SRS26273097	PRJNA585102	SRX30215301	2738556	Acholeplasma sp. JGI_KR46_SmLR_5_H10	ILLUMINA	NextSeq 500	PAIRED	WGA	GENOMIC SINGLE CELL	MDA	1923691	580954682	ftp.sra.ebi.ac.uk/vol1/fastq/SRR351/051/SRR35106451/SRR35106451_1.fastq.gz;ftp.sra.ebi.ac.uk/vol1/fastq/SRR351/051/SRR35106451/SRR35106451_2.fastq.gz	193619066;201001808	2025-08-26	
SRR35152538	SAMN50749098	SRS26309398	PRJNA1309601	SRX30257811	3458678	Mycoplasma sp. 11548	OXFORD_NANOPORE	PromethION	SINGLE	WGS	GENOMIC	RANDOM	8289	33069476	ftp.sra.ebi.ac.uk/vol1/fastq/SRR351/038/SRR35152538/SRR35152538_1.fastq.gz	30846917	2025-10-23	SUB15554931
SRR35152543	SAMN50749097	SRS26309397	PRJNA1309601	SRX30257806	3458677	Mycoplasma sp. 10961	ILLUMINA	Illumina NovaSeq 6000	PAIRED	WGS	GENOMIC	RANDOM	8710761	2583940713	ftp.sra.ebi.ac.uk/vol1/fastq/SRR351/043/SRR35152543/SRR35152543_1.fastq.gz;ftp.sra.ebi.ac.uk/vol1/fastq/SRR351/043/SRR35152543/SRR35152543_2.fastq.gz	472043502;463442004	2025-10-23	SUB15554931
SRR35152544	SAMN50749096	SRS26309395	PRJNA1309601	SRX30257805	3458676	Mycoplasma sp. 6934	ILLUMINA	Illumina NovaSeq 6000	PAIRED	WGS	GENOMIC	RANDOM	10159006	3012845715	ftp.sra.ebi.ac.uk/vol1/fastq/SRR351/044/SRR35152544/SRR35152544_1.fastq.gz;ftp.sra.ebi.ac.uk/vol1/fastq/SRR351/044/SRR35152544/SRR35152544_2.fastq.gz	564268106;553241991	2025-10-23	SUB15554931
SRR35612011	SAMN51832617	SRS26696931	PRJNA1333659	SRX30677031	40479	Mycoplasma capricolum subsp. capricolum	ILLUMINA	Illumina HiSeq X	PAIRED	WGS	GENOMIC	RANDOM	5697143	1685448934	ftp.sra.ebi.ac.uk/vol1/fastq/SRR356/011/SRR35612011/SRR35612011_1.fastq.gz;ftp.sra.ebi.ac.uk/vol1/fastq/SRR356/011/SRR35612011/SRR35612011_2.fastq.gz	415783001;412219809	2025-09-26	SUB15664694
SRR35612012	SAMN51832616	SRS26696929	PRJNA1333659	SRX30677030	40479	Mycoplasma capricolum subsp. capricolum	ILLUMINA	Illumina HiSeq X	PAIRED	WGS	GENOMIC	RANDOM	5350812	1583199753	ftp.sra.ebi.ac.uk/vol1/fastq/SRR356/012/SRR35612012/SRR35612012_1.fastq.gz;ftp.sra.ebi.ac.uk/vol1/fastq/SRR356/012/SRR35612012/SRR35612012_2.fastq.gz	385937386;382962632	2025-09-26	SUB15664694
SRR35645161	SAMN51959214	SRS26716206	PRJNA1335287	SRX30697464	2148	Acholeplasma laidlawii	ILLUMINA	Illumina MiSeq	PAIRED	AMPLICON	METAGENOMIC	PCR	27357	8118420	ftp.sra.ebi.ac.uk/vol1/fastq/SRR356/061/SRR35645161/SRR35645161_1.fastq.gz;ftp.sra.ebi.ac.uk/vol1/fastq/SRR356/061/SRR35645161/SRR35645161_2.fastq.gz	1371403;1287460	2025-12-21	SUB15671244
SRR35645201	SAMN51959208	SRS26716166	PRJNA1335287	SRX30697425	2148	Acholeplasma laidlawii	ILLUMINA	Illumina MiSeq	PAIRED	AMPLICON	METAGENOMIC	PCR	29737	8822578	ftp.sra.ebi.ac.uk/vol1/fastq/SRR356/001/SRR35645201/SRR35645201_1.fastq.gz;ftp.sra.ebi.ac.uk/vol1/fastq/SRR356/001/SRR35645201/SRR35645201_2.fastq.gz	1504961;1510114	2025-12-21	SUB15671244
SRR35645208	SAMN51959228	SRS26716159	PRJNA1335287	SRX30697418	2148	Acholeplasma laidlawii	ILLUMINA	Illumina MiSeq	PAIRED	AMPLICON	METAGENOMIC	PCR	30484	9081607	ftp.sra.ebi.ac.uk/vol1/fastq/SRR356/008/SRR35645208/SRR35645208_1.fastq.gz;ftp.sra.ebi.ac.uk/vol1/fastq/SRR356/008/SRR35645208/SRR35645208_2.fastq.gz	1414097;1467044	2025-12-21	SUB15671244
SRR35645212	SAMN51959207	SRS26716155	PRJNA1335287	SRX30697414	2148	Acholeplasma laidlawii	ILLUMINA	Illumina MiSeq	PAIRED	AMPLICON	METAGENOMIC	PCR	28185	8371565	ftp.sra.ebi.ac.uk/vol1/fastq/SRR356/012/SRR35645212/SRR35645212_1.fastq.gz;ftp.sra.ebi.ac.uk/vol1/fastq/SRR356/012/SRR35645212/SRR35645212_2.fastq.gz	1410533;1372558	2025-12-21	SUB15671244
SRR35645217	SAMN51959220	SRS26716151	PRJNA1335287	SRX30697409	2148	Acholeplasma laidlawii	ILLUMINA	Illumina MiSeq	PAIRED	AMPLICON	METAGENOMIC	PCR	28753	8545534	ftp.sra.ebi.ac.uk/vol1/fastq/SRR356/017/SRR35645217/SRR35645217_1.fastq.gz;ftp.sra.ebi.ac.uk/vol1/fastq/SRR356/017/SRR35645217/SRR35645217_2.fastq.gz	1371013;1353286	2025-12-21	SUB15671244
SRR35645218	SAMN51959219	SRS26716150	PRJNA1335287	SRX30697408	2148	Acholeplasma laidlawii	ILLUMINA	Illumina MiSeq	PAIRED	AMPLICON	METAGENOMIC	PCR	28082	8345271	ftp.sra.ebi.ac.uk/vol1/fastq/SRR356/018/SRR35645218/SRR35645218_1.fastq.gz;ftp.sra.ebi.ac.uk/vol1/fastq/SRR356/018/SRR35645218/SRR35645218_2.fastq.gz	1294086;1421633	2025-12-21	SUB15671244
SRR35645219	SAMN51959218	SRS26716149	PRJNA1335287	SRX30697407	2148	Acholeplasma laidlawii	ILLUMINA	Illumina MiSeq	PAIRED	AMPLICON	METAGENOMIC	PCR	26863	8006647	ftp.sra.ebi.ac.uk/vol1/fastq/SRR356/019/SRR35645219/SRR35645219_1.fastq.gz;ftp.sra.ebi.ac.uk/vol1/fastq/SRR356/019/SRR35645219/SRR35645219_2.fastq.gz	1233443;1279458	2025-12-21	SUB15671244
SRR35645252	SAMN51959211	SRS26716116	PRJNA1335287	SRX30697374	2148	Acholeplasma laidlawii	ILLUMINA	Illumina MiSeq	PAIRED	AMPLICON	METAGENOMIC	PCR	30022	8926030	ftp.sra.ebi.ac.uk/vol1/fastq/SRR356/052/SRR35645252/SRR35645252_1.fastq.gz;ftp.sra.ebi.ac.uk/vol1/fastq/SRR356/052/SRR35645252/SRR35645252_2.fastq.gz	1370920;1461132	2025-12-21	SUB15671244
SRR35645269	SAMN51959205	SRS26716099	PRJNA1335287	SRX30697357	2148	Acholeplasma laidlawii	ILLUMINA	Illumina MiSeq	PAIRED	AMPLICON	METAGENOMIC	PCR	28007	8357793	ftp.sra.ebi.ac.uk/vol1/fastq/SRR356/069/SRR35645269/SRR35645269_1.fastq.gz;ftp.sra.ebi.ac.uk/vol1/fastq/SRR356/069/SRR35645269/SRR35645269_2.fastq.gz	1154245;1321383	2025-12-21	SUB15671244
SRR4090642	SAMN02745156	SRS1652633	PRJNA245595	SRX2061192	244584	Mycoplasma testudineum	ILLUMINA	Illumina HiSeq 2000	PAIRED	WGS	GENOMIC	RANDOM	4526403	1357920900	ftp.sra.ebi.ac.uk/vol1/fastq/SRR409/002/SRR4090642/SRR4090642_1.fastq.gz;ftp.sra.ebi.ac.uk/vol1/fastq/SRR409/002/SRR4090642/SRR4090642_2.fastq.gz	457431626;471173536	2017-02-18	
SRR3655017	SAMN05219307	SRS1494402	PRJNA325092	SRX1834930	570509	Spiroplasma melliferum KC3	ABI_SOLID	AB 5500 Genetic Analyzer	SINGLE	RNA-Seq	TRANSCRIPTOMIC	other	58172583	1485859984	ftp.sra.ebi.ac.uk/vol1/fastq/SRR365/007/SRR3655017/SRR3655017.fastq.gz	1274470932	2016-06-11	
SRR3655231	SAMN05219306	SRS1494398	PRJNA325094	SRX1834927	441768	Acholeplasma laidlawii PG-8A	ABI_SOLID	AB 5500 Genetic Analyzer	SINGLE	RNA-Seq	TRANSCRIPTOMIC	other	9005165	230778337	ftp.sra.ebi.ac.uk/vol1/fastq/SRR365/001/SRR3655231/SRR3655231.fastq.gz	218236603	2016-06-11	
SRR6890693	SAMN08792424	SRS3087381	PRJNA445479	SRX3841178	2138	Spiroplasma poulsonii	ILLUMINA	Illumina HiSeq 2500	SINGLE	RNA-Seq	TRANSCRIPTOMIC	cDNA	21144747	2135619447	ftp.sra.ebi.ac.uk/vol1/fastq/SRR689/003/SRR6890693/SRR6890693.fastq.gz	613353719	2018-03-30	GEO
SRR6926096	SAMN08831963	SRS3113816	PRJNA448381	SRX3872302	2086	Anaeroplasma	ILLUMINA	Illumina MiSeq	PAIRED	AMPLICON	METATRANSCRIPTOMIC	PCR	57791	34790182	ftp.sra.ebi.ac.uk/vol1/fastq/SRR692/006/SRR6926096/SRR6926096_1.fastq.gz;ftp.sra.ebi.ac.uk/vol1/fastq/SRR692/006/SRR6926096/SRR6926096_2.fastq.gz	6218995;9381104	2018-04-03	SUB3862048
SRR7548026	SAMN09083457	SRS3567565	PRJNA464391	SRX4414239	469009	'Brassica napus' phytoplasma	OXFORD_NANOPORE	MinION	SINGLE	WGS	METAGENOMIC	RANDOM	94981	165588645	ftp.sra.ebi.ac.uk/vol1/fastq/SRR754/006/SRR7548026/SRR7548026_1.fastq.gz	172455007	2018-07-22	SUB4318351
SRR8351616	SAMN10613658	SRS4171733	PRJNA510711	SRX5162596	40477	Mycoplasma mycoides subsp. capri	ILLUMINA	Illumina MiSeq	PAIRED	WGS	GENOMIC	RANDOM	498065	147274286	ftp.sra.ebi.ac.uk/vol1/fastq/SRR835/006/SRR8351616/SRR8351616_1.fastq.gz;ftp.sra.ebi.ac.uk/vol1/fastq/SRR835/006/SRR8351616/SRR8351616_2.fastq.gz	43713029;50075195	2019-11-01	SUB4642144
SRR8351622	SAMN10613660	SRS4171727	PRJNA510711	SRX5162590	40477	Mycoplasma mycoides subsp. capri	ILLUMINA	Illumina MiSeq	PAIRED	WGS	GENOMIC	RANDOM	863508	255593414	ftp.sra.ebi.ac.uk/vol1/fastq/SRR835/002/SRR8351622/SRR8351622_1.fastq.gz;ftp.sra.ebi.ac.uk/vol1/fastq/SRR835/002/SRR8351622/SRR8351622_2.fastq.gz	73955191;82439706	2019-11-01	SUB4642144
SRR8351624	SAMN10613664	SRS4171725	PRJNA510711	SRX5162588	40477	Mycoplasma mycoides subsp. capri	ILLUMINA	Illumina MiSeq	PAIRED	WGS	GENOMIC	RANDOM	576457	169839014	ftp.sra.ebi.ac.uk/vol1/fastq/SRR835/004/SRR8351624/SRR8351624_1.fastq.gz;ftp.sra.ebi.ac.uk/vol1/fastq/SRR835/004/SRR8351624/SRR8351624_2.fastq.gz	51076813;58675655	2019-11-01	SUB4642144
SRR8351627	SAMN10613665	SRS4171722	PRJNA510711	SRX5162585	40477	Mycoplasma mycoides subsp. capri	ILLUMINA	Illumina MiSeq	PAIRED	WGS	GENOMIC	RANDOM	498978	147459258	ftp.sra.ebi.ac.uk/vol1/fastq/SRR835/007/SRR8351627/SRR8351627_1.fastq.gz;ftp.sra.ebi.ac.uk/vol1/fastq/SRR835/007/SRR8351627/SRR8351627_2.fastq.gz	43220818;47763801	2019-11-01	SUB4642144
SRR8351635	SAMN10613673	SRS4171716	PRJNA510711	SRX5162577	40477	Mycoplasma mycoides subsp. capri	ILLUMINA	Illumina MiSeq	PAIRED	WGS	GENOMIC	RANDOM	461555	132968036	ftp.sra.ebi.ac.uk/vol1/fastq/SRR835/005/SRR8351635/SRR8351635_1.fastq.gz;ftp.sra.ebi.ac.uk/vol1/fastq/SRR835/005/SRR8351635/SRR8351635_2.fastq.gz	39771010;43590089	2019-11-01	SUB4642144
SRR8776461	SAMN10923938	SRS4529588	PRJNA522055	SRX5566542	1193712	'Catharanthus roseus' aster yellows phytoplasma	ILLUMINA	Illumina HiScanSQ	PAIRED	WGS	GENOMIC	RANDOM PCR	15270318	3054063600	ftp.sra.ebi.ac.uk/vol1/fastq/SRR877/001/SRR8776461/SRR8776461_1.fastq.gz;ftp.sra.ebi.ac.uk/vol1/fastq/SRR877/001/SRR8776461/SRR8776461_2.fastq.gz	1322335709;1338914266	2019-03-26	SUB5357333
SRR9331728	SAMN11775870	SRS4998775	PRJNA543735	SRX6098241	2103	Mycoplasma mycoides subsp. mycoides	ILLUMINA	NextSeq 500	PAIRED	WGS	GENOMIC	RANDOM	1782894	440665726	ftp.sra.ebi.ac.uk/vol1/fastq/SRR933/008/SRR9331728/SRR9331728_1.fastq.gz;ftp.sra.ebi.ac.uk/vol1/fastq/SRR933/008/SRR9331728/SRR9331728_2.fastq.gz	117537440;119084876	2019-06-21	SUB5853450
SRR9399844	SAMN12110548	SRS5003324		SRX6165732	2151	Mesoplasma florum	CAPILLARY	AB 310 Genetic Analyzer	SINGLE	WGS	GENOMIC	unspecified	7200	5295128	ftp.sra.ebi.ac.uk/vol1/fastq/SRR939/004/SRR9399844/SRR9399844.fastq.gz	4140639	2020-01-06	BI
SRR9494885	SAMN12121533	SRS5013984		SRX6260731	340047	Mycoplasma capricolum subsp. capricolum ATCC 27343	CAPILLARY	AB 310 Genetic Analyzer	SINGLE	WGA	GENOMIC	unspecified	135	119213	ftp.sra.ebi.ac.uk/vol1/fastq/SRR949/005/SRR9494885/SRR9494885.fastq.gz	107277	2020-02-10	TIGR
SRR9495982	SAMN12121688	SRS5014139		SRX6261827	47834	Spiroplasma kunkelii	CAPILLARY	AB 310 Genetic Analyzer	SINGLE	CLONE	GENOMIC	unspecified	113	84165	ftp.sra.ebi.ac.uk/vol1/fastq/SRR949/002/SRR9495982/SRR9495982.fastq.gz	66863	2020-02-10	UOKNOR
SRR9643267	SAMN09289773	SRS5063083	PRJNA474201	SRX6405086	267362	Candidatus Phytoplasma pini	ILLUMINA	Illumina MiSeq	PAIRED	WGS	GENOMIC	RANDOM	25886391	14742252624	ftp.sra.ebi.ac.uk/vol1/fastq/SRR964/007/SRR9643267/SRR9643267_1.fastq.gz;ftp.sra.ebi.ac.uk/vol1/fastq/SRR964/007/SRR9643267/SRR9643267_2.fastq.gz	4807767198;5425286323	2019-07-27	SUB5902036
SRR9793906	SAMN12348003	SRS5144060		SRX6550708	572419	Mycoplasma amphoriforme A39	CAPILLARY	AB 310 Genetic Analyzer	SINGLE	WGA	GENOMIC	unspecified	10756	9857741	ftp.sra.ebi.ac.uk/vol1/fastq/SRR979/006/SRR9793906/SRR9793906.fastq.gz	7573949	2020-12-06	SC
SRR9903453	SAMN12423348	SRS5216399	PRJNA558054	SRX6655269	2133	Spiroplasma citri	PACBIO_SMRT	PacBio RS II	SINGLE	WGS	GENOMIC	RANDOM	92698	1420555954	ftp.sra.ebi.ac.uk/vol1/fastq/SRR990/003/SRR9903453/SRR9903453_subreads.fastq.gz	1249236102	2019-08-08	SUB6128951
SRR9959598	SAMN12565253	SRS5261070	PRJNA559976	SRX6707141	2148	Acholeplasma laidlawii	ILLUMINA	Illumina HiSeq 2500	SINGLE	RNA-Seq	TRANSCRIPTOMIC	RANDOM PCR	1509731	90583860	ftp.sra.ebi.ac.uk/vol1/fastq/SRR995/008/SRR9959598/SRR9959598.fastq.gz	59947479	2019-08-15	SUB6165546
SRR9961682	SAMN12567574	SRS5263103	PRJNA559976	SRX6709217	2148	Acholeplasma laidlawii	ILLUMINA	Illumina HiSeq 2500	SINGLE	RNA-Seq	TRANSCRIPTOMIC	RANDOM PCR	3125698	187541880	ftp.sra.ebi.ac.uk/vol1/fastq/SRR996/002/SRR9961682/SRR9961682.fastq.gz	127558691	2019-08-15	SUB6175190
ERR3283491	SAMEA5073086	ERS2884453	PRJEB21680	ERX3310035	2134	Spiroplasma melliferum	ILLUMINA	HiSeq X Ten	PAIRED	WGS	GENOMIC	RANDOM	3427682	517579982	ftp.sra.ebi.ac.uk/vol1/fastq/ERR328/001/ERR3283491/ERR3283491_1.fastq.gz;ftp.sra.ebi.ac.uk/vol1/fastq/ERR328/001/ERR3283491/ERR3283491_2.fastq.gz	74160788;89818508	2019-04-16	Wellcome Sanger Institute;SC
ERR3283496	SAMEA5073090	ERS2884457	PRJEB21680	ERX3310040	2139	Spiroplasma clarkii	ILLUMINA	HiSeq X Ten	PAIRED	WGS	GENOMIC	RANDOM	2887346	435989246	ftp.sra.ebi.ac.uk/vol1/fastq/ERR328/006/ERR3283496/ERR3283496_1.fastq.gz;ftp.sra.ebi.ac.uk/vol1/fastq/ERR328/006/ERR3283496/ERR3283496_2.fastq.gz	64725944;80153842	2019-04-16	Wellcome Sanger Institute;SC
ERR3283498	SAMEA5073091	ERS2884458	PRJEB21680	ERX3310042	2141	Spiroplasma ixodetis	ILLUMINA	HiSeq X Ten	PAIRED	WGS	GENOMIC	RANDOM	2771178	418447878	ftp.sra.ebi.ac.uk/vol1/fastq/ERR328/008/ERR3283498/ERR3283498_1.fastq.gz;ftp.sra.ebi.ac.uk/vol1/fastq/ERR328/008/ERR3283498/ERR3283498_2.fastq.gz	62749680;79602204	2019-04-16	Wellcome Sanger Institute;SC
ERR3283499	SAMEA5073092	ERS2884459	PRJEB21680	ERX3310043	2142	Spiroplasma diabroticae	ILLUMINA	HiSeq X Ten	PAIRED	WGS	GENOMIC	RANDOM	3307482	499429782	ftp.sra.ebi.ac.uk/vol1/fastq/ERR328/009/ERR3283499/ERR3283499_1.fastq.gz;ftp.sra.ebi.ac.uk/vol1/fastq/ERR328/009/ERR3283499/ERR3283499_2.fastq.gz	74163844;90170642	2019-04-16	Wellcome Sanger Institute;SC
ERR3283506	SAMEA5073108	ERS2884475	PRJEB21680	ERX3310050	2150	Haploplasma modicum	ILLUMINA	HiSeq X Ten	PAIRED	WGS	GENOMIC	RANDOM	3919734	591879834	ftp.sra.ebi.ac.uk/vol1/fastq/ERR328/006/ERR3283506/ERR3283506_1.fastq.gz;ftp.sra.ebi.ac.uk/vol1/fastq/ERR328/006/ERR3283506/ERR3283506_2.fastq.gz	84305982;94653031	2019-04-16	Wellcome Sanger Institute;SC
ERR3283507	SAMEA5073109	ERS2884476	PRJEB21680	ERX3310051	2151	Mesoplasma florum	ILLUMINA	HiSeq X Ten	PAIRED	WGS	GENOMIC	RANDOM	3336486	503809386	ftp.sra.ebi.ac.uk/vol1/fastq/ERR328/007/ERR3283507/ERR3283507_1.fastq.gz;ftp.sra.ebi.ac.uk/vol1/fastq/ERR328/007/ERR3283507/ERR3283507_2.fastq.gz	74101310;88909125	2019-04-16	Wellcome Sanger Institute;SC
ERR3283509	SAMEA5073110	ERS2884477	PRJEB21680	ERX3310053	2153	Asteroleplasma anaerobium	ILLUMINA	HiSeq X Ten	PAIRED	WGS	GENOMIC	RANDOM	3513348	530515548	ftp.sra.ebi.ac.uk/vol1/fastq/ERR328/009/ERR3283509/ERR3283509_1.fastq.gz;ftp.sra.ebi.ac.uk/vol1/fastq/ERR328/009/ERR3283509/ERR3283509_2.fastq.gz	77525954;90548814	2019-04-16	Wellcome Sanger Institute;SC
ERR504971	SAMEA2522064	ERS455606	PRJEB6255	ERX470328	35623	Acholeplasma oculi	PACBIO_SMRT	PacBio RS	SINGLE	WGS	GENOMIC	RANDOM	87630	239863333	ftp.sra.ebi.ac.uk/vol1/fastq/ERR504/ERR504971/ERR504971_1.fastq.gz	205671795	2014-05-14	Max Planck Institute for Molecular Genetics;MPIMG
SRR10506903	SAMN13349057	SRS5701590	PRJNA591024	SRX7195843	2148	Acholeplasma laidlawii	ILLUMINA	Illumina HiSeq 2500	SINGLE	RNA-Seq	TRANSCRIPTOMIC	RANDOM PCR	781566	46893960	ftp.sra.ebi.ac.uk/vol1/fastq/SRR105/003/SRR10506903/SRR10506903.fastq.gz	30924820	2019-11-23	SUB6595365
SRR10506957	SAMN13349060	SRS5701623	PRJNA591025	SRX7195895	2148	Acholeplasma laidlawii	ILLUMINA	Illumina HiSeq 2500	SINGLE	RNA-Seq	TRANSCRIPTOMIC	RANDOM PCR	3711175	222670500	ftp.sra.ebi.ac.uk/vol1/fastq/SRR105/057/SRR10506957/SRR10506957.fastq.gz	146534750	2019-11-23	SUB6594411
SRR10507067	SAMN13349064	SRS5701704	PRJNA591027	SRX7196004	2133	Spiroplasma citri	PACBIO_SMRT	PacBio RS II	SINGLE	WGS	GENOMIC	RANDOM	122010	1695059409	ftp.sra.ebi.ac.uk/vol1/fastq/SRR105/067/SRR10507067/SRR10507067_subreads.fastq.gz	1484365400	2020-02-18	SUB6595581
SRR10541848	SAMN11982574	SRS5725991	PRJNA592142	SRX7225239	265311	Mesoplasma florum L1	ILLUMINA	Illumina HiSeq 2500	SINGLE	OTHER	TRANSCRIPTOMIC	Inverse rRNA	10122203	3046783103	ftp.sra.ebi.ac.uk/vol1/fastq/SRR105/048/SRR10541848/SRR10541848.fastq.gz	1215708952	2020-05-25	SUB6622277
SRR10568143	SAMN13189889	SRS5748001	PRJNA585605	SRX7249628	2663996	Acholeplasma sp. JGI_SA12_B09_077	ILLUMINA	NextSeq 500	PAIRED	WGA	GENOMIC	other	8051394	2431520988	ftp.sra.ebi.ac.uk/vol1/fastq/SRR105/043/SRR10568143/SRR10568143_1.fastq.gz;ftp.sra.ebi.ac.uk/vol1/fastq/SRR105/043/SRR10568143/SRR10568143_2.fastq.gz	749306277;760893009	2019-12-03	
SRR10916080	SAMN13885677	SRS6017057	PRJNA602206	SRX7583482	519450	Mycoplasma anserisalpingitidis	ILLUMINA	NextSeq 500	SINGLE	WGS	GENOMIC	other	5951456	628306813	ftp.sra.ebi.ac.uk/vol1/fastq/SRR109/080/SRR10916080/SRR10916080.fastq.gz	361193296	2020-02-18	SUB6861268
SRR10916228	SAMN13885787	SRS6017265	PRJNA602215	SRX7583697	519450	Mycoplasma anserisalpingitidis	ILLUMINA	NextSeq 500	SINGLE	WGS	GENOMIC	other	3546618	398811290	ftp.sra.ebi.ac.uk/vol1/fastq/SRR109/028/SRR10916228/SRR10916228.fastq.gz	231286318	2020-04-14	SUB6861254
SRR10916229	SAMN13885786	SRS6017264	PRJNA602215	SRX7583696	519450	Mycoplasma anserisalpingitidis	ILLUMINA	NextSeq 500	SINGLE	WGS	GENOMIC	other	3703446	424491233	ftp.sra.ebi.ac.uk/vol1/fastq/SRR109/029/SRR10916229/SRR10916229.fastq.gz	246844477	2020-04-14	SUB6861254
SRR10916240	SAMN13885776	SRS6017253	PRJNA602215	SRX7583685	519450	Mycoplasma anserisalpingitidis	ILLUMINA	NextSeq 500	PAIRED	WGS	GENOMIC	other	242161	35021370	ftp.sra.ebi.ac.uk/vol1/fastq/SRR109/040/SRR10916240/SRR10916240_1.fastq.gz;ftp.sra.ebi.ac.uk/vol1/fastq/SRR109/040/SRR10916240/SRR10916240_2.fastq.gz	13161509;13042551	2020-04-14	SUB6861254
SRR10916243	SAMN13885720	SRS6017251	PRJNA602215	SRX7583683	519450	Mycoplasma anserisalpingitidis	ILLUMINA	NextSeq 500	PAIRED	WGS	GENOMIC	other	433620	57222505	ftp.sra.ebi.ac.uk/vol1/fastq/SRR109/043/SRR10916243/SRR10916243_1.fastq.gz;ftp.sra.ebi.ac.uk/vol1/fastq/SRR109/043/SRR10916243/SRR10916243_2.fastq.gz	21567092;21366039	2020-04-14	SUB6861254
SRR10916248	SAMN13885769	SRS6017245	PRJNA602215	SRX7583677	519450	Mycoplasma anserisalpingitidis	ILLUMINA	NextSeq 500	PAIRED	WGS	GENOMIC	other	2537118	353859930	ftp.sra.ebi.ac.uk/vol1/fastq/SRR109/048/SRR10916248/SRR10916248_1.fastq.gz;ftp.sra.ebi.ac.uk/vol1/fastq/SRR109/048/SRR10916248/SRR10916248_2.fastq.gz	120142092;120003065	2020-04-14	SUB6861254
SRR10916256	SAMN13885762	SRS6017237	PRJNA602215	SRX7583669	519450	Mycoplasma anserisalpingitidis	ILLUMINA	NextSeq 500	PAIRED	WGS	GENOMIC	other	2593613	360902410	ftp.sra.ebi.ac.uk/vol1/fastq/SRR109/056/SRR10916256/SRR10916256_1.fastq.gz;ftp.sra.ebi.ac.uk/vol1/fastq/SRR109/056/SRR10916256/SRR10916256_2.fastq.gz	122531014;122211261	2020-04-14	SUB6861254
SRR10916262	SAMN13885756	SRS6017231	PRJNA602215	SRX7583663	519450	Mycoplasma anserisalpingitidis	ILLUMINA	NextSeq 500	PAIRED	WGS	GENOMIC	other	275748	39180965	ftp.sra.ebi.ac.uk/vol1/fastq/SRR109/062/SRR10916262/SRR10916262_1.fastq.gz;ftp.sra.ebi.ac.uk/vol1/fastq/SRR109/062/SRR10916262/SRR10916262_2.fastq.gz	14756097;14642036	2020-04-14	SUB6861254
SRR10916270	SAMN13885749	SRS6017223	PRJNA602215	SRX7583655	519450	Mycoplasma anserisalpingitidis	ILLUMINA	NextSeq 500	PAIRED	WGS	GENOMIC	other	204690	29053815	ftp.sra.ebi.ac.uk/vol1/fastq/SRR109/070/SRR10916270/SRR10916270_1.fastq.gz;ftp.sra.ebi.ac.uk/vol1/fastq/SRR109/070/SRR10916270/SRR10916270_2.fastq.gz	10927214;10836452	2020-04-14	SUB6861254
SRR10916272	SAMN13885747	SRS6017221	PRJNA602215	SRX7583653	519450	Mycoplasma anserisalpingitidis	ILLUMINA	NextSeq 500	PAIRED	WGS	GENOMIC	other	2697246	376686065	ftp.sra.ebi.ac.uk/vol1/fastq/SRR109/072/SRR10916272/SRR10916272_1.fastq.gz;ftp.sra.ebi.ac.uk/vol1/fastq/SRR109/072/SRR10916272/SRR10916272_2.fastq.gz	127573671;127307273	2020-04-14	SUB6861254
SRR10916274	SAMN13885745	SRS6017219	PRJNA602215	SRX7583651	519450	Mycoplasma anserisalpingitidis	ILLUMINA	NextSeq 500	PAIRED	WGS	GENOMIC	other	226207	31766569	ftp.sra.ebi.ac.uk/vol1/fastq/SRR109/074/SRR10916274/SRR10916274_1.fastq.gz;ftp.sra.ebi.ac.uk/vol1/fastq/SRR109/074/SRR10916274/SRR10916274_2.fastq.gz	11973957;11872335	2020-04-14	SUB6861254
SRR10916278	SAMN13885743	SRS6017215	PRJNA602215	SRX7583647	519450	Mycoplasma anserisalpingitidis	ILLUMINA	NextSeq 500	PAIRED	WGS	GENOMIC	other	228660	30365695	ftp.sra.ebi.ac.uk/vol1/fastq/SRR109/078/SRR10916278/SRR10916278_1.fastq.gz;ftp.sra.ebi.ac.uk/vol1/fastq/SRR109/078/SRR10916278/SRR10916278_2.fastq.gz	11461314;11338421	2020-04-14	SUB6861254
SRR10916280	SAMN13885740	SRS6017213	PRJNA602215	SRX7583645	519450	Mycoplasma anserisalpingitidis	ILLUMINA	NextSeq 500	PAIRED	WGS	GENOMIC	other	2452225	339086386	ftp.sra.ebi.ac.uk/vol1/fastq/SRR109/080/SRR10916280/SRR10916280_1.fastq.gz;ftp.sra.ebi.ac.uk/vol1/fastq/SRR109/080/SRR10916280/SRR10916280_2.fastq.gz	114923918;114784106	2020-04-14	SUB6861254
SRR10916282	SAMN13885738	SRS6017211	PRJNA602215	SRX7583643	519450	Mycoplasma anserisalpingitidis	ILLUMINA	NextSeq 500	PAIRED	WGS	GENOMIC	other	2754836	381119110	ftp.sra.ebi.ac.uk/vol1/fastq/SRR109/082/SRR10916282/SRR10916282_1.fastq.gz;ftp.sra.ebi.ac.uk/vol1/fastq/SRR109/082/SRR10916282/SRR10916282_2.fastq.gz	129193652;128896857	2020-04-14	SUB6861254
SRR10916283	SAMN13885737	SRS6017210	PRJNA602215	SRX7583642	519450	Mycoplasma anserisalpingitidis	ILLUMINA	NextSeq 500	PAIRED	WGS	GENOMIC	other	369854	54302683	ftp.sra.ebi.ac.uk/vol1/fastq/SRR109/083/SRR10916283/SRR10916283_1.fastq.gz;ftp.sra.ebi.ac.uk/vol1/fastq/SRR109/083/SRR10916283/SRR10916283_2.fastq.gz	20371250;20206821	2020-04-14	SUB6861254
SRR10916288	SAMN13885733	SRS6017205	PRJNA602215	SRX7583637	519450	Mycoplasma anserisalpingitidis	ILLUMINA	NextSeq 500	PAIRED	WGS	GENOMIC	other	490969	67381370	ftp.sra.ebi.ac.uk/vol1/fastq/SRR109/088/SRR10916288/SRR10916288_1.fastq.gz;ftp.sra.ebi.ac.uk/vol1/fastq/SRR109/088/SRR10916288/SRR10916288_2.fastq.gz	25428871;25220542	2020-04-14	SUB6861254
SRR10916289	SAMN13885732	SRS6017204	PRJNA602215	SRX7583636	519450	Mycoplasma anserisalpingitidis	ILLUMINA	NextSeq 500	PAIRED	WGS	GENOMIC	other	446432	59722511	ftp.sra.ebi.ac.uk/vol1/fastq/SRR109/089/SRR10916289/SRR10916289_1.fastq.gz;ftp.sra.ebi.ac.uk/vol1/fastq/SRR109/089/SRR10916289/SRR10916289_2.fastq.gz	22513710;22281122	2020-04-14	SUB6861254
SRR10916291	SAMN13885730	SRS6017202	PRJNA602215	SRX7583634	519450	Mycoplasma anserisalpingitidis	ILLUMINA	NextSeq 500	PAIRED	WGS	GENOMIC	other	389171	54940359	ftp.sra.ebi.ac.uk/vol1/fastq/SRR109/091/SRR10916291/SRR10916291_1.fastq.gz;ftp.sra.ebi.ac.uk/vol1/fastq/SRR109/091/SRR10916291/SRR10916291_2.fastq.gz	20642097;20433413	2020-04-14	SUB6861254
SRR4935236	SAMN03223654	SRS1783097	PRJNA256019	SRX2327713	2138	Spiroplasma poulsonii	PACBIO_SMRT	PacBio RS II	SINGLE	WGS	GENOMIC	unspecified	150291	237969327	ftp.sra.ebi.ac.uk/vol1/fastq/SRR493/006/SRR4935236/SRR4935236_subreads.fastq.gz	207352628	2017-11-05	EPFL
SRR5326893	SAMN06454103	SRS2036045	PRJNA348753	SRX2626088	1951325	Acholeplasmataceae bacterium UBA5491	ILLUMINA	Illumina HiSeq 2000	PAIRED	WGS	METAGENOMIC	RANDOM	145234	4433219	ftp.sra.ebi.ac.uk/vol1/fastq/SRR532/003/SRR5326893/SRR5326893.fastq.gz	2689893	2017-11-09	University of Queensland
SRR5326926	SAMN06452761	SRS2036079	PRJNA348753	SRX2626121	1951324	Acholeplasmataceae bacterium UBA5468	ILLUMINA	Illumina HiSeq 2000	PAIRED	WGS	METAGENOMIC	RANDOM	130995	4008701	ftp.sra.ebi.ac.uk/vol1/fastq/SRR532/006/SRR5326926/SRR5326926.fastq.gz	2429813	2017-11-09	University of Queensland
SRR32494684	SAMN47009925	SRS24183552	PRJNA1228271	SRX27807542	3101264	Xianfuyuplasma sp.	ILLUMINA	Illumina MiSeq	SINGLE	AMPLICON	GENOMIC	PCR	274	3952898	ftp.sra.ebi.ac.uk/vol1/fastq/SRR324/084/SRR32494684/SRR32494684.fastq.gz	1224056	2026-03-22	SUB15111876
SRR6129217	SAMN07735427	SRS2564712	PRJNA412852	SRX3241675	2151	Mesoplasma florum	ILLUMINA	Illumina MiSeq	SINGLE	WGS	GENOMIC	RANDOM	2000000	301000015	ftp.sra.ebi.ac.uk/vol1/fastq/SRR612/007/SRR6129217/SRR6129217_1.fastq.gz;ftp.sra.ebi.ac.uk/vol1/fastq/SRR612/007/SRR6129217/SRR6129217_2.fastq.gz	79521111;80130109	2017-10-04	
SRR6155015	SAMN05323707	SRS2579060	PRJNA327174	SRX3266851	270520	New Jersey aster yellows phytoplasma	LS454	454 GS Junior	SINGLE	WGS	GENOMIC	RANDOM	101762	16135259	ftp.sra.ebi.ac.uk/vol1/fastq/SRR615/005/SRR6155015/SRR6155015.fastq.gz	13183818	2017-10-11	
SRR6326390	SAMN08102256	SRS2716714	PRJNA274591	SRX3426083	1609976	Spiroplasma sp. hyd1	ILLUMINA	Illumina HiSeq 2500	SINGLE	WGS	METAGENOMIC	RANDOM	7442380	744238000	ftp.sra.ebi.ac.uk/vol1/fastq/SRR632/000/SRR6326390/SRR6326390.fastq.gz	593201980	2020-10-25	Texas A&M University
SRR6487407	SAMN08019435	SRS2847095	PRJNA417962	SRX3577368	1898209	Acholeplasmataceae bacterium	ILLUMINA	Illumina HiSeq 2000	PAIRED	WGS	METAGENOMIC	RANDOM	618698	170376115	ftp.sra.ebi.ac.uk/vol1/fastq/SRR648/007/SRR6487407/SRR6487407.fastq.gz;ftp.sra.ebi.ac.uk/vol1/fastq/SRR648/007/SRR6487407/SRR6487407_1.fastq.gz;ftp.sra.ebi.ac.uk/vol1/fastq/SRR648/007/SRR6487407/SRR6487407_2.fastq.gz	7641166;36097135;37248065	2018-02-24	SUB3523617
SRR6488229	SAMN08019060	SRS2847785	PRJNA417962	SRX3578056	2053494	Acholeplasmatales bacterium	ILLUMINA	Illumina HiSeq 2000	PAIRED	WGS	METAGENOMIC	RANDOM	31077	7623846	ftp.sra.ebi.ac.uk/vol1/fastq/SRR648/009/SRR6488229/SRR6488229.fastq.gz;ftp.sra.ebi.ac.uk/vol1/fastq/SRR648/009/SRR6488229/SRR6488229_1.fastq.gz;ftp.sra.ebi.ac.uk/vol1/fastq/SRR648/009/SRR6488229/SRR6488229_2.fastq.gz	1427308;1951871;1980153	2018-02-24	SUB3523617
SRR578718	SAMN01730980	SRS365561	PRJNA175935	SRX189690	1179777	Mycoplasma feriruminatoris	ILLUMINA	Illumina Genome Analyzer II	PAIRED	WGS	GENOMIC	RANDOM	32137399	4820609850	ftp.sra.ebi.ac.uk/vol1/fastq/SRR578/SRR578718/SRR578718_1.fastq.gz;ftp.sra.ebi.ac.uk/vol1/fastq/SRR578/SRR578718/SRR578718_2.fastq.gz	1822455253;1945841448	2013-02-28	icipe
DRR240861	SAMD00239571	DRS180583	PRJDB10389	DRX230720	100379	Onion yellows phytoplasma	ILLUMINA	Illumina MiSeq	PAIRED	WGS	GENOMIC	MBD2 protein methyl-CpG binding domain	1159201	475977600	ftp.sra.ebi.ac.uk/vol1/fastq/DRR240/DRR240861/DRR240861_1.fastq.gz;ftp.sra.ebi.ac.uk/vol1/fastq/DRR240/DRR240861/DRR240861_2.fastq.gz	208817179;182453358	2021-04-25	UT-GALS
DRR423636	SAMD00239572	DRS180584	PRJDB14779	DRX408855	238673	Hydrangea phyllody phytoplasma	PACBIO_SMRT	Sequel II	SINGLE	WGS	GENOMIC	RANDOM	247274	2490994292	ftp.sra.ebi.ac.uk/vol1/fastq/DRR423/DRR423636/DRR423636_subreads.fastq.gz	1553742060	2024-01-12	UT-GALS
DRR531730	SAMD00747054	DRS391837	PRJDB17543	DRX515603	216933	Spiroplasma chrysopicola	DNBSEQ	DNBSEQ-G400	PAIRED	WGS	GENOMIC	PCR	1678696	503608800	ftp.sra.ebi.ac.uk/vol1/fastq/DRR531/DRR531730/DRR531730_1.fastq.gz;ftp.sra.ebi.ac.uk/vol1/fastq/DRR531/DRR531730/DRR531730_2.fastq.gz	141205332;165432317	2024-06-30	National Institute of Advanced Industrial Science and Technology
DRR531731	SAMD00747055	DRS391836	PRJDB17543	DRX515604	216933	Spiroplasma chrysopicola	DNBSEQ	DNBSEQ-G400	PAIRED	WGS	GENOMIC	PCR	1350668	405200400	ftp.sra.ebi.ac.uk/vol1/fastq/DRR531/DRR531731/DRR531731_1.fastq.gz;ftp.sra.ebi.ac.uk/vol1/fastq/DRR531/DRR531731/DRR531731_2.fastq.gz	114399949;132962272	2024-06-30	National Institute of Advanced Industrial Science and Technology
DRR531732	SAMD00747056	DRS391839	PRJDB17543	DRX515605	216933	Spiroplasma chrysopicola	DNBSEQ	DNBSEQ-G400	PAIRED	WGS	GENOMIC	PCR	2794557	838367100	ftp.sra.ebi.ac.uk/vol1/fastq/DRR531/DRR531732/DRR531732_1.fastq.gz;ftp.sra.ebi.ac.uk/vol1/fastq/DRR531/DRR531732/DRR531732_2.fastq.gz	235939816;276546280	2024-06-30	National Institute of Advanced Industrial Science and Technology
ERR015797	SAMEA1405770	ERS013284	PRJEB2218	ERX006120	866629	Mycoplasma leachii 99/014/6	ILLUMINA	Illumina Genome Analyzer II	PAIRED	WGS	GENOMIC	RANDOM	8737796	1310669400	ftp.sra.ebi.ac.uk/vol1/fastq/ERR015/ERR015797/ERR015797_1.fastq.gz;ftp.sra.ebi.ac.uk/vol1/fastq/ERR015/ERR015797/ERR015797_2.fastq.gz	606680563;594442388	2012-07-02	Swiss Institute of Bioinformatics;Switzerland;SIB
ERR034338	SAMEA757065;SAMEA757063;SAMEA757057;SAMEA757089;SAMEA757093;SAMEA757100;SAMEA757082;SAMEA757080;SAMEA757077;SAMEA757075;SAMEA757073;SAMEA757071	ERS015762;ERS015765;ERS015766;ERS015770;ERS015772;ERS017549;ERS017550;ERS017551;ERS017552;ERS017553;ERS017554;ERS017555	PRJEB2281	ERX012764	813;273136	Mycoplasma amphoriforme;Chlamydia trachomatis	ILLUMINA	Illumina Genome Analyzer II	PAIRED	WGS	GENOMIC	RANDOM	841545	90886860	ftp.sra.ebi.ac.uk/vol1/fastq/ERR034/ERR034338/ERR034338_1.fastq.gz;ftp.sra.ebi.ac.uk/vol1/fastq/ERR034/ERR034338/ERR034338_2.fastq.gz	51486152;51112782	2011-05-05	Wellcome Sanger Institute;SC
ERR034342	SAMEA757100	ERS017549	PRJEB2281	ERX1997378	273136	Mycoplasma amphoriforme	ILLUMINA	Illumina Genome Analyzer II	PAIRED	WGS	GENOMIC	RANDOM	435	46980	ftp.sra.ebi.ac.uk/vol1/fastq/ERR034/ERR034342/ERR034342_1.fastq.gz;ftp.sra.ebi.ac.uk/vol1/fastq/ERR034/ERR034342/ERR034342_2.fastq.gz	26572;27818	2011-05-05	Wellcome Sanger Institute;SC
ERR034347	SAMEA757082	ERS017550	PRJEB2281	ERX1997372	273136	Mycoplasma amphoriforme	ILLUMINA	Illumina Genome Analyzer II	PAIRED	WGS	GENOMIC	RANDOM	2514496	271565568	ftp.sra.ebi.ac.uk/vol1/fastq/ERR034/ERR034347/ERR034347_1.fastq.gz;ftp.sra.ebi.ac.uk/vol1/fastq/ERR034/ERR034347/ERR034347_2.fastq.gz	144851171;136442537	2011-05-05	Wellcome Sanger Institute;SC
ERR119335	SAMEA1409144	ERS075468	PRJEB2281	ERX095607	273136	Mycoplasma amphoriforme	ILLUMINA	Illumina HiSeq 2000	PAIRED	WGS	GENOMIC	RANDOM	3040469	456070350	ftp.sra.ebi.ac.uk/vol1/fastq/ERR119/ERR119335/ERR119335_1.fastq.gz;ftp.sra.ebi.ac.uk/vol1/fastq/ERR119/ERR119335/ERR119335_2.fastq.gz	230006728;222894542	2012-04-30	Wellcome Sanger Institute;SC
ERR119344	SAMEA1409149	ERS075477	PRJEB2281	ERX095616	273136	Mycoplasma amphoriforme	ILLUMINA	Illumina HiSeq 2000	PAIRED	WGS	GENOMIC	RANDOM	3193981	479097150	ftp.sra.ebi.ac.uk/vol1/fastq/ERR119/ERR119344/ERR119344_1.fastq.gz;ftp.sra.ebi.ac.uk/vol1/fastq/ERR119/ERR119344/ERR119344_2.fastq.gz	242850177;235806387	2012-04-30	Wellcome Sanger Institute;SC
ERR119350	SAMEA1409142	ERS075483	PRJEB2281	ERX095622	273136	Mycoplasma amphoriforme	ILLUMINA	Illumina HiSeq 2000	PAIRED	WGS	GENOMIC	RANDOM	3303532	495529800	ftp.sra.ebi.ac.uk/vol1/fastq/ERR119/ERR119350/ERR119350_1.fastq.gz;ftp.sra.ebi.ac.uk/vol1/fastq/ERR119/ERR119350/ERR119350_2.fastq.gz	250035800;241836315	2012-04-30	Wellcome Sanger Institute;SC
ERR119355	SAMEA1409151	ERS075488	PRJEB2281	ERX095627	273136	Mycoplasma amphoriforme	ILLUMINA	Illumina HiSeq 2000	PAIRED	WGS	GENOMIC	RANDOM	3222250	483337500	ftp.sra.ebi.ac.uk/vol1/fastq/ERR119/ERR119355/ERR119355_1.fastq.gz;ftp.sra.ebi.ac.uk/vol1/fastq/ERR119/ERR119355/ERR119355_2.fastq.gz	257751751;254673217	2012-04-30	Wellcome Sanger Institute;SC
ERR119358	SAMEA1409145	ERS075491	PRJEB2281	ERX095630	273136	Mycoplasma amphoriforme	ILLUMINA	Illumina HiSeq 2000	PAIRED	WGS	GENOMIC	RANDOM	3332253	499837950	ftp.sra.ebi.ac.uk/vol1/fastq/ERR119/ERR119358/ERR119358_1.fastq.gz;ftp.sra.ebi.ac.uk/vol1/fastq/ERR119/ERR119358/ERR119358_2.fastq.gz	251418795;243047696	2012-04-30	Wellcome Sanger Institute;SC
ERR2237846	SAMEA104224792	ERS1883810	PRJEB6403	ERX2290013	35623	Acholeplasma oculi	PACBIO_SMRT	PacBio RS	SINGLE	WGS	GENOMIC	RANDOM	0	0			2018-01-09	Wellcome Sanger Institute;SC
ERR3938362	SAMEA6237245	ERS4036936	PRJEB35485	ERX3946210	1179777	Mycoplasma feriruminatoris	ILLUMINA	Illumina MiSeq	PAIRED	WGS	GENOMIC	RANDOM	4689641	2354199782	ftp.sra.ebi.ac.uk/vol1/fastq/ERR393/002/ERR3938362/ERR3938362_1.fastq.gz;ftp.sra.ebi.ac.uk/vol1/fastq/ERR393/002/ERR3938362/ERR3938362_2.fastq.gz	775000817;882619244	2020-02-20	Swiss Institute of Bioinformatics;Switzerland;SIB
ERR3938363	SAMEA6237240	ERS4036931	PRJEB35485	ERX3946211	1179777	Mycoplasma feriruminatoris	PACBIO_SMRT	Sequel	SINGLE	WGS	GENOMIC	RANDOM	102651	697368928	ftp.sra.ebi.ac.uk/vol1/fastq/ERR393/003/ERR3938363/ERR3938363_subreads.fastq.gz	213233382	2020-02-20	Swiss Institute of Bioinformatics;Switzerland;SIB
ERR15956691	SAMEA120610656	ERS27947334	PRJEB104317	ERX15351917	2141	Spiroplasma ixodetis	ILLUMINA	NextSeq 550	PAIRED	WGS	METAGENOMIC	RANDOM	2325840	265212949	ftp.sra.ebi.ac.uk/vol1/fastq/ERR159/091/ERR15956691/ERR15956691_1.fastq.gz;ftp.sra.ebi.ac.uk/vol1/fastq/ERR159/091/ERR15956691/ERR15956691_2.fastq.gz	83449995;85350857	2026-06-30	University of Ljubljana Medicine Faculty Institute for Microbiology;UL MF IMI
ERR15956715	SAMEA120610677	ERS27947357	PRJEB104317	ERX15351941	2141	Spiroplasma ixodetis	OXFORD_NANOPORE	PromethION	SINGLE	AMPLICON	METAGENOMIC	PCR	40938	37490734	ftp.sra.ebi.ac.uk/vol1/fastq/ERR159/015/ERR15956715/ERR15956715.fastq.gz	30760814	2026-06-30	University of Ljubljana Medicine Faculty Institute for Microbiology;UL MF IMI
ERR15956722	SAMEA120610684	ERS27947366	PRJEB104317	ERX15351948	2141	Spiroplasma ixodetis	OXFORD_NANOPORE	PromethION	SINGLE	AMPLICON	METAGENOMIC	PCR	99188	128959561	ftp.sra.ebi.ac.uk/vol1/fastq/ERR159/022/ERR15956722/ERR15956722.fastq.gz	100102093	2026-06-30	University of Ljubljana Medicine Faculty Institute for Microbiology;UL MF IMI
ERR15956724	SAMEA120610686	ERS27947368	PRJEB104317	ERX15351950	2141	Spiroplasma ixodetis	OXFORD_NANOPORE	PromethION	SINGLE	AMPLICON	METAGENOMIC	PCR	84098	105965535	ftp.sra.ebi.ac.uk/vol1/fastq/ERR159/024/ERR15956724/ERR15956724.fastq.gz	80294616	2026-06-30	University of Ljubljana Medicine Faculty Institute for Microbiology;UL MF IMI
ERR15956727	SAMEA120610689	ERS27947371	PRJEB104317	ERX15351953	2141	Spiroplasma ixodetis	OXFORD_NANOPORE	PromethION	SINGLE	AMPLICON	METAGENOMIC	PCR	81611	106877269	ftp.sra.ebi.ac.uk/vol1/fastq/ERR159/027/ERR15956727/ERR15956727.fastq.gz	81014981	2026-06-30	University of Ljubljana Medicine Faculty Institute for Microbiology;UL MF IMI
ERR15956730	SAMEA120610692	ERS27947374	PRJEB104317	ERX15351956	2141	Spiroplasma ixodetis	OXFORD_NANOPORE	PromethION	SINGLE	AMPLICON	METAGENOMIC	PCR	111271	149433892	ftp.sra.ebi.ac.uk/vol1/fastq/ERR159/030/ERR15956730/ERR15956730.fastq.gz	112417741	2026-06-30	University of Ljubljana Medicine Faculty Institute for Microbiology;UL MF IMI
ERR15956734	SAMEA120610696	ERS27947378	PRJEB104317	ERX15351960	2141	Spiroplasma ixodetis	OXFORD_NANOPORE	PromethION	SINGLE	AMPLICON	METAGENOMIC	PCR	92608	120093022	ftp.sra.ebi.ac.uk/vol1/fastq/ERR159/034/ERR15956734/ERR15956734.fastq.gz	91389450	2026-06-30	University of Ljubljana Medicine Faculty Institute for Microbiology;UL MF IMI
ERR15956737	SAMEA120610699	ERS27947381	PRJEB104317	ERX15351963	2141	Spiroplasma ixodetis	OXFORD_NANOPORE	PromethION	SINGLE	AMPLICON	METAGENOMIC	PCR	100633	134000782	ftp.sra.ebi.ac.uk/vol1/fastq/ERR159/037/ERR15956737/ERR15956737.fastq.gz	103774413	2026-06-30	University of Ljubljana Medicine Faculty Institute for Microbiology;UL MF IMI
ERR15956747	SAMEA120610709	ERS27947391	PRJEB104317	ERX15351973	2141	Spiroplasma ixodetis	OXFORD_NANOPORE	PromethION	SINGLE	AMPLICON	METAGENOMIC	PCR	13964	8111134	ftp.sra.ebi.ac.uk/vol1/fastq/ERR159/047/ERR15956747/ERR15956747.fastq.gz	6984518	2026-06-30	University of Ljubljana Medicine Faculty Institute for Microbiology;UL MF IMI
ERR15956748	SAMEA120610710	ERS27947392	PRJEB104317	ERX15351974	2141	Spiroplasma ixodetis	OXFORD_NANOPORE	PromethION	SINGLE	AMPLICON	METAGENOMIC	PCR	9876	4832585	ftp.sra.ebi.ac.uk/vol1/fastq/ERR159/048/ERR15956748/ERR15956748.fastq.gz	4262019	2026-06-30	University of Ljubljana Medicine Faculty Institute for Microbiology;UL MF IMI
ERR15956758	SAMEA120610720	ERS27947403	PRJEB104317	ERX15351984	2141	Spiroplasma ixodetis	OXFORD_NANOPORE	PromethION	SINGLE	AMPLICON	METAGENOMIC	PCR	30972	37287134	ftp.sra.ebi.ac.uk/vol1/fastq/ERR159/058/ERR15956758/ERR15956758.fastq.gz	30769740	2026-06-30	University of Ljubljana Medicine Faculty Institute for Microbiology;UL MF IMI
ERR15956764	SAMEA120610726	ERS27947410	PRJEB104317	ERX15351990	2141	Spiroplasma ixodetis	OXFORD_NANOPORE	PromethION	SINGLE	AMPLICON	METAGENOMIC	PCR	46999	55774869	ftp.sra.ebi.ac.uk/vol1/fastq/ERR159/064/ERR15956764/ERR15956764.fastq.gz	47249282	2026-06-30	University of Ljubljana Medicine Faculty Institute for Microbiology;UL MF IMI
ERR15956770	SAMEA120610732	ERS27947417	PRJEB104317	ERX15351996	2141	Spiroplasma ixodetis	OXFORD_NANOPORE	PromethION	SINGLE	AMPLICON	METAGENOMIC	PCR	349848	159168546	ftp.sra.ebi.ac.uk/vol1/fastq/ERR159/070/ERR15956770/ERR15956770.fastq.gz	112220944	2026-06-30	University of Ljubljana Medicine Faculty Institute for Microbiology;UL MF IMI
ERR15956773	SAMEA120610735	ERS27947421	PRJEB104317	ERX15351999	2141	Spiroplasma ixodetis	OXFORD_NANOPORE	PromethION	SINGLE	AMPLICON	METAGENOMIC	PCR	236661	129633460	ftp.sra.ebi.ac.uk/vol1/fastq/ERR159/073/ERR15956773/ERR15956773.fastq.gz	88979918	2026-06-30	University of Ljubljana Medicine Faculty Institute for Microbiology;UL MF IMI
ERR15956781	SAMEA120610743	ERS27947429	PRJEB104317	ERX15352007	2141	Spiroplasma ixodetis	OXFORD_NANOPORE	PromethION	SINGLE	AMPLICON	METAGENOMIC	PCR	372483	252775499	ftp.sra.ebi.ac.uk/vol1/fastq/ERR159/081/ERR15956781/ERR15956781.fastq.gz	166233069	2026-06-30	University of Ljubljana Medicine Faculty Institute for Microbiology;UL MF IMI
ERR15956786	SAMEA120610748	ERS27947434	PRJEB104317	ERX15352012	2141	Spiroplasma ixodetis	OXFORD_NANOPORE	PromethION	SINGLE	AMPLICON	METAGENOMIC	PCR	224477	151573784	ftp.sra.ebi.ac.uk/vol1/fastq/ERR159/086/ERR15956786/ERR15956786.fastq.gz	100946206	2026-06-30	University of Ljubljana Medicine Faculty Institute for Microbiology;UL MF IMI
ERR15956791	SAMEA120610753	ERS27947439	PRJEB104317	ERX15352017	2141	Spiroplasma ixodetis	OXFORD_NANOPORE	PromethION	SINGLE	AMPLICON	METAGENOMIC	PCR	183528	124013818	ftp.sra.ebi.ac.uk/vol1/fastq/ERR159/091/ERR15956791/ERR15956791.fastq.gz	82202304	2026-06-30	University of Ljubljana Medicine Faculty Institute for Microbiology;UL MF IMI
ERR15956792	SAMEA120610754	ERS27947440	PRJEB104317	ERX15352018	2141	Spiroplasma ixodetis	OXFORD_NANOPORE	PromethION	SINGLE	AMPLICON	METAGENOMIC	PCR	135006	89796517	ftp.sra.ebi.ac.uk/vol1/fastq/ERR159/092/ERR15956792/ERR15956792.fastq.gz	59518761	2026-06-30	University of Ljubljana Medicine Faculty Institute for Microbiology;UL MF IMI
ERR15956795	SAMEA120610757	ERS27947443	PRJEB104317	ERX15352021	2141	Spiroplasma ixodetis	OXFORD_NANOPORE	PromethION	SINGLE	AMPLICON	METAGENOMIC	PCR	205019	139285388	ftp.sra.ebi.ac.uk/vol1/fastq/ERR159/095/ERR15956795/ERR15956795.fastq.gz	92495647	2026-06-30	University of Ljubljana Medicine Faculty Institute for Microbiology;UL MF IMI
ERR15956801	SAMEA120610763	ERS27947449	PRJEB104317	ERX15352027	2141	Spiroplasma ixodetis	OXFORD_NANOPORE	PromethION	SINGLE	AMPLICON	METAGENOMIC	PCR	209508	142318127	ftp.sra.ebi.ac.uk/vol1/fastq/ERR159/001/ERR15956801/ERR15956801.fastq.gz	94318821	2026-06-30	University of Ljubljana Medicine Faculty Institute for Microbiology;UL MF IMI
ERR15956803	SAMEA120610765	ERS27947451	PRJEB104317	ERX15352029	2141	Spiroplasma ixodetis	OXFORD_NANOPORE	PromethION	SINGLE	AMPLICON	METAGENOMIC	PCR	262621	176564246	ftp.sra.ebi.ac.uk/vol1/fastq/ERR159/003/ERR15956803/ERR15956803.fastq.gz	116846422	2026-06-30	University of Ljubljana Medicine Faculty Institute for Microbiology;UL MF IMI
ERR15956807	SAMEA120610769	ERS27947455	PRJEB104317	ERX15352033	2141	Spiroplasma ixodetis	OXFORD_NANOPORE	PromethION	SINGLE	AMPLICON	METAGENOMIC	PCR	120261	83514638	ftp.sra.ebi.ac.uk/vol1/fastq/ERR159/007/ERR15956807/ERR15956807.fastq.gz	54501686	2026-06-30	University of Ljubljana Medicine Faculty Institute for Microbiology;UL MF IMI
ERR15956809	SAMEA120610771	ERS27947457	PRJEB104317	ERX15352035	2141	Spiroplasma ixodetis	OXFORD_NANOPORE	PromethION	SINGLE	AMPLICON	METAGENOMIC	PCR	174370	118575563	ftp.sra.ebi.ac.uk/vol1/fastq/ERR159/009/ERR15956809/ERR15956809.fastq.gz	78126315	2026-06-30	University of Ljubljana Medicine Faculty Institute for Microbiology;UL MF IMI
ERR15956810	SAMEA120610772	ERS27947458	PRJEB104317	ERX15352036	2141	Spiroplasma ixodetis	OXFORD_NANOPORE	PromethION	SINGLE	AMPLICON	METAGENOMIC	PCR	247730	164452856	ftp.sra.ebi.ac.uk/vol1/fastq/ERR159/010/ERR15956810/ERR15956810.fastq.gz	108550857	2026-06-30	University of Ljubljana Medicine Faculty Institute for Microbiology;UL MF IMI
ERR15956811	SAMEA120610773	ERS27947459	PRJEB104317	ERX15352037	2141	Spiroplasma ixodetis	OXFORD_NANOPORE	PromethION	SINGLE	AMPLICON	METAGENOMIC	PCR	199910	132932479	ftp.sra.ebi.ac.uk/vol1/fastq/ERR159/011/ERR15956811/ERR15956811.fastq.gz	88247242	2026-06-30	University of Ljubljana Medicine Faculty Institute for Microbiology;UL MF IMI
ERR15956814	SAMEA120610776	ERS27947462	PRJEB104317	ERX15352040	2141	Spiroplasma ixodetis	OXFORD_NANOPORE	PromethION	SINGLE	AMPLICON	METAGENOMIC	PCR	135545	90955664	ftp.sra.ebi.ac.uk/vol1/fastq/ERR159/014/ERR15956814/ERR15956814.fastq.gz	59974568	2026-06-30	University of Ljubljana Medicine Faculty Institute for Microbiology;UL MF IMI
ERR17363845	SAMEA122718681	ERS30342966	PRJEB113329	ERX16753242	40479	Mycoplasma capricolum subsp. capricolum	PACBIO_SMRT	Sequel	SINGLE	WGS	GENOMIC	RANDOM	9898	89018978	ftp.sra.ebi.ac.uk/vol1/fastq/ERR173/045/ERR17363845/ERR17363845.fastq.gz	26294634	2026-06-03	University of Bern;jingzhanglr@gmail.com
ERR17364575	SAMEA122718688	ERS30342973	PRJEB113329	ERX16753972	40479	Mycoplasma capricolum subsp. capricolum	PACBIO_SMRT	Sequel	SINGLE	WGS	GENOMIC	RANDOM	15146	92461304	ftp.sra.ebi.ac.uk/vol1/fastq/ERR173/075/ERR17364575/ERR17364575.fastq.gz	27009867	2026-06-04	University of Bern;jingzhanglr@gmail.com
ERR17364580	SAMEA122718686	ERS30342971	PRJEB113329	ERX16753977	40479	Mycoplasma capricolum subsp. capricolum	PACBIO_SMRT	Sequel	SINGLE	WGS	GENOMIC	RANDOM	42303	237832003	ftp.sra.ebi.ac.uk/vol1/fastq/ERR173/080/ERR17364580/ERR17364580.fastq.gz	70756204	2026-06-04	University of Bern;jingzhanglr@gmail.com
ERR17365157	SAMEA122718699	ERS30342984	PRJEB113329	ERX16754554	40477	Mycoplasma mycoides subsp. capri	PACBIO_SMRT	Revio	SINGLE	WGS	GENOMIC	RANDOM	44287	294702774	ftp.sra.ebi.ac.uk/vol1/fastq/ERR173/057/ERR17365157/ERR17365157.fastq.gz	92637503	2026-06-04	University of Bern;jingzhanglr@gmail.com
ERR17365159	SAMEA122718697	ERS30342982	PRJEB113329	ERX16754556	40477	Mycoplasma mycoides subsp. capri	PACBIO_SMRT	Revio	SINGLE	WGS	GENOMIC	RANDOM	92023	874603562	ftp.sra.ebi.ac.uk/vol1/fastq/ERR173/059/ERR17365159/ERR17365159.fastq.gz	309736413	2026-06-04	University of Bern;jingzhanglr@gmail.com
ERR17365163	SAMEA122718693	ERS30342978	PRJEB113329	ERX16754560	40477	Mycoplasma mycoides subsp. capri	PACBIO_SMRT	Sequel	SINGLE	WGS	GENOMIC	RANDOM	189125	588991719	ftp.sra.ebi.ac.uk/vol1/fastq/ERR173/063/ERR17365163/ERR17365163.fastq.gz	169644712	2026-06-04	University of Bern;jingzhanglr@gmail.com
ERR17366114	SAMEA122718675	ERS30342960	PRJEB113329	ERX16755636	2105	Mycoplasma leachii	PACBIO_SMRT	Revio	SINGLE	WGS	GENOMIC	RANDOM	113540	894827123	ftp.sra.ebi.ac.uk/vol1/fastq/ERR173/014/ERR17366114/ERR17366114.fastq.gz	289872488	2026-06-04	University of Bern;jingzhanglr@gmail.com
ERR17366116	SAMEA122718673	ERS30342958	PRJEB113329	ERX16755638	2105	Mycoplasma leachii	PACBIO_SMRT	Revio	SINGLE	WGS	GENOMIC	RANDOM	671453	5842833586	ftp.sra.ebi.ac.uk/vol1/fastq/ERR173/016/ERR17366116/ERR17366116.fastq.gz	1212644282	2026-06-04	University of Bern;jingzhanglr@gmail.com
ERR8048777	SAMEA12361908	ERS9968698	PRJEB50216	ERX7615514	572419	Mycoplasma amphoriforme A39	ILLUMINA	NextSeq 500	PAIRED	WGS	GENOMIC	Hybrid Selection	2734582	205854121	ftp.sra.ebi.ac.uk/vol1/fastq/ERR804/007/ERR8048777/ERR8048777_1.fastq.gz;ftp.sra.ebi.ac.uk/vol1/fastq/ERR804/007/ERR8048777/ERR8048777_2.fastq.gz	69326631;72505445	2022-02-18	University of Glasgow
ERR8048778	SAMEA12361909	ERS9968699	PRJEB50216	ERX7615515	572419	Mycoplasma amphoriforme A39	ILLUMINA	NextSeq 500	PAIRED	WGS	GENOMIC	Hybrid Selection	3448430	257635177	ftp.sra.ebi.ac.uk/vol1/fastq/ERR804/008/ERR8048778/ERR8048778_1.fastq.gz;ftp.sra.ebi.ac.uk/vol1/fastq/ERR804/008/ERR8048778/ERR8048778_2.fastq.gz	84206843;88074829	2022-02-18	University of Glasgow
ERR8048780	SAMEA12361911	ERS9968701	PRJEB50216	ERX7615517	572419	Mycoplasma amphoriforme A39	ILLUMINA	NextSeq 500	PAIRED	WGS	GENOMIC	Hybrid Selection	3142472	233027116	ftp.sra.ebi.ac.uk/vol1/fastq/ERR804/000/ERR8048780/ERR8048780_1.fastq.gz;ftp.sra.ebi.ac.uk/vol1/fastq/ERR804/000/ERR8048780/ERR8048780_2.fastq.gz	76555086;78587881	2022-02-18	University of Glasgow
ERR8048784	SAMEA12361915	ERS9968705	PRJEB50216	ERX7615521	572419	Mycoplasma amphoriforme A39	ILLUMINA	NextSeq 500	PAIRED	WGS	GENOMIC	Hybrid Selection	3416008	255668071	ftp.sra.ebi.ac.uk/vol1/fastq/ERR804/004/ERR8048784/ERR8048784_1.fastq.gz;ftp.sra.ebi.ac.uk/vol1/fastq/ERR804/004/ERR8048784/ERR8048784_2.fastq.gz	83053323;86014644	2022-02-18	University of Glasgow
ERR8048789	SAMEA12361921	ERS9968710	PRJEB50216	ERX7615526	572419	Mycoplasma amphoriforme A39	ILLUMINA	NextSeq 500	PAIRED	WGS	GENOMIC	Hybrid Selection	1738660	129962618	ftp.sra.ebi.ac.uk/vol1/fastq/ERR804/009/ERR8048789/ERR8048789_1.fastq.gz;ftp.sra.ebi.ac.uk/vol1/fastq/ERR804/009/ERR8048789/ERR8048789_2.fastq.gz	41986691;44887095	2022-02-18	University of Glasgow
ERR8048801	SAMEA12361933	ERS9968722	PRJEB50216	ERX7615538	572419	Mycoplasma amphoriforme A39	ILLUMINA	NextSeq 500	PAIRED	WGS	GENOMIC	Hybrid Selection	3243980	243222807	ftp.sra.ebi.ac.uk/vol1/fastq/ERR804/001/ERR8048801/ERR8048801_1.fastq.gz;ftp.sra.ebi.ac.uk/vol1/fastq/ERR804/001/ERR8048801/ERR8048801_2.fastq.gz	80124718;85681005	2022-02-18	University of Glasgow
ERR8048808	SAMEA12361940	ERS9968729	PRJEB50216	ERX7615545	572419	Mycoplasma amphoriforme A39	ILLUMINA	NextSeq 500	PAIRED	WGS	GENOMIC	Hybrid Selection	4370250	323645871	ftp.sra.ebi.ac.uk/vol1/fastq/ERR804/008/ERR8048808/ERR8048808_1.fastq.gz;ftp.sra.ebi.ac.uk/vol1/fastq/ERR804/008/ERR8048808/ERR8048808_2.fastq.gz	106247466;111217924	2022-02-18	University of Glasgow
ERR8048815	SAMEA12361947	ERS9968736	PRJEB50216	ERX7615552	572419	Mycoplasma amphoriforme A39	ILLUMINA	NextSeq 500	PAIRED	WGS	GENOMIC	Hybrid Selection	3374430	251654875	ftp.sra.ebi.ac.uk/vol1/fastq/ERR804/005/ERR8048815/ERR8048815_1.fastq.gz;ftp.sra.ebi.ac.uk/vol1/fastq/ERR804/005/ERR8048815/ERR8048815_2.fastq.gz	82101502;92272761	2022-02-18	University of Glasgow
ERR8048816	SAMEA12361948	ERS9968737	PRJEB50216	ERX7615553	572419	Mycoplasma amphoriforme A39	ILLUMINA	NextSeq 500	PAIRED	WGS	GENOMIC	Hybrid Selection	3121070	234605425	ftp.sra.ebi.ac.uk/vol1/fastq/ERR804/006/ERR8048816/ERR8048816_1.fastq.gz;ftp.sra.ebi.ac.uk/vol1/fastq/ERR804/006/ERR8048816/ERR8048816_2.fastq.gz	76055776;80030644	2022-02-18	University of Glasgow
ERR8048822	SAMEA12361954	ERS9968743	PRJEB50216	ERX7615559	572419	Mycoplasma amphoriforme A39	ILLUMINA	NextSeq 500	PAIRED	WGS	GENOMIC	Hybrid Selection	2567302	188910773	ftp.sra.ebi.ac.uk/vol1/fastq/ERR804/002/ERR8048822/ERR8048822_1.fastq.gz;ftp.sra.ebi.ac.uk/vol1/fastq/ERR804/002/ERR8048822/ERR8048822_2.fastq.gz	62188804;63981399	2022-02-18	University of Glasgow
ERR8048823	SAMEA12361955	ERS9968744	PRJEB50216	ERX7615560	572419	Mycoplasma amphoriforme A39	ILLUMINA	NextSeq 500	PAIRED	WGS	GENOMIC	Hybrid Selection	3860880	287732502	ftp.sra.ebi.ac.uk/vol1/fastq/ERR804/003/ERR8048823/ERR8048823_1.fastq.gz;ftp.sra.ebi.ac.uk/vol1/fastq/ERR804/003/ERR8048823/ERR8048823_2.fastq.gz	94901419;98297759	2022-02-18	University of Glasgow
ERR8048826	SAMEA12361958	ERS9968747	PRJEB50216	ERX7615563	572419	Mycoplasma amphoriforme A39	ILLUMINA	NextSeq 500	PAIRED	WGS	GENOMIC	Hybrid Selection	1959312	145807757	ftp.sra.ebi.ac.uk/vol1/fastq/ERR804/006/ERR8048826/ERR8048826_1.fastq.gz;ftp.sra.ebi.ac.uk/vol1/fastq/ERR804/006/ERR8048826/ERR8048826_2.fastq.gz	48425403;50108553	2022-02-18	University of Glasgow
ERR923385	SAMEA3465008	ERS760607	PRJEB9677	ERX1002660	2103	Mycoplasma mycoides subsp. mycoides	ILLUMINA	Illumina HiSeq 2500	SINGLE	RNA-Seq	TRANSCRIPTOMIC	Oligo-dT	37680777	1921719627	ftp.sra.ebi.ac.uk/vol1/fastq/ERR923/ERR923385/ERR923385.fastq.gz	1617623552	2015-08-21	HZI - HELMHOLTZ CENTRE FOR INFECTION RESEARCH, BRAUNSCHWEIG, GERMANY
ERR926449	SAMEA3231221	ERS652455	PRJEB8311	ERX1005724	572419	Mycoplasma amphoriforme A39	ILLUMINA	Illumina HiSeq 2000	PAIRED	WXS	GENOMIC	Hybrid Selection	66261666	4969624950	ftp.sra.ebi.ac.uk/vol1/fastq/ERR926/ERR926449/ERR926449_1.fastq.gz;ftp.sra.ebi.ac.uk/vol1/fastq/ERR926/ERR926449/ERR926449_2.fastq.gz	2326417595;2359069794	2015-06-23	Wellcome Sanger Institute;SC
ERR926453	SAMEA3231225	ERS652459	PRJEB8311	ERX1005728	572419	Mycoplasma amphoriforme A39	ILLUMINA	Illumina HiSeq 2000	PAIRED	WXS	GENOMIC	Hybrid Selection	10680474	801035550	ftp.sra.ebi.ac.uk/vol1/fastq/ERR926/ERR926453/ERR926453_1.fastq.gz;ftp.sra.ebi.ac.uk/vol1/fastq/ERR926/ERR926453/ERR926453_2.fastq.gz	384887823;390295703	2015-06-23	Wellcome Sanger Institute;SC
ERR926459	SAMEA3231231	ERS652465	PRJEB8311	ERX1005734	572419	Mycoplasma amphoriforme A39	ILLUMINA	Illumina HiSeq 2000	PAIRED	WXS	GENOMIC	Hybrid Selection	5495608	412170600	ftp.sra.ebi.ac.uk/vol1/fastq/ERR926/ERR926459/ERR926459_1.fastq.gz;ftp.sra.ebi.ac.uk/vol1/fastq/ERR926/ERR926459/ERR926459_2.fastq.gz	200200337;203753786	2015-06-23	Wellcome Sanger Institute;SC
ERR926463	SAMEA3231235	ERS652469	PRJEB8311	ERX1005738	572419	Mycoplasma amphoriforme A39	ILLUMINA	Illumina HiSeq 2000	PAIRED	WXS	GENOMIC	Hybrid Selection	7113022	533476650	ftp.sra.ebi.ac.uk/vol1/fastq/ERR926/ERR926463/ERR926463_1.fastq.gz;ftp.sra.ebi.ac.uk/vol1/fastq/ERR926/ERR926463/ERR926463_2.fastq.gz	261007130;266432120	2015-06-23	Wellcome Sanger Institute;SC
ERR926469	SAMEA3231241	ERS652475	PRJEB8311	ERX1005744	572419	Mycoplasma amphoriforme A39	ILLUMINA	Illumina HiSeq 2000	PAIRED	WXS	GENOMIC	Hybrid Selection	6779508	508463100	ftp.sra.ebi.ac.uk/vol1/fastq/ERR926/ERR926469/ERR926469_1.fastq.gz;ftp.sra.ebi.ac.uk/vol1/fastq/ERR926/ERR926469/ERR926469_2.fastq.gz	250991757;256734711	2015-06-23	Wellcome Sanger Institute;SC
SRR10294825	SAMN13041968	SRS5528822	PRJNA577945	SRX7007652	2148	Acholeplasma laidlawii	ILLUMINA	Illumina HiSeq 2500	SINGLE	RNA-Seq	TRANSCRIPTOMIC	RANDOM PCR	3006934	180416040	ftp.sra.ebi.ac.uk/vol1/fastq/SRR102/025/SRR10294825/SRR10294825.fastq.gz	119025848	2019-10-18	SUB6432588
SRR10506904	SAMN13349057	SRS5701590	PRJNA591024	SRX7195842	2148	Acholeplasma laidlawii	ILLUMINA	Illumina HiSeq 2500	SINGLE	RNA-Seq	TRANSCRIPTOMIC	RANDOM PCR	3374322	202459320	ftp.sra.ebi.ac.uk/vol1/fastq/SRR105/004/SRR10506904/SRR10506904.fastq.gz	132354797	2019-11-23	SUB6595365
SRR10506956	SAMN13349060	SRS5701623	PRJNA591025	SRX7195896	2148	Acholeplasma laidlawii	ILLUMINA	Illumina HiSeq 2500	SINGLE	RNA-Seq	TRANSCRIPTOMIC	RANDOM PCR	3333959	200037540	ftp.sra.ebi.ac.uk/vol1/fastq/SRR105/056/SRR10506956/SRR10506956.fastq.gz	131399699	2019-11-23	SUB6594411
SRR10507065	SAMN13350680	SRS5701706	PRJNA591027	SRX7196006	2133	Spiroplasma citri	PACBIO_SMRT	PacBio RS II	SINGLE	WGS	GENOMIC	RANDOM	119367	1498015600	ftp.sra.ebi.ac.uk/vol1/fastq/SRR105/065/SRR10507065/SRR10507065_subreads.fastq.gz	1309338222	2020-02-18	SUB6595581
SRR10507066	SAMN13350677	SRS5701705	PRJNA591027	SRX7196005	2133	Spiroplasma citri	PACBIO_SMRT	PacBio RS II	SINGLE	WGS	GENOMIC	RANDOM	115546	1654607372	ftp.sra.ebi.ac.uk/vol1/fastq/SRR105/066/SRR10507066/SRR10507066_subreads.fastq.gz	1427986432	2020-02-18	SUB6595581
SRR10541847	SAMN11982574	SRS5725991	PRJNA592142	SRX7225240	265311	Mesoplasma florum L1	ILLUMINA	Illumina HiSeq 2500	SINGLE	OTHER	TRANSCRIPTOMIC	Inverse rRNA	7213261	2171191561	ftp.sra.ebi.ac.uk/vol1/fastq/SRR105/047/SRR10541847/SRR10541847.fastq.gz	868220687	2020-05-25	SUB6622277
SRR10569054	SAMN13170382	SRS5748861	PRJNA585657	SRX7250539	2663663	Mollicutes bacterium JGI_SA12_C03_027	ILLUMINA	NextSeq 500	PAIRED	WGA	GENOMIC	other	7274663	2196948226	ftp.sra.ebi.ac.uk/vol1/fastq/SRR105/054/SRR10569054/SRR10569054_1.fastq.gz;ftp.sra.ebi.ac.uk/vol1/fastq/SRR105/054/SRR10569054/SRR10569054_2.fastq.gz	589389893;599072724	2019-12-04	
SRR10688428	SAMN13108394	SRS5823922	PRJNA579329	SRX7365274	2683967	Mycoplasma sp. NEAQ87857	ILLUMINA	Illumina MiSeq	PAIRED	WGS	GENOMIC	RANDOM	7924048	3169619200	ftp.sra.ebi.ac.uk/vol1/fastq/SRR106/028/SRR10688428/SRR10688428_1.fastq.gz;ftp.sra.ebi.ac.uk/vol1/fastq/SRR106/028/SRR10688428/SRR10688428_2.fastq.gz	689733116;729711759	2019-12-16	SUB6689526
SRR10916226	SAMN13885789	SRS6017267	PRJNA602215	SRX7583699	519450	Mycoplasma anserisalpingitidis	ILLUMINA	NextSeq 500	SINGLE	WGS	GENOMIC	other	3650910	389554229	ftp.sra.ebi.ac.uk/vol1/fastq/SRR109/026/SRR10916226/SRR10916226.fastq.gz	228994395	2020-04-14	SUB6861254
SRR10916237	SAMN13885779	SRS6017256	PRJNA602215	SRX7583688	519450	Mycoplasma anserisalpingitidis	ILLUMINA	NextSeq 500	PAIRED	WGS	GENOMIC	other	208876	30100989	ftp.sra.ebi.ac.uk/vol1/fastq/SRR109/037/SRR10916237/SRR10916237_1.fastq.gz;ftp.sra.ebi.ac.uk/vol1/fastq/SRR109/037/SRR10916237/SRR10916237_2.fastq.gz	11354091;11263189	2020-04-14	SUB6861254
SRR10916245	SAMN13885772	SRS6017249	PRJNA602215	SRX7583681	519450	Mycoplasma anserisalpingitidis	ILLUMINA	NextSeq 500	PAIRED	WGS	GENOMIC	other	188041	27265592	ftp.sra.ebi.ac.uk/vol1/fastq/SRR109/045/SRR10916245/SRR10916245_1.fastq.gz;ftp.sra.ebi.ac.uk/vol1/fastq/SRR109/045/SRR10916245/SRR10916245_2.fastq.gz	10297782;10206188	2020-04-14	SUB6861254
SRR10916247	SAMN13885770	SRS6017246	PRJNA602215	SRX7583678	519450	Mycoplasma anserisalpingitidis	ILLUMINA	NextSeq 500	PAIRED	WGS	GENOMIC	other	3291886	459806301	ftp.sra.ebi.ac.uk/vol1/fastq/SRR109/047/SRR10916247/SRR10916247_1.fastq.gz;ftp.sra.ebi.ac.uk/vol1/fastq/SRR109/047/SRR10916247/SRR10916247_2.fastq.gz	154621506;154801713	2020-04-14	SUB6861254
SRR10916252	SAMN13885765	SRS6017241	PRJNA602215	SRX7583673	519450	Mycoplasma anserisalpingitidis	ILLUMINA	NextSeq 500	PAIRED	WGS	GENOMIC	other	2271093	317519086	ftp.sra.ebi.ac.uk/vol1/fastq/SRR109/052/SRR10916252/SRR10916252_1.fastq.gz;ftp.sra.ebi.ac.uk/vol1/fastq/SRR109/052/SRR10916252/SRR10916252_2.fastq.gz	107524556;107600155	2020-04-14	SUB6861254
SRR10916264	SAMN13885754	SRS6017229	PRJNA602215	SRX7583661	519450	Mycoplasma anserisalpingitidis	ILLUMINA	NextSeq 500	PAIRED	WGS	GENOMIC	other	160087	23693840	ftp.sra.ebi.ac.uk/vol1/fastq/SRR109/064/SRR10916264/SRR10916264_1.fastq.gz;ftp.sra.ebi.ac.uk/vol1/fastq/SRR109/064/SRR10916264/SRR10916264_2.fastq.gz	8866798;8797348	2020-04-14	SUB6861254
SRR10916267	SAMN13885752	SRS6017226	PRJNA602215	SRX7583658	519450	Mycoplasma anserisalpingitidis	ILLUMINA	NextSeq 500	PAIRED	WGS	GENOMIC	other	2541315	352402919	ftp.sra.ebi.ac.uk/vol1/fastq/SRR109/067/SRR10916267/SRR10916267_1.fastq.gz;ftp.sra.ebi.ac.uk/vol1/fastq/SRR109/067/SRR10916267/SRR10916267_2.fastq.gz	119036086;118736991	2020-04-14	SUB6861254
SRR10916284	SAMN13885736	SRS6017209	PRJNA602215	SRX7583641	519450	Mycoplasma anserisalpingitidis	ILLUMINA	NextSeq 500	PAIRED	WGS	GENOMIC	other	329385	48181152	ftp.sra.ebi.ac.uk/vol1/fastq/SRR109/084/SRR10916284/SRR10916284_1.fastq.gz;ftp.sra.ebi.ac.uk/vol1/fastq/SRR109/084/SRR10916284/SRR10916284_2.fastq.gz	18115401;17969700	2020-04-14	SUB6861254
SRR10916286	SAMN13885734	SRS6017207	PRJNA602215	SRX7583639	519450	Mycoplasma anserisalpingitidis	ILLUMINA	NextSeq 500	PAIRED	WGS	GENOMIC	other	524874	69661808	ftp.sra.ebi.ac.uk/vol1/fastq/SRR109/086/SRR10916286/SRR10916286_1.fastq.gz;ftp.sra.ebi.ac.uk/vol1/fastq/SRR109/086/SRR10916286/SRR10916286_2.fastq.gz	26400919;26136010	2020-04-14	SUB6861254
SRR10916287	SAMN13885716	SRS6017206	PRJNA602215	SRX7583638	519450	Mycoplasma anserisalpingitidis	ILLUMINA	NextSeq 500	PAIRED	WGS	GENOMIC	other	403864	55380739	ftp.sra.ebi.ac.uk/vol1/fastq/SRR109/087/SRR10916287/SRR10916287_1.fastq.gz;ftp.sra.ebi.ac.uk/vol1/fastq/SRR109/087/SRR10916287/SRR10916287_2.fastq.gz	20900928;20771164	2020-04-14	SUB6861254
SRR10916292	SAMN13885729	SRS6017201	PRJNA602215	SRX7583633	519450	Mycoplasma anserisalpingitidis	ILLUMINA	NextSeq 500	PAIRED	WGS	GENOMIC	other	176350	25794830	ftp.sra.ebi.ac.uk/vol1/fastq/SRR109/092/SRR10916292/SRR10916292_1.fastq.gz;ftp.sra.ebi.ac.uk/vol1/fastq/SRR109/092/SRR10916292/SRR10916292_2.fastq.gz	9700076;9628986	2020-04-14	SUB6861254
SRR10916295	SAMN13885726	SRS6017198	PRJNA602215	SRX7583630	519450	Mycoplasma anserisalpingitidis	ILLUMINA	NextSeq 500	PAIRED	WGS	GENOMIC	other	319427	45808194	ftp.sra.ebi.ac.uk/vol1/fastq/SRR109/095/SRR10916295/SRR10916295_1.fastq.gz;ftp.sra.ebi.ac.uk/vol1/fastq/SRR109/095/SRR10916295/SRR10916295_2.fastq.gz	17238039;17115303	2020-04-14	SUB6861254
SRR10916299	SAMN13885714	SRS6017194	PRJNA602215	SRX7583626	519450	Mycoplasma anserisalpingitidis	ILLUMINA	NextSeq 500	PAIRED	WGS	GENOMIC	other	539085	72660332	ftp.sra.ebi.ac.uk/vol1/fastq/SRR109/099/SRR10916299/SRR10916299_1.fastq.gz;ftp.sra.ebi.ac.uk/vol1/fastq/SRR109/099/SRR10916299/SRR10916299_2.fastq.gz	27390084;27198086	2020-04-14	SUB6861254
SRR11237630	SAMN14173566	SRS6208612	PRJNA608455	SRX7849347	1276218	Spiroplasma platyhelix PALS-1	ILLUMINA	Illumina MiSeq	PAIRED	WGA	GENOMIC	RANDOM PCR	332773	100497446	ftp.sra.ebi.ac.uk/vol1/fastq/SRR112/030/SRR11237630/SRR11237630_1.fastq.gz;ftp.sra.ebi.ac.uk/vol1/fastq/SRR112/030/SRR11237630/SRR11237630_2.fastq.gz	30872601;33789717	2020-03-05	SUB7078441
SRR11943049	SAMN15013853	SRS6787127	PRJNA634970	SRX8487540	2148	Acholeplasma laidlawii	ILLUMINA	HiSeq X Ten	SINGLE	WGA	GENOMIC	RANDOM	13493224	2023983600	ftp.sra.ebi.ac.uk/vol1/fastq/SRR119/049/SRR11943049/SRR11943049.fastq.gz	867075639	2020-06-08	SUB7560733
SRR12000859	SAMN15196273	SRS6829277	PRJNA638508	SRX8534096	2490543	Rapeseed phyllody phytoplasma	ILLUMINA	Illumina MiSeq	PAIRED	WGS	GENOMIC	RANDOM	16885138	10164853076	ftp.sra.ebi.ac.uk/vol1/fastq/SRR120/059/SRR12000859/SRR12000859_1.fastq.gz;ftp.sra.ebi.ac.uk/vol1/fastq/SRR120/059/SRR12000859/SRR12000859_2.fastq.gz	3585185717;3701506783	2020-06-13	SUB7594960
SRR12068547	SAMN15341344	SRS6886903	PRJNA641121	SRX8596336	2151	Mesoplasma florum	ILLUMINA	Illumina HiSeq 2000	PAIRED	RNA-Seq	TRANSCRIPTOMIC	cDNA	8044840	804484000	ftp.sra.ebi.ac.uk/vol1/fastq/SRR120/047/SRR12068547/SRR12068547_1.fastq.gz;ftp.sra.ebi.ac.uk/vol1/fastq/SRR120/047/SRR12068547/SRR12068547_2.fastq.gz	261574600;275104234	2020-11-04	GEO
SRR12068548	SAMN15341343	SRS6886904	PRJNA641121	SRX8596337	2151	Mesoplasma florum	ILLUMINA	Illumina HiSeq 2000	PAIRED	RNA-Seq	TRANSCRIPTOMIC	cDNA	8265545	826554500	ftp.sra.ebi.ac.uk/vol1/fastq/SRR120/048/SRR12068548/SRR12068548_1.fastq.gz;ftp.sra.ebi.ac.uk/vol1/fastq/SRR120/048/SRR12068548/SRR12068548_2.fastq.gz	268841054;281635608	2020-11-04	GEO
SRR12068549	SAMN15341342	SRS6886905	PRJNA641121	SRX8596338	2151	Mesoplasma florum	ILLUMINA	Illumina HiSeq 2000	PAIRED	RNA-Seq	TRANSCRIPTOMIC	cDNA	8394319	839431900	ftp.sra.ebi.ac.uk/vol1/fastq/SRR120/049/SRR12068549/SRR12068549_1.fastq.gz;ftp.sra.ebi.ac.uk/vol1/fastq/SRR120/049/SRR12068549/SRR12068549_2.fastq.gz	275299804;289024735	2020-11-04	GEO
SRR12366830	SAMN15700960	SRS7127002	PRJNA650261	SRX8866013	519450	Mycoplasma anserisalpingitidis	ILLUMINA	NextSeq 500	SINGLE	WGS	GENOMIC	other	11753360	1297529308	ftp.sra.ebi.ac.uk/vol1/fastq/SRR123/030/SRR12366830/SRR12366830.fastq.gz	779236902	2021-01-15	SUB7796116
SRR12681134	SAMN16229482	SRS7400341	PRJNA664657	SRX9161288	2975549	Candidatus Izemoplasma	ILLUMINA	Illumina NovaSeq 6000	SINGLE	RNA-Seq	TRANSCRIPTOMIC	ChIP	3740211	1118401950	ftp.sra.ebi.ac.uk/vol1/fastq/SRR126/034/SRR12681134/SRR12681134.fastq.gz;ftp.sra.ebi.ac.uk/vol1/fastq/SRR126/034/SRR12681134/SRR12681134_1.fastq.gz;ftp.sra.ebi.ac.uk/vol1/fastq/SRR126/034/SRR12681134/SRR12681134_2.fastq.gz	1336451;75868528;129827058	2020-09-22	SUB8180074
SRR12825554	SAMN16392094	SRS7519751	PRJNA667928	SRX9293211	136241	Mycoplasma haemocanis	ILLUMINA	Illumina MiSeq	PAIRED	AMPLICON	METAGENOMIC	PCR	27862	16772924	ftp.sra.ebi.ac.uk/vol1/fastq/SRR128/054/SRR12825554/SRR12825554_1.fastq.gz;ftp.sra.ebi.ac.uk/vol1/fastq/SRR128/054/SRR12825554/SRR12825554_2.fastq.gz	3887792;3099234	2021-01-04	SUB8220965
SRR12825568	SAMN16392081	SRS7519737	PRJNA667928	SRX9293197	136241	Mycoplasma haemocanis	ILLUMINA	Illumina MiSeq	PAIRED	AMPLICON	METAGENOMIC	PCR	26379	15880158	ftp.sra.ebi.ac.uk/vol1/fastq/SRR128/068/SRR12825568/SRR12825568_1.fastq.gz;ftp.sra.ebi.ac.uk/vol1/fastq/SRR128/068/SRR12825568/SRR12825568_2.fastq.gz	3572160;2698977	2021-01-04	SUB8220965
SRR12834251	SAMN16446525	SRS7525566	PRJNA669478	SRX9301786	2975549	Candidatus Izemoplasma	ILLUMINA	Illumina NovaSeq 6000	SINGLE	RNA-Seq	TRANSCRIPTOMIC	ChIP	3745124	1121501400	ftp.sra.ebi.ac.uk/vol1/fastq/SRR128/051/SRR12834251/SRR12834251.fastq.gz;ftp.sra.ebi.ac.uk/vol1/fastq/SRR128/051/SRR12834251/SRR12834251_1.fastq.gz;ftp.sra.ebi.ac.uk/vol1/fastq/SRR128/051/SRR12834251/SRR12834251_2.fastq.gz	656492;73287213;83482875	2020-10-20	SUB8323888
SRR12881898	SAMN16482782	SRS7570836	PRJNA670049	SRX9347851	1822367	Candidatus Moeniiplasma glomeromycotorum	ILLUMINA	Illumina HiSeq 2500	PAIRED	WGS	METAGENOMIC	RANDOM PCR	35178597	7040075092	ftp.sra.ebi.ac.uk/vol1/fastq/SRR128/098/SRR12881898/SRR12881898_1.fastq.gz;ftp.sra.ebi.ac.uk/vol1/fastq/SRR128/098/SRR12881898/SRR12881898_2.fastq.gz	1813761313;1811572100	2022-01-01	SUB8336291
SRR12881900	SAMN16482780	SRS7570834	PRJNA670049	SRX9347849	1822367	Candidatus Moeniiplasma glomeromycotorum	ILLUMINA	Illumina HiSeq 2500	PAIRED	WGS	METAGENOMIC	RANDOM PCR	54598944	10934104237	ftp.sra.ebi.ac.uk/vol1/fastq/SRR128/000/SRR12881900/SRR12881900_1.fastq.gz;ftp.sra.ebi.ac.uk/vol1/fastq/SRR128/000/SRR12881900/SRR12881900_2.fastq.gz	2740769590;2721639812	2022-01-01	SUB8336291
SRR12881901	SAMN16482779	SRS7570833	PRJNA670049	SRX9347848	1822367	Candidatus Moeniiplasma glomeromycotorum	ILLUMINA	Illumina HiSeq 2500	PAIRED	WGS	METAGENOMIC	RANDOM PCR	34019396	6796426772	ftp.sra.ebi.ac.uk/vol1/fastq/SRR128/001/SRR12881901/SRR12881901_1.fastq.gz;ftp.sra.ebi.ac.uk/vol1/fastq/SRR128/001/SRR12881901/SRR12881901_2.fastq.gz	1754213489;1770645811	2022-01-01	SUB8336291
SRR12908979	SAMN16446527	SRS7595216	PRJNA669477	SRX9373662	2782163	Candidatus Xianfuyuplasma coldseepsis	ILLUMINA	Illumina NovaSeq 6000	PAIRED	RNA-Seq	METATRANSCRIPTOMIC	ChIP	2365826	707937900	ftp.sra.ebi.ac.uk/vol1/fastq/SRR129/079/SRR12908979/SRR12908979.fastq.gz;ftp.sra.ebi.ac.uk/vol1/fastq/SRR129/079/SRR12908979/SRR12908979_1.fastq.gz;ftp.sra.ebi.ac.uk/vol1/fastq/SRR129/079/SRR12908979/SRR12908979_2.fastq.gz	569583;47958050;54788921	2020-11-04	SUB8324019
SRR12908980	SAMN16446526	SRS7595217	PRJNA669477	SRX9373661	2782163	Candidatus Xianfuyuplasma coldseepsis	ILLUMINA	Illumina NovaSeq 6000	PAIRED	RNA-Seq	METATRANSCRIPTOMIC	ChIP	3816404	1140289650	ftp.sra.ebi.ac.uk/vol1/fastq/SRR129/080/SRR12908980/SRR12908980.fastq.gz;ftp.sra.ebi.ac.uk/vol1/fastq/SRR129/080/SRR12908980/SRR12908980_1.fastq.gz;ftp.sra.ebi.ac.uk/vol1/fastq/SRR129/080/SRR12908980/SRR12908980_2.fastq.gz	1328470;76233457;88767493	2020-11-04	SUB8324019
SRR12937687	SAMN16587991	SRS7619302	PRJNA673092	SRX9401363	31969	Mollicutes	ILLUMINA	Illumina iSeq 100	PAIRED	WGS	OTHER	other	427392	119664141	ftp.sra.ebi.ac.uk/vol1/fastq/SRR129/087/SRR12937687/SRR12937687_1.fastq.gz;ftp.sra.ebi.ac.uk/vol1/fastq/SRR129/087/SRR12937687/SRR12937687_2.fastq.gz	26386900;27302749	2021-09-18	SUB8432526
SRR13346631	SAMN13885736	SRS6017209	PRJNA602215	SRX9772796	519450	Mycoplasma anserisalpingitidis	ILLUMINA	NextSeq 500	SINGLE	WGS	GENOMIC	other	4085956	514417697	ftp.sra.ebi.ac.uk/vol1/fastq/SRR133/031/SRR13346631/SRR13346631.fastq.gz	294439999	2021-01-04	SUB8754746
SRR13346633	SAMN13885728	SRS6017200	PRJNA602215	SRX9772794	519450	Mycoplasma anserisalpingitidis	ILLUMINA	NextSeq 500	SINGLE	WGS	GENOMIC	other	3726102	484115022	ftp.sra.ebi.ac.uk/vol1/fastq/SRR133/033/SRR13346633/SRR13346633.fastq.gz	277526623	2021-01-04	SUB8754746
SRR13346636	SAMN13885778	SRS6017255	PRJNA602215	SRX9772791	519450	Mycoplasma anserisalpingitidis	ILLUMINA	NextSeq 500	SINGLE	WGS	GENOMIC	other	5823646	778129014	ftp.sra.ebi.ac.uk/vol1/fastq/SRR133/036/SRR13346636/SRR13346636.fastq.gz	445465230	2021-01-04	SUB8754746
SRR13346641	SAMN13885773	SRS6017250	PRJNA602215	SRX9772786	519450	Mycoplasma anserisalpingitidis	ILLUMINA	NextSeq 500	SINGLE	WGS	GENOMIC	other	6971381	887531113	ftp.sra.ebi.ac.uk/vol1/fastq/SRR133/041/SRR13346641/SRR13346641.fastq.gz	505876181	2021-01-04	SUB8754746
SRR13346646	SAMN13885756	SRS6017231	PRJNA602215	SRX9772781	519450	Mycoplasma anserisalpingitidis	ILLUMINA	NextSeq 500	SINGLE	WGS	GENOMIC	other	6571783	788141642	ftp.sra.ebi.ac.uk/vol1/fastq/SRR133/046/SRR13346646/SRR13346646.fastq.gz	450950329	2021-01-04	SUB8754746
SRR13346649	SAMN13885753	SRS6017227	PRJNA602215	SRX9772778	519450	Mycoplasma anserisalpingitidis	ILLUMINA	NextSeq 500	SINGLE	WGS	GENOMIC	other	6313231	713930179	ftp.sra.ebi.ac.uk/vol1/fastq/SRR133/049/SRR13346649/SRR13346649.fastq.gz	410613420	2021-01-04	SUB8754746
SRR13346651	SAMN13885750	SRS6017224	PRJNA602215	SRX9772776	519450	Mycoplasma anserisalpingitidis	ILLUMINA	NextSeq 500	SINGLE	WGS	GENOMIC	other	3623429	457426268	ftp.sra.ebi.ac.uk/vol1/fastq/SRR133/051/SRR13346651/SRR13346651.fastq.gz	261678975	2021-01-04	SUB8754746
SRR14692760	SAMN19461141	SRS9101703	PRJNA733874	SRX11030886	2132	Spiroplasma	ION_TORRENT	Ion Torrent S5 XL	SINGLE	AMPLICON	GENOMIC	PCR	73678	30039362	ftp.sra.ebi.ac.uk/vol1/fastq/SRR146/060/SRR14692760/SRR14692760.fastq.gz	18614225	2021-06-08	SUB9767768
SRR15032578	SAMN20032699	SRS9385149	PRJNA743406	SRX11344270	2102	Mycoplasma mycoides	ILLUMINA	NextSeq 550	PAIRED	WGS	GENOMIC	RANDOM	635885	48327260	ftp.sra.ebi.ac.uk/vol1/fastq/SRR150/078/SRR15032578/SRR15032578_1.fastq.gz;ftp.sra.ebi.ac.uk/vol1/fastq/SRR150/078/SRR15032578/SRR15032578_2.fastq.gz	14513936;14937866	2021-07-05	SUB9950931
SRR15032582	SAMN20032695	SRS9385144	PRJNA743406	SRX11344266	2102	Mycoplasma mycoides	ILLUMINA	NextSeq 550	PAIRED	WGS	GENOMIC	RANDOM	596509	45334684	ftp.sra.ebi.ac.uk/vol1/fastq/SRR150/082/SRR15032582/SRR15032582_1.fastq.gz;ftp.sra.ebi.ac.uk/vol1/fastq/SRR150/082/SRR15032582/SRR15032582_2.fastq.gz	13671421;13970907	2021-07-05	SUB9950931
SRR15032585	SAMN20032692	SRS9385141	PRJNA743406	SRX11344263	2102	Mycoplasma mycoides	ILLUMINA	NextSeq 550	PAIRED	WGS	GENOMIC	RANDOM	556516	42295216	ftp.sra.ebi.ac.uk/vol1/fastq/SRR150/085/SRR15032585/SRR15032585_1.fastq.gz;ftp.sra.ebi.ac.uk/vol1/fastq/SRR150/085/SRR15032585/SRR15032585_2.fastq.gz	12907050;13138011	2021-07-05	SUB9950931
SRR15032592	SAMN20032686	SRS9385134	PRJNA743406	SRX11344256	2102	Mycoplasma mycoides	ILLUMINA	NextSeq 550	PAIRED	WGS	GENOMIC	RANDOM	313311	23811636	ftp.sra.ebi.ac.uk/vol1/fastq/SRR150/092/SRR15032592/SRR15032592_1.fastq.gz;ftp.sra.ebi.ac.uk/vol1/fastq/SRR150/092/SRR15032592/SRR15032592_2.fastq.gz	7178423;7398917	2021-07-05	SUB9950931
SRR15032605	SAMN20032674	SRS9385121	PRJNA743406	SRX11344243	2102	Mycoplasma mycoides	ILLUMINA	NextSeq 550	PAIRED	WGS	GENOMIC	RANDOM	732171	55644996	ftp.sra.ebi.ac.uk/vol1/fastq/SRR150/005/SRR15032605/SRR15032605_1.fastq.gz;ftp.sra.ebi.ac.uk/vol1/fastq/SRR150/005/SRR15032605/SRR15032605_2.fastq.gz	16871119;17242239	2021-07-05	SUB9950931
SRR15032608	SAMN20032671	SRS9385118	PRJNA743406	SRX11344240	2102	Mycoplasma mycoides	ILLUMINA	NextSeq 550	PAIRED	WGS	GENOMIC	RANDOM	596374	45324424	ftp.sra.ebi.ac.uk/vol1/fastq/SRR150/008/SRR15032608/SRR15032608_1.fastq.gz;ftp.sra.ebi.ac.uk/vol1/fastq/SRR150/008/SRR15032608/SRR15032608_2.fastq.gz	13658818;13976357	2021-07-05	SUB9950931
SRR15032612	SAMN20032668	SRS9385114	PRJNA743406	SRX11344236	2102	Mycoplasma mycoides	ILLUMINA	NextSeq 550	PAIRED	WGS	GENOMIC	RANDOM	97140	7382640	ftp.sra.ebi.ac.uk/vol1/fastq/SRR150/012/SRR15032612/SRR15032612_1.fastq.gz;ftp.sra.ebi.ac.uk/vol1/fastq/SRR150/012/SRR15032612/SRR15032612_2.fastq.gz	2210190;2280116	2021-07-05	SUB9950931
SRR15032619	SAMN20032661	SRS9385109	PRJNA743406	SRX11344229	2102	Mycoplasma mycoides	ILLUMINA	NextSeq 550	PAIRED	WGS	GENOMIC	RANDOM	805126	61189576	ftp.sra.ebi.ac.uk/vol1/fastq/SRR150/019/SRR15032619/SRR15032619_1.fastq.gz;ftp.sra.ebi.ac.uk/vol1/fastq/SRR150/019/SRR15032619/SRR15032619_2.fastq.gz	18363040;18871281	2021-07-05	SUB9950931
SRR15032623	SAMN20032658	SRS9385103	PRJNA743406	SRX11344225	2102	Mycoplasma mycoides	ILLUMINA	NextSeq 550	PAIRED	WGS	GENOMIC	RANDOM	95156	7231856	ftp.sra.ebi.ac.uk/vol1/fastq/SRR150/023/SRR15032623/SRR15032623_1.fastq.gz;ftp.sra.ebi.ac.uk/vol1/fastq/SRR150/023/SRR15032623/SRR15032623_2.fastq.gz	2183610;2225921	2021-07-05	SUB9950931
SRR15032625	SAMN20032656	SRS9385101	PRJNA743406	SRX11344223	2102	Mycoplasma mycoides	ILLUMINA	NextSeq 550	PAIRED	WGS	GENOMIC	RANDOM	98060	7452560	ftp.sra.ebi.ac.uk/vol1/fastq/SRR150/025/SRR15032625/SRR15032625_1.fastq.gz;ftp.sra.ebi.ac.uk/vol1/fastq/SRR150/025/SRR15032625/SRR15032625_2.fastq.gz	2248818;2309535	2021-07-05	SUB9950931
SRR15032635	SAMN20032647	SRS9385091	PRJNA743406	SRX11344213	2102	Mycoplasma mycoides	ILLUMINA	NextSeq 550	PAIRED	WGS	GENOMIC	RANDOM	483513	36746988	ftp.sra.ebi.ac.uk/vol1/fastq/SRR150/035/SRR15032635/SRR15032635_1.fastq.gz;ftp.sra.ebi.ac.uk/vol1/fastq/SRR150/035/SRR15032635/SRR15032635_2.fastq.gz	11012607;11312711	2021-07-05	SUB9950931
SRR15032636	SAMN20032646	SRS9385090	PRJNA743406	SRX11344212	2102	Mycoplasma mycoides	ILLUMINA	NextSeq 550	PAIRED	WGS	GENOMIC	RANDOM	192359	14619284	ftp.sra.ebi.ac.uk/vol1/fastq/SRR150/036/SRR15032636/SRR15032636_1.fastq.gz;ftp.sra.ebi.ac.uk/vol1/fastq/SRR150/036/SRR15032636/SRR15032636_2.fastq.gz	4379680;4494566	2021-07-05	SUB9950931
SRR15032637	SAMN20032645	SRS9385089	PRJNA743406	SRX11344211	2102	Mycoplasma mycoides	ILLUMINA	NextSeq 550	PAIRED	WGS	GENOMIC	RANDOM	696824	52958624	ftp.sra.ebi.ac.uk/vol1/fastq/SRR150/037/SRR15032637/SRR15032637_1.fastq.gz;ftp.sra.ebi.ac.uk/vol1/fastq/SRR150/037/SRR15032637/SRR15032637_2.fastq.gz	15784203;16137293	2021-07-05	SUB9950931
SRR15032649	SAMN20032634	SRS9385077	PRJNA743406	SRX11344199	2102	Mycoplasma mycoides	ILLUMINA	NextSeq 550	PAIRED	WGS	GENOMIC	RANDOM	754667	57354692	ftp.sra.ebi.ac.uk/vol1/fastq/SRR150/049/SRR15032649/SRR15032649_1.fastq.gz;ftp.sra.ebi.ac.uk/vol1/fastq/SRR150/049/SRR15032649/SRR15032649_2.fastq.gz	17223066;17617686	2021-07-05	SUB9950931
SRR15032651	SAMN20032632	SRS9385075	PRJNA743406	SRX11344197	2102	Mycoplasma mycoides	ILLUMINA	NextSeq 550	PAIRED	WGS	GENOMIC	RANDOM	683028	51910128	ftp.sra.ebi.ac.uk/vol1/fastq/SRR150/051/SRR15032651/SRR15032651_1.fastq.gz;ftp.sra.ebi.ac.uk/vol1/fastq/SRR150/051/SRR15032651/SRR15032651_2.fastq.gz	15663352;15988875	2021-07-05	SUB9950931
SRR15032654	SAMN20032630	SRS9385072	PRJNA743406	SRX11344194	2102	Mycoplasma mycoides	ILLUMINA	NextSeq 550	PAIRED	WGS	GENOMIC	RANDOM	1297707	98625732	ftp.sra.ebi.ac.uk/vol1/fastq/SRR150/054/SRR15032654/SRR15032654_1.fastq.gz;ftp.sra.ebi.ac.uk/vol1/fastq/SRR150/054/SRR15032654/SRR15032654_2.fastq.gz	29699145;30435724	2021-07-05	SUB9950931
SRR15032655	SAMN20032629	SRS9385071	PRJNA743406	SRX11344193	2102	Mycoplasma mycoides	ILLUMINA	NextSeq 550	PAIRED	WGS	GENOMIC	RANDOM	828536	62968736	ftp.sra.ebi.ac.uk/vol1/fastq/SRR150/055/SRR15032655/SRR15032655_1.fastq.gz;ftp.sra.ebi.ac.uk/vol1/fastq/SRR150/055/SRR15032655/SRR15032655_2.fastq.gz	18950597;19372072	2021-07-05	SUB9950931
SRR15032657	SAMN20032627	SRS9385069	PRJNA743406	SRX11344191	2102	Mycoplasma mycoides	ILLUMINA	NextSeq 550	PAIRED	WGS	GENOMIC	RANDOM	1024379	77852804	ftp.sra.ebi.ac.uk/vol1/fastq/SRR150/057/SRR15032657/SRR15032657_1.fastq.gz;ftp.sra.ebi.ac.uk/vol1/fastq/SRR150/057/SRR15032657/SRR15032657_2.fastq.gz	23443481;23964310	2021-07-05	SUB9950931
SRR15032668	SAMN20032617	SRS9385058	PRJNA743406	SRX11344180	2102	Mycoplasma mycoides	ILLUMINA	NextSeq 550	PAIRED	WGS	GENOMIC	RANDOM	91956	6988656	ftp.sra.ebi.ac.uk/vol1/fastq/SRR150/068/SRR15032668/SRR15032668_1.fastq.gz;ftp.sra.ebi.ac.uk/vol1/fastq/SRR150/068/SRR15032668/SRR15032668_2.fastq.gz	2106283;2155056	2021-07-05	SUB9950931
SRR15032669	SAMN20032754	SRS9385056	PRJNA743406	SRX11344179	2102	Mycoplasma mycoides	ILLUMINA	NextSeq 550	PAIRED	WGS	GENOMIC	RANDOM	890089	67646764	ftp.sra.ebi.ac.uk/vol1/fastq/SRR150/069/SRR15032669/SRR15032669_1.fastq.gz;ftp.sra.ebi.ac.uk/vol1/fastq/SRR150/069/SRR15032669/SRR15032669_2.fastq.gz	20393091;20828490	2021-07-05	SUB9950931
SRR15032671	SAMN20032752	SRS9385055	PRJNA743406	SRX11344177	2102	Mycoplasma mycoides	ILLUMINA	NextSeq 550	PAIRED	WGS	GENOMIC	RANDOM	651373	49504348	ftp.sra.ebi.ac.uk/vol1/fastq/SRR150/071/SRR15032671/SRR15032671_1.fastq.gz;ftp.sra.ebi.ac.uk/vol1/fastq/SRR150/071/SRR15032671/SRR15032671_2.fastq.gz	14861011;15185954	2021-07-05	SUB9950931
SRR15032672	SAMN20032751	SRS9385054	PRJNA743406	SRX11344176	2102	Mycoplasma mycoides	ILLUMINA	NextSeq 550	PAIRED	WGS	GENOMIC	RANDOM	721985	54870860	ftp.sra.ebi.ac.uk/vol1/fastq/SRR150/072/SRR15032672/SRR15032672_1.fastq.gz;ftp.sra.ebi.ac.uk/vol1/fastq/SRR150/072/SRR15032672/SRR15032672_2.fastq.gz	16483948;16888144	2021-07-05	SUB9950931
SRR15032679	SAMN20032745	SRS9385047	PRJNA743406	SRX11344169	2102	Mycoplasma mycoides	ILLUMINA	NextSeq 550	PAIRED	WGS	GENOMIC	RANDOM	1429891	54335858	ftp.sra.ebi.ac.uk/vol1/fastq/SRR150/079/SRR15032679/SRR15032679.fastq.gz	33112653	2021-07-05	SUB9950931
SRR15032683	SAMN20032741	SRS9385043	PRJNA743406	SRX11344165	2102	Mycoplasma mycoides	ILLUMINA	NextSeq 550	PAIRED	WGS	GENOMIC	RANDOM	638691	48540516	ftp.sra.ebi.ac.uk/vol1/fastq/SRR150/083/SRR15032683/SRR15032683_1.fastq.gz;ftp.sra.ebi.ac.uk/vol1/fastq/SRR150/083/SRR15032683/SRR15032683_2.fastq.gz	14800183;15409054	2021-07-05	SUB9950931
SRR15032691	SAMN20032734	SRS9385035	PRJNA743406	SRX11344157	2102	Mycoplasma mycoides	ILLUMINA	NextSeq 550	PAIRED	WGS	GENOMIC	RANDOM	1071081	81402156	ftp.sra.ebi.ac.uk/vol1/fastq/SRR150/091/SRR15032691/SRR15032691_1.fastq.gz;ftp.sra.ebi.ac.uk/vol1/fastq/SRR150/091/SRR15032691/SRR15032691_2.fastq.gz	24409920;24996453	2021-07-05	SUB9950931
SRR15032698	SAMN20032728	SRS9385028	PRJNA743406	SRX11344150	2102	Mycoplasma mycoides	ILLUMINA	NextSeq 550	PAIRED	WGS	GENOMIC	RANDOM	752714	57206264	ftp.sra.ebi.ac.uk/vol1/fastq/SRR150/098/SRR15032698/SRR15032698_1.fastq.gz;ftp.sra.ebi.ac.uk/vol1/fastq/SRR150/098/SRR15032698/SRR15032698_2.fastq.gz	17262783;17596243	2021-07-05	SUB9950931
SRR15032700	SAMN20032726	SRS9385026	PRJNA743406	SRX11344148	2102	Mycoplasma mycoides	ILLUMINA	NextSeq 550	PAIRED	WGS	GENOMIC	RANDOM	1075915	81769540	ftp.sra.ebi.ac.uk/vol1/fastq/SRR150/000/SRR15032700/SRR15032700_1.fastq.gz;ftp.sra.ebi.ac.uk/vol1/fastq/SRR150/000/SRR15032700/SRR15032700_2.fastq.gz	24682767;25214773	2021-07-05	SUB9950931
SRR15032701	SAMN20032725	SRS9385024	PRJNA743406	SRX11344147	2102	Mycoplasma mycoides	ILLUMINA	NextSeq 550	PAIRED	WGS	GENOMIC	RANDOM	494553	37586028	ftp.sra.ebi.ac.uk/vol1/fastq/SRR150/001/SRR15032701/SRR15032701_1.fastq.gz;ftp.sra.ebi.ac.uk/vol1/fastq/SRR150/001/SRR15032701/SRR15032701_2.fastq.gz	11360117;11594899	2021-07-05	SUB9950931
SRR15032703	SAMN20032723	SRS9385023	PRJNA743406	SRX11344145	2102	Mycoplasma mycoides	ILLUMINA	NextSeq 550	PAIRED	WGS	GENOMIC	RANDOM	725017	55101292	ftp.sra.ebi.ac.uk/vol1/fastq/SRR150/003/SRR15032703/SRR15032703_1.fastq.gz;ftp.sra.ebi.ac.uk/vol1/fastq/SRR150/003/SRR15032703/SRR15032703_2.fastq.gz	16584587;17027169	2021-07-05	SUB9950931
SRR15032707	SAMN20032720	SRS9385019	PRJNA743406	SRX11344141	2102	Mycoplasma mycoides	ILLUMINA	NextSeq 550	PAIRED	WGS	GENOMIC	RANDOM	621536	47236736	ftp.sra.ebi.ac.uk/vol1/fastq/SRR150/007/SRR15032707/SRR15032707_1.fastq.gz;ftp.sra.ebi.ac.uk/vol1/fastq/SRR150/007/SRR15032707/SRR15032707_2.fastq.gz	14160980;14488973	2021-07-05	SUB9950931
SRR15032708	SAMN20032719	SRS9385016	PRJNA743406	SRX11344140	2102	Mycoplasma mycoides	ILLUMINA	NextSeq 550	PAIRED	WGS	GENOMIC	RANDOM	1025563	77942788	ftp.sra.ebi.ac.uk/vol1/fastq/SRR150/008/SRR15032708/SRR15032708_1.fastq.gz;ftp.sra.ebi.ac.uk/vol1/fastq/SRR150/008/SRR15032708/SRR15032708_2.fastq.gz	23540196;24004577	2021-07-05	SUB9950931
SRR15032714	SAMN20032713	SRS9385012	PRJNA743406	SRX11344134	2102	Mycoplasma mycoides	ILLUMINA	NextSeq 550	PAIRED	WGS	GENOMIC	RANDOM	812559	61754484	ftp.sra.ebi.ac.uk/vol1/fastq/SRR150/014/SRR15032714/SRR15032714_1.fastq.gz;ftp.sra.ebi.ac.uk/vol1/fastq/SRR150/014/SRR15032714/SRR15032714_2.fastq.gz	18542247;18919036	2021-07-05	SUB9950931
SRR15032717	SAMN20032612	SRS9385009	PRJNA743406	SRX11344131	2102	Mycoplasma mycoides	ILLUMINA	NextSeq 550	SINGLE	WGS	GENOMIC	RANDOM	1574399	114931127	ftp.sra.ebi.ac.uk/vol1/fastq/SRR150/017/SRR15032717/SRR15032717.fastq.gz	61878516	2021-07-05	SUB9950931
SRR15032718	SAMN20032710	SRS9385008	PRJNA743406	SRX11344130	2102	Mycoplasma mycoides	ILLUMINA	NextSeq 550	PAIRED	WGS	GENOMIC	RANDOM	482307	36655332	ftp.sra.ebi.ac.uk/vol1/fastq/SRR150/018/SRR15032718/SRR15032718_1.fastq.gz;ftp.sra.ebi.ac.uk/vol1/fastq/SRR150/018/SRR15032718/SRR15032718_2.fastq.gz	11067698;11329245	2021-07-05	SUB9950931
SRR15032719	SAMN20032709	SRS9385007	PRJNA743406	SRX11344129	2102	Mycoplasma mycoides	ILLUMINA	NextSeq 550	PAIRED	WGS	GENOMIC	RANDOM	472210	35887960	ftp.sra.ebi.ac.uk/vol1/fastq/SRR150/019/SRR15032719/SRR15032719_1.fastq.gz;ftp.sra.ebi.ac.uk/vol1/fastq/SRR150/019/SRR15032719/SRR15032719_2.fastq.gz	10853456;11094835	2021-07-05	SUB9950931
SRR15032729	SAMN20032602	SRS9384999	PRJNA743406	SRX11344119	2102	Mycoplasma mycoides	ILLUMINA	NextSeq 550	PAIRED	WGS	GENOMIC	RANDOM	5339560	405806560	ftp.sra.ebi.ac.uk/vol1/fastq/SRR150/029/SRR15032729/SRR15032729_1.fastq.gz;ftp.sra.ebi.ac.uk/vol1/fastq/SRR150/029/SRR15032729/SRR15032729_2.fastq.gz	122868105;125862965	2021-07-05	SUB9950931
SRR15032730	SAMN20032601	SRS9384998	PRJNA743406	SRX11344118	2102	Mycoplasma mycoides	ILLUMINA	NextSeq 550	PAIRED	WGS	GENOMIC	RANDOM	5008769	380666444	ftp.sra.ebi.ac.uk/vol1/fastq/SRR150/030/SRR15032730/SRR15032730_1.fastq.gz;ftp.sra.ebi.ac.uk/vol1/fastq/SRR150/030/SRR15032730/SRR15032730_2.fastq.gz	115314396;119188398	2021-07-05	SUB9950931
SRR16038694	SAMN21591365	SRS10298018	PRJNA765891	SRX12325416	40477	Mycoplasma mycoides subsp. capri	ILLUMINA	Illumina HiSeq 4000	PAIRED	RNA-Seq	TRANSCRIPTOMIC	unspecified	10933832	3302017264	ftp.sra.ebi.ac.uk/vol1/fastq/SRR160/094/SRR16038694/SRR16038694_1.fastq.gz;ftp.sra.ebi.ac.uk/vol1/fastq/SRR160/094/SRR16038694/SRR16038694_2.fastq.gz	689775187;847668864	2021-10-07	SUB10419668
SRR16250962	SAMN04017316	SRS10489852	PRJNA294131	SRX12530590	1123738	Candidatus Phytoplasma australasiaticum subsp. taiwanense	OXFORD_NANOPORE	MinION	SINGLE	WGS	GENOMIC	RANDOM	148631	554143069	ftp.sra.ebi.ac.uk/vol1/fastq/SRR162/062/SRR16250962/SRR16250962_1.fastq.gz	543159954	2021-10-10	SUB10501934
SRR16250966	SAMN04017316	SRS10489852	PRJNA294131	SRX12530586	1123738	Candidatus Phytoplasma australasiaticum subsp. taiwanense	OXFORD_NANOPORE	MinION	SINGLE	WGS	GENOMIC	RANDOM	292158	1537280314	ftp.sra.ebi.ac.uk/vol1/fastq/SRR162/066/SRR16250966/SRR16250966_1.fastq.gz	1499117716	2021-10-10	SUB10501934
SRR16250967	SAMN04017316	SRS10489852	PRJNA294131	SRX12530585	1123738	Candidatus Phytoplasma australasiaticum subsp. taiwanense	OXFORD_NANOPORE	MinION	SINGLE	WGS	GENOMIC	RANDOM	533668	2652811298	ftp.sra.ebi.ac.uk/vol1/fastq/SRR162/067/SRR16250967/SRR16250967_1.fastq.gz	2591952192	2021-10-10	SUB10501934
SRR16250969	SAMN04017316	SRS10489852	PRJNA294131	SRX12530583	1123738	Candidatus Phytoplasma australasiaticum subsp. taiwanense	OXFORD_NANOPORE	MinION	SINGLE	WGS	GENOMIC	RANDOM	14718	61445152	ftp.sra.ebi.ac.uk/vol1/fastq/SRR162/069/SRR16250969/SRR16250969_1.fastq.gz	59775216	2021-10-10	SUB10501934
SRR16250971	SAMN04017316	SRS10489852	PRJNA294131	SRX12530581	1123738	Candidatus Phytoplasma australasiaticum subsp. taiwanense	OXFORD_NANOPORE	MinION	SINGLE	WGS	GENOMIC	RANDOM	88111	347008812	ftp.sra.ebi.ac.uk/vol1/fastq/SRR162/071/SRR16250971/SRR16250971_1.fastq.gz	339701700	2021-10-10	SUB10501934
SRR17035810	SAMN23401485	SRS11151135	PRJNA673092	SRX13225754	2108	Mycoplasma sp.	ILLUMINA	Illumina iSeq 100	PAIRED	WGS	METAGENOMIC	other	623617	183836948	ftp.sra.ebi.ac.uk/vol1/fastq/SRR170/010/SRR17035810/SRR17035810_1.fastq.gz;ftp.sra.ebi.ac.uk/vol1/fastq/SRR170/010/SRR17035810/SRR17035810_2.fastq.gz	42135832;45300560	2025-11-29	SUB10713995
SRR17035811	SAMN23401484	SRS11151134	PRJNA673092	SRX13225753	2108	Mycoplasma sp.	ILLUMINA	Illumina iSeq 100	PAIRED	WGS	METAGENOMIC	other	591341	174156264	ftp.sra.ebi.ac.uk/vol1/fastq/SRR170/011/SRR17035811/SRR17035811_1.fastq.gz;ftp.sra.ebi.ac.uk/vol1/fastq/SRR170/011/SRR17035811/SRR17035811_2.fastq.gz	40405288;44041446	2025-11-29	SUB10713995
SRR17035820	SAMN23401527	SRS11151125	PRJNA673092	SRX13225744	2108	Mycoplasma sp.	ILLUMINA	Illumina iSeq 100	PAIRED	WGS	METAGENOMIC	other	611785	180801374	ftp.sra.ebi.ac.uk/vol1/fastq/SRR170/020/SRR17035820/SRR17035820_1.fastq.gz;ftp.sra.ebi.ac.uk/vol1/fastq/SRR170/020/SRR17035820/SRR17035820_2.fastq.gz	40601380;42216336	2025-11-29	SUB10713995
SRR17035826	SAMN23401522	SRS11151119	PRJNA673092	SRX13225738	2108	Mycoplasma sp.	ILLUMINA	Illumina iSeq 100	PAIRED	WGS	METAGENOMIC	other	513861	152875772	ftp.sra.ebi.ac.uk/vol1/fastq/SRR170/026/SRR17035826/SRR17035826_1.fastq.gz;ftp.sra.ebi.ac.uk/vol1/fastq/SRR170/026/SRR17035826/SRR17035826_2.fastq.gz	34553389;36596951	2025-11-29	SUB10713995
SRR17035836	SAMN23401513	SRS11151109	PRJNA673092	SRX13225728	2108	Mycoplasma sp.	ILLUMINA	Illumina iSeq 100	PAIRED	WGS	METAGENOMIC	other	826894	243452420	ftp.sra.ebi.ac.uk/vol1/fastq/SRR170/036/SRR17035836/SRR17035836_1.fastq.gz;ftp.sra.ebi.ac.uk/vol1/fastq/SRR170/036/SRR17035836/SRR17035836_2.fastq.gz	54663534;56899491	2025-11-29	SUB10713995
SRR17035842	SAMN23401507	SRS11151103	PRJNA673092	SRX13225722	2108	Mycoplasma sp.	ILLUMINA	Illumina iSeq 100	PAIRED	WGS	METAGENOMIC	other	675688	199142580	ftp.sra.ebi.ac.uk/vol1/fastq/SRR170/042/SRR17035842/SRR17035842_1.fastq.gz;ftp.sra.ebi.ac.uk/vol1/fastq/SRR170/042/SRR17035842/SRR17035842_2.fastq.gz	47202767;49861670	2025-11-29	SUB10713995
SRR17035858	SAMN23401493	SRS11151087	PRJNA673092	SRX13225706	2108	Mycoplasma sp.	ILLUMINA	Illumina iSeq 100	PAIRED	WGS	METAGENOMIC	other	406539	119566002	ftp.sra.ebi.ac.uk/vol1/fastq/SRR170/058/SRR17035858/SRR17035858_1.fastq.gz;ftp.sra.ebi.ac.uk/vol1/fastq/SRR170/058/SRR17035858/SRR17035858_2.fastq.gz	26591792;27998195	2025-11-29	SUB10713995
SRR17035860	SAMN23401491	SRS11151085	PRJNA673092	SRX13225704	2108	Mycoplasma sp.	ILLUMINA	Illumina iSeq 100	PAIRED	WGS	METAGENOMIC	other	796313	234683673	ftp.sra.ebi.ac.uk/vol1/fastq/SRR170/060/SRR17035860/SRR17035860_1.fastq.gz;ftp.sra.ebi.ac.uk/vol1/fastq/SRR170/060/SRR17035860/SRR17035860_2.fastq.gz	53949916;56584957	2025-11-29	SUB10713995
SRR17035865	SAMN23401486	SRS11151080	PRJNA673092	SRX13225699	2108	Mycoplasma sp.	ILLUMINA	Illumina iSeq 100	PAIRED	WGS	METAGENOMIC	other	496357	146026984	ftp.sra.ebi.ac.uk/vol1/fastq/SRR170/065/SRR17035865/SRR17035865_1.fastq.gz;ftp.sra.ebi.ac.uk/vol1/fastq/SRR170/065/SRR17035865/SRR17035865_2.fastq.gz	33419254;36079477	2025-11-29	SUB10713995
SRR17243289	SAMN24039002	SRS11323746	PRJNA788900	SRX13422334	2146	Acholeplasmataceae	ILLUMINA	Illumina NovaSeq 6000	PAIRED	AMPLICON	GENOMIC	PCR	93993	39476943	ftp.sra.ebi.ac.uk/vol1/fastq/SRR172/089/SRR17243289/SRR17243289_1.fastq.gz;ftp.sra.ebi.ac.uk/vol1/fastq/SRR172/089/SRR17243289/SRR17243289_2.fastq.gz	3380486;3045233	2021-12-16	SUB10800134
SRR1757045	SAMN03282439	SRS817984	PRJNA272471	SRX841638	2103	Mycoplasma mycoides subsp. mycoides	PACBIO_SMRT	PacBio RS	SINGLE	WGS	GENOMIC	unspecified	245223	618311990	ftp.sra.ebi.ac.uk/vol1/fastq/SRR175/005/SRR1757045/SRR1757045_consensus.fastq.gz	1558822	2015-06-05	icipe
SRR17695997	SAMN21844334	SRS11733420	PRJNA762720	SRX13859178	2878854	Mesoplasma whartonense	ILLUMINA	Illumina MiSeq	PAIRED	WGS	GENOMIC	RANDOM	1983329	995631158	ftp.sra.ebi.ac.uk/vol1/fastq/SRR176/097/SRR17695997/SRR17695997_1.fastq.gz;ftp.sra.ebi.ac.uk/vol1/fastq/SRR176/097/SRR17695997/SRR17695997_2.fastq.gz	303643490;350819651	2022-01-24	SUB10968732
SRR17696001	SAMN21844330	SRS11733415	PRJNA762720	SRX13859174	2878854	Mesoplasma whartonense	ILLUMINA	Illumina MiSeq	PAIRED	WGS	GENOMIC	RANDOM	1470142	738011284	ftp.sra.ebi.ac.uk/vol1/fastq/SRR176/001/SRR17696001/SRR17696001_1.fastq.gz;ftp.sra.ebi.ac.uk/vol1/fastq/SRR176/001/SRR17696001/SRR17696001_2.fastq.gz	211713832;239325778	2022-01-24	SUB10968732
SRR1776954	SAMN03286960	SRS827457	PRJNA272775	SRX853360	2103	Mycoplasma mycoides subsp. mycoides	ILLUMINA	Illumina HiSeq 2000	PAIRED	WGS	GENOMIC	unspecified	3539005	2085865385	ftp.sra.ebi.ac.uk/vol1/fastq/SRR177/004/SRR1776954/SRR1776954_1.fastq.gz;ftp.sra.ebi.ac.uk/vol1/fastq/SRR177/004/SRR1776954/SRR1776954_2.fastq.gz	510582284;598028586	2015-06-05	icipe
SRR18884266	SAMN27736171	SRS12713215	PRJNA830658	SRX14962869	69896	Candidatus Phytoplasma solani	ILLUMINA	Illumina NovaSeq 6000	PAIRED	WGS	GENOMIC	RANDOM	6333889	1900166700	ftp.sra.ebi.ac.uk/vol1/fastq/SRR188/066/SRR18884266/SRR18884266_1.fastq.gz;ftp.sra.ebi.ac.uk/vol1/fastq/SRR188/066/SRR18884266/SRR18884266_2.fastq.gz	341805124;341722728	2024-01-28	SUB11359703
SRR19140297	SAMN28048762	SRS12946069	PRJNA834592	SRX15207388	2754999	Candidatus Phytoplasma australasiaticum	OXFORD_NANOPORE	MinION	SINGLE	WGS	GENOMIC	RANDOM	52867	662559522	ftp.sra.ebi.ac.uk/vol1/fastq/SRR191/097/SRR19140297/SRR19140297_1.fastq.gz	604543876	2023-07-01	SUB11454087
SRR19140299	SAMN28048762	SRS12946069	PRJNA834592	SRX15207386	2754999	Candidatus Phytoplasma australasiaticum	OXFORD_NANOPORE	MinION	SINGLE	WGS	GENOMIC	RANDOM	515246	3765537320	ftp.sra.ebi.ac.uk/vol1/fastq/SRR191/099/SRR19140299/SRR19140299_1.fastq.gz	3510236174	2023-07-01	SUB11454087
SRR19178421	SAMN28206365	SRS12976670	PRJNA837572	SRX15243739	85620	Candidatus Phytoplasma asteris	ILLUMINA	Illumina MiSeq	PAIRED	Targeted-Capture	GENOMIC	size fractionation	105284	52766968	ftp.sra.ebi.ac.uk/vol1/fastq/SRR191/021/SRR19178421/SRR19178421_1.fastq.gz;ftp.sra.ebi.ac.uk/vol1/fastq/SRR191/021/SRR19178421/SRR19178421_2.fastq.gz	14007592;16076983	2022-05-14	SUB11459140
SRR19178423	SAMN28206363	SRS12976668	PRJNA837572	SRX15243737	69896	Candidatus Phytoplasma solani	ILLUMINA	Illumina MiSeq	PAIRED	Targeted-Capture	GENOMIC	size fractionation	98512	36803166	ftp.sra.ebi.ac.uk/vol1/fastq/SRR191/023/SRR19178423/SRR19178423_1.fastq.gz;ftp.sra.ebi.ac.uk/vol1/fastq/SRR191/023/SRR19178423/SRR19178423_2.fastq.gz	11047476;11878683	2022-05-14	SUB11459140
SRR19178425	SAMN28206361	SRS12976666	PRJNA837572	SRX15243735	479893	Candidatus Phytoplasma pruni	ILLUMINA	Illumina MiSeq	PAIRED	Targeted-Capture	GENOMIC	size fractionation	103317	51791766	ftp.sra.ebi.ac.uk/vol1/fastq/SRR191/025/SRR19178425/SRR19178425_1.fastq.gz;ftp.sra.ebi.ac.uk/vol1/fastq/SRR191/025/SRR19178425/SRR19178425_2.fastq.gz	15918336;17385133	2022-05-14	SUB11459140
SRR20045377	SAMN29590208	SRS13749920	PRJNA856806	SRX16083851	519450	Mycoplasma anserisalpingitidis	ILLUMINA	NextSeq 500	SINGLE	WGS	GENOMIC	other	3103297	356275277	ftp.sra.ebi.ac.uk/vol1/fastq/SRR200/077/SRR20045377/SRR20045377.fastq.gz	224850057	2025-01-02	SUB11731176
SRR20897170	SAMN27545508	SRS14503189	PRJNA839414	SRX16915813	307134	Columbia Basin potato purple top phytoplasma	ILLUMINA	Illumina HiSeq 4000	PAIRED	WGS	GENOMIC	RANDOM	173323241	51996972300	ftp.sra.ebi.ac.uk/vol1/fastq/SRR208/070/SRR20897170/SRR20897170_1.fastq.gz;ftp.sra.ebi.ac.uk/vol1/fastq/SRR208/070/SRR20897170/SRR20897170_2.fastq.gz	13867345063;15300955241	2023-02-09	SUB11893795
SRR23594095	SAMN33408018	SRS16870415	PRJNA937424	SRX19479157	180978	Candidatus Phytoplasma citri	ILLUMINA	Illumina NovaSeq 6000	PAIRED	WGS	GENOMIC	RANDOM	33383065	9953014094	ftp.sra.ebi.ac.uk/vol1/fastq/SRR235/095/SRR23594095/SRR23594095_1.fastq.gz;ftp.sra.ebi.ac.uk/vol1/fastq/SRR235/095/SRR23594095/SRR23594095_2.fastq.gz	1828037460;1828164285	2023-02-27	SUB12911231
SRR23638653	SAMN33477939	SRS16908175	PRJNA939501	SRX19521407	40480	Mycoplasma capricolum subsp. capripneumoniae	ILLUMINA	Illumina MiSeq	PAIRED	WGS	GENOMIC	RANDOM	6741721	2035999742	ftp.sra.ebi.ac.uk/vol1/fastq/SRR236/053/SRR23638653/SRR23638653_1.fastq.gz;ftp.sra.ebi.ac.uk/vol1/fastq/SRR236/053/SRR23638653/SRR23638653_2.fastq.gz	338400402;340185822	2023-06-05	SUB12865123
SRR23638661	SAMN33477940	SRS16908169	PRJNA939501	SRX19521399	40480	Mycoplasma capricolum subsp. capripneumoniae	ILLUMINA	Illumina MiSeq	PAIRED	WGS	GENOMIC	RANDOM	4437322	1340071244	ftp.sra.ebi.ac.uk/vol1/fastq/SRR236/061/SRR23638661/SRR23638661_1.fastq.gz;ftp.sra.ebi.ac.uk/vol1/fastq/SRR236/061/SRR23638661/SRR23638661_2.fastq.gz	227276763;227886364	2023-06-05	SUB12865123
SRR24128049	SAMN34138614	SRS17277950	PRJNA954307	SRX19926910	2102	Mycoplasma mycoides	ILLUMINA	Illumina MiSeq	PAIRED	WGS	GENOMIC	RANDOM	346737	187240372	ftp.sra.ebi.ac.uk/vol1/fastq/SRR241/049/SRR24128049/SRR24128049_1.fastq.gz;ftp.sra.ebi.ac.uk/vol1/fastq/SRR241/049/SRR24128049/SRR24128049_2.fastq.gz	54538333;61040069	2023-04-14	SUB12998481
SRR24128052	SAMN34138611	SRS17277947	PRJNA954307	SRX19926907	2102	Mycoplasma mycoides	ILLUMINA	Illumina MiSeq	PAIRED	WGS	GENOMIC	RANDOM	370908	201592063	ftp.sra.ebi.ac.uk/vol1/fastq/SRR241/052/SRR24128052/SRR24128052_1.fastq.gz;ftp.sra.ebi.ac.uk/vol1/fastq/SRR241/052/SRR24128052/SRR24128052_2.fastq.gz	60878351;65974187	2023-04-14	SUB12998481
SRR24128053	SAMN34138610	SRS17277946	PRJNA954307	SRX19926906	2102	Mycoplasma mycoides	ILLUMINA	Illumina MiSeq	PAIRED	WGS	GENOMIC	RANDOM	356078	192479993	ftp.sra.ebi.ac.uk/vol1/fastq/SRR241/053/SRR24128053/SRR24128053_1.fastq.gz;ftp.sra.ebi.ac.uk/vol1/fastq/SRR241/053/SRR24128053/SRR24128053_2.fastq.gz	52954987;63902751	2023-04-14	SUB12998481
SRR25469166	SAMN36775450	SRS18460080	PRJNA1000707	SRX21201791	2146	Acholeplasmataceae	ILLUMINA	Illumina NovaSeq 6000	PAIRED	AMPLICON	GENOMIC	PCR	85039	42519500	ftp.sra.ebi.ac.uk/vol1/fastq/SRR254/066/SRR25469166/SRR25469166_1.fastq.gz;ftp.sra.ebi.ac.uk/vol1/fastq/SRR254/066/SRR25469166/SRR25469166_2.fastq.gz	2671470;2621088	2024-02-04	SUB13720433
SRR25474921	SAMN36781233	SRS18464630	PRJNA954307	SRX21207161	2102	Mycoplasma mycoides	ILLUMINA	Illumina MiSeq	PAIRED	WGS	GENOMIC	RANDOM	361437	195644018	ftp.sra.ebi.ac.uk/vol1/fastq/SRR254/021/SRR25474921/SRR25474921_1.fastq.gz;ftp.sra.ebi.ac.uk/vol1/fastq/SRR254/021/SRR25474921/SRR25474921_2.fastq.gz	54132601;66734951	2023-08-02	SUB13724118
SRR26453575	SAMN37908292	SRS19216811	PRJNA1030417	SRX22157850	29552	Haploplasma axanthum	ILLUMINA	Illumina HiSeq 4000	PAIRED	AMPLICON	SYNTHETIC	RT-PCR	23943884	7231052968	ftp.sra.ebi.ac.uk/vol1/fastq/SRR264/075/SRR26453575/SRR26453575_1.fastq.gz;ftp.sra.ebi.ac.uk/vol1/fastq/SRR264/075/SRR26453575/SRR26453575_2.fastq.gz	551308888;595071177	2023-10-21	SUB13915823
SRR26453576	SAMN37908291	SRS19216810	PRJNA1030417	SRX22157849	29552	Haploplasma axanthum	ILLUMINA	Illumina HiSeq 4000	PAIRED	AMPLICON	SYNTHETIC	RT-PCR	25719831	7767388962	ftp.sra.ebi.ac.uk/vol1/fastq/SRR264/076/SRR26453576/SRR26453576_1.fastq.gz;ftp.sra.ebi.ac.uk/vol1/fastq/SRR264/076/SRR26453576/SRR26453576_2.fastq.gz	621497507;651694726	2023-10-21	SUB13915823
SRR26453577	SAMN37908290	SRS19216809	PRJNA1030417	SRX22157848	29552	Haploplasma axanthum	ILLUMINA	Illumina HiSeq 4000	PAIRED	AMPLICON	SYNTHETIC	RT-PCR	24556872	7416175344	ftp.sra.ebi.ac.uk/vol1/fastq/SRR264/077/SRR26453577/SRR26453577_1.fastq.gz;ftp.sra.ebi.ac.uk/vol1/fastq/SRR264/077/SRR26453577/SRR26453577_2.fastq.gz	596627920;612960437	2023-10-21	SUB13915823
SRR26453583	SAMN37908284	SRS19216803	PRJNA1030417	SRX22157842	29552	Haploplasma axanthum	ILLUMINA	Illumina HiSeq 4000	PAIRED	AMPLICON	SYNTHETIC	RT-PCR	29544119	8922323938	ftp.sra.ebi.ac.uk/vol1/fastq/SRR264/083/SRR26453583/SRR26453583_1.fastq.gz;ftp.sra.ebi.ac.uk/vol1/fastq/SRR264/083/SRR26453583/SRR26453583_2.fastq.gz	692796050;736338460	2023-10-21	SUB13915823
SRR26453585	SAMN37908283	SRS19216801	PRJNA1030417	SRX22157840	29552	Haploplasma axanthum	ILLUMINA	Illumina HiSeq 4000	PAIRED	AMPLICON	SYNTHETIC	RT-PCR	25317494	7645883188	ftp.sra.ebi.ac.uk/vol1/fastq/SRR264/085/SRR26453585/SRR26453585_1.fastq.gz;ftp.sra.ebi.ac.uk/vol1/fastq/SRR264/085/SRR26453585/SRR26453585_2.fastq.gz	609305082;633351724	2023-10-21	SUB13915823
SRR26453589	SAMN37908280	SRS19216798	PRJNA1030417	SRX22157837	29552	Haploplasma axanthum	ILLUMINA	Illumina HiSeq 4000	PAIRED	AMPLICON	SYNTHETIC	RT-PCR	18512060	5590642120	ftp.sra.ebi.ac.uk/vol1/fastq/SRR264/089/SRR26453589/SRR26453589_1.fastq.gz;ftp.sra.ebi.ac.uk/vol1/fastq/SRR264/089/SRR26453589/SRR26453589_2.fastq.gz	440408244;463014930	2023-10-21	SUB13915823
SRR26453590	SAMN37908279	SRS19216797	PRJNA1030417	SRX22157836	29552	Haploplasma axanthum	ILLUMINA	Illumina HiSeq 4000	PAIRED	AMPLICON	SYNTHETIC	RT-PCR	17219311	5200231922	ftp.sra.ebi.ac.uk/vol1/fastq/SRR264/090/SRR26453590/SRR26453590_1.fastq.gz;ftp.sra.ebi.ac.uk/vol1/fastq/SRR264/090/SRR26453590/SRR26453590_2.fastq.gz	416671557;422898862	2023-10-21	SUB13915823
SRR26453592	SAMN37908277	SRS19216795	PRJNA1030417	SRX22157834	29552	Haploplasma axanthum	ILLUMINA	Illumina HiSeq 4000	PAIRED	AMPLICON	SYNTHETIC	RT-PCR	19988522	6036533644	ftp.sra.ebi.ac.uk/vol1/fastq/SRR264/092/SRR26453592/SRR26453592_1.fastq.gz;ftp.sra.ebi.ac.uk/vol1/fastq/SRR264/092/SRR26453592/SRR26453592_2.fastq.gz	455348970;475237160	2023-10-21	SUB13915823
SRR26453594	SAMN37908274	SRS19216792	PRJNA1030417	SRX22157831	29552	Haploplasma axanthum	ILLUMINA	Illumina HiSeq 4000	PAIRED	AMPLICON	SYNTHETIC	RT-PCR	17604431	5316538162	ftp.sra.ebi.ac.uk/vol1/fastq/SRR264/094/SRR26453594/SRR26453594_1.fastq.gz;ftp.sra.ebi.ac.uk/vol1/fastq/SRR264/094/SRR26453594/SRR26453594_2.fastq.gz	421983402;422961440	2023-10-21	SUB13915823
SRR26453610	SAMN37908260	SRS19216776	PRJNA1030417	SRX22157815	29552	Haploplasma axanthum	ILLUMINA	Illumina HiSeq 4000	PAIRED	AMPLICON	SYNTHETIC	RT-PCR	36395975	10991584450	ftp.sra.ebi.ac.uk/vol1/fastq/SRR264/010/SRR26453610/SRR26453610_1.fastq.gz;ftp.sra.ebi.ac.uk/vol1/fastq/SRR264/010/SRR26453610/SRR26453610_2.fastq.gz	888847067;822730271	2023-10-21	SUB13915823
SRR26453614	SAMN37908256	SRS19216772	PRJNA1030417	SRX22157811	29552	Haploplasma axanthum	ILLUMINA	Illumina HiSeq 4000	PAIRED	AMPLICON	SYNTHETIC	RT-PCR	28401691	8577310682	ftp.sra.ebi.ac.uk/vol1/fastq/SRR264/014/SRR26453614/SRR26453614_1.fastq.gz;ftp.sra.ebi.ac.uk/vol1/fastq/SRR264/014/SRR26453614/SRR26453614_2.fastq.gz	547457065;544394916	2023-10-21	SUB13915823
SRR26453617	SAMN37908253	SRS19216768	PRJNA1030417	SRX22157807	29552	Haploplasma axanthum	ILLUMINA	Illumina HiSeq 4000	PAIRED	AMPLICON	SYNTHETIC	RT-PCR	31379756	9476686312	ftp.sra.ebi.ac.uk/vol1/fastq/SRR264/017/SRR26453617/SRR26453617_1.fastq.gz;ftp.sra.ebi.ac.uk/vol1/fastq/SRR264/017/SRR26453617/SRR26453617_2.fastq.gz	708665489;698107547	2023-10-21	SUB13915823
SRR26453623	SAMN37908248	SRS19216763	PRJNA1030417	SRX22157802	29552	Haploplasma axanthum	ILLUMINA	Illumina HiSeq 4000	PAIRED	AMPLICON	SYNTHETIC	RT-PCR	10522745	3177868990	ftp.sra.ebi.ac.uk/vol1/fastq/SRR264/023/SRR26453623/SRR26453623_1.fastq.gz;ftp.sra.ebi.ac.uk/vol1/fastq/SRR264/023/SRR26453623/SRR26453623_2.fastq.gz	245544408;256315121	2023-10-21	SUB13915823
SRR26453624	SAMN37908254	SRS19216770	PRJNA1030417	SRX22157809	29552	Haploplasma axanthum	ILLUMINA	Illumina HiSeq 4000	PAIRED	AMPLICON	SYNTHETIC	RT-PCR	30813149	9305570998	ftp.sra.ebi.ac.uk/vol1/fastq/SRR264/024/SRR26453624/SRR26453624_1.fastq.gz;ftp.sra.ebi.ac.uk/vol1/fastq/SRR264/024/SRR26453624/SRR26453624_2.fastq.gz	675489031;688492388	2023-10-21	SUB13915823
SRR26453627	SAMN37908245	SRS19216760	PRJNA1030417	SRX22157799	29552	Haploplasma axanthum	ILLUMINA	Illumina HiSeq 4000	PAIRED	AMPLICON	SYNTHETIC	RT-PCR	23843850	7200842700	ftp.sra.ebi.ac.uk/vol1/fastq/SRR264/027/SRR26453627/SRR26453627_1.fastq.gz;ftp.sra.ebi.ac.uk/vol1/fastq/SRR264/027/SRR26453627/SRR26453627_2.fastq.gz	578378201;595094106	2023-10-21	SUB13915823
SRR1736374	SAMN03203175	SRS749257	PRJNA268114	SRX825308	436113	Mycoplasma mycoides subsp. capri str. GM12	LS454	454 GS FLX Titanium	SINGLE	AMPLICON	OTHER	PCR	774202	305719622	ftp.sra.ebi.ac.uk/vol1/fastq/SRR173/004/SRR1736374/SRR1736374.fastq.gz	82253089	2015-06-05	JCVI
SRR27143838	SAMN38725600	SRS19807018	PRJNA1050060	SRX22825609	2103	Mycoplasma mycoides subsp. mycoides	ILLUMINA	Illumina HiSeq 2500	PAIRED	WGS	GENOMIC	PCR	6010369	3017205238	ftp.sra.ebi.ac.uk/vol1/fastq/SRR271/038/SRR27143838/SRR27143838_1.fastq.gz;ftp.sra.ebi.ac.uk/vol1/fastq/SRR271/038/SRR27143838/SRR27143838_2.fastq.gz	523959357;524775681	2023-12-10	SUB14025708
SRR3354351	SAMN04623579	SRS1381877	PRJNA317715	SRX1687191	202462	Candidatus Phytoplasma zeae	ILLUMINA	Illumina MiSeq	PAIRED	WGS	METAGENOMIC	RANDOM	2822764	1637956297	ftp.sra.ebi.ac.uk/vol1/fastq/SRR335/001/SRR3354351/SRR3354351_1.fastq.gz;ftp.sra.ebi.ac.uk/vol1/fastq/SRR335/001/SRR3354351/SRR3354351_2.fastq.gz	586170137;680125823	2016-08-25	
SRR3379296	SAMN04849261	SRS1412666	PRJNA318373	SRX1703509	2132	Spiroplasma	ILLUMINA	Illumina HiSeq 2000	SINGLE	RNA-Seq	TRANSCRIPTOMIC	RANDOM	34202304	2394161280	ftp.sra.ebi.ac.uk/vol1/fastq/SRR337/006/SRR3379296/SRR3379296.fastq.gz	2209519808	2016-04-28	
SRR33831098	SAMN46290475	SRS25267035	PRJNA1212062	SRX29051900	47566	Candidatus Phytoplasma pyri	OXFORD_NANOPORE	MinION	SINGLE	WGS	GENOMIC	RANDOM	291079	286347812	ftp.sra.ebi.ac.uk/vol1/fastq/SRR338/098/SRR33831098/SRR33831098_1.fastq.gz	267755833	2025-06-09	SUB15346422
SRR33831099	SAMN46290475	SRS25267035	PRJNA1212062	SRX29051899	47566	Candidatus Phytoplasma pyri	ILLUMINA	Illumina NovaSeq 6000	PAIRED	WGS	GENOMIC	RANDOM	19150219	5783366138	ftp.sra.ebi.ac.uk/vol1/fastq/SRR338/099/SRR33831099/SRR33831099_1.fastq.gz;ftp.sra.ebi.ac.uk/vol1/fastq/SRR338/099/SRR33831099/SRR33831099_2.fastq.gz	1472742855;1543402882	2025-06-09	SUB15346422
SRR3654602	SAMN05219306	SRS1494398	PRJNA325094	SRX1834925	441768	Acholeplasma laidlawii PG-8A	ABI_SOLID	AB 5500 Genetic Analyzer	SINGLE	RNA-Seq	TRANSCRIPTOMIC	other	26865362	689881058	ftp.sra.ebi.ac.uk/vol1/fastq/SRR365/002/SRR3654602/SRR3654602.fastq.gz	695632898	2016-06-11	
SRR3655227	SAMN05219307	SRS1494402	PRJNA325092	SRX1834935	570509	Spiroplasma melliferum KC3	ABI_SOLID	AB 5500 Genetic Analyzer	SINGLE	RNA-Seq	TRANSCRIPTOMIC	other	10266085	263374643	ftp.sra.ebi.ac.uk/vol1/fastq/SRR365/007/SRR3655227/SRR3655227.fastq.gz	246664156	2016-06-11	
SRR3655229	SAMN05219306	SRS1494398	PRJNA325094	SRX1834925	441768	Acholeplasma laidlawii PG-8A	ABI_SOLID	AB 5500 Genetic Analyzer	SINGLE	RNA-Seq	TRANSCRIPTOMIC	other	12183875	311402468	ftp.sra.ebi.ac.uk/vol1/fastq/SRR365/009/SRR3655229/SRR3655229.fastq.gz	291591628	2016-06-11	
SRR5322781	SAMN06452513	SRS2032933	PRJNA348753	SRX2622976	1952266	Mycoplasmataceae bacterium UBA3729	ILLUMINA	Illumina HiSeq 2000	PAIRED	WGS	METAGENOMIC	unspecified	60366	13959266	ftp.sra.ebi.ac.uk/vol1/fastq/SRR532/001/SRR5322781/SRR5322781.fastq.gz;ftp.sra.ebi.ac.uk/vol1/fastq/SRR532/001/SRR5322781/SRR5322781_1.fastq.gz;ftp.sra.ebi.ac.uk/vol1/fastq/SRR532/001/SRR5322781/SRR5322781_2.fastq.gz	5121390;807683;856700	2017-11-09	University of Queensland
SRR5323120	SAMN06457400	SRS2033273	PRJNA348753	SRX2623315	1951331	Acholeplasmataceae bacterium UBA6190	ILLUMINA	Illumina HiSeq 2000	PAIRED	WGS	METAGENOMIC	RANDOM	82809	19877444	ftp.sra.ebi.ac.uk/vol1/fastq/SRR532/000/SRR5323120/SRR5323120.fastq.gz;ftp.sra.ebi.ac.uk/vol1/fastq/SRR532/000/SRR5323120/SRR5323120_1.fastq.gz;ftp.sra.ebi.ac.uk/vol1/fastq/SRR532/000/SRR5323120/SRR5323120_2.fastq.gz	4323323;4103116;4187659	2017-11-09	University of Queensland
SRR5324076	SAMN06452303	SRS2034228	PRJNA348753	SRX2624271	1951309	Acholeplasmataceae bacterium UBA2284	ILLUMINA	Illumina HiSeq 2000	PAIRED	WGS	METAGENOMIC	RANDOM	175352	5377802	ftp.sra.ebi.ac.uk/vol1/fastq/SRR532/006/SRR5324076/SRR5324076.fastq.gz	3243180	2017-11-09	University of Queensland
SRR5326615	SAMN06453586	SRS2035768	PRJNA348753	SRX2625810	1951310	Acholeplasmataceae bacterium UBA4853	ILLUMINA	Illumina HiSeq 2000	PAIRED	WGS	METAGENOMIC	RANDOM	384237	11714491	ftp.sra.ebi.ac.uk/vol1/fastq/SRR532/005/SRR5326615/SRR5326615.fastq.gz	7080947	2017-11-09	University of Queensland
SRR5326772	SAMN06452524	SRS2035924	PRJNA348753	SRX2625967	1951321	Acholeplasmataceae bacterium UBA5409	ILLUMINA	Illumina HiSeq 2000	PAIRED	WGS	METAGENOMIC	RANDOM	253855	7736059	ftp.sra.ebi.ac.uk/vol1/fastq/SRR532/002/SRR5326772/SRR5326772.fastq.gz	4683017	2017-11-09	University of Queensland
SRR5326792	SAMN06456065	SRS2035944	PRJNA348753	SRX2625987	1951322	Acholeplasmataceae bacterium UBA5430	ILLUMINA	Illumina HiSeq 2000	PAIRED	WGS	METAGENOMIC	RANDOM	159124	4861218	ftp.sra.ebi.ac.uk/vol1/fastq/SRR532/002/SRR5326792/SRR5326792.fastq.gz	2946346	2017-11-09	University of Queensland
SRR5326816	SAMN06453599	SRS2035968	PRJNA348753	SRX2626011	1951323	Acholeplasmataceae bacterium UBA5453	ILLUMINA	Illumina HiSeq 2000	PAIRED	WGS	METAGENOMIC	RANDOM	159124	4861218	ftp.sra.ebi.ac.uk/vol1/fastq/SRR532/006/SRR5326816/SRR5326816.fastq.gz	2946353	2017-11-09	University of Queensland
SRR5326840	SAMN06457197	SRS2035992	PRJNA348753	SRX2626035	1951320	Acholeplasmataceae bacterium UBA5386	ILLUMINA	Illumina HiSeq 2000	PAIRED	WGS	METAGENOMIC	RANDOM	179479	5483253	ftp.sra.ebi.ac.uk/vol1/fastq/SRR532/000/SRR5326840/SRR5326840.fastq.gz	3318004	2017-11-09	University of Queensland
SRR22028292	SAMN30552787	SRS15518358	PRJNA874543	SRX18009590	2148	Acholeplasma laidlawii	OXFORD_NANOPORE	MinION	SINGLE	WGS	GENOMIC	unspecified	587320	1880545931	ftp.sra.ebi.ac.uk/vol1/fastq/SRR220/092/SRR22028292/SRR22028292_1.fastq.gz	1919427766	2022-10-28	SUB12197236
SRR22585813	SAMN32123080	SRS16015241	PRJNA910329	SRX18548811	40477	Mycoplasma mycoides subsp. capri	ILLUMINA	Illumina MiSeq	PAIRED	WGS	GENOMIC	RANDOM	242421	99121541	ftp.sra.ebi.ac.uk/vol1/fastq/SRR225/013/SRR22585813/SRR22585813_1.fastq.gz;ftp.sra.ebi.ac.uk/vol1/fastq/SRR225/013/SRR22585813/SRR22585813_2.fastq.gz	25743110;28746589	2022-12-10	SUB12368784
SRR22745881	SAMN32241329	SRS16148854	PRJNA912395	SRX18707050	519450	Mycoplasma anserisalpingitidis	ILLUMINA	NextSeq 500	SINGLE	WGS	GENOMIC	other	2357381	246465063	ftp.sra.ebi.ac.uk/vol1/fastq/SRR227/081/SRR22745881/SRR22745881.fastq.gz	98605559	2023-07-11	SUB12422491
SRR22956580	SAMN32543040	SRS16341258	PRJNA917597	SRX18913433	40480	Mycoplasma capricolum subsp. capripneumoniae	OXFORD_NANOPORE	GridION	SINGLE	WGS	GENOMIC	RANDOM	50756	1225142553	ftp.sra.ebi.ac.uk/vol1/fastq/SRR229/080/SRR22956580/SRR22956580_1.fastq.gz	1122305564	2023-09-29	SUB12430728
SRR22956583	SAMN32543040	SRS16341258	PRJNA917597	SRX18913430	40480	Mycoplasma capricolum subsp. capripneumoniae	ILLUMINA	Illumina MiSeq	PAIRED	WGS	GENOMIC	RANDOM	845295	334554814	ftp.sra.ebi.ac.uk/vol1/fastq/SRR229/083/SRR22956583/SRR22956583_1.fastq.gz;ftp.sra.ebi.ac.uk/vol1/fastq/SRR229/083/SRR22956583/SRR22956583_2.fastq.gz	58727911;59153911	2023-09-29	SUB12430728
SRR23060065	SAMN32686720	SRS16433017	PRJNA919199	SRX19013380	203274	Candidatus Phytoplasma oryzae	ILLUMINA	Illumina NovaSeq 6000	PAIRED	WGS	GENOMIC	RANDOM	71943100	21582930000	ftp.sra.ebi.ac.uk/vol1/fastq/SRR230/065/SRR23060065/SRR23060065_1.fastq.gz;ftp.sra.ebi.ac.uk/vol1/fastq/SRR230/065/SRR23060065/SRR23060065_2.fastq.gz	4999367088;5373219899	2023-01-13	SUB12527687
SRR23060399	SAMN32686720	SRS16433017	PRJNA919199	SRX19013714	203274	Candidatus Phytoplasma oryzae	DNBSEQ	DNBSEQ-G50	SINGLE	ncRNA-Seq	TRANSCRIPTOMIC	PCR	20449046	452952541	ftp.sra.ebi.ac.uk/vol1/fastq/SRR230/099/SRR23060399/SRR23060399.fastq.gz	475920600	2023-01-14	SUB12531067
SRR27437571	SAMN38957063	SRS20064628	PRJNA1054987	SRX23109893	3109357	'Conium maculatum' witches'-broom phytoplasma	ILLUMINA	Illumina NovaSeq 6000	PAIRED	WGS	GENOMIC	RANDOM	36086177	10898025454	ftp.sra.ebi.ac.uk/vol1/fastq/SRR274/071/SRR27437571/SRR27437571_1.fastq.gz;ftp.sra.ebi.ac.uk/vol1/fastq/SRR274/071/SRR27437571/SRR27437571_2.fastq.gz	2099717405;2100058196	2024-01-18	SUB14103836
SRR27721526	SAMN39603556	SRS20248838	PRJNA1068805	SRX23387504	2103	Mycoplasma mycoides subsp. mycoides	ILLUMINA	Illumina HiSeq 4000	PAIRED	RNA-Seq	TRANSCRIPTOMIC	unspecified	11022685	3328850870	ftp.sra.ebi.ac.uk/vol1/fastq/SRR277/026/SRR27721526/SRR27721526_1.fastq.gz;ftp.sra.ebi.ac.uk/vol1/fastq/SRR277/026/SRR27721526/SRR27721526_2.fastq.gz	785728974;1075181687	2025-03-03	SUB14161378
SRR27721527	SAMN39603555	SRS20248837	PRJNA1068805	SRX23387502	40477	Mycoplasma mycoides subsp. capri	ILLUMINA	Illumina HiSeq 4000	PAIRED	RNA-Seq	TRANSCRIPTOMIC	unspecified	11356145	3429555790	ftp.sra.ebi.ac.uk/vol1/fastq/SRR277/027/SRR27721527/SRR27721527_1.fastq.gz;ftp.sra.ebi.ac.uk/vol1/fastq/SRR277/027/SRR27721527/SRR27721527_2.fastq.gz	774954618;1073568574	2025-03-03	SUB14161378
SRR27721528	SAMN39603560	SRS20248842	PRJNA1068805	SRX23387500	1179777	Mycoplasma feriruminatoris	ILLUMINA	Illumina HiSeq 4000	PAIRED	RNA-Seq	TRANSCRIPTOMIC	unspecified	12250320	3699596640	ftp.sra.ebi.ac.uk/vol1/fastq/SRR277/028/SRR27721528/SRR27721528_1.fastq.gz;ftp.sra.ebi.ac.uk/vol1/fastq/SRR277/028/SRR27721528/SRR27721528_2.fastq.gz	867695653;1164243914	2025-03-03	SUB14161378
SRR27721531	SAMN39603556	SRS20248838	PRJNA1068805	SRX23387503	2103	Mycoplasma mycoides subsp. mycoides	ILLUMINA	Illumina HiSeq 4000	PAIRED	RNA-Seq	TRANSCRIPTOMIC	unspecified	10956414	3308837028	ftp.sra.ebi.ac.uk/vol1/fastq/SRR277/031/SRR27721531/SRR27721531_1.fastq.gz;ftp.sra.ebi.ac.uk/vol1/fastq/SRR277/031/SRR27721531/SRR27721531_2.fastq.gz	560407714;576124021	2025-03-03	SUB14161378
SRR27721537	SAMN39603559	SRS20248841	PRJNA1068805	SRX23387493	2105	Mycoplasma leachii	ILLUMINA	Illumina HiSeq 4000	PAIRED	RNA-Seq	TRANSCRIPTOMIC	unspecified	8860115	2675754730	ftp.sra.ebi.ac.uk/vol1/fastq/SRR277/037/SRR27721537/SRR27721537_1.fastq.gz;ftp.sra.ebi.ac.uk/vol1/fastq/SRR277/037/SRR27721537/SRR27721537_2.fastq.gz	609658292;848802933	2025-03-03	SUB14161378
SRR27721543	SAMN39603558	SRS20248840	PRJNA1068805	SRX23387487	40480	Mycoplasma capricolum subsp. capripneumoniae	ILLUMINA	Illumina HiSeq 4000	PAIRED	RNA-Seq	TRANSCRIPTOMIC	unspecified	11692998	3531285396	ftp.sra.ebi.ac.uk/vol1/fastq/SRR277/043/SRR27721543/SRR27721543_1.fastq.gz;ftp.sra.ebi.ac.uk/vol1/fastq/SRR277/043/SRR27721543/SRR27721543_2.fastq.gz	596964979;613038076	2025-03-03	SUB14161378
SRR27721551	SAMN39603557	SRS20248839	PRJNA1068805	SRX23387479	340047	Mycoplasma capricolum subsp. capricolum ATCC 27343	ILLUMINA	Illumina HiSeq 4000	PAIRED	RNA-Seq	TRANSCRIPTOMIC	unspecified	11314933	3417109766	ftp.sra.ebi.ac.uk/vol1/fastq/SRR277/051/SRR27721551/SRR27721551_1.fastq.gz;ftp.sra.ebi.ac.uk/vol1/fastq/SRR277/051/SRR27721551/SRR27721551_2.fastq.gz	545428807;560096993	2025-03-03	SUB14161378
SRR27721558	SAMN39603555	SRS20248837	PRJNA1068805	SRX23387472	40477	Mycoplasma mycoides subsp. capri	ILLUMINA	Illumina HiSeq 4000	PAIRED	RNA-Seq	TRANSCRIPTOMIC	unspecified	8874137	2679989374	ftp.sra.ebi.ac.uk/vol1/fastq/SRR277/058/SRR27721558/SRR27721558_1.fastq.gz;ftp.sra.ebi.ac.uk/vol1/fastq/SRR277/058/SRR27721558/SRR27721558_2.fastq.gz	408152283;423116505	2025-03-03	SUB14161378
SRR29373968	SAMN41605836	SRS21594922	PRJNA1117479	SRX24888417	479893	Candidatus Phytoplasma pruni	ILLUMINA	Illumina NovaSeq 6000	PAIRED	WGS	METAGENOMIC	size fractionation	70366138	21109841400	ftp.sra.ebi.ac.uk/vol1/fastq/SRR293/068/SRR29373968/SRR29373968_1.fastq.gz;ftp.sra.ebi.ac.uk/vol1/fastq/SRR293/068/SRR29373968/SRR29373968_2.fastq.gz	4134762800;4267671424	2025-10-23	SUB14494523
SRR29373972	SAMN41605832	SRS21594918	PRJNA1117479	SRX24888413	479893	Candidatus Phytoplasma pruni	ILLUMINA	Illumina HiSeq 2500	PAIRED	WGS	METAGENOMIC	size fractionation	36529655	10958896500	ftp.sra.ebi.ac.uk/vol1/fastq/SRR293/072/SRR29373972/SRR29373972_1.fastq.gz;ftp.sra.ebi.ac.uk/vol1/fastq/SRR293/072/SRR29373972/SRR29373972_2.fastq.gz	2562048464;2680247516	2025-10-23	SUB14494523
SRR29373973	SAMN41605831	SRS21594920	PRJNA1117479	SRX24888412	479893	Candidatus Phytoplasma pruni	ILLUMINA	Illumina HiSeq 2500	PAIRED	WGS	METAGENOMIC	size fractionation	35703772	10711131600	ftp.sra.ebi.ac.uk/vol1/fastq/SRR293/073/SRR29373973/SRR29373973_1.fastq.gz;ftp.sra.ebi.ac.uk/vol1/fastq/SRR293/073/SRR29373973/SRR29373973_2.fastq.gz	2488672925;2602492311	2025-10-23	SUB14494523
SRR29373976	SAMN41605840	SRS21594916	PRJNA1117479	SRX24888409	479893	Candidatus Phytoplasma pruni	ILLUMINA	Illumina NovaSeq 6000	PAIRED	WGS	METAGENOMIC	size fractionation	204998584	61499575200	ftp.sra.ebi.ac.uk/vol1/fastq/SRR293/076/SRR29373976/SRR29373976_1.fastq.gz;ftp.sra.ebi.ac.uk/vol1/fastq/SRR293/076/SRR29373976/SRR29373976_2.fastq.gz	13366212923;13902489165	2025-10-23	SUB14494523
SRR32219016	SAMN46536676	SRS23972886	PRJNA1218923	SRX27559271	85620	Candidatus Phytoplasma asteris	ILLUMINA	Illumina NovaSeq 6000	SINGLE	RNA-Seq	TRANSCRIPTOMIC	RANDOM	20450191	2869791375	ftp.sra.ebi.ac.uk/vol1/fastq/SRR322/016/SRR32219016/SRR32219016.fastq.gz	1271771019	2025-02-09	SUB15060784
SRR32933015	SAMN47220747	SRS24444810	PRJNA1231790	SRX28207723	131152	Candidatus Phytoplasma vitis	OXFORD_NANOPORE	MinION	SINGLE	WGS	METAGENOMIC	RANDOM	2344938	7659647258	ftp.sra.ebi.ac.uk/vol1/fastq/SRR329/015/SRR32933015/SRR32933015_1.fastq.gz	7276852408	2025-05-28	SUB15222912
SRR3493389	SAMN02745656	SRS1430360	PRJNA245612	SRX1753480	171280	Mycoplasma buteonis	ILLUMINA	Illumina HiSeq 2000	SINGLE	WGS	GENOMIC	RANDOM	21071952	3160792800	ftp.sra.ebi.ac.uk/vol1/fastq/SRR349/009/SRR3493389/SRR3493389.fastq.gz	2388484595	2016-05-17	
SRR3493859	SAMN02743893	SRS1430628	PRJNA223044	SRX1753756	1408417	Haploplasma modicum ATCC 29102	ILLUMINA	Illumina HiSeq 2000	SINGLE	WGS	GENOMIC	RANDOM	10744792	1611718800	ftp.sra.ebi.ac.uk/vol1/fastq/SRR349/009/SRR3493859/SRR3493859.fastq.gz	1210144211	2016-05-17	
SRR3493867	SAMN02841188	SRS1430635	PRJNA223039	SRX1753764	1408448	Mesoplasma photuris ATCC 49581	ILLUMINA	Illumina HiSeq 2000	SINGLE	WGS	GENOMIC	RANDOM	10868232	1630234800	ftp.sra.ebi.ac.uk/vol1/fastq/SRR349/007/SRR3493867/SRR3493867.fastq.gz	1225784865	2016-05-17	
SRR35106323	SAMN13170792	SRS26272972	PRJNA585432	SRX30215173	1898209	Acholeplasmataceae bacterium	ILLUMINA	NextSeq 500	PAIRED	WGA	GENOMIC SINGLE CELL	MDA	11021810	3328586620	ftp.sra.ebi.ac.uk/vol1/fastq/SRR351/023/SRR35106323/SRR35106323_1.fastq.gz;ftp.sra.ebi.ac.uk/vol1/fastq/SRR351/023/SRR35106323/SRR35106323_2.fastq.gz	1057040971;1105140862	2025-08-26	
SRR35152537	SAMN50749099	SRS26309396	PRJNA1309601	SRX30257812	3458679	Mycoplasma sp. 13536	OXFORD_NANOPORE	PromethION	SINGLE	WGS	GENOMIC	RANDOM	5049	27595800	ftp.sra.ebi.ac.uk/vol1/fastq/SRR351/037/SRR35152537/SRR35152537_1.fastq.gz	25784306	2025-10-23	SUB15554931
SRR35194445	SAMN18247817	SRS26346693	PRJNA709630	SRX30298262	51365	Mycoplasma yeatsii	ILLUMINA	Illumina NovaSeq 6000	PAIRED	WGS	GENOMIC	RANDOM	3084043	931380986	ftp.sra.ebi.ac.uk/vol1/fastq/SRR351/045/SRR35194445/SRR35194445_1.fastq.gz;ftp.sra.ebi.ac.uk/vol1/fastq/SRR351/045/SRR35194445/SRR35194445_2.fastq.gz	208505477;218035010	2025-08-31	
SRR35645209	SAMN51959227	SRS26716158	PRJNA1335287	SRX30697417	2148	Acholeplasma laidlawii	ILLUMINA	Illumina MiSeq	PAIRED	AMPLICON	METAGENOMIC	PCR	32772	9741647	ftp.sra.ebi.ac.uk/vol1/fastq/SRR356/009/SRR35645209/SRR35645209_1.fastq.gz;ftp.sra.ebi.ac.uk/vol1/fastq/SRR356/009/SRR35645209/SRR35645209_2.fastq.gz	1499528;1584412	2025-12-21	SUB15671244
SRR35645213	SAMN51959224	SRS26716154	PRJNA1335287	SRX30697413	2148	Acholeplasma laidlawii	ILLUMINA	Illumina MiSeq	PAIRED	AMPLICON	METAGENOMIC	PCR	22972	6571073	ftp.sra.ebi.ac.uk/vol1/fastq/SRR356/013/SRR35645213/SRR35645213_1.fastq.gz;ftp.sra.ebi.ac.uk/vol1/fastq/SRR356/013/SRR35645213/SRR35645213_2.fastq.gz	1104698;1406460	2025-12-21	SUB15671244
SRR35645228	SAMN51959216	SRS26716140	PRJNA1335287	SRX30697398	2148	Acholeplasma laidlawii	ILLUMINA	Illumina MiSeq	PAIRED	AMPLICON	METAGENOMIC	PCR	26645	7916201	ftp.sra.ebi.ac.uk/vol1/fastq/SRR356/028/SRR35645228/SRR35645228_1.fastq.gz;ftp.sra.ebi.ac.uk/vol1/fastq/SRR356/028/SRR35645228/SRR35645228_2.fastq.gz	1317159;1347635	2025-12-21	SUB15671244
SRR35645268	SAMN51959206	SRS26716100	PRJNA1335287	SRX30697358	2148	Acholeplasma laidlawii	ILLUMINA	Illumina MiSeq	PAIRED	AMPLICON	METAGENOMIC	PCR	26973	8061908	ftp.sra.ebi.ac.uk/vol1/fastq/SRR356/068/SRR35645268/SRR35645268_1.fastq.gz;ftp.sra.ebi.ac.uk/vol1/fastq/SRR356/068/SRR35645268/SRR35645268_2.fastq.gz	1149055;1237061	2025-12-21	SUB15671244
SRR3112444	SAMN04432554	SRS1257176	PRJNA309393	SRX1540587	871300	Candidatus Mycoplasma aoti	ILLUMINA	Illumina HiSeq 2500	SINGLE	WGA	METAGENOMIC	unspecified	48154551	9630910200	ftp.sra.ebi.ac.uk/vol1/fastq/SRR311/004/SRR3112444/SRR3112444_1.fastq.gz;ftp.sra.ebi.ac.uk/vol1/fastq/SRR311/004/SRR3112444/SRR3112444_2.fastq.gz	3759550305;3775568693	2017-01-21	
SRR5947259	SAMN07501415	SRS2441299	PRJNA368248	SRX3105870	2012785	Mollicutes bacterium JGI 000170CP_C05	ILLUMINA	NextSeq 500	PAIRED	WGA	GENOMIC	other	15912205	4805485910	ftp.sra.ebi.ac.uk/vol1/fastq/SRR594/009/SRR5947259/SRR5947259_1.fastq.gz;ftp.sra.ebi.ac.uk/vol1/fastq/SRR594/009/SRR5947259/SRR5947259_2.fastq.gz	1336630377;1385609148	2017-11-09	
SRR5997379	SAMN07573570	SRS2484838	PRJNA400791	SRX3152984	216427	Mesoplasma chauliocola	OXFORD_NANOPORE	MinION	SINGLE	WGS	GENOMIC	RANDOM	13792	35819862			2017-11-09	SUB3002246
SRR5997380	SAMN07573570	SRS2484838	PRJNA400791	SRX3152983	216427	Mesoplasma chauliocola	ILLUMINA	Illumina MiSeq	PAIRED	WGS	GENOMIC	RANDOM	470543	282325800	ftp.sra.ebi.ac.uk/vol1/fastq/SRR599/000/SRR5997380/SRR5997380_1.fastq.gz;ftp.sra.ebi.ac.uk/vol1/fastq/SRR599/000/SRR5997380/SRR5997380_2.fastq.gz	66822951;79686401	2017-11-09	SUB3002246
SRR6224382	SAMN07838951	SRS2635452	PRJNA415956	SRX3333021	2149	Mesoplasma entomophilum	OXFORD_NANOPORE	MinION	SINGLE	WGS	GENOMIC	RANDOM	25000	179981007	ftp.sra.ebi.ac.uk/vol1/fastq/SRR622/002/SRR6224382/SRR6224382_1.fastq.gz	177670972	2017-11-03	SUB3163844
SRR6326389	SAMN08102256	SRS2716714	PRJNA274591	SRX3426031	1609976	Spiroplasma sp. hyd1	ILLUMINA	Illumina HiSeq 2500	PAIRED	WGS	METAGENOMIC	RANDOM	42896956	8176998700	ftp.sra.ebi.ac.uk/vol1/fastq/SRR632/009/SRR6326389/SRR6326389.fastq.gz;ftp.sra.ebi.ac.uk/vol1/fastq/SRR632/009/SRR6326389/SRR6326389_1.fastq.gz;ftp.sra.ebi.ac.uk/vol1/fastq/SRR632/009/SRR6326389/SRR6326389_2.fastq.gz	377013650;3112147702;3107569706	2020-10-25	Texas A&M University
SRR6364636	SAMN08158127	SRS2748660	PRJNA421837	SRX3460344	225999	Mesoplasma syrphidae	ILLUMINA	Illumina MiSeq	PAIRED	WGA	GENOMIC	RANDOM	2408701	363236897	ftp.sra.ebi.ac.uk/vol1/fastq/SRR636/006/SRR6364636/SRR6364636_1.fastq.gz;ftp.sra.ebi.ac.uk/vol1/fastq/SRR636/006/SRR6364636/SRR6364636_2.fastq.gz	103077954;112967068	2017-12-11	SUB3319684
SRR6426917	SAMN08201030	SRS2796099	PRJNA422968	SRX3519159	198422	Candidatus Phytoplasma phoenicium	ILLUMINA	Illumina MiSeq	PAIRED	WGS	GENOMIC	PCR	1680105	1009810635	ftp.sra.ebi.ac.uk/vol1/fastq/SRR642/007/SRR6426917/SRR6426917_1.fastq.gz;ftp.sra.ebi.ac.uk/vol1/fastq/SRR642/007/SRR6426917/SRR6426917_2.fastq.gz	379432494;437539089	2018-02-21	SUB3350781
SRR6486019	SAMN08018110	SRS2845760	PRJNA417962	SRX3575878	2053494	Acholeplasmatales bacterium	ILLUMINA	Illumina HiSeq 2000	PAIRED	WGS	METAGENOMIC	RANDOM	655115	128098254	ftp.sra.ebi.ac.uk/vol1/fastq/SRR648/009/SRR6486019/SRR6486019.fastq.gz;ftp.sra.ebi.ac.uk/vol1/fastq/SRR648/009/SRR6486019/SRR6486019_1.fastq.gz;ftp.sra.ebi.ac.uk/vol1/fastq/SRR648/009/SRR6486019/SRR6486019_2.fastq.gz	1231299;30814473;30128614	2018-02-24	SUB3441443
SRR6487879	SAMN08019407	SRS2847645	PRJNA417962	SRX3577916	1898209	Acholeplasmataceae bacterium	ILLUMINA	Illumina HiSeq 2000	PAIRED	WGS	METAGENOMIC	RANDOM	40023	10586206	ftp.sra.ebi.ac.uk/vol1/fastq/SRR648/009/SRR6487879/SRR6487879.fastq.gz;ftp.sra.ebi.ac.uk/vol1/fastq/SRR648/009/SRR6487879/SRR6487879_1.fastq.gz;ftp.sra.ebi.ac.uk/vol1/fastq/SRR648/009/SRR6487879/SRR6487879_2.fastq.gz	932542;2955517;3022706	2018-02-24	SUB3523617
SRR6488249	SAMN08018367	SRS2847765	PRJNA417962	SRX3578036	1898209	Acholeplasmataceae bacterium	ILLUMINA	Illumina HiSeq 2000	PAIRED	WGS	METAGENOMIC	RANDOM	158513	44201611	ftp.sra.ebi.ac.uk/vol1/fastq/SRR648/009/SRR6488249/SRR6488249.fastq.gz;ftp.sra.ebi.ac.uk/vol1/fastq/SRR648/009/SRR6488249/SRR6488249_1.fastq.gz;ftp.sra.ebi.ac.uk/vol1/fastq/SRR648/009/SRR6488249/SRR6488249_2.fastq.gz	2087478;10578292;10826748	2018-02-24	SUB3523617
SRR7081816	SAMN08769264	SRS3233152	PRJNA439852	SRX4011575	2148	Acholeplasma laidlawii	ILLUMINA	Illumina HiSeq 2500	PAIRED	WGS	GENOMIC	RANDOM	5612449	1694959598	ftp.sra.ebi.ac.uk/vol1/fastq/SRR708/006/SRR7081816/SRR7081816_1.fastq.gz;ftp.sra.ebi.ac.uk/vol1/fastq/SRR708/006/SRR7081816/SRR7081816_2.fastq.gz	578085419;544345646	2018-05-01	
SRR7548027	SAMN09083457	SRS3567565	PRJNA464391	SRX4414238	469009	'Brassica napus' phytoplasma	ILLUMINA	Illumina MiSeq	PAIRED	WGS	METAGENOMIC	RANDOM	1416858	593555885	ftp.sra.ebi.ac.uk/vol1/fastq/SRR754/007/SRR7548027/SRR7548027_1.fastq.gz;ftp.sra.ebi.ac.uk/vol1/fastq/SRR754/007/SRR7548027/SRR7548027_2.fastq.gz	156807458;192278870	2018-07-22	SUB4318351
SRR7601679	SAMN09532940	SRS3597719	PRJNA478906	SRX4466657	2283449	Mycoplasma sp. MF12	ILLUMINA	Illumina MiSeq	PAIRED	WGS	GENOMIC	RANDOM	204013	61611926	ftp.sra.ebi.ac.uk/vol1/fastq/SRR760/009/SRR7601679/SRR7601679_1.fastq.gz;ftp.sra.ebi.ac.uk/vol1/fastq/SRR760/009/SRR7601679/SRR7601679_2.fastq.gz	17610944;18443933	2019-10-01	SUB4330364
SRR8351625	SAMN10613663	SRS4171724	PRJNA510711	SRX5162587	40477	Mycoplasma mycoides subsp. capri	ILLUMINA	Illumina MiSeq	PAIRED	WGS	GENOMIC	RANDOM	397772	116637033	ftp.sra.ebi.ac.uk/vol1/fastq/SRR835/005/SRR8351625/SRR8351625_1.fastq.gz;ftp.sra.ebi.ac.uk/vol1/fastq/SRR835/005/SRR8351625/SRR8351625_2.fastq.gz	35042879;39098345	2019-11-01	SUB4642144
SRR8351628	SAMN10613668	SRS4171721	PRJNA510711	SRX5162584	40477	Mycoplasma mycoides subsp. capri	ILLUMINA	Illumina MiSeq	PAIRED	WGS	GENOMIC	RANDOM	571239	170407350	ftp.sra.ebi.ac.uk/vol1/fastq/SRR835/008/SRR8351628/SRR8351628_1.fastq.gz;ftp.sra.ebi.ac.uk/vol1/fastq/SRR835/008/SRR8351628/SRR8351628_2.fastq.gz	49865962;54988692	2019-11-01	SUB4642144
SRR8351630	SAMN10613670	SRS4171719	PRJNA510711	SRX5162582	40477	Mycoplasma mycoides subsp. capri	ILLUMINA	Illumina MiSeq	PAIRED	WGS	GENOMIC	RANDOM	226585	67089127	ftp.sra.ebi.ac.uk/vol1/fastq/SRR835/000/SRR8351630/SRR8351630_1.fastq.gz;ftp.sra.ebi.ac.uk/vol1/fastq/SRR835/000/SRR8351630/SRR8351630_2.fastq.gz	20516050;23249513	2019-11-01	SUB4642144
SRR8351633	SAMN10613671	SRS4171715	PRJNA510711	SRX5162579	40477	Mycoplasma mycoides subsp. capri	ILLUMINA	Illumina MiSeq	PAIRED	WGS	GENOMIC	RANDOM	460590	133574102	ftp.sra.ebi.ac.uk/vol1/fastq/SRR835/003/SRR8351633/SRR8351633_1.fastq.gz;ftp.sra.ebi.ac.uk/vol1/fastq/SRR835/003/SRR8351633/SRR8351633_2.fastq.gz	40350206;44400967	2019-11-01	SUB4642144
SRR8884969	SAMN11399180	SRS4613592	PRJNA532425	SRX5670733	2138	Spiroplasma poulsonii	ILLUMINA	Illumina HiSeq 2500	SINGLE	RNA-Seq	TRANSCRIPTOMIC	cDNA	21831994	2205031394	ftp.sra.ebi.ac.uk/vol1/fastq/SRR888/009/SRR8884969/SRR8884969.fastq.gz	658160149	2020-05-07	GEO
SRR8884971	SAMN11399178	SRS4613594	PRJNA532425	SRX5670735	2138	Spiroplasma poulsonii	ILLUMINA	Illumina HiSeq 2500	SINGLE	RNA-Seq	TRANSCRIPTOMIC	cDNA	18285391	1846824491	ftp.sra.ebi.ac.uk/vol1/fastq/SRR888/001/SRR8884971/SRR8884971.fastq.gz	545041499	2020-05-07	GEO
SRR9399841	SAMN12110548	SRS5003324		SRX6165729	2151	Mesoplasma florum	CAPILLARY	AB 310 Genetic Analyzer	SINGLE	FINISHING	GENOMIC	unspecified	4064	3254691	ftp.sra.ebi.ac.uk/vol1/fastq/SRR939/001/SRR9399841/SRR9399841.fastq.gz	2420968	2020-02-10	BI
SRR9399846	SAMN12110548	SRS5003324		SRX6165734	2151	Mesoplasma florum	CAPILLARY	AB 310 Genetic Analyzer	SINGLE	WGS	GENOMIC	unspecified	7680	5820490	ftp.sra.ebi.ac.uk/vol1/fastq/SRR939/006/SRR9399846/SRR9399846.fastq.gz	4797291	2020-02-05	BI
SRR9418314	SAMN12111336	SRS5004413	PRJNA19245	SRX6184160	436113	Mycoplasma mycoides subsp. capri str. GM12	CAPILLARY	AB 310 Genetic Analyzer	SINGLE	WGA	GENOMIC	unspecified	1311	1414660	ftp.sra.ebi.ac.uk/vol1/fastq/SRR941/004/SRR9418314/SRR9418314.fastq.gz	1177803	2020-12-06	JCVI
SRR9494887	SAMN12121533	SRS5013984		SRX6260733	340047	Mycoplasma capricolum subsp. capricolum ATCC 27343	CAPILLARY	AB 310 Genetic Analyzer	SINGLE	WGA	GENOMIC	unspecified	3939	3926107	ftp.sra.ebi.ac.uk/vol1/fastq/SRR949/007/SRR9494887/SRR9494887.fastq.gz	3241368	2020-02-10	TIGR
SRR9665355	SAMN12242012	SRS5081750	PRJNA553666	SRX6426231	519450	Mycoplasma anserisalpingitidis	ILLUMINA	NextSeq 500	PAIRED	WGS	GENOMIC	other	3237033	842755670	ftp.sra.ebi.ac.uk/vol1/fastq/SRR966/005/SRR9665355/SRR9665355_1.fastq.gz;ftp.sra.ebi.ac.uk/vol1/fastq/SRR966/005/SRR9665355/SRR9665355_2.fastq.gz	149416703;172368740	2019-07-11	SUB5937347
SRR9961683	SAMN12567574	SRS5263103	PRJNA559976	SRX6709216	2148	Acholeplasma laidlawii	ILLUMINA	Illumina HiSeq 2500	SINGLE	RNA-Seq	TRANSCRIPTOMIC	RANDOM PCR	3711101	222666060	ftp.sra.ebi.ac.uk/vol1/fastq/SRR996/003/SRR9961683/SRR9961683.fastq.gz	148366621	2019-08-15	SUB6175190
SRR9994500	SAMN12559111	SRS5285236	PRJNA253643	SRX6733691	216932	Spiroplasma chinense	ILLUMINA	Illumina MiSeq	PAIRED	WGS	GENOMIC	RANDOM	1310627	783929725	ftp.sra.ebi.ac.uk/vol1/fastq/SRR999/000/SRR9994500/SRR9994500_1.fastq.gz;ftp.sra.ebi.ac.uk/vol1/fastq/SRR999/000/SRR9994500/SRR9994500_2.fastq.gz	211187863;252937395	2019-08-20	SUB6190290
SRR891986	SAMN02194433	SRS438649	PRJNA185235	SRX298651	1278311	Haploplasma axanthum ATCC 25176	ILLUMINA	Illumina HiSeq 2000	PAIRED	WGS	GENOMIC	RANDOM	10924601	3277380300	ftp.sra.ebi.ac.uk/vol1/fastq/SRR891/SRR891986/SRR891986_1.fastq.gz;ftp.sra.ebi.ac.uk/vol1/fastq/SRR891/SRR891986/SRR891986_2.fastq.gz	1283538183;1309803972	2013-06-20	JGI
ERR3283448	SAMEA5073050	ERS2884417	PRJEB21680	ERX3309992	2090	Anaeroplasma intermedium	ILLUMINA	HiSeq X Ten	PAIRED	WGS	GENOMIC	RANDOM	2874784	434092384	ftp.sra.ebi.ac.uk/vol1/fastq/ERR328/008/ERR3283448/ERR3283448_1.fastq.gz;ftp.sra.ebi.ac.uk/vol1/fastq/ERR328/008/ERR3283448/ERR3283448_2.fastq.gz	62482538;76379953	2019-04-16	Wellcome Sanger Institute;SC
ERR3283460	SAMEA5073059	ERS2884426	PRJEB21680	ERX3310004	2102	Mycoplasma mycoides	ILLUMINA	HiSeq X Ten	PAIRED	WGS	GENOMIC	RANDOM	2517252	380105052	ftp.sra.ebi.ac.uk/vol1/fastq/ERR328/000/ERR3283460/ERR3283460_1.fastq.gz;ftp.sra.ebi.ac.uk/vol1/fastq/ERR328/000/ERR3283460/ERR3283460_2.fastq.gz	56776759;68555527	2019-04-16	Wellcome Sanger Institute;SC
ERR3283490	SAMEA5073085	ERS2884452	PRJEB21680	ERX3310034	2133	Spiroplasma citri	ILLUMINA	HiSeq X Ten	PAIRED	WGS	GENOMIC	RANDOM	2586032	390490832	ftp.sra.ebi.ac.uk/vol1/fastq/ERR328/000/ERR3283490/ERR3283490_1.fastq.gz;ftp.sra.ebi.ac.uk/vol1/fastq/ERR328/000/ERR3283490/ERR3283490_2.fastq.gz	59994189;74637544	2019-04-16	Wellcome Sanger Institute;SC
ERR3283500	SAMEA5073093	ERS2884460	PRJEB21680	ERX3310044	2143	Spiroplasma gladiatoris	ILLUMINA	HiSeq X Ten	PAIRED	WGS	GENOMIC	RANDOM	3371320	509069320	ftp.sra.ebi.ac.uk/vol1/fastq/ERR328/000/ERR3283500/ERR3283500_1.fastq.gz;ftp.sra.ebi.ac.uk/vol1/fastq/ERR328/000/ERR3283500/ERR3283500_2.fastq.gz	72492498;86250061	2019-04-16	Wellcome Sanger Institute;SC
ERR3283504	SAMEA5073106	ERS2884473	PRJEB21680	ERX3310048	2148	Acholeplasma laidlawii	ILLUMINA	HiSeq X Ten	PAIRED	WGS	GENOMIC	RANDOM	3213658	485262358	ftp.sra.ebi.ac.uk/vol1/fastq/ERR328/004/ERR3283504/ERR3283504_1.fastq.gz;ftp.sra.ebi.ac.uk/vol1/fastq/ERR328/004/ERR3283504/ERR3283504_2.fastq.gz	74939099;86919379	2019-04-16	Wellcome Sanger Institute;SC
DRR067161	SAMD00057673	DRS073757	PRJDB5103	DRX061099	262768	Onion yellows phytoplasma OY-M	ILLUMINA	Illumina MiSeq	SINGLE	OTHER	TRANSCRIPTOMIC	RACE	4138688	198810299	ftp.sra.ebi.ac.uk/vol1/fastq/DRR067/DRR067161/DRR067161.fastq.gz	116760172	2018-08-15	UT-GALS
DRR411757	SAMD00547685	DRS262271	PRJDB14468	DRX397358	2141	Spiroplasma ixodetis	OXFORD_NANOPORE	MinION	SINGLE	WGS	GENOMIC	RANDOM	25820	93586330	ftp.sra.ebi.ac.uk/vol1/fastq/DRR411/DRR411757/DRR411757_1.fastq.gz	89421939	2022-11-11	NARO
DRR531724	SAMD00747048	DRS391853	PRJDB17543	DRX515597	216933	Spiroplasma chrysopicola	DNBSEQ	DNBSEQ-G400	PAIRED	WGS	GENOMIC	PCR	2554908	766472400	ftp.sra.ebi.ac.uk/vol1/fastq/DRR531/DRR531724/DRR531724_1.fastq.gz;ftp.sra.ebi.ac.uk/vol1/fastq/DRR531/DRR531724/DRR531724_2.fastq.gz	216095025;252532704	2024-06-30	National Institute of Advanced Industrial Science and Technology
DRR531725	SAMD00747049	DRS391834	PRJDB17543	DRX515598	216933	Spiroplasma chrysopicola	DNBSEQ	DNBSEQ-G400	PAIRED	WGS	GENOMIC	PCR	2449186	734755800	ftp.sra.ebi.ac.uk/vol1/fastq/DRR531/DRR531725/DRR531725_1.fastq.gz;ftp.sra.ebi.ac.uk/vol1/fastq/DRR531/DRR531725/DRR531725_2.fastq.gz	208059083;242955880	2024-06-30	National Institute of Advanced Industrial Science and Technology
ERR119340	SAMEA1409143	ERS075473	PRJEB2281	ERX095612	273136	Mycoplasma amphoriforme	ILLUMINA	Illumina HiSeq 2000	PAIRED	WGS	GENOMIC	RANDOM	3555870	533380500	ftp.sra.ebi.ac.uk/vol1/fastq/ERR119/ERR119340/ERR119340_1.fastq.gz;ftp.sra.ebi.ac.uk/vol1/fastq/ERR119/ERR119340/ERR119340_2.fastq.gz	270232090;261491677	2012-04-30	Wellcome Sanger Institute;SC
ERR119341	SAMEA1409139	ERS075474	PRJEB2281	ERX095613	273136	Mycoplasma amphoriforme	ILLUMINA	Illumina HiSeq 2000	PAIRED	WGS	GENOMIC	RANDOM	2779488	416923200	ftp.sra.ebi.ac.uk/vol1/fastq/ERR119/ERR119341/ERR119341_1.fastq.gz;ftp.sra.ebi.ac.uk/vol1/fastq/ERR119/ERR119341/ERR119341_2.fastq.gz	215051456;209677956	2012-04-30	Wellcome Sanger Institute;SC
ERR119342	SAMEA1409133	ERS075475	PRJEB2281	ERX095614	273136	Mycoplasma amphoriforme	ILLUMINA	Illumina HiSeq 2000	PAIRED	WGS	GENOMIC	RANDOM	3512725	526908750	ftp.sra.ebi.ac.uk/vol1/fastq/ERR119/ERR119342/ERR119342_1.fastq.gz;ftp.sra.ebi.ac.uk/vol1/fastq/ERR119/ERR119342/ERR119342_2.fastq.gz	269020590;261382598	2012-04-30	Wellcome Sanger Institute;SC
ERR119343	SAMEA1409150	ERS075476	PRJEB2281	ERX095615	273136	Mycoplasma amphoriforme	ILLUMINA	Illumina HiSeq 2000	PAIRED	WGS	GENOMIC	RANDOM	2766787	415018050	ftp.sra.ebi.ac.uk/vol1/fastq/ERR119/ERR119343/ERR119343_1.fastq.gz;ftp.sra.ebi.ac.uk/vol1/fastq/ERR119/ERR119343/ERR119343_2.fastq.gz	223253705;220857994	2012-04-30	Wellcome Sanger Institute;SC
ERR2193931	SAMEA104378695	ERS2003673	PRJEB23432	ERX2249954	862259	Mycoplasma mycoides subsp. capri LC str. 95010	ILLUMINA	Illumina HiSeq 2000	PAIRED	RNA-Seq	TRANSCRIPTOMIC	RANDOM	76337767	7633776700	ftp.sra.ebi.ac.uk/vol1/fastq/ERR219/001/ERR2193931/ERR2193931_1.fastq.gz;ftp.sra.ebi.ac.uk/vol1/fastq/ERR219/001/ERR2193931/ERR2193931_2.fastq.gz	2110341187;2309107448	2018-11-16	European Bioinformatics Institute;Centre for Genomic Regulation
ERR2193932	SAMEA104378696	ERS2003674	PRJEB23432	ERX2249955	862259	Mycoplasma mycoides subsp. capri LC str. 95010	ILLUMINA	Illumina HiSeq 2000	PAIRED	RNA-Seq	TRANSCRIPTOMIC	RANDOM	72306153	7230615300	ftp.sra.ebi.ac.uk/vol1/fastq/ERR219/002/ERR2193932/ERR2193932_1.fastq.gz;ftp.sra.ebi.ac.uk/vol1/fastq/ERR219/002/ERR2193932/ERR2193932_2.fastq.gz	2016186134;2259598909	2018-11-16	European Bioinformatics Institute;Centre for Genomic Regulation
ERR2237849	SAMEA104224793	ERS1883811	PRJEB6403	ERX2290016	264635	Acholeplasma granularum	PACBIO_SMRT	PacBio RS	SINGLE	WGS	GENOMIC	RANDOM	0	0			2018-01-09	Wellcome Sanger Institute;SC
ERR2237852	SAMEA104224796	ERS1883814	PRJEB6403	ERX2290019	264636	Acholeplasma hippikon	PACBIO_SMRT	PacBio RS	SINGLE	WGS	GENOMIC	RANDOM	0	0			2018-01-09	Wellcome Sanger Institute;SC
ERR2532091	SAMEA3470209	ERS2402874	PRJEB6403	ERX2550520	292461	Mycoplasma iguanae	PACBIO_SMRT	PacBio RS	SINGLE	WGS	GENOMIC	RANDOM	0	0			2018-04-23	Wellcome Sanger Institute;SC
ERR3427664	SAMEA5767099	ERS3570648	PRJEB33432	ERX3451101	37692	Candidatus Phytoplasma mali	CAPILLARY	AB 3730 Genetic Analyzer	SINGLE	OTHER	GENOMIC	PCR	0	0			2019-09-08	Institute for Fruit Growing
ERR3938361	SAMEA6237245	ERS4036936	PRJEB35485	ERX3946209	1179777	Mycoplasma feriruminatoris	PACBIO_SMRT	Sequel	SINGLE	WGS	GENOMIC	RANDOM	113179	784044473	ftp.sra.ebi.ac.uk/vol1/fastq/ERR393/001/ERR3938361/ERR3938361_subreads.fastq.gz	239451985	2020-02-20	Swiss Institute of Bioinformatics;Switzerland;SIB
