accession,contig,category,start,end,length,identity,coverage,source,score,status,gc_delta
GCA_000309405.1,AKIN01000271.1,Adapter,340,360,394,1.0,0.0532994923857868,TruSeq_R2,4,technical_match,0.18105511917328893
GCA_000309405.1,AKIN01000150.1,Adapter,39,59,2609,1.0,0.008049060942889995,TruSeq_R2,4,technical_match,0.015689651466413934
GCA_000309465.1,AKIK01000046.1,Adapter,7,27,6404,1.0,0.003279200499687695,TruSeq_R2,4,technical_match,0.00454911937798913
GCA_000309485.1,AKIL01000150.1,Adapter,1110,1130,1131,1.0,0.01856763925729443,TruSeq_R2,4,technical_match,0.14565146005089386
GCA_000309485.1,AKIL01000133.1,Adapter,17068,17088,17092,1.0,0.0012286449801076527,TruSeq_R2,4,technical_match,0.035404692311610975
GCA_000309485.1,AKIL01000095.1,Adapter,2852,2872,2876,1.0,0.007301808066759388,TruSeq_R2,4,technical_match,0.005919491221999251
GCA_000309485.1,AKIL01000091.1,Adapter,3896,3916,3917,1.0,0.005361245851416901,TruSeq_R2,4,technical_match,0.007517496848484517
GCA_000309485.1,AKIL01000090.1,Adapter,3535,3555,3559,1.0,0.005900533857825232,TruSeq_R2,4,technical_match,0.021538769816375536
GCA_000309485.1,AKIL01000079.1,Adapter,5,25,9586,1.0,0.002190694763196328,TruSeq_R2,4,technical_match,0.027303942233198958
GCA_000309485.1,AKIL01000056.1,Adapter,3421,3441,3445,1.0,0.006095791001451379,TruSeq_R2,4,technical_match,0.06330037752813955
GCA_001604505.1,LVBS01000005.1,Adapter,2,20,1527,1.0,0.012442698100851343,Nextera,4,technical_match,0.004003692450805563
GCA_001604505.1,LVBS01000025.1,Adapter,8318,8336,8338,1.0,0.0022787239146078195,Nextera,4,technical_match,0.02443091725206814
GCA_001604505.1,LVBS01000057.1,Adapter,1,19,1610,1.0,0.011801242236024845,Nextera,4,technical_match,0.04394808243357379
GCA_001604505.1,LVBS01000066.1,Adapter,2,20,5356,1.0,0.003547423450336072,Nextera,4,technical_match,0.02601745224280938
GCA_001604505.1,LVBS01000081.1,Adapter,2321,2339,2339,1.0,0.008123129542539546,Nextera,4,technical_match,0.01648346013652585
GCA_001604505.1,LVBS01000083.1,Adapter,2,20,4165,1.0,0.004561824729891957,Nextera,4,technical_match,0.005835309183942816
GCA_001604505.1,LVBS01000092.1,Adapter,2,20,2514,1.0,0.007557677008750994,Nextera,4,technical_match,0.022748231870917346
GCA_001604505.1,LVBS01000173.1,Adapter,2,20,2662,1.0,0.007137490608564989,Nextera,4,technical_match,0.005829822683980912
GCA_001604505.1,LVBS01000182.1,Adapter,1563,1581,1589,1.0,0.01195720578980491,Nextera,4,technical_match,0.013773239081178223
GCA_001604505.1,LVBS01000203.1,Adapter,16,34,1601,1.0,0.011867582760774516,Nextera,4,technical_match,0.019513043773729977
GCA_001604505.1,LVBS01000223.1,Adapter,2,20,1498,1.0,0.012683578104138851,Nextera,4,technical_match,0.008085773267729468
GCA_004195325.1,SDWO01000001.1,Adapter,1,19,1966,1.0,0.009664292980671414,Nextera,4,technical_match,0.02102486290152017
GCA_004195325.1,SDWO01000068.1,Adapter,1,19,9109,1.0,0.0020858491601712594,Nextera,4,technical_match,0.0029683773256058976
GCA_004195325.1,SDWO01000091.1,Adapter,13,31,9081,1.0,0.002092280585838564,Nextera,4,technical_match,0.00826527290907697
GCA_004195325.1,SDWO01000148.1,Adapter,1,19,8985,1.0,0.00211463550361714,Nextera,4,technical_match,0.011492653859488222
GCA_004195325.1,SDWO01000129.1,Adapter,1,19,8767,1.0,0.002167217976502795,Nextera,4,technical_match,3.765989244464141e-05
GCA_004195325.1,SDWO01000054.1,Adapter,26291,26309,26309,1.0,0.0007221863240716105,Nextera,4,technical_match,5.917291400303615e-05
GCA_004195325.1,SDWO01000123.1,Adapter,8536,8554,8554,1.0,0.002221183072246902,Nextera,4,technical_match,0.007832915972492138
GCA_004195325.1,SDWO01000023.1,Adapter,1,19,8328,1.0,0.002281460134486071,Nextera,4,technical_match,0.033802250866347194
GCA_004195325.1,SDWO01000178.1,Adapter,1,19,8234,1.0,0.002307505465144523,Nextera,4,technical_match,0.007208072467323634
GCA_004195325.1,SDWO01000178.1,Adapter,8216,8234,8234,1.0,0.002307505465144523,Nextera,4,technical_match,0.007208072467323634
GCA_004195325.1,SDWO01000070.1,Adapter,11237,11255,11255,1.0,0.0016881386050644157,Nextera,4,technical_match,0.002003950753511341
GCA_004195325.1,SDWO01000120.1,Adapter,8202,8220,8220,1.0,0.0023114355231143554,Nextera,4,technical_match,0.008167850874679472
GCA_004195325.1,SDWO01000043.1,Adapter,24833,24851,24851,1.0,0.0007645567582793449,Nextera,4,technical_match,0.003265425607434591
GCA_004195325.1,SDWO01000180.1,Adapter,7943,7961,7978,1.0,0.0023815492604662824,Nextera,4,technical_match,0.005167971054116205
GCA_004195325.1,SDWO01000164.1,Adapter,1,19,7869,1.0,0.0024145380607446944,Nextera,4,technical_match,0.0009231678414690081
GCA_004195325.1,SDWO01000060.1,Adapter,7748,7766,7766,1.0,0.0024465619366469227,Nextera,4,technical_match,0.00749722610633391
GCA_004195325.1,SDWO01000117.1,Adapter,7596,7614,7614,1.0,0.0024954032046230626,Nextera,4,technical_match,0.0037383764169596767
GCA_004195325.1,SDWO01000079.1,Adapter,1,19,7597,1.0,0.0025009872318020273,Nextera,4,technical_match,0.0038158960916574447
GCA_004195325.1,SDWO01000150.1,Adapter,1,19,7605,1.0,0.0024983563445101905,Nextera,4,technical_match,0.015065999310321765
GCA_004195325.1,SDWO01000165.1,Adapter,7343,7361,7361,1.0,0.0025811710365439477,Nextera,4,technical_match,0.008464224993040559
GCA_004195325.1,SDWO01000039.1,Adapter,21973,21991,21991,1.0,0.0008639898140148242,Nextera,4,technical_match,0.0015644207104337227
GCA_004195325.1,SDWO01000190.1,Adapter,1,19,6576,1.0,0.002889294403892944,Nextera,4,technical_match,0.010414874186147782
GCA_004195325.1,SDWO01000166.1,Adapter,6219,6237,6237,1.0,0.003046336379669713,Nextera,4,technical_match,0.018557284852889377
GCA_004195325.1,SDWO01000061.1,Adapter,6220,6238,6238,1.0,0.0030458480282141713,Nextera,4,technical_match,0.004017725480584433
GCA_004195325.1,SDWO01000059.1,Adapter,6215,6233,6233,1.0,0.0030482913524787422,Nextera,4,technical_match,0.01387111213634068
GCA_004195325.1,SDWO01000073.1,Adapter,44424,44442,44442,1.0,0.0004275235137932586,Nextera,4,technical_match,0.001971831261483925
GCA_004195325.1,SDWO01000105.1,Adapter,1,19,5715,1.0,0.0033245844269466315,Nextera,4,technical_match,0.008974896792810994
GCA_004195325.1,SDWO01000105.1,Adapter,5697,5715,5715,1.0,0.0033245844269466315,Nextera,4,technical_match,0.008974896792810994
GCA_004195325.1,SDWO01000176.1,Adapter,1,19,29348,1.0,0.0006474035709418018,Nextera,4,technical_match,0.004517337047319714
GCA_004195325.1,SDWO01000082.1,Adapter,5388,5406,5406,1.0,0.003514613392526822,Nextera,4,technical_match,0.00218855239313287
GCA_004195325.1,SDWO01000109.1,Adapter,1,19,5370,1.0,0.003538175046554935,Nextera,4,technical_match,0.015199328236087328
GCA_004195325.1,SDWO01000133.1,Adapter,22703,22721,22721,1.0,0.0008362307997007174,Nextera,4,technical_match,0.010456269431186771
GCA_004195325.1,SDWO01000034.1,Adapter,1,19,38079,1.0,0.0004989626828435621,Nextera,4,technical_match,0.005640718940166822
GCA_004195325.1,SDWO01000034.1,Adapter,38061,38079,38079,1.0,0.0004989626828435621,Nextera,4,technical_match,0.005640718940166822
GCA_004195325.1,SDWO01000158.1,Adapter,5128,5146,5146,1.0,0.003692188107267781,Nextera,4,technical_match,0.0054869128536998435
GCA_004195325.1,SDWO01000026.1,Adapter,23825,23843,23843,1.0,0.0007968795873002559,Nextera,4,technical_match,0.001824489349013747
GCA_004195325.1,SDWO01000157.1,Adapter,1,19,20059,1.0,0.000947205743057979,Nextera,4,technical_match,0.003058737843280257
GCA_004195325.1,SDWO01000151.1,Adapter,1,19,16264,1.0,0.0011682242990654205,Nextera,4,technical_match,0.004197135368129268
GCA_004195325.1,SDWO01000151.1,Adapter,16246,16264,16264,1.0,0.0011682242990654205,Nextera,4,technical_match,0.004197135368129268
GCA_004195325.1,SDWO01000019.1,Adapter,1,19,4422,1.0,0.004296698326549073,Nextera,4,technical_match,0.0421789552407289
GCA_004195325.1,SDWO01000019.1,Adapter,4404,4422,4422,1.0,0.004296698326549073,Nextera,4,technical_match,0.0421789552407289
GCA_004195325.1,SDWO01000025.1,Adapter,1,19,58785,1.0,0.00032321170366590116,Nextera,4,technical_match,5.784352449506036e-05
GCA_004195325.1,SDWO01000036.1,Adapter,1,19,4942,1.0,0.0038445973290165926,Nextera,4,technical_match,0.002225615711431983
GCA_004195325.1,SDWO01000134.1,Adapter,4263,4281,4281,1.0,0.004438215370240598,Nextera,4,technical_match,0.0245934420219594
GCA_004195325.1,SDWO01000185.1,Adapter,14986,15004,15004,1.0,0.0012663289789389496,Nextera,4,technical_match,0.008792858577410467
GCA_004195325.1,SDWO01000181.1,Adapter,7515,7533,7533,1.0,0.0025222354971458916,Nextera,4,technical_match,0.004051461770194165
GCA_004195325.1,SDWO01000075.1,Adapter,1,19,4207,1.0,0.004516282386498692,Nextera,4,technical_match,0.0029602169752059315
GCA_004195325.1,SDWO01000099.1,Adapter,4149,4167,4167,1.0,0.004559635229181665,Nextera,4,technical_match,0.011450667235112622
GCA_004195325.1,SDWO01000111.1,Adapter,13,31,4166,1.0,0.004560729716754681,Nextera,4,technical_match,0.040711919239486416
GCA_004195325.1,SDWO01000018.1,Adapter,1,19,6228,1.0,0.0030507385998715477,Nextera,4,technical_match,0.03899401290040738
GCA_004195325.1,SDWO01000018.1,Adapter,6210,6228,6228,1.0,0.0030507385998715477,Nextera,4,technical_match,0.03899401290040738
GCA_004195325.1,SDWO01000048.1,Adapter,18090,18108,18108,1.0,0.0010492599955820633,Nextera,4,technical_match,0.0034354182199992644
GCA_004195325.1,SDWO01000053.1,Adapter,1,19,18919,1.0,0.0010042814102225277,Nextera,4,technical_match,0.04144252717750918
GCA_004195325.1,SDWO01000167.1,Adapter,1,19,34889,1.0,0.000544584252916392,Nextera,4,technical_match,0.009627675695892401
GCA_004195325.1,SDWO01000167.1,Adapter,34871,34889,34889,1.0,0.000544584252916392,Nextera,4,technical_match,0.009627675695892401
GCA_004195325.1,SDWO01000124.1,Adapter,3935,3953,3953,1.0,0.004806476094105743,Nextera,4,technical_match,0.01035498522642686
GCA_004195325.1,SDWO01000187.1,Adapter,3852,3870,3870,1.0,0.0049095607235142115,Nextera,4,technical_match,0.027762664600904763
GCA_004195325.1,SDWO01000093.1,Adapter,13771,13789,13789,1.0,0.0013779099282036405,Nextera,4,technical_match,0.00923323349049826
GCA_004195325.1,SDWO01000114.1,Adapter,1,19,3647,1.0,0.005209761447765287,Nextera,4,technical_match,0.0008482994919144504
GCA_004195325.1,SDWO01000114.1,Adapter,3629,3647,3647,1.0,0.005209761447765287,Nextera,4,technical_match,0.0008482994919144504
GCA_004195325.1,SDWO01000052.1,Adapter,1,19,3563,1.0,0.005332584900364861,Nextera,4,technical_match,0.0011338101492731067
GCA_004195325.1,SDWO01000052.1,Adapter,3545,3563,3563,1.0,0.005332584900364861,Nextera,4,technical_match,0.0011338101492731067
GCA_004195325.1,SDWO01000144.1,Adapter,1,19,13514,1.0,0.0014059493858221105,Nextera,4,technical_match,0.010515090164747276
GCA_004195325.1,SDWO01000016.1,Adapter,3543,3561,3561,1.0,0.0053355798932884025,Nextera,4,technical_match,0.03800018607057293
GCA_004195325.1,SDWO01000049.1,Adapter,1,19,3563,1.0,0.005332584900364861,Nextera,4,technical_match,0.003356787661560501
GCA_004195325.1,SDWO01000081.1,Adapter,13914,13932,13932,1.0,0.0013637668676428367,Nextera,4,technical_match,0.010537651218790911
GCA_004195325.1,SDWO01000066.1,Adapter,3342,3360,3360,1.0,0.005654761904761905,Nextera,4,technical_match,0.0039164605375227035
GCA_004195325.1,SDWO01000159.1,Adapter,12970,12988,12988,1.0,0.0014628888204496458,Nextera,4,technical_match,0.001896555716955739
GCA_004195325.1,SDWO01000143.1,Adapter,1,19,3350,1.0,0.005671641791044776,Nextera,4,technical_match,0.0024976616746939517
GCA_004195325.1,SDWO01000050.1,Adapter,3279,3297,3297,1.0,0.005762814680012132,Nextera,4,technical_match,0.000494746620499753
GCA_004195325.1,SDWO01000035.1,Adapter,1,19,3239,1.0,0.005866008027168879,Nextera,4,technical_match,0.025941832733475112
GCA_004195325.1,SDWO01000087.1,Adapter,1,19,3197,1.0,0.0059430716296528,Nextera,4,technical_match,0.0017368118756027062
GCA_004195325.1,SDWO01000087.1,Adapter,3179,3197,3197,1.0,0.0059430716296528,Nextera,4,technical_match,0.0017368118756027062
GCA_004195325.1,SDWO01000126.1,Adapter,1,19,3129,1.0,0.006072227548737616,Nextera,4,technical_match,0.014937406512653073
GCA_004195325.1,SDWO01000097.1,Adapter,1,19,12215,1.0,0.0015554645927138764,Nextera,4,technical_match,0.004797378807409436
GCA_004195325.1,SDWO01000097.1,Adapter,12197,12215,12215,1.0,0.0015554645927138764,Nextera,4,technical_match,0.004797378807409436
GCA_004195325.1,SDWO01000038.1,Adapter,1,19,11975,1.0,0.0015866388308977035,Nextera,4,technical_match,0.004794271145547202
GCA_004195325.1,SDWO01000098.1,Adapter,1,19,2913,1.0,0.006522485410230003,Nextera,4,technical_match,0.0022487517444276794
GCA_004195325.1,SDWO01000098.1,Adapter,2895,2913,2913,1.0,0.006522485410230003,Nextera,4,technical_match,0.0022487517444276794
GCA_004195325.1,SDWO01000064.1,Adapter,14,32,32589,1.0,0.0005830188100279236,Nextera,4,technical_match,0.002120112933806373
GCA_004195325.1,SDWO01000131.1,Adapter,1,19,11852,1.0,0.001603104961187985,Nextera,4,technical_match,0.0027037859638119888
GCA_004195325.1,SDWO01000013.1,Adapter,2805,2823,2823,1.0,0.006730428622033298,Nextera,4,technical_match,0.03173172275279662
GCA_004195325.1,SDWO01000179.1,Adapter,11442,11460,11460,1.0,0.0016579406631762653,Nextera,4,technical_match,0.002286793015207289
GCA_004195325.1,SDWO01000011.1,Adapter,1,19,2701,1.0,0.007034431691965938,Nextera,4,technical_match,0.052409192506282065
GCA_004195325.1,SDWO01000011.1,Adapter,2683,2701,2701,1.0,0.007034431691965938,Nextera,4,technical_match,0.052409192506282065
GCA_004195325.1,SDWO01000096.1,Adapter,1,19,2719,1.0,0.006987863184994484,Nextera,4,technical_match,0.032812400738506664
GCA_004195325.1,SDWO01000065.1,Adapter,7,25,11287,1.0,0.0016833525294586693,Nextera,4,technical_match,0.008036739941747584
GCA_004195325.1,SDWO01000065.1,Adapter,11269,11287,11287,1.0,0.0016833525294586693,Nextera,4,technical_match,0.008036739941747584
GCA_004195325.1,SDWO01000108.1,Adapter,2730,2748,2753,1.0,0.006901561932437341,Nextera,4,technical_match,0.0032242503079895624
GCA_004195325.1,SDWO01000142.1,Adapter,2,20,10943,1.0,0.0017362697614913642,Nextera,4,technical_match,0.006795241441998889
GCA_004195325.1,SDWO01000145.1,Adapter,10843,10861,10861,1.0,0.0017493785102660896,Nextera,4,technical_match,0.0071868043113687
GCA_004195325.1,SDWO01000010.1,Adapter,1,19,2470,1.0,0.007692307692307693,Nextera,4,technical_match,0.012007601852348226
GCA_004195325.1,SDWO01000010.1,Adapter,2452,2470,2470,1.0,0.007692307692307693,Nextera,4,technical_match,0.012007601852348226
GCA_004195325.1,SDWO01000088.1,Adapter,1,19,10650,1.0,0.001784037558685446,Nextera,4,technical_match,0.00012864341955309833
GCA_004195325.1,SDWO01000100.1,Adapter,1,19,2386,1.0,0.00796311818943839,Nextera,4,technical_match,0.008128753608487749
GCA_004195325.1,SDWO01000008.1,Adapter,1,19,2327,1.0,0.008165019338203695,Nextera,4,technical_match,0.03501024357772892
GCA_004195325.1,SDWO01000057.1,Adapter,1,19,2345,1.0,0.00810234541577825,Nextera,4,technical_match,0.03251299930611623
GCA_004195325.1,SDWO01000006.1,Adapter,2294,2312,2312,1.0,0.008217993079584774,Nextera,4,technical_match,0.023208065743577977
GCA_004195325.1,SDWO01000147.1,Adapter,2119,2137,2137,1.0,0.008890968647636874,Nextera,4,technical_match,0.03438487977232002
GCA_004195325.1,SDWO01000186.1,Adapter,9597,9615,9615,1.0,0.0019760790431617263,Nextera,4,technical_match,0.023126014018602425
GCA_004195325.1,SDWO01000067.1,Adapter,9514,9532,9532,1.0,0.0019932857742341586,Nextera,4,technical_match,0.0023847454253492217
GCA_004195325.1,SDWO01000106.1,Adapter,1,19,10254,1.0,0.0018529354398283597,Nextera,4,technical_match,0.018788879663160063
GCA_004195325.1,SDWO01000182.1,Adapter,1,19,27118,1.0,0.0007006416402389557,Nextera,4,technical_match,0.0014723582192592843
GCA_004195325.1,SDWO01000003.1,Adapter,1,19,2008,1.0,0.009462151394422311,Nextera,4,technical_match,0.03130571305127722
GCA_004195325.1,SDWO01000183.1,Adapter,9204,9222,9222,1.0,0.002060290609412275,Nextera,4,technical_match,0.007621747784192445
GCA_004195325.1,SDWO01000132.1,Adapter,9206,9224,9224,1.0,0.002059843885516045,Nextera,4,technical_match,0.009222752612028096
GCA_004195325.1,SDWO01000002.1,Adapter,1,19,2001,1.0,0.009495252373813094,Nextera,4,technical_match,0.0024450908296508866
GCA_005795965.1,VBWQ01000001.1,Adapter,4579,4597,4597,1.0,0.004133130302371111,Nextera,4,technical_match,0.0072317754764391895
GCA_005795965.1,VBWQ01000005.1,Adapter,6342,6360,6411,1.0,0.002963656215878958,Nextera,4,technical_match,0.012956009442240651
GCA_005795965.1,VBWQ01000007.1,Adapter,6843,6861,6919,1.0,0.0027460615695909813,Nextera,4,technical_match,0.008473654413490184
GCA_005795965.1,VBWQ01000015.1,Adapter,4643,4661,4662,1.0,0.004075504075504076,Nextera,4,technical_match,0.014761192350768365
GCA_005795965.1,VBWQ01000017.1,Adapter,3720,3738,3739,1.0,0.005081572612998127,Nextera,4,technical_match,0.009667916596888176
GCA_005795965.1,VBWQ01000023.1,Adapter,2870,2888,2889,1.0,0.006576670128071997,Nextera,4,technical_match,0.014337332074858877
GCA_005795965.1,VBWQ01000045.1,Adapter,4978,4996,4997,1.0,0.0038022813688212928,Nextera,4,technical_match,0.016075585133997927
GCA_005795965.1,VBWQ01000053.1,Adapter,3261,3279,3510,1.0,0.005413105413105413,Nextera,4,technical_match,0.01643813884856285
GCA_005795965.1,VBWQ01000053.1,Adapter,3393,3411,3510,1.0,0.005413105413105413,Nextera,4,technical_match,0.01643813884856285
GCA_005795965.1,VBWQ01000072.1,Adapter,5965,5983,5984,1.0,0.0031751336898395723,Nextera,4,technical_match,0.025341745210732985
GCA_005795965.1,VBWQ01000074.1,Adapter,4814,4832,4833,1.0,0.0039313056072832605,Nextera,4,technical_match,0.006644890507828488
GCA_005795965.1,VBWQ01000085.1,Adapter,4223,4241,4242,1.0,0.004479019330504479,Nextera,4,technical_match,0.0077336556202613205
GCA_005795965.1,VBWQ01000087.1,Adapter,4414,4432,4433,1.0,0.00428603654410106,Nextera,4,technical_match,0.039921152994599945
GCA_005795965.1,VBWQ01000092.1,Adapter,15,33,7960,1.0,0.0023869346733668344,Nextera,4,technical_match,0.009435173582538509
GCA_005795965.1,VBWQ01000092.1,Adapter,7869,7887,7960,1.0,0.0023869346733668344,Nextera,4,technical_match,0.009435173582538509
GCA_005795965.1,VBWQ01000109.1,Adapter,3341,3359,3359,1.0,0.0056564453706460256,Nextera,4,technical_match,0.009428607962878338
GCA_005795965.1,VBWQ01000111.1,Adapter,6011,6029,6038,1.0,0.003146737330241802,Nextera,4,technical_match,0.007054737050454202
GCA_005795965.1,VBWQ01000117.1,Adapter,2507,2525,2526,1.0,0.007521773555027712,Nextera,4,technical_match,0.017580446879231937
GCA_005795965.1,VBWQ01000122.1,Adapter,4122,4140,4154,1.0,0.0045739046701974,Nextera,4,technical_match,0.016999297763116095
GCA_005795965.1,VBWQ01000135.1,Adapter,6620,6638,6639,1.0,0.002861876788672993,Nextera,4,technical_match,0.017326471463720322
GCA_005795965.1,VBWQ01000143.1,Adapter,4205,4223,4224,1.0,0.004498106060606061,Nextera,4,technical_match,0.009285038437114451
GCA_017626915.1,JAGAHS010000081.1,Adapter,3,23,2166,1.0,0.009695290858725761,TruSeq,4,technical_match,0.028319743588148816
GCA_020035375.1,JAIQCA010000004.1,Adapter,209,227,36120,1.0,0.0005260243632336655,Nextera,4,technical_match,0.0042682122413626455
GCA_020035435.1,JAIQBY010000042.1,Adapter,21,39,5225,1.0,0.0036363636363636364,Nextera,4,technical_match,0.04365160259902234
GCA_023254895.1,JALRKH010000127.1,Adapter,4090,4110,4129,1.0,0.005085977234197142,TruSeq,4,technical_match,0.012859963693205856
GCA_023269015.1,JALRJX010000015.1,Adapter,16,36,3326,1.0,0.006313890559230307,TruSeq_R2,4,technical_match,0.017572296551905342
GCA_028439365.1,JAJHZQ010000027.1,Adapter,23,41,546,1.0,0.0347985347985348,Nextera,4,technical_match,0.3278499458881841
GCA_028439365.1,JAJHZQ010000026.1,Adapter,602,620,640,1.0,0.0296875,Nextera,4,technical_match,0.19269083416657234
GCA_028439375.1,JAJHZP010000024.1,Adapter,79,97,857,1.0,0.022170361726954493,Nextera,4,technical_match,0.3847085640949197
GCA_028439405.1,JAJHZM010000008.1,Adapter,73,91,1794,1.0,0.010590858416945374,Nextera,4,technical_match,0.1728089308178199
GCA_028439415.1,JAJHZO010000011.1,Adapter,43,61,585,1.0,0.03247863247863248,Nextera,4,technical_match,0.054641820778099315
GCA_028439415.1,JAJHZO010000024.1,Adapter,77,95,1566,1.0,0.012132822477650063,Nextera,4,technical_match,0.03035652752728879
GCA_028685975.1,JAQUCY010000044.1,Adapter,2,22,9061,1.0,0.002317624986204613,TruSeq_R2,4,technical_match,0.003994511984590776
GCA_029050625.1,JAIDMK010000103.1,Adapter,60,78,7139,1.0,0.0026614371760750807,Nextera,4,technical_match,0.005141882727631997
GCA_029050625.1,JAIDMK010000290.1,Adapter,1,19,1609,1.0,0.011808576755748913,Nextera,4,technical_match,0.006074530546391399
GCA_031261045.1,JAISKE010000071.1,Adapter,18,38,3156,1.0,0.006653992395437262,TruSeq_R2,4,technical_match,0.008434114084859667
GCA_031279765.1,JAITHU010000013.1,Adapter,22402,22422,22425,1.0,0.0009364548494983278,TruSeq_R2,4,technical_match,0.0014816999493930672
GCA_031281575.1,JAITFD010000037.1,Adapter,10,30,8508,1.0,0.002468265162200282,TruSeq_R2,4,technical_match,0.000991046790301875
GCA_032885475.1,JAUZKU010000040.1,Adapter,1380,1400,1429,1.0,0.01469559132260322,TruSeq,4,technical_match,0.03230744936902022
GCA_032886195.1,JAUZKD010000368.1,Adapter,21,41,555,1.0,0.03783783783783784,TruSeq,4,technical_match,0.043721663340408334
GCA_032887755.1,JAUZHY010000082.1,Adapter,7,27,1083,1.0,0.019390581717451522,TruSeq,4,technical_match,0.22677725095126117
GCA_032887935.1,JAUZHP010000077.1,Adapter,450,470,501,1.0,0.041916167664670656,TruSeq,4,technical_match,0.10268921879367629
GCA_034005025.1,JAVEVN010000010.1,Adapter,14257,14277,14278,1.0,0.001470794228883597,TruSeq,4,technical_match,0.005246901872456189
GCA_041657025.1,JBBACJ010000084.1,Adapter,2,22,5027,1.0,0.0041774418142033025,TruSeq_R2,4,technical_match,0.02348686888826368
GCA_045594225.1,JAZNYD010000006.1,Adapter,4032,4051,4060,1.0,0.0049261083743842365,BGI,4,technical_match,0.0015235913829391712
GCA_045594225.1,JAZNYD010000140.1,Adapter,2613,2632,2640,1.0,0.007575757575757576,BGI,4,technical_match,0.0021094135431691807
GCA_045594225.1,JAZNYD010000176.1,Adapter,2815,2834,2843,1.0,0.007034822370735139,BGI,4,technical_match,0.00019682121112557516
GCA_045594225.1,JAZNYD010000269.1,Adapter,3714,3733,3759,1.0,0.005320563979781857,BGI,4,technical_match,0.009375308728058807
GCA_045594225.1,JAZNYD010000324.1,Adapter,3174,3193,3204,1.0,0.006242197253433208,BGI,4,technical_match,0.00015338296120037676
GCA_045594225.1,JAZNYD010000331.1,Adapter,7,26,1907,1.0,0.01048767697954903,BGI,4,technical_match,0.02102000609691851
GCA_045594405.1,JAZNYN010000003.1,Adapter,80,99,4499,1.0,0.004445432318292954,BGI,4,technical_match,0.004225211747315716
GCA_045594405.1,JAZNYN010000120.1,Adapter,15,34,19055,1.0,0.0010495932826029913,BGI,4,technical_match,0.012031442223093047
GCA_045594405.1,JAZNYN010000134.1,Adapter,2786,2805,2805,1.0,0.0071301247771836,BGI,4,technical_match,0.034482916073767356
GCA_045594405.1,JAZNYN010000186.1,Adapter,1712,1731,1827,1.0,0.010946907498631636,BGI,4,technical_match,0.009502307320339132
GCA_045594405.1,JAZNYN010000193.1,Adapter,10,29,7663,1.0,0.0026099438862064468,BGI,4,technical_match,0.0029846617354334914
GCA_045597825.1,JAZLKV010000353.1,Adapter,3211,3230,3231,1.0,0.0061900340451872485,BGI,4,technical_match,0.007892432608527233
GCA_045597825.1,JAZLKV010000552.1,Adapter,3488,3507,3512,1.0,0.0056947608200455585,BGI,4,technical_match,0.032445809041095675
GCA_045631605.1,JAZQVB010000010.1,Adapter,5731,5750,5909,1.0,0.0033846674564224064,BGI,4,technical_match,0.0032030361301228494
GCA_045631605.1,JAZQVB010000038.1,Adapter,1200,1219,1245,1.0,0.01606425702811245,BGI,4,technical_match,0.018559831892993484
GCA_049439405.1,JBMTKL010000023.1,Adapter,9177,9197,9225,1.0,0.0022764227642276423,TruSeq_R2,4,technical_match,0.011033432618966943
GCA_052276315.1,DAWCBT010000052.1,Adapter,82,100,2635,1.0,0.007210626185958254,Nextera,4,technical_match,0.023040970244456394
GCA_052276315.1,DAWCBT010000146.1,Adapter,99,117,15613,1.0,0.001216934605777237,Nextera,4,technical_match,0.005286564429307805
GCA_052849495.1,JAZXZB010000106.1,Adapter,1,20,3376,1.0,0.005924170616113744,BGI,4,technical_match,0.03405467150417768
GCA_056185615.1,JAZZTI010000064.1,Adapter,1837,1856,1909,1.0,0.010476689366160294,BGI,4,technical_match,0.02216033387194044
GCA_056185615.1,JAZZTI010000137.1,Adapter,7464,7483,7646,1.0,0.0026157467957101752,BGI,4,technical_match,0.01070544899476733
GCA_056189355.1,JBAETK010000029.1,Adapter,4,23,1687,1.0,0.011855364552459988,BGI,4,technical_match,0.005436168923558193
GCA_056199335.1,JBACBQ010000027.1,Adapter,2,21,34558,1.0,0.0005787371954395509,BGI,4,technical_match,0.005663485217277553
GCA_056199335.1,JBACBQ010000126.1,Adapter,14,33,4543,1.0,0.004402377283733216,BGI,4,technical_match,0.017423778478994234
GCA_056201455.1,JBAEPD010000031.1,Adapter,21,40,2275,1.0,0.008791208791208791,BGI,4,technical_match,0.020950562399109085
GCA_056201455.1,JBAEPD010000143.1,Adapter,21,40,3759,1.0,0.005320563979781857,BGI,4,technical_match,0.041711403048217854
GCA_056201455.1,JBAEPD010000213.1,Adapter,21,40,2495,1.0,0.008016032064128256,BGI,4,technical_match,0.006796360017152003
GCA_056207215.1,JBAEDW010000017.1,Adapter,7,26,7588,1.0,0.002635740643120717,BGI,4,technical_match,0.04513891100184575
GCA_056213535.1,JBAFCJ010000209.1,Adapter,1772,1791,1823,1.0,0.010970927043335162,BGI,4,technical_match,0.03855847335290019
GCA_056217475.1,JBADNB010000001.1,Adapter,7133,7152,7314,1.0,0.0027344818156959257,BGI,4,technical_match,0.018752656401418155
GCA_056217475.1,JBADNB010000009.1,Adapter,5847,5866,5878,1.0,0.003402517863218782,BGI,4,technical_match,0.00164851451279463
GCA_056217475.1,JBADNB010000039.1,Adapter,2921,2940,3096,1.0,0.006459948320413436,BGI,4,technical_match,0.005111791731397142
GCA_056217475.1,JBADNB010000040.1,Adapter,19031,19050,19101,1.0,0.0010470655986597561,BGI,4,technical_match,0.010995194483556292
GCA_056217475.1,JBADNB010000070.1,Adapter,1542,1561,1595,1.0,0.012539184952978056,BGI,4,technical_match,0.023883915535597933
GCA_056217475.1,JBADNB010000077.1,Adapter,30388,30407,30426,1.0,0.0006573325445342799,BGI,4,technical_match,0.0014809606932172925
GCA_056217475.1,JBADNB010000093.1,Adapter,6773,6792,6845,1.0,0.0029218407596785976,BGI,4,technical_match,0.028447116370932946
GCA_056217475.1,JBADNB010000100.1,Adapter,18,37,25380,1.0,0.0007880220646178094,BGI,4,technical_match,0.005351950090583202
GCA_056264685.1,JBACKE010000104.1,Adapter,77,96,3612,1.0,0.005537098560354375,BGI,4,technical_match,0.020690485364415978
GCA_056264685.1,JBACKE010000113.1,Adapter,2626,2645,2659,1.0,0.00752162467092892,BGI,4,technical_match,0.041572989340756594
GCA_056264685.1,JBACKE010000126.1,Adapter,1920,1939,1990,1.0,0.010050251256281407,BGI,4,technical_match,0.03091269274684305
GCA_056264685.1,JBACKE010000150.1,Adapter,25,44,8085,1.0,0.0024737167594310453,BGI,4,technical_match,0.0142343722637846
GCA_056264685.1,JBACKE010000183.1,Adapter,5,24,9923,1.0,0.002015519500151164,BGI,4,technical_match,0.001792098973524392
GCA_056264685.1,JBACKE010000244.1,Adapter,4,23,3257,1.0,0.006140620202640466,BGI,4,technical_match,0.023863182330107535
GCA_056264685.1,JBACKE010000295.1,Adapter,3627,3646,3662,1.0,0.005461496450027308,BGI,4,technical_match,0.020683227561824558
GCA_056264685.1,JBACKE010000344.1,Adapter,98,117,3251,1.0,0.006151953245155337,BGI,4,technical_match,0.004674457584565972
GCA_056298855.1,JAZYVF010000091.1,Adapter,2320,2339,2340,1.0,0.008547008547008548,BGI,4,technical_match,0.0077853520223858386
GCA_059470825.1,JAZWWS010000125.1,Adapter,21341,21360,21512,1.0,0.0009297136481963555,BGI,4,technical_match,0.010942935350914729
GCA_059481195.1,JAZXEC010000037.1,Adapter,141,160,6207,1.0,0.003222168519413565,BGI,4,technical_match,0.01363717279969301
GCA_059482455.1,JAZXFY010000108.1,Adapter,19,38,2069,1.0,0.009666505558240696,BGI,4,technical_match,0.03732037384310305
GCA_059482455.1,JAZXFY010000315.1,Adapter,97,116,11147,1.0,0.0017942047187584104,BGI,4,technical_match,0.018701705953821923
GCA_061231925.1,JCDNBQ010000835.1,Adapter,6,26,228,1.0,0.09210526315789473,TruSeq,4,technical_match,0.029518541326305325
GCA_900540175.1,UQFG01000015.1,Adapter,6,26,43370,1.0,0.0004842056721235877,TruSeq,4,technical_match,0.0008114151622667931
GCA_900540175.1,UQFG01000018.1,Adapter,2,22,38428,1.0,0.0005464765275320079,TruSeq,4,technical_match,0.001154999112890298
GCA_900540175.1,UQFG01000032.1,Adapter,3256,3276,3276,1.0,0.00641025641025641,TruSeq_R2,4,technical_match,0.01123404200654754
GCA_900541455.1,UQKA01000004.1,Adapter,6,26,34801,1.0,0.0006034309358926468,TruSeq,4,technical_match,0.0092825314251902
GCA_900541455.1,UQKA01000007.1,Adapter,32978,32998,33002,1.0,0.0006363250712078056,TruSeq_R2,4,technical_match,0.0010155767196270427
GCA_900541455.1,UQKA01000015.1,Adapter,20416,20436,20439,1.0,0.0010274475267870247,TruSeq,4,technical_match,0.016431722351490763
GCA_900541455.1,UQKA01000019.1,Adapter,18464,18484,18495,1.0,0.0011354420113544202,TruSeq,4,technical_match,0.0030816184460830676
GCA_900541455.1,UQKA01000022.1,Adapter,17647,17667,17670,1.0,0.0011884550084889642,TruSeq_R2,4,technical_match,0.03198494706562005
GCA_900541455.1,UQKA01000027.1,Adapter,15301,15321,15335,1.0,0.0013694163677861102,TruSeq_R2,4,technical_match,0.011502121418669797
GCA_900541455.1,UQKA01000037.1,Adapter,3,23,12439,1.0,0.0016882386043894203,TruSeq,4,technical_match,0.0035727874689482353
GCA_900541455.1,UQKA01000044.1,Adapter,10,30,10519,1.0,0.001996387489305067,TruSeq_R2,4,technical_match,0.02405632914928646
GCA_900541455.1,UQKA01000062.1,Adapter,2,22,7687,1.0,0.0027318850006504487,TruSeq,4,technical_match,0.058861963061212774
GCA_900541455.1,UQKA01000065.1,Adapter,7391,7411,7418,1.0,0.0028309517390132113,TruSeq_R2,4,technical_match,0.012139250747466468
GCA_900541455.1,UQKA01000073.1,Adapter,6565,6585,6594,1.0,0.0031847133757961785,TruSeq_R2,4,technical_match,0.0003758235788673958
GCA_900541455.1,UQKA01000074.1,Adapter,4,24,6561,1.0,0.003200731595793324,TruSeq,4,technical_match,0.01951003809459223
GCA_900541455.1,UQKA01000089.1,Adapter,2,22,5621,1.0,0.0037359900373599006,TruSeq_R2,4,technical_match,0.020244831977657585
GCA_900541455.1,UQKA01000091.1,Adapter,3,23,5578,1.0,0.003764790247400502,TruSeq,4,technical_match,0.0414582944366384
GCA_900541455.1,UQKA01000093.1,Adapter,5430,5450,5452,1.0,0.003851797505502568,TruSeq,4,technical_match,0.005053365588189251
GCA_900541455.1,UQKA01000101.1,Adapter,4785,4805,4806,1.0,0.004369538077403246,TruSeq,4,technical_match,0.044764899440621786
GCA_900541455.1,UQKA01000108.1,Adapter,4323,4343,4348,1.0,0.004829806807727691,TruSeq,4,technical_match,0.027974022047046354
GCA_900541455.1,UQKA01000117.1,Adapter,18,38,3947,1.0,0.0053204965796807705,TruSeq_R2,4,technical_match,0.007402810438961405
GCA_900541455.1,UQKA01000135.1,Adapter,3092,3112,3120,1.0,0.006730769230769231,TruSeq_R2,4,technical_match,0.004261842364531032
GCA_900541455.1,UQKA01000145.1,Adapter,16,36,2636,1.0,0.007966616084977238,TruSeq,4,technical_match,0.023306151098758388
GCA_900541455.1,UQKA01000146.1,Adapter,6,26,2595,1.0,0.008092485549132947,TruSeq,4,technical_match,0.005850059221359005
GCA_900541455.1,UQKA01000149.1,Adapter,8,28,2411,1.0,0.008710078805474907,TruSeq,4,technical_match,0.03143457630831431
GCA_900541455.1,UQKA01000149.1,Adapter,2390,2410,2411,1.0,0.008710078805474907,TruSeq_R2,4,technical_match,0.03143457630831431
GCA_900541455.1,UQKA01000151.1,Adapter,2318,2338,2345,1.0,0.008955223880597015,TruSeq,4,technical_match,0.017370748383884804
GCA_900541455.1,UQKA01000161.1,Adapter,7,27,2025,1.0,0.01037037037037037,TruSeq,4,technical_match,0.033587160484471856
GCA_900549915.1,URQF01000011.1,Adapter,54,74,23186,1.0,0.0009057189683429656,TruSeq,4,technical_match,0.013185658226265773
GCA_900549915.1,URQF01000014.1,Adapter,51,71,20771,1.0,0.001011024986760387,TruSeq_R2,4,technical_match,0.007619922702425785
GCA_900549915.1,URQF01000066.1,Adapter,7607,7627,7651,1.0,0.0027447392497712718,TruSeq,4,technical_match,0.0069901927786994444
GCA_900549915.1,URQF01000067.1,Adapter,7566,7586,7634,1.0,0.0027508514540214826,TruSeq,4,technical_match,0.017638977050076998
GCA_900549915.1,URQF01000076.1,Adapter,54,74,6513,1.0,0.0032243205895900505,TruSeq,4,technical_match,0.012691768323205788
GCA_900549915.1,URQF01000097.1,Adapter,5404,5424,5475,1.0,0.0038356164383561643,TruSeq_R2,4,technical_match,0.01019703176891712
GCA_900549915.1,URQF01000101.1,Adapter,45,65,5380,1.0,0.003903345724907063,TruSeq_R2,4,technical_match,0.008189517432420523
GCA_900549915.1,URQF01000122.1,Adapter,54,74,4465,1.0,0.0047032474804031355,TruSeq,4,technical_match,0.03700950103058387
GCA_900549915.1,URQF01000125.1,Adapter,54,74,4250,1.0,0.004941176470588235,TruSeq,4,technical_match,0.00553436764016163
GCA_900549915.1,URQF01000142.1,Adapter,3315,3335,3389,1.0,0.006196518146946002,TruSeq,4,technical_match,0.0067761872693206104
GCA_900549915.1,URQF01000179.1,Adapter,25,45,2181,1.0,0.009628610729023384,TruSeq,4,technical_match,0.047571115543483256
GCA_900553385.1,USDR01000001.1,Adapter,33626,33644,33670,1.0,0.0005643005643005643,Nextera,4,technical_match,0.008126721447583363
GCA_900553385.1,USDR01000002.1,Adapter,30,48,21503,1.0,0.000883597637538948,Nextera,4,technical_match,0.01813485475121085
GCA_900553385.1,USDR01000003.1,Adapter,32,50,19673,1.0,0.0009657906775784069,Nextera,4,technical_match,0.011092378034954997
GCA_900553385.1,USDR01000004.1,Adapter,18649,18667,18697,1.0,0.0010162058084184629,Nextera,4,technical_match,0.004008848568930079
GCA_900553385.1,USDR01000005.1,Adapter,29,47,16857,1.0,0.0011271281960016611,Nextera,4,technical_match,0.055726087092864696
GCA_900553385.1,USDR01000005.1,Adapter,16839,16857,16857,1.0,0.0011271281960016611,Nextera,4,technical_match,0.055726087092864696
GCA_900553385.1,USDR01000006.1,Adapter,22,40,16400,1.0,0.0011585365853658536,Nextera,4,technical_match,0.012407897196791362
GCA_900553385.1,USDR01000008.1,Adapter,30,48,15027,1.0,0.0012643907632927398,Nextera,4,technical_match,0.01566854429218223
GCA_900553385.1,USDR01000008.1,Adapter,14980,14998,15027,1.0,0.0012643907632927398,Nextera,4,technical_match,0.01566854429218223
GCA_900553385.1,USDR01000009.1,Adapter,14236,14254,14283,1.0,0.0013302527480221241,Nextera,4,technical_match,0.04510279263915551
GCA_900553385.1,USDR01000010.1,Adapter,12185,12203,12232,1.0,0.001553302812295618,Nextera,4,technical_match,0.012419900897600089
GCA_900553385.1,USDR01000011.1,Adapter,11784,11802,11820,1.0,0.001607445008460237,Nextera,4,technical_match,0.04458737745138658
GCA_900553385.1,USDR01000013.1,Adapter,29,47,10170,1.0,0.0018682399213372665,Nextera,4,technical_match,0.011462565398340618
GCA_900553385.1,USDR01000013.1,Adapter,10132,10150,10170,1.0,0.0018682399213372665,Nextera,4,technical_match,0.011462565398340618
GCA_900553385.1,USDR01000016.1,Adapter,30,48,9925,1.0,0.0019143576826196474,Nextera,4,technical_match,0.01044812664052508
GCA_900553385.1,USDR01000016.1,Adapter,9901,9919,9925,1.0,0.0019143576826196474,Nextera,4,technical_match,0.01044812664052508
GCA_900553385.1,USDR01000017.1,Adapter,9873,9891,9917,1.0,0.0019159019864878491,Nextera,4,technical_match,0.010666449276614864
GCA_900553385.1,USDR01000018.1,Adapter,29,47,9725,1.0,0.0019537275064267353,Nextera,4,technical_match,0.034321521575545466
GCA_900553385.1,USDR01000018.1,Adapter,9679,9697,9725,1.0,0.0019537275064267353,Nextera,4,technical_match,0.034321521575545466
GCA_900553385.1,USDR01000019.1,Adapter,14,32,9679,1.0,0.0019630127079243724,Nextera,4,technical_match,0.011497572023723757
GCA_900553385.1,USDR01000020.1,Adapter,29,47,9607,1.0,0.0019777245758301237,Nextera,4,technical_match,0.02258837408483283
GCA_900553385.1,USDR01000022.1,Adapter,16,34,8965,1.0,0.0021193530395984383,Nextera,4,technical_match,0.035412998427111875
GCA_900553385.1,USDR01000023.1,Adapter,8904,8922,8953,1.0,0.0021221936780967273,Nextera,4,technical_match,0.005390626530096754
GCA_900553385.1,USDR01000024.1,Adapter,8716,8734,8744,1.0,0.00217291857273559,Nextera,4,technical_match,0.06921088529935931
GCA_900553385.1,USDR01000025.1,Adapter,8319,8337,8347,1.0,0.002276266922247514,Nextera,4,technical_match,0.005703597126954674
GCA_900553385.1,USDR01000026.1,Adapter,28,46,8307,1.0,0.0022872276393403152,Nextera,4,technical_match,0.04430093931194212
GCA_900553385.1,USDR01000027.1,Adapter,30,48,8223,1.0,0.002310592241274474,Nextera,4,technical_match,0.022193985387156723
GCA_900553385.1,USDR01000029.1,Adapter,31,49,8083,1.0,0.00235061239638748,Nextera,4,technical_match,0.023053749829386738
GCA_900553385.1,USDR01000029.1,Adapter,8038,8056,8083,1.0,0.00235061239638748,Nextera,4,technical_match,0.023053749829386738
GCA_900553385.1,USDR01000030.1,Adapter,27,45,8022,1.0,0.002368486661680379,Nextera,4,technical_match,0.011481466223431491
GCA_900553385.1,USDR01000031.1,Adapter,7963,7981,8003,1.0,0.0023741097088591776,Nextera,4,technical_match,0.01013517477257847
GCA_900553385.1,USDR01000032.1,Adapter,27,45,7970,1.0,0.002383939774153074,Nextera,4,technical_match,0.0034760032040747624
GCA_900553385.1,USDR01000032.1,Adapter,7924,7942,7970,1.0,0.002383939774153074,Nextera,4,technical_match,0.0034760032040747624
GCA_900553385.1,USDR01000033.1,Adapter,23,41,7964,1.0,0.0023857358111501756,Nextera,4,technical_match,0.004998916539933063
GCA_900553385.1,USDR01000033.1,Adapter,7937,7955,7964,1.0,0.0023857358111501756,Nextera,4,technical_match,0.004998916539933063
GCA_900553385.1,USDR01000034.1,Adapter,17,35,7892,1.0,0.00240750126710593,Nextera,4,technical_match,0.032171454539452804
GCA_900553385.1,USDR01000034.1,Adapter,7868,7886,7892,1.0,0.00240750126710593,Nextera,4,technical_match,0.032171454539452804
GCA_900553385.1,USDR01000035.1,Adapter,7806,7824,7844,1.0,0.002422233554309026,Nextera,4,technical_match,0.02358950955188094
GCA_900553385.1,USDR01000037.1,Adapter,30,48,7407,1.0,0.0025651410827595518,Nextera,4,technical_match,0.02927825499279857
GCA_900553385.1,USDR01000038.1,Adapter,7309,7327,7354,1.0,0.002583627957574109,Nextera,4,technical_match,0.008759857636439272
GCA_900553385.1,USDR01000039.1,Adapter,7111,7129,7160,1.0,0.002653631284916201,Nextera,4,technical_match,0.010507433918415576
GCA_900553385.1,USDR01000040.1,Adapter,21,39,7083,1.0,0.0026824791754906114,Nextera,4,technical_match,0.020040626541873885
GCA_900553385.1,USDR01000040.1,Adapter,7054,7072,7083,1.0,0.0026824791754906114,Nextera,4,technical_match,0.020040626541873885
GCA_900553385.1,USDR01000041.1,Adapter,22,40,7050,1.0,0.0026950354609929076,Nextera,4,technical_match,0.01254756033650739
GCA_900553385.1,USDR01000042.1,Adapter,6700,6718,6740,1.0,0.0028189910979228485,Nextera,4,technical_match,0.025405484868780026
GCA_900553385.1,USDR01000044.1,Adapter,12,30,6624,1.0,0.0028683574879227055,Nextera,4,technical_match,0.006011302756077752
GCA_900553385.1,USDR01000044.1,Adapter,6578,6596,6624,1.0,0.0028683574879227055,Nextera,4,technical_match,0.006011302756077752
GCA_900553385.1,USDR01000045.1,Adapter,6521,6539,6561,1.0,0.002895900015241579,Nextera,4,technical_match,0.02464392603063159
GCA_900553385.1,USDR01000046.1,Adapter,28,46,6518,1.0,0.002915004602638846,Nextera,4,technical_match,0.033024058587939886
GCA_900553385.1,USDR01000046.1,Adapter,6478,6496,6518,1.0,0.002915004602638846,Nextera,4,technical_match,0.033024058587939886
GCA_900553385.1,USDR01000047.1,Adapter,16,34,6446,1.0,0.00294756438101148,Nextera,4,technical_match,0.03351546626968965
GCA_900553385.1,USDR01000047.1,Adapter,6405,6423,6446,1.0,0.00294756438101148,Nextera,4,technical_match,0.03351546626968965
GCA_900553385.1,USDR01000048.1,Adapter,6362,6380,6400,1.0,0.00296875,Nextera,4,technical_match,0.0022707020748401474
GCA_900553385.1,USDR01000050.1,Adapter,5,23,6361,1.0,0.0029869517371482472,Nextera,4,technical_match,0.014656824539861335
GCA_900553385.1,USDR01000052.1,Adapter,21,39,6194,1.0,0.003067484662576687,Nextera,4,technical_match,0.038172266927420095
GCA_900553385.1,USDR01000053.1,Adapter,6152,6170,6175,1.0,0.003076923076923077,Nextera,4,technical_match,0.013695297216540558
GCA_900553385.1,USDR01000054.1,Adapter,19,37,6163,1.0,0.003082914165179296,Nextera,4,technical_match,0.02900920199371082
GCA_900553385.1,USDR01000055.1,Adapter,6114,6132,6155,1.0,0.0030869212022745737,Nextera,4,technical_match,0.001017148053719108
GCA_900553385.1,USDR01000056.1,Adapter,27,45,6037,1.0,0.0031472585721384794,Nextera,4,technical_match,0.027007429754151047
GCA_900553385.1,USDR01000056.1,Adapter,5991,6009,6037,1.0,0.0031472585721384794,Nextera,4,technical_match,0.027007429754151047
GCA_900553385.1,USDR01000057.1,Adapter,28,46,6032,1.0,0.0031498673740053052,Nextera,4,technical_match,0.005548221968739331
GCA_900553385.1,USDR01000057.1,Adapter,6009,6027,6032,1.0,0.0031498673740053052,Nextera,4,technical_match,0.005548221968739331
GCA_900553385.1,USDR01000058.1,Adapter,11,29,5876,1.0,0.003233492171545269,Nextera,4,technical_match,0.009064864770551517
GCA_900553385.1,USDR01000059.1,Adapter,29,47,5874,1.0,0.003234593122233572,Nextera,4,technical_match,0.016064972082463214
GCA_900553385.1,USDR01000059.1,Adapter,5854,5872,5874,1.0,0.003234593122233572,Nextera,4,technical_match,0.016064972082463214
GCA_900553385.1,USDR01000061.1,Adapter,5784,5802,5830,1.0,0.0032590051457975985,Nextera,4,technical_match,0.025256098954319406
GCA_900553385.1,USDR01000063.1,Adapter,30,48,5767,1.0,0.003294607248135946,Nextera,4,technical_match,0.0034484157908102886
GCA_900553385.1,USDR01000063.1,Adapter,5720,5738,5767,1.0,0.003294607248135946,Nextera,4,technical_match,0.0034484157908102886
GCA_900553385.1,USDR01000064.1,Adapter,5714,5732,5759,1.0,0.003299183886091335,Nextera,4,technical_match,0.030844964707587352
GCA_900553385.1,USDR01000066.1,Adapter,6,24,5681,1.0,0.0033444816053511705,Nextera,4,technical_match,0.0032101771717713556
GCA_900553385.1,USDR01000067.1,Adapter,7,25,5592,1.0,0.003397711015736767,Nextera,4,technical_match,0.003452652717720661
GCA_900553385.1,USDR01000068.1,Adapter,10,28,5584,1.0,0.0034025787965616047,Nextera,4,technical_match,0.015610601788307199
GCA_900553385.1,USDR01000068.1,Adapter,5537,5555,5584,1.0,0.0034025787965616047,Nextera,4,technical_match,0.015610601788307199
GCA_900553385.1,USDR01000070.1,Adapter,31,49,5537,1.0,0.003431461080007224,Nextera,4,technical_match,0.0058417920152410985
GCA_900553385.1,USDR01000071.1,Adapter,31,49,5449,1.0,0.0034868783262984033,Nextera,4,technical_match,0.01919456425138627
GCA_900553385.1,USDR01000071.1,Adapter,5402,5420,5449,1.0,0.0034868783262984033,Nextera,4,technical_match,0.01919456425138627
GCA_900553385.1,USDR01000072.1,Adapter,5384,5402,5433,1.0,0.0034971470642370696,Nextera,4,technical_match,0.014072363450652214
GCA_900553385.1,USDR01000073.1,Adapter,29,47,5378,1.0,0.003532911863146151,Nextera,4,technical_match,0.00833059022713084
GCA_900553385.1,USDR01000074.1,Adapter,31,49,5358,1.0,0.0035460992907801418,Nextera,4,technical_match,0.04421242473254822
GCA_900553385.1,USDR01000074.1,Adapter,5334,5352,5358,1.0,0.0035460992907801418,Nextera,4,technical_match,0.04421242473254822
GCA_900553385.1,USDR01000077.1,Adapter,15,33,5154,1.0,0.0036864571206829647,Nextera,4,technical_match,0.015609342550693406
GCA_900553385.1,USDR01000080.1,Adapter,5068,5086,5115,1.0,0.0037145650048875855,Nextera,4,technical_match,0.0011243370258441354
GCA_900553385.1,USDR01000081.1,Adapter,5037,5055,5082,1.0,0.003738685556867375,Nextera,4,technical_match,0.019449224310180535
GCA_900553385.1,USDR01000082.1,Adapter,30,48,4986,1.0,0.003810669875651825,Nextera,4,technical_match,0.01415222032594321
GCA_900553385.1,USDR01000082.1,Adapter,4944,4962,4986,1.0,0.003810669875651825,Nextera,4,technical_match,0.01415222032594321
GCA_900553385.1,USDR01000083.1,Adapter,29,47,4985,1.0,0.003811434302908726,Nextera,4,technical_match,0.028535120329604424
GCA_900553385.1,USDR01000083.1,Adapter,4946,4964,4985,1.0,0.003811434302908726,Nextera,4,technical_match,0.028535120329604424
GCA_900553385.1,USDR01000084.1,Adapter,31,49,4973,1.0,0.0038206314096119044,Nextera,4,technical_match,0.01396799244282726
GCA_900553385.1,USDR01000085.1,Adapter,20,38,4940,1.0,0.0038461538461538464,Nextera,4,technical_match,0.012561693977674149
GCA_900553385.1,USDR01000085.1,Adapter,4888,4906,4940,1.0,0.0038461538461538464,Nextera,4,technical_match,0.012561693977674149
GCA_900553385.1,USDR01000086.1,Adapter,4883,4901,4910,1.0,0.003869653767820774,Nextera,4,technical_match,0.0037867407713778056
GCA_900553385.1,USDR01000087.1,Adapter,9,27,4887,1.0,0.003887865766318805,Nextera,4,technical_match,0.027284386339214983
GCA_900553385.1,USDR01000087.1,Adapter,4839,4857,4887,1.0,0.003887865766318805,Nextera,4,technical_match,0.027284386339214983
GCA_900553385.1,USDR01000088.1,Adapter,4839,4857,4857,1.0,0.003911879761169446,Nextera,4,technical_match,0.03420281552861881
GCA_900553385.1,USDR01000089.1,Adapter,4806,4824,4846,1.0,0.003920759389186958,Nextera,4,technical_match,0.0067256351104673096
GCA_900553385.1,USDR01000090.1,Adapter,8,26,4817,1.0,0.003944363711853851,Nextera,4,technical_match,0.037313453000933194
GCA_900553385.1,USDR01000093.1,Adapter,4737,4755,4767,1.0,0.003985735263268303,Nextera,4,technical_match,0.011640719905761043
GCA_900553385.1,USDR01000094.1,Adapter,8,26,4765,1.0,0.003987408184679958,Nextera,4,technical_match,0.011723089273161236
GCA_900553385.1,USDR01000095.1,Adapter,12,30,4763,1.0,0.0039890825110224645,Nextera,4,technical_match,0.008139884740192393
GCA_900553385.1,USDR01000096.1,Adapter,30,48,4741,1.0,0.004007593334739506,Nextera,4,technical_match,0.0011160142452683042
GCA_900553385.1,USDR01000098.1,Adapter,31,49,4730,1.0,0.0040169133192389005,Nextera,4,technical_match,0.03809267001818312
GCA_900553385.1,USDR01000098.1,Adapter,4684,4702,4730,1.0,0.0040169133192389005,Nextera,4,technical_match,0.03809267001818312
GCA_900553385.1,USDR01000099.1,Adapter,20,38,4706,1.0,0.004037399065023374,Nextera,4,technical_match,0.010040835946493354
GCA_900553385.1,USDR01000101.1,Adapter,30,48,4658,1.0,0.0040790038643194505,Nextera,4,technical_match,0.027240622527993696
GCA_900553385.1,USDR01000101.1,Adapter,4609,4627,4658,1.0,0.0040790038643194505,Nextera,4,technical_match,0.027240622527993696
GCA_900553385.1,USDR01000102.1,Adapter,14,32,4650,1.0,0.0040860215053763445,Nextera,4,technical_match,0.03754623970924875
GCA_900553385.1,USDR01000102.1,Adapter,4606,4624,4650,1.0,0.0040860215053763445,Nextera,4,technical_match,0.03754623970924875
GCA_900553385.1,USDR01000103.1,Adapter,4540,4558,4589,1.0,0.004140335585094792,Nextera,4,technical_match,0.02099605073467886
GCA_900553385.1,USDR01000104.1,Adapter,4548,4566,4581,1.0,0.004147566033617114,Nextera,4,technical_match,0.011750209824239854
GCA_900553385.1,USDR01000105.1,Adapter,32,50,4561,1.0,0.0041657531243148435,Nextera,4,technical_match,0.0748695906241294
GCA_900553385.1,USDR01000106.1,Adapter,4496,4514,4543,1.0,0.004182258419546555,Nextera,4,technical_match,0.01097131290468828
GCA_900553385.1,USDR01000107.1,Adapter,31,49,4536,1.0,0.004188712522045855,Nextera,4,technical_match,0.00631280965861436
GCA_900553385.1,USDR01000107.1,Adapter,4490,4508,4536,1.0,0.004188712522045855,Nextera,4,technical_match,0.00631280965861436
GCA_900553385.1,USDR01000108.1,Adapter,21,39,4524,1.0,0.004199823165340406,Nextera,4,technical_match,0.02081119447688401
GCA_900553385.1,USDR01000108.1,Adapter,4478,4496,4524,1.0,0.004199823165340406,Nextera,4,technical_match,0.02081119447688401
GCA_900553385.1,USDR01000109.1,Adapter,4481,4499,4519,1.0,0.004204470015490153,Nextera,4,technical_match,0.01432326229780867
GCA_900553385.1,USDR01000110.1,Adapter,31,49,4512,1.0,0.0042109929078014184,Nextera,4,technical_match,0.006663432571294037
GCA_900553385.1,USDR01000110.1,Adapter,4472,4490,4512,1.0,0.0042109929078014184,Nextera,4,technical_match,0.006663432571294037
GCA_900553385.1,USDR01000112.1,Adapter,22,40,4468,1.0,0.004252461951656222,Nextera,4,technical_match,0.03271888918316601
GCA_900553385.1,USDR01000113.1,Adapter,32,50,4462,1.0,0.004258180188256387,Nextera,4,technical_match,0.017995433137144023
GCA_900553385.1,USDR01000113.1,Adapter,4416,4434,4462,1.0,0.004258180188256387,Nextera,4,technical_match,0.017995433137144023
GCA_900553385.1,USDR01000114.1,Adapter,32,50,4404,1.0,0.004314259763851045,Nextera,4,technical_match,0.015441115335512234
GCA_900553385.1,USDR01000114.1,Adapter,4358,4376,4404,1.0,0.004314259763851045,Nextera,4,technical_match,0.015441115335512234
GCA_900553385.1,USDR01000115.1,Adapter,14,32,4395,1.0,0.004323094425483504,Nextera,4,technical_match,0.03075406384958418
GCA_900553385.1,USDR01000115.1,Adapter,4348,4366,4395,1.0,0.004323094425483504,Nextera,4,technical_match,0.03075406384958418
GCA_900553385.1,USDR01000116.1,Adapter,4344,4362,4375,1.0,0.004342857142857143,Nextera,4,technical_match,0.010090012210874133
GCA_900553385.1,USDR01000118.1,Adapter,7,25,4370,1.0,0.004347826086956522,Nextera,4,technical_match,0.0006226045613154652
GCA_900553385.1,USDR01000119.1,Adapter,4281,4299,4322,1.0,0.004396112910689496,Nextera,4,technical_match,0.0011244274948035704
GCA_900553385.1,USDR01000120.1,Adapter,24,42,4294,1.0,0.004424778761061947,Nextera,4,technical_match,0.02079858982518945
GCA_900553385.1,USDR01000121.1,Adapter,14,32,4284,1.0,0.004435107376283847,Nextera,4,technical_match,0.009067416505925519
GCA_900553385.1,USDR01000121.1,Adapter,4243,4261,4284,1.0,0.004435107376283847,Nextera,4,technical_match,0.009067416505925519
GCA_900553385.1,USDR01000122.1,Adapter,27,45,4283,1.0,0.004436142890497315,Nextera,4,technical_match,0.020508940459150193
GCA_900553385.1,USDR01000122.1,Adapter,4242,4260,4283,1.0,0.004436142890497315,Nextera,4,technical_match,0.020508940459150193
GCA_900553385.1,USDR01000123.1,Adapter,4254,4272,4279,1.0,0.004440289787333489,Nextera,4,technical_match,0.027010565360654604
GCA_900553385.1,USDR01000124.1,Adapter,12,30,4271,1.0,0.004448606883633809,Nextera,4,technical_match,0.013358708396544627
GCA_900553385.1,USDR01000124.1,Adapter,4222,4240,4271,1.0,0.004448606883633809,Nextera,4,technical_match,0.013358708396544627
GCA_900553385.1,USDR01000125.1,Adapter,14,32,4225,1.0,0.004497041420118343,Nextera,4,technical_match,0.0003661162760235648
GCA_900553385.1,USDR01000125.1,Adapter,4179,4197,4225,1.0,0.004497041420118343,Nextera,4,technical_match,0.0003661162760235648
GCA_900553385.1,USDR01000126.1,Adapter,30,48,4222,1.0,0.004500236854571293,Nextera,4,technical_match,0.008669032250112507
GCA_900553385.1,USDR01000126.1,Adapter,4179,4197,4222,1.0,0.004500236854571293,Nextera,4,technical_match,0.008669032250112507
GCA_900553385.1,USDR01000127.1,Adapter,11,29,4221,1.0,0.0045013030087656955,Nextera,4,technical_match,0.007885633370741552
GCA_900553385.1,USDR01000127.1,Adapter,4172,4190,4221,1.0,0.0045013030087656955,Nextera,4,technical_match,0.007885633370741552
GCA_900553385.1,USDR01000128.1,Adapter,4165,4183,4213,1.0,0.004509850462853074,Nextera,4,technical_match,0.031150701912817103
GCA_900553385.1,USDR01000130.1,Adapter,4131,4149,4179,1.0,0.004546542234984446,Nextera,4,technical_match,0.016281081352179205
GCA_900553385.1,USDR01000131.1,Adapter,31,49,4159,1.0,0.0045684058667949026,Nextera,4,technical_match,0.014121357280418412
GCA_900553385.1,USDR01000131.1,Adapter,4118,4136,4159,1.0,0.0045684058667949026,Nextera,4,technical_match,0.014121357280418412
GCA_900553385.1,USDR01000132.1,Adapter,11,29,4140,1.0,0.004589371980676328,Nextera,4,technical_match,0.02312517067387393
GCA_900553385.1,USDR01000132.1,Adapter,4095,4113,4140,1.0,0.004589371980676328,Nextera,4,technical_match,0.02312517067387393
GCA_900553385.1,USDR01000133.1,Adapter,3,21,4112,1.0,0.004620622568093385,Nextera,4,technical_match,0.024053289623478247
GCA_900553385.1,USDR01000134.1,Adapter,4060,4078,4098,1.0,0.004636408003904344,Nextera,4,technical_match,0.008904730869374045
GCA_900553385.1,USDR01000135.1,Adapter,21,39,4089,1.0,0.0046466128637808754,Nextera,4,technical_match,0.029262173094649402
GCA_900553385.1,USDR01000135.1,Adapter,4045,4063,4089,1.0,0.0046466128637808754,Nextera,4,technical_match,0.029262173094649402
GCA_900553385.1,USDR01000136.1,Adapter,12,30,4085,1.0,0.004651162790697674,Nextera,4,technical_match,0.005044934400068091
GCA_900553385.1,USDR01000137.1,Adapter,14,32,4085,1.0,0.004651162790697674,Nextera,4,technical_match,0.013123269773385071
GCA_900553385.1,USDR01000138.1,Adapter,11,29,4066,1.0,0.004672897196261682,Nextera,4,technical_match,0.009001740128799784
GCA_900553385.1,USDR01000139.1,Adapter,31,49,4041,1.0,0.0047018064835436775,Nextera,4,technical_match,0.0035847483087282916
GCA_900553385.1,USDR01000139.1,Adapter,3995,4013,4041,1.0,0.0047018064835436775,Nextera,4,technical_match,0.0035847483087282916
GCA_900553385.1,USDR01000140.1,Adapter,29,47,4032,1.0,0.004712301587301587,Nextera,4,technical_match,0.0006635592176972849
GCA_900553385.1,USDR01000141.1,Adapter,17,35,4031,1.0,0.004713470602828083,Nextera,4,technical_match,0.011074156521041767
GCA_900553385.1,USDR01000142.1,Adapter,29,47,4020,1.0,0.00472636815920398,Nextera,4,technical_match,0.003012258124164835
GCA_900553385.1,USDR01000143.1,Adapter,3965,3983,3996,1.0,0.004754754754754755,Nextera,4,technical_match,0.047377684056822134
GCA_900553385.1,USDR01000145.1,Adapter,3916,3934,3963,1.0,0.0047943477163764825,Nextera,4,technical_match,0.01234245958177932
GCA_900553385.1,USDR01000146.1,Adapter,3921,3939,3958,1.0,0.004800404244567963,Nextera,4,technical_match,0.03275993208382588
GCA_900553385.1,USDR01000147.1,Adapter,30,48,3936,1.0,0.004827235772357724,Nextera,4,technical_match,0.023220905326872654
GCA_900553385.1,USDR01000147.1,Adapter,3914,3932,3936,1.0,0.004827235772357724,Nextera,4,technical_match,0.023220905326872654
GCA_900553385.1,USDR01000149.1,Adapter,3887,3905,3918,1.0,0.004849412965798877,Nextera,4,technical_match,0.021623369251971336
GCA_900553385.1,USDR01000150.1,Adapter,12,30,3902,1.0,0.004869297796002051,Nextera,4,technical_match,0.008284461943611932
GCA_900553385.1,USDR01000151.1,Adapter,3820,3838,3864,1.0,0.004917184265010352,Nextera,4,technical_match,0.0058718925510306
GCA_900553385.1,USDR01000153.1,Adapter,3790,3808,3828,1.0,0.004963427377220481,Nextera,4,technical_match,0.03587637083137096
GCA_900553385.1,USDR01000154.1,Adapter,29,47,3799,1.0,0.005001316135825217,Nextera,4,technical_match,0.012947689439936239
GCA_900553385.1,USDR01000154.1,Adapter,3756,3774,3799,1.0,0.005001316135825217,Nextera,4,technical_match,0.012947689439936239
GCA_900553385.1,USDR01000155.1,Adapter,26,44,3758,1.0,0.005055880787653007,Nextera,4,technical_match,6.840031858679207e-05
GCA_900553385.1,USDR01000155.1,Adapter,3715,3733,3758,1.0,0.005055880787653007,Nextera,4,technical_match,6.840031858679207e-05
GCA_900553385.1,USDR01000157.1,Adapter,7,25,3719,1.0,0.005108900242000538,Nextera,4,technical_match,0.013432808823966247
GCA_900553385.1,USDR01000158.1,Adapter,30,48,3709,1.0,0.005122674575357239,Nextera,4,technical_match,0.018010962252785645
GCA_900553385.1,USDR01000159.1,Adapter,30,48,3697,1.0,0.005139302136867731,Nextera,4,technical_match,0.01784746806310955
GCA_900553385.1,USDR01000160.1,Adapter,8,26,3692,1.0,0.0051462621885157095,Nextera,4,technical_match,0.054561465888491256
GCA_900553385.1,USDR01000160.1,Adapter,3667,3685,3692,1.0,0.0051462621885157095,Nextera,4,technical_match,0.054561465888491256
GCA_900553385.1,USDR01000161.1,Adapter,29,47,3653,1.0,0.005201204489460717,Nextera,4,technical_match,0.01282767597060197
GCA_900553385.1,USDR01000161.1,Adapter,3607,3625,3653,1.0,0.005201204489460717,Nextera,4,technical_match,0.01282767597060197
GCA_900553385.1,USDR01000162.1,Adapter,25,43,3648,1.0,0.005208333333333333,Nextera,4,technical_match,0.07413280669708971
GCA_900553385.1,USDR01000162.1,Adapter,3625,3643,3648,1.0,0.005208333333333333,Nextera,4,technical_match,0.07413280669708971
GCA_900553385.1,USDR01000163.1,Adapter,22,40,3631,1.0,0.005232718259432663,Nextera,4,technical_match,0.00831776211339702
GCA_900553385.1,USDR01000163.1,Adapter,3603,3621,3631,1.0,0.005232718259432663,Nextera,4,technical_match,0.00831776211339702
GCA_900553385.1,USDR01000164.1,Adapter,28,46,3627,1.0,0.005238489109456851,Nextera,4,technical_match,0.0019464539769933342
GCA_900553385.1,USDR01000164.1,Adapter,3587,3605,3627,1.0,0.005238489109456851,Nextera,4,technical_match,0.0019464539769933342
GCA_900553385.1,USDR01000167.1,Adapter,30,48,3603,1.0,0.00527338329170136,Nextera,4,technical_match,0.01398021498075186
GCA_900553385.1,USDR01000167.1,Adapter,3557,3575,3603,1.0,0.00527338329170136,Nextera,4,technical_match,0.01398021498075186
GCA_900553385.1,USDR01000168.1,Adapter,15,33,3599,1.0,0.005279244234509586,Nextera,4,technical_match,0.009477391432995197
GCA_900553385.1,USDR01000168.1,Adapter,3570,3588,3599,1.0,0.005279244234509586,Nextera,4,technical_match,0.009477391432995197
GCA_900553385.1,USDR01000170.1,Adapter,22,40,3595,1.0,0.005285118219749653,Nextera,4,technical_match,0.03500627231127962
GCA_900553385.1,USDR01000170.1,Adapter,3569,3587,3595,1.0,0.005285118219749653,Nextera,4,technical_match,0.03500627231127962
GCA_900553385.1,USDR01000171.1,Adapter,1,19,3578,1.0,0.005310229178311906,Nextera,4,technical_match,0.004048580778026278
GCA_900553385.1,USDR01000173.1,Adapter,14,32,3572,1.0,0.005319148936170213,Nextera,4,technical_match,0.023682376206978994
GCA_900553385.1,USDR01000173.1,Adapter,3525,3543,3572,1.0,0.005319148936170213,Nextera,4,technical_match,0.023682376206978994
GCA_900553385.1,USDR01000175.1,Adapter,27,45,3562,1.0,0.005334081976417743,Nextera,4,technical_match,0.000999581473728084
GCA_900553385.1,USDR01000175.1,Adapter,3516,3534,3562,1.0,0.005334081976417743,Nextera,4,technical_match,0.000999581473728084
GCA_900553385.1,USDR01000176.1,Adapter,28,46,3559,1.0,0.005338578252318067,Nextera,4,technical_match,0.05296619733510649
GCA_900553385.1,USDR01000177.1,Adapter,13,31,3544,1.0,0.00536117381489842,Nextera,4,technical_match,0.0024724515105060685
GCA_900553385.1,USDR01000178.1,Adapter,27,45,3539,1.0,0.005368748233964397,Nextera,4,technical_match,0.00898971753521921
GCA_900553385.1,USDR01000178.1,Adapter,3497,3515,3539,1.0,0.005368748233964397,Nextera,4,technical_match,0.00898971753521921
GCA_900553385.1,USDR01000179.1,Adapter,31,49,3510,1.0,0.005413105413105413,Nextera,4,technical_match,0.0022681155889775484
GCA_900553385.1,USDR01000179.1,Adapter,3465,3483,3510,1.0,0.005413105413105413,Nextera,4,technical_match,0.0022681155889775484
GCA_900553385.1,USDR01000181.1,Adapter,3454,3472,3501,1.0,0.005427020851185376,Nextera,4,technical_match,0.0243360048454771
GCA_900553385.1,USDR01000183.1,Adapter,30,48,3449,1.0,0.005508843142939983,Nextera,4,technical_match,0.0045809731679105625
GCA_900553385.1,USDR01000183.1,Adapter,3420,3438,3449,1.0,0.005508843142939983,Nextera,4,technical_match,0.0045809731679105625
GCA_900553385.1,USDR01000184.1,Adapter,30,48,3439,1.0,0.0055248618784530384,Nextera,4,technical_match,0.004755504671306976
GCA_900553385.1,USDR01000185.1,Adapter,3,21,3433,1.0,0.005534517914360618,Nextera,4,technical_match,0.022648833446818006
GCA_900553385.1,USDR01000185.1,Adapter,3385,3403,3433,1.0,0.005534517914360618,Nextera,4,technical_match,0.022648833446818006
GCA_900553385.1,USDR01000186.1,Adapter,10,28,3433,1.0,0.005534517914360618,Nextera,4,technical_match,0.044056671942054704
GCA_900553385.1,USDR01000187.1,Adapter,3372,3390,3421,1.0,0.005553931598947676,Nextera,4,technical_match,0.011683337269227767
GCA_900553385.1,USDR01000191.1,Adapter,30,48,3369,1.0,0.005639655684179281,Nextera,4,technical_match,0.00042501623919966036
GCA_900553385.1,USDR01000193.1,Adapter,29,47,3346,1.0,0.005678421996413628,Nextera,4,technical_match,0.021612079839335052
GCA_900553385.1,USDR01000193.1,Adapter,3300,3318,3346,1.0,0.005678421996413628,Nextera,4,technical_match,0.021612079839335052
GCA_900553385.1,USDR01000195.1,Adapter,33,51,3335,1.0,0.005697151424287856,Nextera,4,technical_match,0.02424127928623443
GCA_900553385.1,USDR01000195.1,Adapter,3289,3307,3335,1.0,0.005697151424287856,Nextera,4,technical_match,0.02424127928623443
GCA_900553385.1,USDR01000196.1,Adapter,20,38,3323,1.0,0.005717724947336744,Nextera,4,technical_match,0.003593163408157185
GCA_900553385.1,USDR01000197.1,Adapter,6,24,3318,1.0,0.005726341169379144,Nextera,4,technical_match,0.03390082564325486
GCA_900553385.1,USDR01000199.1,Adapter,29,47,3294,1.0,0.005768063145112325,Nextera,4,technical_match,0.029724785256382336
GCA_900553385.1,USDR01000199.1,Adapter,3248,3266,3294,1.0,0.005768063145112325,Nextera,4,technical_match,0.029724785256382336
GCA_900553385.1,USDR01000200.1,Adapter,3248,3266,3275,1.0,0.005801526717557252,Nextera,4,technical_match,0.0006348322763048975
GCA_900553385.1,USDR01000201.1,Adapter,19,37,3273,1.0,0.0058050717995722576,Nextera,4,technical_match,0.031075425331209383
GCA_900553385.1,USDR01000201.1,Adapter,3226,3244,3273,1.0,0.0058050717995722576,Nextera,4,technical_match,0.031075425331209383
GCA_900553385.1,USDR01000202.1,Adapter,3235,3253,3258,1.0,0.005831798649478207,Nextera,4,technical_match,0.013676856157099182
GCA_900553385.1,USDR01000204.1,Adapter,20,38,3244,1.0,0.005856966707768188,Nextera,4,technical_match,0.04218752850469132
GCA_900553385.1,USDR01000205.1,Adapter,10,28,3242,1.0,0.005860579888957434,Nextera,4,technical_match,0.04642593032900422
GCA_900553385.1,USDR01000205.1,Adapter,3196,3214,3242,1.0,0.005860579888957434,Nextera,4,technical_match,0.04642593032900422
GCA_900553385.1,USDR01000206.1,Adapter,29,47,3240,1.0,0.005864197530864198,Nextera,4,technical_match,0.014542569530098137
GCA_900553385.1,USDR01000206.1,Adapter,3212,3230,3240,1.0,0.005864197530864198,Nextera,4,technical_match,0.014542569530098137
GCA_900553385.1,USDR01000207.1,Adapter,13,31,3232,1.0,0.005878712871287129,Nextera,4,technical_match,0.015049842479615327
GCA_900553385.1,USDR01000207.1,Adapter,3188,3206,3232,1.0,0.005878712871287129,Nextera,4,technical_match,0.015049842479615327
GCA_900553385.1,USDR01000209.1,Adapter,10,28,3219,1.0,0.005902454178316247,Nextera,4,technical_match,0.001323008691801908
GCA_900553385.1,USDR01000210.1,Adapter,7,25,3209,1.0,0.005920847616079776,Nextera,4,technical_match,0.022157933299520705
GCA_900553385.1,USDR01000210.1,Adapter,3163,3181,3209,1.0,0.005920847616079776,Nextera,4,technical_match,0.022157933299520705
GCA_900553385.1,USDR01000211.1,Adapter,3152,3170,3198,1.0,0.0059412132582864294,Nextera,4,technical_match,0.01927312546445864
GCA_900553385.1,USDR01000212.1,Adapter,10,28,3180,1.0,0.005974842767295598,Nextera,4,technical_match,0.02357180270377096
GCA_900553385.1,USDR01000215.1,Adapter,28,46,3162,1.0,0.006008855154965212,Nextera,4,technical_match,0.026792786223705067
GCA_900553385.1,USDR01000216.1,Adapter,24,42,3161,1.0,0.0060107560898449855,Nextera,4,technical_match,0.013614104948253825
GCA_900553385.1,USDR01000216.1,Adapter,3122,3140,3161,1.0,0.0060107560898449855,Nextera,4,technical_match,0.013614104948253825
GCA_900553385.1,USDR01000217.1,Adapter,3125,3143,3158,1.0,0.006016466117796073,Nextera,4,technical_match,0.01329334162370327
GCA_900553385.1,USDR01000220.1,Adapter,31,49,3104,1.0,0.006121134020618557,Nextera,4,technical_match,0.006447081430314527
GCA_900553385.1,USDR01000220.1,Adapter,3064,3082,3104,1.0,0.006121134020618557,Nextera,4,technical_match,0.006447081430314527
GCA_900553385.1,USDR01000221.1,Adapter,30,48,3099,1.0,0.006131010003226848,Nextera,4,technical_match,0.010781310335569394
GCA_900553385.1,USDR01000221.1,Adapter,3060,3078,3099,1.0,0.006131010003226848,Nextera,4,technical_match,0.010781310335569394
GCA_900553385.1,USDR01000222.1,Adapter,25,43,3097,1.0,0.006134969325153374,Nextera,4,technical_match,0.023177426324113626
GCA_900553385.1,USDR01000225.1,Adapter,27,45,3060,1.0,0.006209150326797385,Nextera,4,technical_match,0.03329710838267619
GCA_900553385.1,USDR01000227.1,Adapter,30,48,3046,1.0,0.00623768877216021,Nextera,4,technical_match,0.021239431556127064
GCA_900553385.1,USDR01000227.1,Adapter,3000,3018,3046,1.0,0.00623768877216021,Nextera,4,technical_match,0.021239431556127064
GCA_900553385.1,USDR01000228.1,Adapter,30,48,3031,1.0,0.006268558231606731,Nextera,4,technical_match,0.008236348726110343
GCA_900553385.1,USDR01000228.1,Adapter,2994,3012,3031,1.0,0.006268558231606731,Nextera,4,technical_match,0.008236348726110343
GCA_900553385.1,USDR01000229.1,Adapter,2988,3006,3029,1.0,0.006272697259821723,Nextera,4,technical_match,0.004842000137111002
GCA_900553385.1,USDR01000230.1,Adapter,15,33,3025,1.0,0.00628099173553719,Nextera,4,technical_match,0.018536197942608745
GCA_900553385.1,USDR01000230.1,Adapter,2977,2995,3025,1.0,0.00628099173553719,Nextera,4,technical_match,0.018536197942608745
GCA_900553385.1,USDR01000232.1,Adapter,29,47,3013,1.0,0.006306007301692665,Nextera,4,technical_match,0.019013358895284882
GCA_900553385.1,USDR01000235.1,Adapter,11,29,2993,1.0,0.006348145673237555,Nextera,4,technical_match,0.012703195352490315
GCA_900553385.1,USDR01000235.1,Adapter,2946,2964,2993,1.0,0.006348145673237555,Nextera,4,technical_match,0.012703195352490315
GCA_900553385.1,USDR01000238.1,Adapter,2924,2942,2963,1.0,0.00641241984475194,Nextera,4,technical_match,0.015361952496709852
GCA_900553385.1,USDR01000239.1,Adapter,2916,2934,2962,1.0,0.006414584740040513,Nextera,4,technical_match,0.011410509944066005
GCA_900553385.1,USDR01000240.1,Adapter,2914,2932,2956,1.0,0.0064276048714479025,Nextera,4,technical_match,0.04015233581419908
GCA_900553385.1,USDR01000241.1,Adapter,8,26,2941,1.0,0.006460387623257395,Nextera,4,technical_match,0.045079483101701734
GCA_900553385.1,USDR01000242.1,Adapter,8,26,2941,1.0,0.006460387623257395,Nextera,4,technical_match,0.03992561720431659
GCA_900553385.1,USDR01000243.1,Adapter,30,48,2940,1.0,0.006462585034013605,Nextera,4,technical_match,0.01573583812926188
GCA_900553385.1,USDR01000243.1,Adapter,2874,2892,2940,1.0,0.006462585034013605,Nextera,4,technical_match,0.01573583812926188
GCA_900553385.1,USDR01000244.1,Adapter,8,26,2934,1.0,0.006475800954328562,Nextera,4,technical_match,0.00830640418799622
GCA_900553385.1,USDR01000244.1,Adapter,2896,2914,2934,1.0,0.006475800954328562,Nextera,4,technical_match,0.00830640418799622
GCA_900553385.1,USDR01000245.1,Adapter,30,48,2934,1.0,0.006475800954328562,Nextera,4,technical_match,0.02986673827962477
GCA_900553385.1,USDR01000246.1,Adapter,19,37,2932,1.0,0.006480218281036835,Nextera,4,technical_match,0.0374284442303654
GCA_900553385.1,USDR01000247.1,Adapter,31,49,2932,1.0,0.006480218281036835,Nextera,4,technical_match,0.028219712988891976
GCA_900553385.1,USDR01000247.1,Adapter,2893,2911,2932,1.0,0.006480218281036835,Nextera,4,technical_match,0.028219712988891976
GCA_900553385.1,USDR01000249.1,Adapter,28,46,2924,1.0,0.006497948016415869,Nextera,4,technical_match,0.008966153511228647
GCA_900553385.1,USDR01000249.1,Adapter,2877,2895,2924,1.0,0.006497948016415869,Nextera,4,technical_match,0.008966153511228647
GCA_900553385.1,USDR01000250.1,Adapter,29,47,2918,1.0,0.0065113091158327625,Nextera,4,technical_match,0.012448477948726333
GCA_900553385.1,USDR01000250.1,Adapter,2871,2889,2918,1.0,0.0065113091158327625,Nextera,4,technical_match,0.012448477948726333
GCA_900553385.1,USDR01000251.1,Adapter,2858,2876,2904,1.0,0.0065426997245179065,Nextera,4,technical_match,0.016841983066575694
GCA_900553385.1,USDR01000252.1,Adapter,2854,2872,2899,1.0,0.006553984132459468,Nextera,4,technical_match,0.0014943567833602955
GCA_900553385.1,USDR01000254.1,Adapter,2822,2840,2868,1.0,0.006624825662482566,Nextera,4,technical_match,0.024600722995342217
GCA_900553385.1,USDR01000257.1,Adapter,30,48,2848,1.0,0.006671348314606741,Nextera,4,technical_match,0.0021934548838288825
GCA_900553385.1,USDR01000258.1,Adapter,24,42,2835,1.0,0.006701940035273368,Nextera,4,technical_match,0.04590716591963734
GCA_900553385.1,USDR01000258.1,Adapter,2797,2815,2835,1.0,0.006701940035273368,Nextera,4,technical_match,0.04590716591963734
GCA_900553385.1,USDR01000259.1,Adapter,28,46,2831,1.0,0.006711409395973154,Nextera,4,technical_match,0.07386604289160281
GCA_900553385.1,USDR01000260.1,Adapter,33,51,2828,1.0,0.006718528995756719,Nextera,4,technical_match,0.02260928057554734
GCA_900553385.1,USDR01000260.1,Adapter,2798,2816,2828,1.0,0.006718528995756719,Nextera,4,technical_match,0.02260928057554734
GCA_900553385.1,USDR01000261.1,Adapter,17,35,2809,1.0,0.006763972944108224,Nextera,4,technical_match,0.017424893958072618
GCA_900553385.1,USDR01000261.1,Adapter,2773,2791,2809,1.0,0.006763972944108224,Nextera,4,technical_match,0.017424893958072618
GCA_900553385.1,USDR01000262.1,Adapter,2758,2776,2805,1.0,0.006773618538324421,Nextera,4,technical_match,0.04467559917293168
GCA_900553385.1,USDR01000264.1,Adapter,22,40,2773,1.0,0.006851785070320952,Nextera,4,technical_match,0.004474474629090619
GCA_900553385.1,USDR01000265.1,Adapter,3,21,2770,1.0,0.0068592057761732855,Nextera,4,technical_match,0.0482476876344069
GCA_900553385.1,USDR01000266.1,Adapter,23,41,2766,1.0,0.006869125090383225,Nextera,4,technical_match,0.060960046298261794
GCA_900553385.1,USDR01000266.1,Adapter,2738,2756,2766,1.0,0.006869125090383225,Nextera,4,technical_match,0.060960046298261794
GCA_900553385.1,USDR01000268.1,Adapter,27,45,2760,1.0,0.006884057971014493,Nextera,4,technical_match,0.005256471838203325
GCA_900553385.1,USDR01000268.1,Adapter,2713,2731,2760,1.0,0.006884057971014493,Nextera,4,technical_match,0.005256471838203325
GCA_900553385.1,USDR01000269.1,Adapter,21,39,2755,1.0,0.006896551724137931,Nextera,4,technical_match,0.014851237465039746
GCA_900553385.1,USDR01000269.1,Adapter,2714,2732,2755,1.0,0.006896551724137931,Nextera,4,technical_match,0.014851237465039746
GCA_900553385.1,USDR01000270.1,Adapter,2711,2729,2740,1.0,0.006934306569343066,Nextera,4,technical_match,0.05006723492155546
GCA_900553385.1,USDR01000272.1,Adapter,13,31,2737,1.0,0.006941907197661673,Nextera,4,technical_match,0.010317148914445518
GCA_900553385.1,USDR01000273.1,Adapter,2707,2725,2733,1.0,0.006952067325283571,Nextera,4,technical_match,0.044648205718793244
GCA_900553385.1,USDR01000274.1,Adapter,18,36,2731,1.0,0.006957158549981692,Nextera,4,technical_match,0.018434881862463726
GCA_900553385.1,USDR01000274.1,Adapter,2686,2704,2731,1.0,0.006957158549981692,Nextera,4,technical_match,0.018434881862463726
GCA_900553385.1,USDR01000275.1,Adapter,28,46,2704,1.0,0.0070266272189349116,Nextera,4,technical_match,0.011771441719810538
GCA_900553385.1,USDR01000275.1,Adapter,2654,2672,2704,1.0,0.0070266272189349116,Nextera,4,technical_match,0.011771441719810538
GCA_900553385.1,USDR01000276.1,Adapter,29,47,2700,1.0,0.007037037037037037,Nextera,4,technical_match,0.004654961334099372
GCA_900553385.1,USDR01000277.1,Adapter,2645,2663,2691,1.0,0.007060572277963582,Nextera,4,technical_match,0.041349002495951415
GCA_900553385.1,USDR01000278.1,Adapter,13,31,2691,1.0,0.007060572277963582,Nextera,4,technical_match,0.02033810266941466
GCA_900553385.1,USDR01000279.1,Adapter,30,48,2689,1.0,0.007065823726292302,Nextera,4,technical_match,0.008516532956770129
GCA_900553385.1,USDR01000279.1,Adapter,2648,2666,2689,1.0,0.007065823726292302,Nextera,4,technical_match,0.008516532956770129
GCA_900553385.1,USDR01000280.1,Adapter,2642,2660,2677,1.0,0.007097497198356369,Nextera,4,technical_match,0.02477186942635301
GCA_900553385.1,USDR01000281.1,Adapter,2625,2643,2652,1.0,0.007164404223227752,Nextera,4,technical_match,0.006949246569561085
GCA_900553385.1,USDR01000283.1,Adapter,29,47,2636,1.0,0.007207890743550834,Nextera,4,technical_match,0.016078554882123897
GCA_900553385.1,USDR01000284.1,Adapter,9,27,2636,1.0,0.007207890743550834,Nextera,4,technical_match,0.022995800201335903
GCA_900553385.1,USDR01000284.1,Adapter,2586,2604,2636,1.0,0.007207890743550834,Nextera,4,technical_match,0.022995800201335903
GCA_900553385.1,USDR01000286.1,Adapter,32,50,2634,1.0,0.00721336370539104,Nextera,4,technical_match,0.015471632219107412
GCA_900553385.1,USDR01000287.1,Adapter,34,52,2631,1.0,0.007221588749524895,Nextera,4,technical_match,0.004634704614631557
GCA_900553385.1,USDR01000287.1,Adapter,2602,2620,2631,1.0,0.007221588749524895,Nextera,4,technical_match,0.004634704614631557
GCA_900553385.1,USDR01000288.1,Adapter,24,42,2630,1.0,0.007224334600760456,Nextera,4,technical_match,0.034033955719836695
GCA_900553385.1,USDR01000289.1,Adapter,21,39,2621,1.0,0.007249141549027089,Nextera,4,technical_match,0.03954678944607248
GCA_900553385.1,USDR01000290.1,Adapter,2599,2617,2617,1.0,0.0072602216278181125,Nextera,4,technical_match,0.01246062196031461
GCA_900553385.1,USDR01000291.1,Adapter,29,47,2609,1.0,0.007282483710233806,Nextera,4,technical_match,0.026012796747128364
GCA_900553385.1,USDR01000291.1,Adapter,2580,2598,2609,1.0,0.007282483710233806,Nextera,4,technical_match,0.026012796747128364
GCA_900553385.1,USDR01000292.1,Adapter,31,49,2606,1.0,0.0072908672294704525,Nextera,4,technical_match,0.004958250041071921
GCA_900553385.1,USDR01000293.1,Adapter,9,27,2605,1.0,0.007293666026871401,Nextera,4,technical_match,0.009829483264859329
GCA_900553385.1,USDR01000293.1,Adapter,2576,2594,2605,1.0,0.007293666026871401,Nextera,4,technical_match,0.009829483264859329
GCA_900553385.1,USDR01000294.1,Adapter,5,23,2598,1.0,0.007313317936874519,Nextera,4,technical_match,0.004080818325467805
GCA_900553385.1,USDR01000295.1,Adapter,30,48,2585,1.0,0.007350096711798839,Nextera,4,technical_match,0.0008889322489213924
GCA_900553385.1,USDR01000295.1,Adapter,2543,2561,2585,1.0,0.007350096711798839,Nextera,4,technical_match,0.0008889322489213924
GCA_900553385.1,USDR01000296.1,Adapter,24,42,2584,1.0,0.007352941176470588,Nextera,4,technical_match,0.029017993096511985
GCA_900553385.1,USDR01000296.1,Adapter,2545,2563,2584,1.0,0.007352941176470588,Nextera,4,technical_match,0.029017993096511985
GCA_900553385.1,USDR01000297.1,Adapter,30,48,2583,1.0,0.007355787843592722,Nextera,4,technical_match,0.016905574316419703
GCA_900553385.1,USDR01000297.1,Adapter,2535,2553,2583,1.0,0.007355787843592722,Nextera,4,technical_match,0.016905574316419703
GCA_900553385.1,USDR01000298.1,Adapter,2553,2571,2581,1.0,0.007361487795428129,Nextera,4,technical_match,0.0003733796764190944
GCA_900553385.1,USDR01000299.1,Adapter,2525,2543,2561,1.0,0.00741897696212417,Nextera,4,technical_match,0.036598357287647654
GCA_900553385.1,USDR01000301.1,Adapter,6,24,2546,1.0,0.007462686567164179,Nextera,4,technical_match,0.04359680183917636
GCA_900553385.1,USDR01000301.1,Adapter,2501,2519,2546,1.0,0.007462686567164179,Nextera,4,technical_match,0.04359680183917636
GCA_900553385.1,USDR01000302.1,Adapter,27,45,2544,1.0,0.007468553459119497,Nextera,4,technical_match,0.03641247402578879
GCA_900553385.1,USDR01000302.1,Adapter,2515,2533,2544,1.0,0.007468553459119497,Nextera,4,technical_match,0.03641247402578879
GCA_900553385.1,USDR01000303.1,Adapter,2497,2515,2544,1.0,0.007468553459119497,Nextera,4,technical_match,0.0057520966672982565
GCA_900553385.1,USDR01000304.1,Adapter,2499,2517,2533,1.0,0.007500986971969996,Nextera,4,technical_match,0.03991420712373861
GCA_900553385.1,USDR01000306.1,Adapter,15,33,2498,1.0,0.007606084867894315,Nextera,4,technical_match,0.04277760759925969
GCA_900553385.1,USDR01000306.1,Adapter,2450,2468,2498,1.0,0.007606084867894315,Nextera,4,technical_match,0.04277760759925969
GCA_900553385.1,USDR01000307.1,Adapter,14,32,2491,1.0,0.0076274588518667205,Nextera,4,technical_match,0.021136368473876677
GCA_900553385.1,USDR01000307.1,Adapter,2461,2479,2491,1.0,0.0076274588518667205,Nextera,4,technical_match,0.021136368473876677
GCA_900553385.1,USDR01000308.1,Adapter,15,33,2490,1.0,0.007630522088353414,Nextera,4,technical_match,0.05314670609090438
GCA_900553385.1,USDR01000309.1,Adapter,2455,2473,2484,1.0,0.007648953301127214,Nextera,4,technical_match,0.04732571499440302
GCA_900553385.1,USDR01000310.1,Adapter,22,40,2452,1.0,0.007748776508972268,Nextera,4,technical_match,0.016456060965541586
GCA_900553385.1,USDR01000310.1,Adapter,2427,2445,2452,1.0,0.007748776508972268,Nextera,4,technical_match,0.016456060965541586
GCA_900553385.1,USDR01000311.1,Adapter,2400,2418,2448,1.0,0.007761437908496732,Nextera,4,technical_match,0.010993186814048761
GCA_900553385.1,USDR01000313.1,Adapter,28,46,2443,1.0,0.007777322963569382,Nextera,4,technical_match,0.025997421272547894
GCA_900553385.1,USDR01000315.1,Adapter,27,45,2434,1.0,0.0078060805258833195,Nextera,4,technical_match,0.004795866413377536
GCA_900553385.1,USDR01000315.1,Adapter,2412,2430,2434,1.0,0.0078060805258833195,Nextera,4,technical_match,0.004795866413377536
GCA_900553385.1,USDR01000316.1,Adapter,26,44,2429,1.0,0.007822149032523672,Nextera,4,technical_match,0.0004512805021764654
GCA_900553385.1,USDR01000316.1,Adapter,2381,2399,2429,1.0,0.007822149032523672,Nextera,4,technical_match,0.0004512805021764654
GCA_900553385.1,USDR01000317.1,Adapter,2387,2405,2426,1.0,0.007831821929101401,Nextera,4,technical_match,0.03415087665558031
GCA_900553385.1,USDR01000318.1,Adapter,28,46,2418,1.0,0.007857733664185277,Nextera,4,technical_match,0.00025922564804115034
GCA_900553385.1,USDR01000318.1,Adapter,2379,2397,2418,1.0,0.007857733664185277,Nextera,4,technical_match,0.00025922564804115034
GCA_900553385.1,USDR01000319.1,Adapter,2370,2388,2417,1.0,0.007860984691766652,Nextera,4,technical_match,0.03529640542610202
GCA_900553385.1,USDR01000320.1,Adapter,16,34,2416,1.0,0.007864238410596027,Nextera,4,technical_match,0.018624178896032184
GCA_900553385.1,USDR01000321.1,Adapter,11,29,2410,1.0,0.007883817427385892,Nextera,4,technical_match,0.0369724655603173
GCA_900553385.1,USDR01000322.1,Adapter,2362,2380,2408,1.0,0.007890365448504983,Nextera,4,technical_match,0.001857496094773703
GCA_900553385.1,USDR01000324.1,Adapter,19,37,2385,1.0,0.007966457023060796,Nextera,4,technical_match,0.0055424525989491435
GCA_900553385.1,USDR01000325.1,Adapter,30,48,2384,1.0,0.007969798657718121,Nextera,4,technical_match,0.014221205430544837
GCA_900553385.1,USDR01000326.1,Adapter,16,34,2376,1.0,0.007996632996632997,Nextera,4,technical_match,0.014149752470614396
GCA_900553385.1,USDR01000326.1,Adapter,2347,2365,2376,1.0,0.007996632996632997,Nextera,4,technical_match,0.014149752470614396
GCA_900553385.1,USDR01000327.1,Adapter,27,45,2373,1.0,0.008006742520016857,Nextera,4,technical_match,0.02209608134159108
GCA_900553385.1,USDR01000328.1,Adapter,2330,2348,2366,1.0,0.008030431107354184,Nextera,4,technical_match,0.026531601390924864
GCA_900553385.1,USDR01000329.1,Adapter,30,48,2363,1.0,0.008040626322471435,Nextera,4,technical_match,0.00749892340124958
GCA_900553385.1,USDR01000329.1,Adapter,2323,2341,2363,1.0,0.008040626322471435,Nextera,4,technical_match,0.00749892340124958
GCA_900553385.1,USDR01000330.1,Adapter,9,27,2346,1.0,0.008098891730605285,Nextera,4,technical_match,0.011970026825415647
GCA_900553385.1,USDR01000330.1,Adapter,2302,2320,2346,1.0,0.008098891730605285,Nextera,4,technical_match,0.011970026825415647
GCA_900553385.1,USDR01000331.1,Adapter,32,50,2340,1.0,0.00811965811965812,Nextera,4,technical_match,0.004711941391079444
GCA_900553385.1,USDR01000332.1,Adapter,7,25,2339,1.0,0.008123129542539546,Nextera,4,technical_match,0.04220202956522062
GCA_900553385.1,USDR01000333.1,Adapter,29,47,2330,1.0,0.00815450643776824,Nextera,4,technical_match,0.01722232367623283
GCA_900553385.1,USDR01000333.1,Adapter,2292,2310,2330,1.0,0.00815450643776824,Nextera,4,technical_match,0.01722232367623283
GCA_900553385.1,USDR01000334.1,Adapter,30,48,2329,1.0,0.008158007728638901,Nextera,4,technical_match,0.005820777214385009
GCA_900553385.1,USDR01000334.1,Adapter,2300,2318,2329,1.0,0.008158007728638901,Nextera,4,technical_match,0.005820777214385009
GCA_900553385.1,USDR01000335.1,Adapter,16,34,2311,1.0,0.008221549112938122,Nextera,4,technical_match,0.0017830084400884405
GCA_900553385.1,USDR01000335.1,Adapter,2264,2282,2311,1.0,0.008221549112938122,Nextera,4,technical_match,0.0017830084400884405
GCA_900553385.1,USDR01000336.1,Adapter,25,43,2308,1.0,0.008232235701906412,Nextera,4,technical_match,0.032466759267214484
GCA_900553385.1,USDR01000338.1,Adapter,37,55,2288,1.0,0.008304195804195804,Nextera,4,technical_match,0.011527374848236793
GCA_900553385.1,USDR01000338.1,Adapter,2256,2274,2288,1.0,0.008304195804195804,Nextera,4,technical_match,0.011527374848236793
GCA_900553385.1,USDR01000339.1,Adapter,11,29,2280,1.0,0.008333333333333333,Nextera,4,technical_match,0.036886930145015595
GCA_900553385.1,USDR01000339.1,Adapter,2234,2252,2280,1.0,0.008333333333333333,Nextera,4,technical_match,0.036886930145015595
GCA_900553385.1,USDR01000340.1,Adapter,2242,2260,2278,1.0,0.008340649692712906,Nextera,4,technical_match,0.01647435938257863
GCA_900553385.1,USDR01000342.1,Adapter,2230,2248,2261,1.0,0.008403361344537815,Nextera,4,technical_match,0.008894154087224049
GCA_900553385.1,USDR01000343.1,Adapter,30,48,2261,1.0,0.008403361344537815,Nextera,4,technical_match,0.013316975847507073
GCA_900553385.1,USDR01000344.1,Adapter,2216,2234,2257,1.0,0.008418254319893664,Nextera,4,technical_match,0.028731989181619066
GCA_900553385.1,USDR01000345.1,Adapter,2217,2235,2255,1.0,0.008425720620842573,Nextera,4,technical_match,0.028285007459527944
GCA_900553385.1,USDR01000346.1,Adapter,34,52,2250,1.0,0.008444444444444444,Nextera,4,technical_match,0.00949318681404876
GCA_900553385.1,USDR01000346.1,Adapter,2225,2243,2250,1.0,0.008444444444444444,Nextera,4,technical_match,0.00949318681404876
GCA_900553385.1,USDR01000349.1,Adapter,10,28,2231,1.0,0.008516360376512775,Nextera,4,technical_match,0.01284079396188631
GCA_900553385.1,USDR01000349.1,Adapter,2185,2203,2231,1.0,0.008516360376512775,Nextera,4,technical_match,0.01284079396188631
GCA_900553385.1,USDR01000350.1,Adapter,2184,2202,2231,1.0,0.008516360376512775,Nextera,4,technical_match,0.03480403914341923
GCA_900553385.1,USDR01000351.1,Adapter,31,49,2231,1.0,0.008516360376512775,Nextera,4,technical_match,0.013604746154653347
GCA_900553385.1,USDR01000353.1,Adapter,8,26,2225,1.0,0.00853932584269663,Nextera,4,technical_match,0.005503174329654248
GCA_900553385.1,USDR01000353.1,Adapter,2178,2196,2225,1.0,0.00853932584269663,Nextera,4,technical_match,0.005503174329654248
GCA_900553385.1,USDR01000354.1,Adapter,2175,2193,2224,1.0,0.0085431654676259,Nextera,4,technical_match,0.011942427421562762
GCA_900553385.1,USDR01000356.1,Adapter,1,19,2222,1.0,0.008550855085508551,Nextera,4,technical_match,0.046268789383570985
GCA_900553385.1,USDR01000356.1,Adapter,2165,2183,2222,1.0,0.008550855085508551,Nextera,4,technical_match,0.046268789383570985
GCA_900553385.1,USDR01000359.1,Adapter,2190,2208,2213,1.0,0.00858563036601898,Nextera,4,technical_match,0.00586113361573487
GCA_900553385.1,USDR01000360.1,Adapter,33,51,2210,1.0,0.008597285067873304,Nextera,4,technical_match,0.004535973568052798
GCA_900553385.1,USDR01000360.1,Adapter,2162,2180,2210,1.0,0.008597285067873304,Nextera,4,technical_match,0.004535973568052798
GCA_900553385.1,USDR01000363.1,Adapter,2167,2185,2192,1.0,0.008667883211678832,Nextera,4,technical_match,0.013983859968955459
GCA_900553385.1,USDR01000364.1,Adapter,26,44,2187,1.0,0.008687700045724738,Nextera,4,technical_match,0.023671879486820036
GCA_900553385.1,USDR01000364.1,Adapter,2146,2164,2187,1.0,0.008687700045724738,Nextera,4,technical_match,0.023671879486820036
GCA_900553385.1,USDR01000365.1,Adapter,30,48,2185,1.0,0.008695652173913044,Nextera,4,technical_match,0.010590210083993468
GCA_900553385.1,USDR01000365.1,Adapter,2156,2174,2185,1.0,0.008695652173913044,Nextera,4,technical_match,0.010590210083993468
GCA_900553385.1,USDR01000366.1,Adapter,2136,2154,2184,1.0,0.0086996336996337,Nextera,4,technical_match,0.02372903540817345
GCA_900553385.1,USDR01000367.1,Adapter,6,24,2177,1.0,0.008727606798346348,Nextera,4,technical_match,0.005688358559059747
GCA_900553385.1,USDR01000368.1,Adapter,12,30,2170,1.0,0.008755760368663594,Nextera,4,technical_match,0.02922058686746687
GCA_900553385.1,USDR01000368.1,Adapter,2150,2168,2170,1.0,0.008755760368663594,Nextera,4,technical_match,0.02922058686746687
GCA_900553385.1,USDR01000369.1,Adapter,8,26,2165,1.0,0.008775981524249422,Nextera,4,technical_match,0.01100771131271544
GCA_900553385.1,USDR01000369.1,Adapter,2137,2155,2165,1.0,0.008775981524249422,Nextera,4,technical_match,0.01100771131271544
GCA_900553385.1,USDR01000370.1,Adapter,2102,2120,2151,1.0,0.008833100883310088,Nextera,4,technical_match,0.010421271577397084
GCA_900553385.1,USDR01000373.1,Adapter,13,31,2140,1.0,0.008878504672897197,Nextera,4,technical_match,0.004648038523438258
GCA_900553385.1,USDR01000376.1,Adapter,23,41,2116,1.0,0.008979206049149339,Nextera,4,technical_match,0.05086138677204077
GCA_900553385.1,USDR01000377.1,Adapter,13,31,2111,1.0,0.009000473709142587,Nextera,4,technical_match,0.029275379952623193
GCA_900553385.1,USDR01000378.1,Adapter,22,40,2109,1.0,0.009009009009009009,Nextera,4,technical_match,0.00624444555516257
GCA_900553385.1,USDR01000378.1,Adapter,2065,2083,2109,1.0,0.009009009009009009,Nextera,4,technical_match,0.00624444555516257
GCA_900553385.1,USDR01000379.1,Adapter,30,48,2107,1.0,0.009017560512577124,Nextera,4,technical_match,0.025409940328281033
GCA_900553385.1,USDR01000380.1,Adapter,32,50,2099,1.0,0.009051929490233444,Nextera,4,technical_match,0.007138838182425222
GCA_900553385.1,USDR01000380.1,Adapter,2069,2087,2099,1.0,0.009051929490233444,Nextera,4,technical_match,0.007138838182425222
GCA_900553385.1,USDR01000381.1,Adapter,2051,2069,2098,1.0,0.00905624404194471,Nextera,4,technical_match,0.03751200331411564
GCA_900553385.1,USDR01000382.1,Adapter,24,42,2096,1.0,0.009064885496183206,Nextera,4,technical_match,0.024842266960336312
GCA_900553385.1,USDR01000383.1,Adapter,2,20,2087,1.0,0.009103977000479156,Nextera,4,technical_match,0.054513258155155064
GCA_900553385.1,USDR01000384.1,Adapter,2035,2053,2080,1.0,0.009134615384615385,Nextera,4,technical_match,0.005299548228686279
GCA_900553385.1,USDR01000385.1,Adapter,6,24,2060,1.0,0.009223300970873786,Nextera,4,technical_match,0.03266255035234433
GCA_900553385.1,USDR01000387.1,Adapter,2004,2022,2051,1.0,0.009263773768893223,Nextera,4,technical_match,0.046746262776936665
GCA_900553385.1,USDR01000389.1,Adapter,31,49,2050,1.0,0.009268292682926829,Nextera,4,technical_match,0.01295667768459624
GCA_900553385.1,USDR01000389.1,Adapter,2004,2022,2050,1.0,0.009268292682926829,Nextera,4,technical_match,0.01295667768459624
GCA_900553385.1,USDR01000390.1,Adapter,2011,2029,2046,1.0,0.009286412512218964,Nextera,4,technical_match,0.039247119474644654
GCA_900553385.1,USDR01000391.1,Adapter,30,48,2046,1.0,0.009286412512218964,Nextera,4,technical_match,0.02653939708950287
GCA_900553385.1,USDR01000391.1,Adapter,2004,2022,2046,1.0,0.009286412512218964,Nextera,4,technical_match,0.02653939708950287
GCA_900553385.1,USDR01000392.1,Adapter,2012,2030,2045,1.0,0.009290953545232274,Nextera,4,technical_match,0.01955218129244407
GCA_900553385.1,USDR01000395.1,Adapter,12,30,2040,1.0,0.009313725490196078,Nextera,4,technical_match,0.021369003807512832
GCA_900553385.1,USDR01000395.1,Adapter,1994,2012,2040,1.0,0.009313725490196078,Nextera,4,technical_match,0.021369003807512832
GCA_900553385.1,USDR01000396.1,Adapter,17,35,2039,1.0,0.009318293281020108,Nextera,4,technical_match,0.0010259129625301844
GCA_900553385.1,USDR01000396.1,Adapter,1992,2010,2039,1.0,0.009318293281020108,Nextera,4,technical_match,0.0010259129625301844
GCA_900553385.1,USDR01000399.1,Adapter,1995,2013,2034,1.0,0.009341199606686333,Nextera,4,technical_match,0.011069251730690677
GCA_900553385.1,USDR01000400.1,Adapter,1985,2003,2031,1.0,0.009354997538158542,Nextera,4,technical_match,0.0007047410566222156
GCA_900553385.1,USDR01000401.1,Adapter,1967,1985,2020,1.0,0.009405940594059406,Nextera,4,technical_match,0.0025244149461272625
GCA_900553385.1,USDR01000402.1,Adapter,1972,1990,2019,1.0,0.009410599306587419,Nextera,4,technical_match,0.017723587166469656
GCA_900553385.1,USDR01000403.1,Adapter,1991,2009,2019,1.0,0.009410599306587419,Nextera,4,technical_match,0.045674134477908745
GCA_900553385.1,USDR01000404.1,Adapter,1967,1985,2017,1.0,0.009419930589985127,Nextera,4,technical_match,7.592022060115555e-05
GCA_900553385.1,USDR01000405.1,Adapter,1990,2008,2014,1.0,0.009433962264150943,Nextera,4,technical_match,0.04975518568953724
GCA_900553385.1,USDR01000406.1,Adapter,1963,1981,2009,1.0,0.009457441513190641,Nextera,4,technical_match,0.05394227701923654
GCA_900553385.1,USDR01000408.1,Adapter,14,32,2000,1.0,0.0095,Nextera,4,technical_match,0.024895702074840154
GCA_900553385.1,USDR01000408.1,Adapter,1954,1972,2000,1.0,0.0095,Nextera,4,technical_match,0.024895702074840154
GCA_900556265.1,USOI01000001.1,Adapter,1,19,18293,1.0,0.0010386486634231674,Nextera,4,technical_match,0.008244726458108698
GCA_900556265.1,USOI01000001.1,Adapter,18245,18263,18293,1.0,0.0010386486634231674,Nextera,4,technical_match,0.008244726458108698
GCA_900556265.1,USOI01000002.1,Adapter,27,45,15934,1.0,0.001192418727249906,Nextera,4,technical_match,0.06140635266575056
GCA_900556265.1,USOI01000003.1,Adapter,29,47,11773,1.0,0.0016138622271298735,Nextera,4,technical_match,0.006527712522948148
GCA_900556265.1,USOI01000003.1,Adapter,11725,11743,11773,1.0,0.0016138622271298735,Nextera,4,technical_match,0.006527712522948148
GCA_900556265.1,USOI01000004.1,Adapter,25,43,10578,1.0,0.0017961807525051995,Nextera,4,technical_match,0.011996690132530852
GCA_900556265.1,USOI01000005.1,Adapter,22,40,10471,1.0,0.0018145353834399772,Nextera,4,technical_match,0.016851088253305557
GCA_900556265.1,USOI01000005.1,Adapter,10431,10449,10471,1.0,0.0018145353834399772,Nextera,4,technical_match,0.016851088253305557
GCA_900556265.1,USOI01000006.1,Adapter,10418,10436,10468,1.0,0.0018150554069545281,Nextera,4,technical_match,0.032427754006312204
GCA_900556265.1,USOI01000007.1,Adapter,28,46,10180,1.0,0.0018664047151277013,Nextera,4,technical_match,0.007954010082654228
GCA_900556265.1,USOI01000007.1,Adapter,10147,10165,10180,1.0,0.0018664047151277013,Nextera,4,technical_match,0.007954010082654228
GCA_900556265.1,USOI01000010.1,Adapter,8526,8544,8572,1.0,0.002216518898740084,Nextera,4,technical_match,0.017588017455312688
GCA_900556265.1,USOI01000011.1,Adapter,29,47,8170,1.0,0.002325581395348837,Nextera,4,technical_match,0.008450103871074643
GCA_900556265.1,USOI01000012.1,Adapter,28,46,7944,1.0,0.002391742195367573,Nextera,4,technical_match,0.0007747731287054416
GCA_900556265.1,USOI01000012.1,Adapter,7906,7924,7944,1.0,0.002391742195367573,Nextera,4,technical_match,0.0007747731287054416
GCA_900556265.1,USOI01000013.1,Adapter,7759,7777,7800,1.0,0.002435897435897436,Nextera,4,technical_match,0.01366127923786048
GCA_900556265.1,USOI01000014.1,Adapter,28,46,7668,1.0,0.002477829942618675,Nextera,4,technical_match,0.020697093219103513
GCA_900556265.1,USOI01000014.1,Adapter,7631,7649,7668,1.0,0.002477829942618675,Nextera,4,technical_match,0.020697093219103513
GCA_900556265.1,USOI01000015.1,Adapter,15,33,7662,1.0,0.0024797702949621507,Nextera,4,technical_match,0.03050342971541542
GCA_900556265.1,USOI01000015.1,Adapter,7615,7633,7662,1.0,0.0024797702949621507,Nextera,4,technical_match,0.03050342971541542
GCA_900556265.1,USOI01000016.1,Adapter,25,43,7648,1.0,0.0024843096234309623,Nextera,4,technical_match,0.01517763289603069
GCA_900556265.1,USOI01000016.1,Adapter,7603,7621,7648,1.0,0.0024843096234309623,Nextera,4,technical_match,0.01517763289603069
GCA_900556265.1,USOI01000017.1,Adapter,7430,7448,7461,1.0,0.0025465755260688917,Nextera,4,technical_match,0.010170460312783458
GCA_900556265.1,USOI01000018.1,Adapter,13,31,7409,1.0,0.0025644486435416384,Nextera,4,technical_match,0.009837843450761441
GCA_900556265.1,USOI01000019.1,Adapter,7306,7324,7354,1.0,0.002583627957574109,Nextera,4,technical_match,0.030821995170624672
GCA_900556265.1,USOI01000020.1,Adapter,27,45,7295,1.0,0.0026045236463331047,Nextera,4,technical_match,0.01934420396981601
GCA_900556265.1,USOI01000020.1,Adapter,7264,7282,7295,1.0,0.0026045236463331047,Nextera,4,technical_match,0.01934420396981601
GCA_900556265.1,USOI01000021.1,Adapter,31,49,7264,1.0,0.0026156387665198237,Nextera,4,technical_match,0.00851383089429808
GCA_900556265.1,USOI01000021.1,Adapter,7219,7237,7264,1.0,0.0026156387665198237,Nextera,4,technical_match,0.00851383089429808
GCA_900556265.1,USOI01000023.1,Adapter,7192,7210,7236,1.0,0.002625760088446656,Nextera,4,technical_match,0.0014603349136043664
GCA_900556265.1,USOI01000024.1,Adapter,33,51,7146,1.0,0.0026588301147495103,Nextera,4,technical_match,0.01920703910351962
GCA_900556265.1,USOI01000024.1,Adapter,7116,7134,7146,1.0,0.0026588301147495103,Nextera,4,technical_match,0.01920703910351962
GCA_900556265.1,USOI01000025.1,Adapter,23,41,7062,1.0,0.0026904559614839988,Nextera,4,technical_match,0.005534686204725414
GCA_900556265.1,USOI01000025.1,Adapter,7014,7032,7062,1.0,0.0026904559614839988,Nextera,4,technical_match,0.005534686204725414
GCA_900556265.1,USOI01000026.1,Adapter,5,23,7026,1.0,0.002704241389126103,Nextera,4,technical_match,0.047539730703843985
GCA_900556265.1,USOI01000026.1,Adapter,6979,6997,7026,1.0,0.002704241389126103,Nextera,4,technical_match,0.047539730703843985
GCA_900556265.1,USOI01000027.1,Adapter,19,37,6981,1.0,0.002721673112734565,Nextera,4,technical_match,0.014743502415055731
GCA_900556265.1,USOI01000028.1,Adapter,29,47,6877,1.0,0.002762832630507489,Nextera,4,technical_match,0.002561637731748334
GCA_900556265.1,USOI01000029.1,Adapter,30,48,6653,1.0,0.0028558545017285434,Nextera,4,technical_match,0.010161354391926336
GCA_900556265.1,USOI01000029.1,Adapter,6618,6636,6653,1.0,0.0028558545017285434,Nextera,4,technical_match,0.010161354391926336
GCA_900556265.1,USOI01000030.1,Adapter,6577,6595,6621,1.0,0.0028696571514876907,Nextera,4,technical_match,0.01129643107780176
GCA_900556265.1,USOI01000031.1,Adapter,29,47,6587,1.0,0.002884469409442842,Nextera,4,technical_match,0.02710310515564185
GCA_900556265.1,USOI01000031.1,Adapter,6537,6555,6587,1.0,0.002884469409442842,Nextera,4,technical_match,0.02710310515564185
GCA_900556265.1,USOI01000032.1,Adapter,13,31,6567,1.0,0.0028932541495355567,Nextera,4,technical_match,0.024653780911370493
GCA_900556265.1,USOI01000032.1,Adapter,6522,6540,6567,1.0,0.0028932541495355567,Nextera,4,technical_match,0.024653780911370493
GCA_900556265.1,USOI01000033.1,Adapter,9,27,6507,1.0,0.0029199323805132933,Nextera,4,technical_match,0.014602897802250159
GCA_900556265.1,USOI01000033.1,Adapter,6465,6483,6507,1.0,0.0029199323805132933,Nextera,4,technical_match,0.014602897802250159
GCA_900556265.1,USOI01000035.1,Adapter,14,32,6434,1.0,0.002953061858874728,Nextera,4,technical_match,0.04509895409020742
GCA_900556265.1,USOI01000035.1,Adapter,6387,6405,6434,1.0,0.002953061858874728,Nextera,4,technical_match,0.04509895409020742
GCA_900556265.1,USOI01000037.1,Adapter,30,48,6238,1.0,0.0030458480282141713,Nextera,4,technical_match,0.018452879109614295
GCA_900556265.1,USOI01000038.1,Adapter,18,36,6230,1.0,0.0030497592295345103,Nextera,4,technical_match,0.004134794486656657
GCA_900556265.1,USOI01000038.1,Adapter,6183,6201,6230,1.0,0.0030497592295345103,Nextera,4,technical_match,0.004134794486656657
GCA_900556265.1,USOI01000039.1,Adapter,19,37,6183,1.0,0.0030729419375707585,Nextera,4,technical_match,0.03256229816071349
GCA_900556265.1,USOI01000039.1,Adapter,6157,6175,6183,1.0,0.0030729419375707585,Nextera,4,technical_match,0.03256229816071349
GCA_900556265.1,USOI01000040.1,Adapter,29,47,6166,1.0,0.003081414206941291,Nextera,4,technical_match,0.01784537012963866
GCA_900556265.1,USOI01000040.1,Adapter,6141,6159,6166,1.0,0.003081414206941291,Nextera,4,technical_match,0.01784537012963866
GCA_900556265.1,USOI01000041.1,Adapter,11,29,6156,1.0,0.0030864197530864196,Nextera,4,technical_match,0.013275043049338964
GCA_900556265.1,USOI01000041.1,Adapter,6125,6143,6156,1.0,0.0030864197530864196,Nextera,4,technical_match,0.013275043049338964
GCA_900556265.1,USOI01000042.1,Adapter,28,46,6087,1.0,0.0031214062756694597,Nextera,4,technical_match,0.012462427021380507
GCA_900556265.1,USOI01000042.1,Adapter,6061,6079,6087,1.0,0.0031214062756694597,Nextera,4,technical_match,0.012462427021380507
GCA_900556265.1,USOI01000043.1,Adapter,30,48,6057,1.0,0.00313686643552914,Nextera,4,technical_match,0.014046783612963687
GCA_900556265.1,USOI01000043.1,Adapter,6010,6028,6057,1.0,0.00313686643552914,Nextera,4,technical_match,0.014046783612963687
GCA_900556265.1,USOI01000044.1,Adapter,28,46,5953,1.0,0.003191668066521082,Nextera,4,technical_match,0.028983805695108944
GCA_900556265.1,USOI01000045.1,Adapter,14,32,5915,1.0,0.003212172442941674,Nextera,4,technical_match,0.03226856015351737
GCA_900556265.1,USOI01000047.1,Adapter,19,37,5694,1.0,0.0033368458025992273,Nextera,4,technical_match,0.007664677910014461
GCA_900556265.1,USOI01000047.1,Adapter,5648,5666,5694,1.0,0.0033368458025992273,Nextera,4,technical_match,0.007664677910014461
GCA_900556265.1,USOI01000048.1,Adapter,26,44,5687,1.0,0.003340953050817654,Nextera,4,technical_match,0.03458355811952041
GCA_900556265.1,USOI01000048.1,Adapter,5643,5661,5687,1.0,0.003340953050817654,Nextera,4,technical_match,0.03458355811952041
GCA_900556265.1,USOI01000049.1,Adapter,18,36,5516,1.0,0.003444525018129079,Nextera,4,technical_match,0.002598915205953345
GCA_900556265.1,USOI01000049.1,Adapter,5469,5487,5516,1.0,0.003444525018129079,Nextera,4,technical_match,0.002598915205953345
GCA_900556265.1,USOI01000050.1,Adapter,25,43,5497,1.0,0.0034564307804256867,Nextera,4,technical_match,0.013347088962976317
GCA_900556265.1,USOI01000050.1,Adapter,5454,5472,5497,1.0,0.0034564307804256867,Nextera,4,technical_match,0.013347088962976317
GCA_900556265.1,USOI01000051.1,Adapter,31,49,5468,1.0,0.003474762253108998,Nextera,4,technical_match,0.016137504548760284
GCA_900556265.1,USOI01000051.1,Adapter,5427,5445,5468,1.0,0.003474762253108998,Nextera,4,technical_match,0.016137504548760284
GCA_900556265.1,USOI01000052.1,Adapter,5376,5394,5422,1.0,0.0035042419771302105,Nextera,4,technical_match,0.014105764667591225
GCA_900556265.1,USOI01000053.1,Adapter,7,25,5410,1.0,0.003512014787430684,Nextera,4,technical_match,0.009511556502185825
GCA_900556265.1,USOI01000053.1,Adapter,5362,5380,5410,1.0,0.003512014787430684,Nextera,4,technical_match,0.009511556502185825
GCA_900556265.1,USOI01000054.1,Adapter,20,38,5357,1.0,0.003546761246966586,Nextera,4,technical_match,0.0345377026091504
GCA_900556265.1,USOI01000055.1,Adapter,31,49,5338,1.0,0.0035593855376545524,Nextera,4,technical_match,0.01523302895685641
GCA_900556265.1,USOI01000055.1,Adapter,5295,5313,5338,1.0,0.0035593855376545524,Nextera,4,technical_match,0.01523302895685641
GCA_900556265.1,USOI01000056.1,Adapter,30,48,5331,1.0,0.0035640592759332208,Nextera,4,technical_match,0.02520478716619129
GCA_900556265.1,USOI01000056.1,Adapter,5287,5305,5331,1.0,0.0035640592759332208,Nextera,4,technical_match,0.02520478716619129
GCA_900556265.1,USOI01000057.1,Adapter,5243,5261,5290,1.0,0.0035916824196597355,Nextera,4,technical_match,0.009788626244181087
GCA_900556265.1,USOI01000058.1,Adapter,5248,5266,5289,1.0,0.003592361505010399,Nextera,4,technical_match,0.007269898678569808
GCA_900556265.1,USOI01000059.1,Adapter,31,49,5257,1.0,0.0036142286475175957,Nextera,4,technical_match,0.0005996471282923022
GCA_900556265.1,USOI01000059.1,Adapter,5226,5244,5257,1.0,0.0036142286475175957,Nextera,4,technical_match,0.0005996471282923022
GCA_900556265.1,USOI01000060.1,Adapter,15,33,5251,1.0,0.0036183584079223004,Nextera,4,technical_match,0.007781303127403272
GCA_900556265.1,USOI01000060.1,Adapter,5217,5235,5251,1.0,0.0036183584079223004,Nextera,4,technical_match,0.007781303127403272
GCA_900556265.1,USOI01000061.1,Adapter,19,37,5222,1.0,0.0036384527001148987,Nextera,4,technical_match,0.00665438532748136
GCA_900556265.1,USOI01000061.1,Adapter,5178,5196,5222,1.0,0.0036384527001148987,Nextera,4,technical_match,0.00665438532748136
GCA_900556265.1,USOI01000062.1,Adapter,20,38,5189,1.0,0.003661591828868761,Nextera,4,technical_match,0.003215143180816782
GCA_900556265.1,USOI01000063.1,Adapter,30,48,5115,1.0,0.0037145650048875855,Nextera,4,technical_match,0.02291347865135024
GCA_900556265.1,USOI01000064.1,Adapter,29,47,5091,1.0,0.0037320762129247694,Nextera,4,technical_match,0.013522967472019698
GCA_900556265.1,USOI01000064.1,Adapter,5044,5062,5091,1.0,0.0037320762129247694,Nextera,4,technical_match,0.013522967472019698
GCA_900556265.1,USOI01000066.1,Adapter,26,44,5025,1.0,0.003781094527363184,Nextera,4,technical_match,0.018313020531392832
GCA_900556265.1,USOI01000066.1,Adapter,4994,5012,5025,1.0,0.003781094527363184,Nextera,4,technical_match,0.018313020531392832
GCA_900556265.1,USOI01000067.1,Adapter,25,43,5012,1.0,0.003790901835594573,Nextera,4,technical_match,0.005720205199489847
GCA_900556265.1,USOI01000067.1,Adapter,4963,4981,5012,1.0,0.003790901835594573,Nextera,4,technical_match,0.005720205199489847
GCA_900556265.1,USOI01000068.1,Adapter,24,42,4945,1.0,0.0038422649140546004,Nextera,4,technical_match,0.011217386080643044
GCA_900556265.1,USOI01000068.1,Adapter,4899,4917,4945,1.0,0.0038422649140546004,Nextera,4,technical_match,0.011217386080643044
GCA_900556265.1,USOI01000069.1,Adapter,25,43,4941,1.0,0.0038453754300748835,Nextera,4,technical_match,0.039031649608230856
GCA_900556265.1,USOI01000069.1,Adapter,4895,4913,4941,1.0,0.0038453754300748835,Nextera,4,technical_match,0.039031649608230856
GCA_900556265.1,USOI01000070.1,Adapter,37,55,4893,1.0,0.003883098303699162,Nextera,4,technical_match,0.020077735681411912
GCA_900556265.1,USOI01000070.1,Adapter,4849,4867,4893,1.0,0.003883098303699162,Nextera,4,technical_match,0.020077735681411912
GCA_900556265.1,USOI01000071.1,Adapter,28,46,4887,1.0,0.003887865766318805,Nextera,4,technical_match,0.013862834384167022
GCA_900556265.1,USOI01000072.1,Adapter,27,45,4879,1.0,0.0038942406230784996,Nextera,4,technical_match,0.021439151178208382
GCA_900556265.1,USOI01000072.1,Adapter,4833,4851,4879,1.0,0.0038942406230784996,Nextera,4,technical_match,0.021439151178208382
GCA_900556265.1,USOI01000073.1,Adapter,4834,4852,4879,1.0,0.0038942406230784996,Nextera,4,technical_match,0.0050423485547199665
GCA_900556265.1,USOI01000074.1,Adapter,30,48,4865,1.0,0.0039054470709146967,Nextera,4,technical_match,0.0008298301114473272
GCA_900556265.1,USOI01000075.1,Adapter,4802,4820,4848,1.0,0.003919141914191419,Nextera,4,technical_match,0.03149131224116086
GCA_900556265.1,USOI01000076.1,Adapter,11,29,4832,1.0,0.003932119205298013,Nextera,4,technical_match,0.035395012152867944
GCA_900556265.1,USOI01000076.1,Adapter,4801,4819,4832,1.0,0.003932119205298013,Nextera,4,technical_match,0.035395012152867944
GCA_900556265.1,USOI01000077.1,Adapter,23,41,4814,1.0,0.0039468217698379725,Nextera,4,technical_match,0.00042887448046108334
GCA_900556265.1,USOI01000077.1,Adapter,4782,4800,4814,1.0,0.0039468217698379725,Nextera,4,technical_match,0.00042887448046108334
GCA_900556265.1,USOI01000078.1,Adapter,29,47,4758,1.0,0.003993274485077764,Nextera,4,technical_match,0.014819174734396756
GCA_900556265.1,USOI01000079.1,Adapter,4691,4709,4736,1.0,0.004011824324324324,Nextera,4,technical_match,0.024446752210833478
GCA_900556265.1,USOI01000080.1,Adapter,27,45,4727,1.0,0.0040194626613073835,Nextera,4,technical_match,0.04870703047231506
GCA_900556265.1,USOI01000080.1,Adapter,4693,4711,4727,1.0,0.0040194626613073835,Nextera,4,technical_match,0.04870703047231506
GCA_900556265.1,USOI01000081.1,Adapter,16,34,4722,1.0,0.004023718763235917,Nextera,4,technical_match,0.01304138912300351
GCA_900556265.1,USOI01000081.1,Adapter,4692,4710,4722,1.0,0.004023718763235917,Nextera,4,technical_match,0.01304138912300351
GCA_900556265.1,USOI01000084.1,Adapter,4660,4678,4692,1.0,0.0040494458653026425,Nextera,4,technical_match,0.002633998760452172
GCA_900556265.1,USOI01000085.1,Adapter,28,46,4656,1.0,0.004080756013745705,Nextera,4,technical_match,0.010156124598685257
GCA_900556265.1,USOI01000086.1,Adapter,10,28,4652,1.0,0.00408426483233018,Nextera,4,technical_match,0.02071963219808104
GCA_900556265.1,USOI01000086.1,Adapter,4628,4646,4652,1.0,0.00408426483233018,Nextera,4,technical_match,0.02071963219808104
GCA_900556265.1,USOI01000089.1,Adapter,30,48,4513,1.0,0.0042100598271659646,Nextera,4,technical_match,0.005169875204860508
GCA_900556265.1,USOI01000090.1,Adapter,30,48,4500,1.0,0.004222222222222222,Nextera,4,technical_match,0.0273387207621395
GCA_900556265.1,USOI01000090.1,Adapter,4474,4492,4500,1.0,0.004222222222222222,Nextera,4,technical_match,0.0273387207621395
GCA_900556265.1,USOI01000091.1,Adapter,28,46,4497,1.0,0.004225038914832111,Nextera,4,technical_match,0.010235763234899109
GCA_900556265.1,USOI01000091.1,Adapter,4453,4471,4497,1.0,0.004225038914832111,Nextera,4,technical_match,0.010235763234899109
GCA_900556265.1,USOI01000092.1,Adapter,28,46,4464,1.0,0.004256272401433692,Nextera,4,technical_match,0.0006935594718169291
GCA_900556265.1,USOI01000092.1,Adapter,4418,4436,4464,1.0,0.004256272401433692,Nextera,4,technical_match,0.0006935594718169291
GCA_900556265.1,USOI01000093.1,Adapter,4396,4414,4445,1.0,0.0042744656917885265,Nextera,4,technical_match,0.021102500289698567
GCA_900556265.1,USOI01000094.1,Adapter,4390,4408,4424,1.0,0.004294755877034358,Nextera,4,technical_match,0.013371948315618165
GCA_900556265.1,USOI01000095.1,Adapter,31,49,4421,1.0,0.004297670210359647,Nextera,4,technical_match,0.034120896740424955
GCA_900556265.1,USOI01000095.1,Adapter,4381,4399,4421,1.0,0.004297670210359647,Nextera,4,technical_match,0.034120896740424955
GCA_900556265.1,USOI01000096.1,Adapter,25,43,4410,1.0,0.004308390022675737,Nextera,4,technical_match,0.01433191804105105
GCA_900556265.1,USOI01000096.1,Adapter,4366,4384,4410,1.0,0.004308390022675737,Nextera,4,technical_match,0.01433191804105105
GCA_900556265.1,USOI01000097.1,Adapter,21,39,4398,1.0,0.004320145520691224,Nextera,4,technical_match,0.02314058801457719
GCA_900556265.1,USOI01000097.1,Adapter,4364,4382,4398,1.0,0.004320145520691224,Nextera,4,technical_match,0.02314058801457719
GCA_900556265.1,USOI01000098.1,Adapter,30,48,4316,1.0,0.004402224281742354,Nextera,4,technical_match,0.015073660521175647
GCA_900556265.1,USOI01000098.1,Adapter,4292,4310,4316,1.0,0.004402224281742354,Nextera,4,technical_match,0.015073660521175647
GCA_900556265.1,USOI01000099.1,Adapter,25,43,4282,1.0,0.004437178888369921,Nextera,4,technical_match,0.026808127581382846
GCA_900556265.1,USOI01000099.1,Adapter,4236,4254,4282,1.0,0.004437178888369921,Nextera,4,technical_match,0.026808127581382846
GCA_900556265.1,USOI01000100.1,Adapter,23,41,4241,1.0,0.004480075453902382,Nextera,4,technical_match,0.04710975837014064
GCA_900556265.1,USOI01000100.1,Adapter,4191,4209,4241,1.0,0.004480075453902382,Nextera,4,technical_match,0.04710975837014064
GCA_900556265.1,USOI01000101.1,Adapter,4140,4158,4183,1.0,0.004542194597179058,Nextera,4,technical_match,0.01195072171839101
GCA_900556265.1,USOI01000102.1,Adapter,27,45,4176,1.0,0.004549808429118774,Nextera,4,technical_match,0.005428759076315737
GCA_900556265.1,USOI01000102.1,Adapter,4130,4148,4176,1.0,0.004549808429118774,Nextera,4,technical_match,0.005428759076315737
GCA_900556265.1,USOI01000103.1,Adapter,12,30,4168,1.0,0.004558541266794626,Nextera,4,technical_match,0.05278785703853106
GCA_900556265.1,USOI01000104.1,Adapter,29,47,4158,1.0,0.00456950456950457,Nextera,4,technical_match,0.01339740282082158
GCA_900556265.1,USOI01000105.1,Adapter,17,35,4157,1.0,0.004570603800817898,Nextera,4,technical_match,0.027333398554675536
GCA_900556265.1,USOI01000105.1,Adapter,4103,4121,4157,1.0,0.004570603800817898,Nextera,4,technical_match,0.027333398554675536
GCA_900556265.1,USOI01000106.1,Adapter,25,43,4141,1.0,0.004588263704419222,Nextera,4,technical_match,0.026339928199956453
GCA_900556265.1,USOI01000107.1,Adapter,4087,4105,4123,1.0,0.004608294930875576,Nextera,4,technical_match,0.002694529639170773
GCA_900556265.1,USOI01000109.1,Adapter,29,47,4089,1.0,0.0046466128637808754,Nextera,4,technical_match,0.020993893175932588
GCA_900556265.1,USOI01000109.1,Adapter,4054,4072,4089,1.0,0.0046466128637808754,Nextera,4,technical_match,0.020993893175932588
GCA_900556265.1,USOI01000110.1,Adapter,28,46,4084,1.0,0.00465230166503428,Nextera,4,technical_match,0.04941544182356078
GCA_900556265.1,USOI01000111.1,Adapter,4043,4061,4083,1.0,0.004653441097232427,Nextera,4,technical_match,0.04412050039877158
GCA_900556265.1,USOI01000112.1,Adapter,33,51,4080,1.0,0.004656862745098039,Nextera,4,technical_match,0.057876965512370315
GCA_900556265.1,USOI01000112.1,Adapter,4035,4053,4080,1.0,0.004656862745098039,Nextera,4,technical_match,0.057876965512370315
GCA_900556265.1,USOI01000113.1,Adapter,29,47,4015,1.0,0.004732254047322541,Nextera,4,technical_match,0.004065993489412223
GCA_900556265.1,USOI01000113.1,Adapter,3968,3986,4015,1.0,0.004732254047322541,Nextera,4,technical_match,0.004065993489412223
GCA_900556265.1,USOI01000115.1,Adapter,3950,3968,3992,1.0,0.004759519038076153,Nextera,4,technical_match,0.023973991303221642
GCA_900556265.1,USOI01000116.1,Adapter,29,47,3982,1.0,0.004771471622300351,Nextera,4,technical_match,0.005874130104178643
GCA_900556265.1,USOI01000116.1,Adapter,3953,3971,3982,1.0,0.004771471622300351,Nextera,4,technical_match,0.005874130104178643
GCA_900556265.1,USOI01000117.1,Adapter,30,48,3951,1.0,0.00480890913692736,Nextera,4,technical_match,0.03242705282997044
GCA_900556265.1,USOI01000117.1,Adapter,3910,3928,3951,1.0,0.00480890913692736,Nextera,4,technical_match,0.03242705282997044
GCA_900556265.1,USOI01000118.1,Adapter,14,32,3943,1.0,0.004818665990362668,Nextera,4,technical_match,0.02930038651658229
GCA_900556265.1,USOI01000118.1,Adapter,3896,3914,3943,1.0,0.004818665990362668,Nextera,4,technical_match,0.02930038651658229
GCA_900556265.1,USOI01000119.1,Adapter,16,34,3937,1.0,0.004826009652019304,Nextera,4,technical_match,0.019426096936891846
GCA_900556265.1,USOI01000119.1,Adapter,3888,3906,3937,1.0,0.004826009652019304,Nextera,4,technical_match,0.019426096936891846
GCA_900556265.1,USOI01000120.1,Adapter,25,43,3934,1.0,0.004829689883070666,Nextera,4,technical_match,0.01156241166198696
GCA_900556265.1,USOI01000120.1,Adapter,3895,3913,3934,1.0,0.004829689883070666,Nextera,4,technical_match,0.01156241166198696
GCA_900556265.1,USOI01000121.1,Adapter,29,47,3930,1.0,0.004834605597964376,Nextera,4,technical_match,0.01708935689445501
GCA_900556265.1,USOI01000122.1,Adapter,10,28,3915,1.0,0.004853128991060026,Nextera,4,technical_match,0.05716702636429727
GCA_900556265.1,USOI01000122.1,Adapter,3896,3914,3915,1.0,0.004853128991060026,Nextera,4,technical_match,0.05716702636429727
GCA_900556265.1,USOI01000123.1,Adapter,25,43,3898,1.0,0.0048742945100051305,Nextera,4,technical_match,0.019640413938127155
GCA_900556265.1,USOI01000123.1,Adapter,3858,3876,3898,1.0,0.0048742945100051305,Nextera,4,technical_match,0.019640413938127155
GCA_900556265.1,USOI01000124.1,Adapter,25,43,3873,1.0,0.0049057578104828295,Nextera,4,technical_match,0.022792374260719395
GCA_900556265.1,USOI01000124.1,Adapter,3829,3847,3873,1.0,0.0049057578104828295,Nextera,4,technical_match,0.022792374260719395
GCA_900556265.1,USOI01000125.1,Adapter,27,45,3856,1.0,0.004927385892116182,Nextera,4,technical_match,0.01780137636379925
GCA_900556265.1,USOI01000125.1,Adapter,3809,3827,3856,1.0,0.004927385892116182,Nextera,4,technical_match,0.01780137636379925
GCA_900556265.1,USOI01000126.1,Adapter,3800,3818,3848,1.0,0.004937629937629938,Nextera,4,technical_match,0.027284666708085437
GCA_900556265.1,USOI01000127.1,Adapter,25,43,3808,1.0,0.004989495798319327,Nextera,4,technical_match,0.02501632125466724
GCA_900556265.1,USOI01000128.1,Adapter,29,47,3797,1.0,0.005003950487226758,Nextera,4,technical_match,0.006345304907517446
GCA_900556265.1,USOI01000128.1,Adapter,3755,3773,3797,1.0,0.005003950487226758,Nextera,4,technical_match,0.006345304907517446
GCA_900556265.1,USOI01000130.1,Adapter,3697,3715,3733,1.0,0.005089740155371015,Nextera,4,technical_match,0.03458680830295563
GCA_900556265.1,USOI01000131.1,Adapter,32,50,3703,1.0,0.005130974885228194,Nextera,4,technical_match,0.01969950931196396
GCA_900556265.1,USOI01000131.1,Adapter,3679,3697,3703,1.0,0.005130974885228194,Nextera,4,technical_match,0.01969950931196396
GCA_900556265.1,USOI01000133.1,Adapter,31,49,3693,1.0,0.005144868670457623,Nextera,4,technical_match,0.003421038660866793
GCA_900556265.1,USOI01000133.1,Adapter,3646,3664,3693,1.0,0.005144868670457623,Nextera,4,technical_match,0.003421038660866793
GCA_900556265.1,USOI01000134.1,Adapter,28,46,3662,1.0,0.005188421627525942,Nextera,4,technical_match,0.022839324022131402
GCA_900556265.1,USOI01000135.1,Adapter,31,49,3660,1.0,0.005191256830601093,Nextera,4,technical_match,0.055000077052068164
GCA_900556265.1,USOI01000135.1,Adapter,3637,3655,3660,1.0,0.005191256830601093,Nextera,4,technical_match,0.055000077052068164
GCA_900556265.1,USOI01000136.1,Adapter,22,40,3655,1.0,0.005198358413132695,Nextera,4,technical_match,0.01259727069374006
GCA_900556265.1,USOI01000137.1,Adapter,25,43,3651,1.0,0.005204053683922213,Nextera,4,technical_match,0.033338172967014856
GCA_900556265.1,USOI01000137.1,Adapter,3605,3623,3651,1.0,0.005204053683922213,Nextera,4,technical_match,0.033338172967014856
GCA_900556265.1,USOI01000138.1,Adapter,30,48,3645,1.0,0.005212620027434842,Nextera,4,technical_match,0.006235840103703261
GCA_900556265.1,USOI01000138.1,Adapter,3625,3643,3645,1.0,0.005212620027434842,Nextera,4,technical_match,0.006235840103703261
GCA_900556265.1,USOI01000139.1,Adapter,29,47,3632,1.0,0.0052312775330396475,Nextera,4,technical_match,0.028475284638791454
GCA_900556265.1,USOI01000140.1,Adapter,23,41,3630,1.0,0.005234159779614325,Nextera,4,technical_match,0.04441885499543624
GCA_900556265.1,USOI01000140.1,Adapter,3579,3597,3630,1.0,0.005234159779614325,Nextera,4,technical_match,0.04441885499543624
GCA_900556265.1,USOI01000142.1,Adapter,25,43,3602,1.0,0.005274847307051638,Nextera,4,technical_match,0.045118802835861616
GCA_900556265.1,USOI01000142.1,Adapter,3560,3578,3602,1.0,0.005274847307051638,Nextera,4,technical_match,0.045118802835861616
GCA_900556265.1,USOI01000143.1,Adapter,28,46,3601,1.0,0.005276312135517912,Nextera,4,technical_match,0.0282836063692129
GCA_900556265.1,USOI01000143.1,Adapter,3557,3575,3601,1.0,0.005276312135517912,Nextera,4,technical_match,0.0282836063692129
GCA_900556265.1,USOI01000144.1,Adapter,10,28,3591,1.0,0.005291005291005291,Nextera,4,technical_match,0.009701293861554716
GCA_900556265.1,USOI01000144.1,Adapter,3541,3559,3591,1.0,0.005291005291005291,Nextera,4,technical_match,0.009701293861554716
GCA_900556265.1,USOI01000145.1,Adapter,29,47,3590,1.0,0.0052924791086350976,Nextera,4,technical_match,0.01713259262843475
GCA_900556265.1,USOI01000146.1,Adapter,29,47,3582,1.0,0.00530429927414852,Nextera,4,technical_match,0.028156141197650364
GCA_900556265.1,USOI01000146.1,Adapter,3536,3554,3582,1.0,0.00530429927414852,Nextera,4,technical_match,0.028156141197650364
GCA_900556265.1,USOI01000147.1,Adapter,15,33,3582,1.0,0.00530429927414852,Nextera,4,technical_match,0.037449665614186556
GCA_900556265.1,USOI01000147.1,Adapter,3538,3556,3582,1.0,0.00530429927414852,Nextera,4,technical_match,0.037449665614186556
GCA_900556265.1,USOI01000148.1,Adapter,3545,3563,3578,1.0,0.005310229178311906,Nextera,4,technical_match,0.03115429209420484
GCA_900556265.1,USOI01000149.1,Adapter,30,48,3574,1.0,0.005316172355903749,Nextera,4,technical_match,0.01740475321877072
GCA_900556265.1,USOI01000150.1,Adapter,3528,3546,3572,1.0,0.005319148936170213,Nextera,4,technical_match,0.016365646539092282
GCA_900556265.1,USOI01000151.1,Adapter,28,46,3570,1.0,0.005322128851540616,Nextera,4,technical_match,0.027137040089870612
GCA_900556265.1,USOI01000152.1,Adapter,19,37,3541,1.0,0.005365715899463428,Nextera,4,technical_match,0.026057726692667593
GCA_900556265.1,USOI01000152.1,Adapter,3496,3514,3541,1.0,0.005365715899463428,Nextera,4,technical_match,0.026057726692667593
GCA_900556265.1,USOI01000153.1,Adapter,3479,3497,3525,1.0,0.005390070921985815,Nextera,4,technical_match,0.009352905159302594
GCA_900556265.1,USOI01000154.1,Adapter,20,38,3522,1.0,0.005394662123793299,Nextera,4,technical_match,0.023573261066367035
GCA_900556265.1,USOI01000155.1,Adapter,3449,3467,3481,1.0,0.005458201666187877,Nextera,4,technical_match,0.023668511052286012
GCA_900556265.1,USOI01000156.1,Adapter,25,43,3478,1.0,0.005462909718228867,Nextera,4,technical_match,0.034963751923311914
GCA_900556265.1,USOI01000156.1,Adapter,3457,3475,3478,1.0,0.005462909718228867,Nextera,4,technical_match,0.034963751923311914
GCA_900556265.1,USOI01000157.1,Adapter,7,25,3476,1.0,0.005466052934407365,Nextera,4,technical_match,0.06321443997963089
GCA_900556265.1,USOI01000157.1,Adapter,3452,3470,3476,1.0,0.005466052934407365,Nextera,4,technical_match,0.06321443997963089
GCA_900556265.1,USOI01000158.1,Adapter,22,40,3466,1.0,0.005481823427582228,Nextera,4,technical_match,0.005891519377257792
GCA_900556265.1,USOI01000158.1,Adapter,3421,3439,3466,1.0,0.005481823427582228,Nextera,4,technical_match,0.005891519377257792
GCA_900556265.1,USOI01000159.1,Adapter,29,47,3462,1.0,0.005488157134604275,Nextera,4,technical_match,0.010948974211863971
GCA_900556265.1,USOI01000160.1,Adapter,7,25,3451,1.0,0.0055056505360765,Nextera,4,technical_match,0.022732519661009365
GCA_900556265.1,USOI01000160.1,Adapter,3405,3423,3451,1.0,0.0055056505360765,Nextera,4,technical_match,0.022732519661009365
GCA_900556265.1,USOI01000161.1,Adapter,3413,3431,3448,1.0,0.005510440835266821,Nextera,4,technical_match,0.030584660437313504
GCA_900556265.1,USOI01000162.1,Adapter,3398,3416,3446,1.0,0.005513639001741149,Nextera,4,technical_match,0.0071947857650414004
GCA_900556265.1,USOI01000163.1,Adapter,16,34,3427,1.0,0.005544207761890867,Nextera,4,technical_match,0.02524009222405954
GCA_900556265.1,USOI01000165.1,Adapter,31,49,3394,1.0,0.005598114319387153,Nextera,4,technical_match,0.0007178496562458836
GCA_900556265.1,USOI01000165.1,Adapter,3349,3367,3394,1.0,0.005598114319387153,Nextera,4,technical_match,0.0007178496562458836
GCA_900556265.1,USOI01000166.1,Adapter,27,45,3386,1.0,0.005611340815121087,Nextera,4,technical_match,0.016564409775367883
GCA_900556265.1,USOI01000167.1,Adapter,30,48,3366,1.0,0.00564468211527035,Nextera,4,technical_match,0.03883359058664243
GCA_900556265.1,USOI01000167.1,Adapter,3318,3336,3366,1.0,0.00564468211527035,Nextera,4,technical_match,0.03883359058664243
GCA_900556265.1,USOI01000168.1,Adapter,25,43,3365,1.0,0.005646359583952452,Nextera,4,technical_match,0.048750432283922895
GCA_900556265.1,USOI01000169.1,Adapter,30,48,3356,1.0,0.00566150178784267,Nextera,4,technical_match,0.002077695732342122
GCA_900556265.1,USOI01000170.1,Adapter,3319,3337,3354,1.0,0.005664877757901014,Nextera,4,technical_match,0.013807414858740541
GCA_900556265.1,USOI01000171.1,Adapter,3316,3334,3353,1.0,0.0056665672532060845,Nextera,4,technical_match,0.008655314430225547
GCA_900556265.1,USOI01000172.1,Adapter,29,47,3317,1.0,0.005728067530901417,Nextera,4,technical_match,0.018706824470309524
GCA_900556265.1,USOI01000172.1,Adapter,3275,3293,3317,1.0,0.005728067530901417,Nextera,4,technical_match,0.018706824470309524
GCA_900556265.1,USOI01000173.1,Adapter,3266,3284,3303,1.0,0.005752346351801393,Nextera,4,technical_match,0.0022439584248703515
GCA_900556265.1,USOI01000174.1,Adapter,3247,3265,3295,1.0,0.005766312594840668,Nextera,4,technical_match,0.021171801187025663
GCA_900556265.1,USOI01000175.1,Adapter,28,46,3294,1.0,0.005768063145112325,Nextera,4,technical_match,0.007112855552667718
GCA_900556265.1,USOI01000175.1,Adapter,3269,3287,3294,1.0,0.005768063145112325,Nextera,4,technical_match,0.007112855552667718
GCA_900556265.1,USOI01000176.1,Adapter,25,43,3271,1.0,0.005808621216753286,Nextera,4,technical_match,0.03521584970560737
GCA_900556265.1,USOI01000176.1,Adapter,3231,3249,3271,1.0,0.005808621216753286,Nextera,4,technical_match,0.03521584970560737
GCA_900556265.1,USOI01000177.1,Adapter,1,19,3269,1.0,0.005812174977057204,Nextera,4,technical_match,0.002402484499408386
GCA_900556265.1,USOI01000177.1,Adapter,3226,3244,3269,1.0,0.005812174977057204,Nextera,4,technical_match,0.002402484499408386
GCA_900556265.1,USOI01000178.1,Adapter,29,47,3255,1.0,0.005837173579109063,Nextera,4,technical_match,0.026576816000234704
GCA_900556265.1,USOI01000178.1,Adapter,3210,3228,3255,1.0,0.005837173579109063,Nextera,4,technical_match,0.026576816000234704
GCA_900556265.1,USOI01000179.1,Adapter,29,47,3252,1.0,0.005842558425584256,Nextera,4,technical_match,0.032138228757219445
GCA_900556265.1,USOI01000179.1,Adapter,3223,3241,3252,1.0,0.005842558425584256,Nextera,4,technical_match,0.032138228757219445
GCA_900556265.1,USOI01000180.1,Adapter,28,46,3251,1.0,0.00584435558289757,Nextera,4,technical_match,0.03143100006081684
GCA_900556265.1,USOI01000180.1,Adapter,3215,3233,3251,1.0,0.00584435558289757,Nextera,4,technical_match,0.03143100006081684
GCA_900556265.1,USOI01000181.1,Adapter,29,47,3249,1.0,0.005847953216374269,Nextera,4,technical_match,0.040160201983320654
GCA_900556265.1,USOI01000182.1,Adapter,25,43,3248,1.0,0.005849753694581281,Nextera,4,technical_match,0.02191753849612965
GCA_900556265.1,USOI01000182.1,Adapter,3200,3218,3248,1.0,0.005849753694581281,Nextera,4,technical_match,0.02191753849612965
GCA_900556265.1,USOI01000183.1,Adapter,27,45,3237,1.0,0.005869632375656472,Nextera,4,technical_match,0.025808909208231534
GCA_900556265.1,USOI01000183.1,Adapter,3191,3209,3237,1.0,0.005869632375656472,Nextera,4,technical_match,0.025808909208231534
GCA_900556265.1,USOI01000184.1,Adapter,3200,3218,3235,1.0,0.005873261205564142,Nextera,4,technical_match,0.035820946419017397
GCA_900556265.1,USOI01000185.1,Adapter,3183,3201,3214,1.0,0.005911636589919104,Nextera,4,technical_match,0.02367061340089721
GCA_900556265.1,USOI01000186.1,Adapter,18,36,3213,1.0,0.005913476501711796,Nextera,4,technical_match,0.040899063240350364
GCA_900556265.1,USOI01000187.1,Adapter,32,50,3200,1.0,0.0059375,Nextera,4,technical_match,0.03727622076213949
GCA_900556265.1,USOI01000187.1,Adapter,3152,3170,3200,1.0,0.0059375,Nextera,4,technical_match,0.03727622076213949
GCA_900556265.1,USOI01000188.1,Adapter,3148,3166,3192,1.0,0.005952380952380952,Nextera,4,technical_match,0.04029862051151295
GCA_900556265.1,USOI01000189.1,Adapter,1,19,3191,1.0,0.005954246317768724,Nextera,4,technical_match,0.021717912238165826
GCA_900556265.1,USOI01000189.1,Adapter,3145,3163,3191,1.0,0.005954246317768724,Nextera,4,technical_match,0.021717912238165826
GCA_900556265.1,USOI01000190.1,Adapter,15,33,3188,1.0,0.005959849435382685,Nextera,4,technical_match,0.0032333255300190378
GCA_900556265.1,USOI01000190.1,Adapter,3141,3159,3188,1.0,0.005959849435382685,Nextera,4,technical_match,0.0032333255300190378
GCA_900556265.1,USOI01000191.1,Adapter,18,36,3183,1.0,0.0059692114357524344,Nextera,4,technical_match,0.01497051466726046
GCA_900556265.1,USOI01000191.1,Adapter,3140,3158,3183,1.0,0.0059692114357524344,Nextera,4,technical_match,0.01497051466726046
GCA_900556265.1,USOI01000192.1,Adapter,24,42,3171,1.0,0.005991800693787449,Nextera,4,technical_match,0.015665431578916533
GCA_900556265.1,USOI01000192.1,Adapter,3126,3144,3171,1.0,0.005991800693787449,Nextera,4,technical_match,0.015665431578916533
GCA_900556265.1,USOI01000193.1,Adapter,14,32,3157,1.0,0.006018371872030409,Nextera,4,technical_match,0.04655168151850669
GCA_900556265.1,USOI01000193.1,Adapter,3119,3137,3157,1.0,0.006018371872030409,Nextera,4,technical_match,0.04655168151850669
GCA_900556265.1,USOI01000194.1,Adapter,30,48,3136,1.0,0.006058673469387755,Nextera,4,technical_match,0.056735258829697266
GCA_900556265.1,USOI01000194.1,Adapter,3109,3127,3136,1.0,0.006058673469387755,Nextera,4,technical_match,0.056735258829697266
GCA_900556265.1,USOI01000195.1,Adapter,9,27,3129,1.0,0.006072227548737616,Nextera,4,technical_match,0.029005707019729765
GCA_900556265.1,USOI01000195.1,Adapter,3082,3100,3129,1.0,0.006072227548737616,Nextera,4,technical_match,0.029005707019729765
GCA_900556265.1,USOI01000196.1,Adapter,7,25,3129,1.0,0.006072227548737616,Nextera,4,technical_match,0.035232068627441826
GCA_900556265.1,USOI01000197.1,Adapter,29,47,3121,1.0,0.006087792374239026,Nextera,4,technical_match,0.007724494552591277
GCA_900556265.1,USOI01000197.1,Adapter,3073,3091,3121,1.0,0.006087792374239026,Nextera,4,technical_match,0.007724494552591277
GCA_900556265.1,USOI01000198.1,Adapter,37,55,3092,1.0,0.006144890038809832,Nextera,4,technical_match,0.0011317349924111486
GCA_900556265.1,USOI01000198.1,Adapter,3045,3063,3092,1.0,0.006144890038809832,Nextera,4,technical_match,0.0011317349924111486
GCA_900556265.1,USOI01000199.1,Adapter,7,25,3066,1.0,0.006196999347684279,Nextera,4,technical_match,0.052875238794285795
GCA_900556265.1,USOI01000199.1,Adapter,2999,3017,3066,1.0,0.006196999347684279,Nextera,4,technical_match,0.052875238794285795
GCA_900556265.1,USOI01000201.1,Adapter,2998,3016,3045,1.0,0.0062397372742200325,Nextera,4,technical_match,0.023997896643443428
GCA_900556265.1,USOI01000202.1,Adapter,15,33,3029,1.0,0.006272697259821723,Nextera,4,technical_match,0.023646413069831784
GCA_900556265.1,USOI01000202.1,Adapter,2982,3000,3029,1.0,0.006272697259821723,Nextera,4,technical_match,0.023646413069831784
GCA_900556265.1,USOI01000203.1,Adapter,25,43,3008,1.0,0.006316489361702127,Nextera,4,technical_match,0.013187125017458667
GCA_900556265.1,USOI01000204.1,Adapter,31,49,3000,1.0,0.006333333333333333,Nextera,4,technical_match,0.028994612571193845
GCA_900556265.1,USOI01000205.1,Adapter,28,46,2997,1.0,0.006339673006339673,Nextera,4,technical_match,0.019345296588544503
GCA_900556265.1,USOI01000205.1,Adapter,2951,2969,2997,1.0,0.006339673006339673,Nextera,4,technical_match,0.019345296588544503
GCA_900556265.1,USOI01000206.1,Adapter,15,33,2997,1.0,0.006339673006339673,Nextera,4,technical_match,0.0550476656242469
GCA_900556265.1,USOI01000206.1,Adapter,2956,2974,2997,1.0,0.006339673006339673,Nextera,4,technical_match,0.0550476656242469
GCA_900556265.1,USOI01000207.1,Adapter,22,40,2990,1.0,0.006354515050167224,Nextera,4,technical_match,0.04725659696361301
GCA_900556265.1,USOI01000208.1,Adapter,31,49,2973,1.0,0.006390850992263707,Nextera,4,technical_match,0.03904137801070995
GCA_900556265.1,USOI01000210.1,Adapter,31,49,2972,1.0,0.00639300134589502,Nextera,4,technical_match,0.027166446199555383
GCA_900556265.1,USOI01000210.1,Adapter,2932,2950,2972,1.0,0.00639300134589502,Nextera,4,technical_match,0.027166446199555383
GCA_900556265.1,USOI01000211.1,Adapter,31,49,2964,1.0,0.00641025641025641,Nextera,4,technical_match,0.004078261922733306
GCA_900556265.1,USOI01000211.1,Adapter,2928,2946,2964,1.0,0.00641025641025641,Nextera,4,technical_match,0.004078261922733306
GCA_900556265.1,USOI01000212.1,Adapter,16,34,2960,1.0,0.006418918918918919,Nextera,4,technical_match,0.009717099140517882
GCA_900556265.1,USOI01000212.1,Adapter,2915,2933,2960,1.0,0.006418918918918919,Nextera,4,technical_match,0.009717099140517882
GCA_900556265.1,USOI01000213.1,Adapter,31,49,2948,1.0,0.006445047489823609,Nextera,4,technical_match,0.024156530255499575
GCA_900556265.1,USOI01000214.1,Adapter,17,35,2942,1.0,0.00645819170632223,Nextera,4,technical_match,0.005369992006191149
GCA_900556265.1,USOI01000215.1,Adapter,2889,2907,2935,1.0,0.006473594548551959,Nextera,4,technical_match,0.005288195762562398
GCA_900556265.1,USOI01000216.1,Adapter,35,53,2929,1.0,0.0064868555821099355,Nextera,4,technical_match,0.023731268995456967
GCA_900556265.1,USOI01000217.1,Adapter,11,29,2896,1.0,0.006560773480662983,Nextera,4,technical_match,0.027777301337308047
GCA_900556265.1,USOI01000218.1,Adapter,2847,2865,2892,1.0,0.00656984785615491,Nextera,4,technical_match,0.014602897802250159
GCA_900556265.1,USOI01000219.1,Adapter,2850,2868,2892,1.0,0.00656984785615491,Nextera,4,technical_match,0.032929315506261214
GCA_900556265.1,USOI01000220.1,Adapter,22,40,2876,1.0,0.006606397774687065,Nextera,4,technical_match,0.020142615059775104
GCA_900556265.1,USOI01000221.1,Adapter,2840,2858,2870,1.0,0.00662020905923345,Nextera,4,technical_match,0.013568685918933898
GCA_900556265.1,USOI01000222.1,Adapter,2818,2836,2866,1.0,0.006629448709002094,Nextera,4,technical_match,0.00021520366514021783
GCA_900556265.1,USOI01000223.1,Adapter,47,65,2861,1.0,0.006641034603285564,Nextera,4,technical_match,0.02200631950383819
GCA_900556265.1,USOI01000223.1,Adapter,2815,2833,2861,1.0,0.006641034603285564,Nextera,4,technical_match,0.02200631950383819
GCA_900556265.1,USOI01000224.1,Adapter,30,48,2860,1.0,0.006643356643356644,Nextera,4,technical_match,0.01945060887402761
GCA_900556265.1,USOI01000225.1,Adapter,28,46,2860,1.0,0.006643356643356644,Nextera,4,technical_match,0.012717223293804536
GCA_900556265.1,USOI01000225.1,Adapter,2813,2831,2860,1.0,0.006643356643356644,Nextera,4,technical_match,0.012717223293804536
GCA_900556265.1,USOI01000226.1,Adapter,35,53,2844,1.0,0.006680731364275668,Nextera,4,technical_match,0.0011699443908314566
GCA_900556265.1,USOI01000226.1,Adapter,2801,2819,2844,1.0,0.006680731364275668,Nextera,4,technical_match,0.0011699443908314566
GCA_900556265.1,USOI01000227.1,Adapter,27,45,2834,1.0,0.0067043048694424845,Nextera,4,technical_match,0.036349306506670176
GCA_900556265.1,USOI01000227.1,Adapter,2810,2828,2834,1.0,0.0067043048694424845,Nextera,4,technical_match,0.036349306506670176
GCA_900556265.1,USOI01000228.1,Adapter,2786,2804,2831,1.0,0.006711409395973154,Nextera,4,technical_match,0.02966445832652176
GCA_900556265.1,USOI01000229.1,Adapter,15,33,2826,1.0,0.006723283793347488,Nextera,4,technical_match,0.03879574491372745
GCA_900556265.1,USOI01000229.1,Adapter,2780,2798,2826,1.0,0.006723283793347488,Nextera,4,technical_match,0.03879574491372745
GCA_900556265.1,USOI01000230.1,Adapter,6,24,2812,1.0,0.006756756756756757,Nextera,4,technical_match,0.0015204542022986267
GCA_900556265.1,USOI01000230.1,Adapter,2767,2785,2812,1.0,0.006756756756756757,Nextera,4,technical_match,0.0015204542022986267
GCA_900556265.1,USOI01000231.1,Adapter,2786,2804,2810,1.0,0.006761565836298933,Nextera,4,technical_match,0.027424130014808534
GCA_900556265.1,USOI01000232.1,Adapter,2763,2781,2810,1.0,0.006761565836298933,Nextera,4,technical_match,0.0017573646471131799
GCA_900556265.1,USOI01000233.1,Adapter,8,26,2800,1.0,0.0067857142857142855,Nextera,4,technical_match,0.05151842209500335
GCA_900556265.1,USOI01000233.1,Adapter,2771,2789,2800,1.0,0.0067857142857142855,Nextera,4,technical_match,0.05151842209500335
GCA_900556265.1,USOI01000234.1,Adapter,31,49,2797,1.0,0.006792992491955667,Nextera,4,technical_match,0.006165748311868391
GCA_900556265.1,USOI01000234.1,Adapter,2752,2770,2797,1.0,0.006792992491955667,Nextera,4,technical_match,0.006165748311868391
GCA_900556265.1,USOI01000235.1,Adapter,30,48,2791,1.0,0.00680759584378359,Nextera,4,technical_match,0.033954270744224746
GCA_900556265.1,USOI01000236.1,Adapter,20,38,2791,1.0,0.00680759584378359,Nextera,4,technical_match,0.02643008586425344
GCA_900556265.1,USOI01000236.1,Adapter,2750,2768,2791,1.0,0.00680759584378359,Nextera,4,technical_match,0.02643008586425344
GCA_900556265.1,USOI01000237.1,Adapter,25,43,2783,1.0,0.006827164929931728,Nextera,4,technical_match,0.01684669066437866
GCA_900556265.1,USOI01000237.1,Adapter,2757,2775,2783,1.0,0.006827164929931728,Nextera,4,technical_match,0.01684669066437866
GCA_900556265.1,USOI01000238.1,Adapter,30,48,2775,1.0,0.006846846846846847,Nextera,4,technical_match,0.016409026985608255
GCA_900556265.1,USOI01000238.1,Adapter,2728,2746,2775,1.0,0.006846846846846847,Nextera,4,technical_match,0.016409026985608255
GCA_900556265.1,USOI01000239.1,Adapter,2746,2764,2769,1.0,0.006861682918020947,Nextera,4,technical_match,0.032674943225122544
GCA_900556265.1,USOI01000240.1,Adapter,31,49,2740,1.0,0.006934306569343066,Nextera,4,technical_match,0.011630691565059192
GCA_900556265.1,USOI01000240.1,Adapter,2693,2711,2740,1.0,0.006934306569343066,Nextera,4,technical_match,0.011630691565059192
GCA_900556265.1,USOI01000241.1,Adapter,29,47,2737,1.0,0.006941907197661673,Nextera,4,technical_match,0.010549535522826392
GCA_900556265.1,USOI01000241.1,Adapter,2706,2724,2737,1.0,0.006941907197661673,Nextera,4,technical_match,0.010549535522826392
GCA_900556265.1,USOI01000242.1,Adapter,10,28,2733,1.0,0.006952067325283571,Nextera,4,technical_match,0.02178877564688153
GCA_900556265.1,USOI01000242.1,Adapter,2697,2715,2733,1.0,0.006952067325283571,Nextera,4,technical_match,0.02178877564688153
GCA_900556265.1,USOI01000243.1,Adapter,23,41,2731,1.0,0.006957158549981692,Nextera,4,technical_match,0.021279367850090436
GCA_900556265.1,USOI01000244.1,Adapter,2681,2699,2707,1.0,0.007018840044329516,Nextera,4,technical_match,0.055805719577720125
GCA_900556265.1,USOI01000245.1,Adapter,21,39,2697,1.0,0.0070448646644419724,Nextera,4,technical_match,0.016825906601597995
GCA_900556265.1,USOI01000245.1,Adapter,2656,2674,2697,1.0,0.0070448646644419724,Nextera,4,technical_match,0.016825906601597995
GCA_900556265.1,USOI01000246.1,Adapter,9,27,2687,1.0,0.0070710829921845925,Nextera,4,technical_match,0.016117284215805272
GCA_900556265.1,USOI01000247.1,Adapter,2655,2673,2685,1.0,0.00707635009310987,Nextera,4,technical_match,0.02508586024344711
GCA_900556265.1,USOI01000248.1,Adapter,12,30,2682,1.0,0.0070842654735272185,Nextera,4,technical_match,0.01739390346161751
GCA_900556265.1,USOI01000248.1,Adapter,2635,2653,2682,1.0,0.0070842654735272185,Nextera,4,technical_match,0.01739390346161751
GCA_900556265.1,USOI01000249.1,Adapter,16,34,2677,1.0,0.007097497198356369,Nextera,4,technical_match,0.05491454782209659
GCA_900556265.1,USOI01000249.1,Adapter,2635,2653,2677,1.0,0.007097497198356369,Nextera,4,technical_match,0.05491454782209659
GCA_900556265.1,USOI01000250.1,Adapter,30,48,2670,1.0,0.007116104868913857,Nextera,4,technical_match,0.010364937990603895
GCA_900556265.1,USOI01000250.1,Adapter,2621,2639,2670,1.0,0.007116104868913857,Nextera,4,technical_match,0.010364937990603895
GCA_900556265.1,USOI01000251.1,Adapter,29,47,2669,1.0,0.007118771075309105,Nextera,4,technical_match,0.012118038858804914
GCA_900556265.1,USOI01000251.1,Adapter,2645,2663,2669,1.0,0.007118771075309105,Nextera,4,technical_match,0.012118038858804914
GCA_900556265.1,USOI01000252.1,Adapter,25,43,2668,1.0,0.00712143928035982,Nextera,4,technical_match,0.003743738008475217
GCA_900556265.1,USOI01000252.1,Adapter,2621,2639,2668,1.0,0.00712143928035982,Nextera,4,technical_match,0.003743738008475217
GCA_900556265.1,USOI01000253.1,Adapter,2620,2638,2668,1.0,0.00712143928035982,Nextera,4,technical_match,0.04609756109693097
GCA_900556265.1,USOI01000254.1,Adapter,33,51,2662,1.0,0.007137490608564989,Nextera,4,technical_match,0.0161443746548402
GCA_900556265.1,USOI01000254.1,Adapter,2617,2635,2662,1.0,0.007137490608564989,Nextera,4,technical_match,0.0161443746548402
GCA_900556265.1,USOI01000255.1,Adapter,21,39,2656,1.0,0.007153614457831325,Nextera,4,technical_match,0.028251371364549138
GCA_900556265.1,USOI01000256.1,Adapter,20,38,2653,1.0,0.007161703731624576,Nextera,4,technical_match,0.03277737422466792
GCA_900556265.1,USOI01000256.1,Adapter,2606,2624,2653,1.0,0.007161703731624576,Nextera,4,technical_match,0.03277737422466792
GCA_900556265.1,USOI01000257.1,Adapter,33,51,2652,1.0,0.007164404223227752,Nextera,4,technical_match,0.015727861033632717
GCA_900556265.1,USOI01000257.1,Adapter,2606,2624,2652,1.0,0.007164404223227752,Nextera,4,technical_match,0.015727861033632717
GCA_900556265.1,USOI01000258.1,Adapter,29,47,2638,1.0,0.007202426080363912,Nextera,4,technical_match,0.003817871634012149
GCA_900556265.1,USOI01000258.1,Adapter,2588,2606,2638,1.0,0.007202426080363912,Nextera,4,technical_match,0.003817871634012149
GCA_900556265.1,USOI01000259.1,Adapter,7,25,2631,1.0,0.007221588749524895,Nextera,4,technical_match,0.043235338017935776
GCA_900556265.1,USOI01000259.1,Adapter,2584,2602,2631,1.0,0.007221588749524895,Nextera,4,technical_match,0.043235338017935776
GCA_900556265.1,USOI01000260.1,Adapter,27,45,2630,1.0,0.007224334600760456,Nextera,4,technical_match,0.03704214281537144
GCA_900556265.1,USOI01000260.1,Adapter,2608,2626,2630,1.0,0.007224334600760456,Nextera,4,technical_match,0.03704214281537144
GCA_900556265.1,USOI01000261.1,Adapter,29,47,2630,1.0,0.007224334600760456,Nextera,4,technical_match,0.018030735971264977
GCA_900556265.1,USOI01000261.1,Adapter,2585,2603,2630,1.0,0.007224334600760456,Nextera,4,technical_match,0.018030735971264977
GCA_900556265.1,USOI01000262.1,Adapter,31,49,2619,1.0,0.007254677357770141,Nextera,4,technical_match,0.023205845618955057
GCA_900556265.1,USOI01000262.1,Adapter,2570,2588,2619,1.0,0.007254677357770141,Nextera,4,technical_match,0.023205845618955057
GCA_900556265.1,USOI01000263.1,Adapter,25,43,2610,1.0,0.0072796934865900385,Nextera,4,technical_match,0.0018368050533272284
GCA_900556265.1,USOI01000263.1,Adapter,2563,2581,2610,1.0,0.0072796934865900385,Nextera,4,technical_match,0.0018368050533272284
GCA_900556265.1,USOI01000264.1,Adapter,15,33,2606,1.0,0.0072908672294704525,Nextera,4,technical_match,0.003249695435969091
GCA_900556265.1,USOI01000265.1,Adapter,2575,2593,2605,1.0,0.007293666026871401,Nextera,4,technical_match,0.024515405917323096
GCA_900556265.1,USOI01000266.1,Adapter,24,42,2602,1.0,0.007302075326671791,Nextera,4,technical_match,0.009552901067222508
GCA_900556265.1,USOI01000266.1,Adapter,2555,2573,2602,1.0,0.007302075326671791,Nextera,4,technical_match,0.009552901067222508
GCA_900556265.1,USOI01000267.1,Adapter,29,47,2601,1.0,0.007304882737408689,Nextera,4,technical_match,0.0014655950412629237
GCA_900556265.1,USOI01000267.1,Adapter,2550,2568,2601,1.0,0.007304882737408689,Nextera,4,technical_match,0.0014655950412629237
GCA_900556265.1,USOI01000268.1,Adapter,16,34,2596,1.0,0.007318952234206471,Nextera,4,technical_match,0.04551437561576044
GCA_900556265.1,USOI01000268.1,Adapter,2551,2569,2596,1.0,0.007318952234206471,Nextera,4,technical_match,0.04551437561576044
GCA_900556265.1,USOI01000269.1,Adapter,6,24,2592,1.0,0.0073302469135802465,Nextera,4,technical_match,0.0031520199786012615
GCA_900556265.1,USOI01000269.1,Adapter,2545,2563,2592,1.0,0.0073302469135802465,Nextera,4,technical_match,0.0031520199786012615
GCA_900556265.1,USOI01000270.1,Adapter,3,21,2587,1.0,0.007344414379590259,Nextera,4,technical_match,0.024285554460125702
GCA_900556265.1,USOI01000270.1,Adapter,2565,2583,2587,1.0,0.007344414379590259,Nextera,4,technical_match,0.024285554460125702
GCA_900556265.1,USOI01000271.1,Adapter,29,47,2585,1.0,0.007350096711798839,Nextera,4,technical_match,0.009868701419779746
GCA_900556265.1,USOI01000271.1,Adapter,2537,2555,2585,1.0,0.007350096711798839,Nextera,4,technical_match,0.009868701419779746
GCA_900556265.1,USOI01000272.1,Adapter,29,47,2579,1.0,0.007367196587824738,Nextera,4,technical_match,0.010266552599628609
GCA_900556265.1,USOI01000272.1,Adapter,2541,2559,2579,1.0,0.007367196587824738,Nextera,4,technical_match,0.010266552599628609
GCA_900556265.1,USOI01000273.1,Adapter,24,42,2564,1.0,0.0074102964118564745,Nextera,4,technical_match,0.030246677080392248
GCA_900556265.1,USOI01000273.1,Adapter,2526,2544,2564,1.0,0.0074102964118564745,Nextera,4,technical_match,0.030246677080392248
GCA_900556265.1,USOI01000275.1,Adapter,20,38,2524,1.0,0.007527733755942948,Nextera,4,technical_match,0.018343475120301156
GCA_900556265.1,USOI01000275.1,Adapter,2476,2494,2524,1.0,0.007527733755942948,Nextera,4,technical_match,0.018343475120301156
GCA_900556265.1,USOI01000276.1,Adapter,2454,2472,2499,1.0,0.007603041216486595,Nextera,4,technical_match,0.03441995325513669
GCA_900556265.1,USOI01000277.1,Adapter,18,36,2493,1.0,0.00762133975130365,Nextera,4,technical_match,0.008813706032886559
GCA_900556265.1,USOI01000277.1,Adapter,2471,2489,2493,1.0,0.00762133975130365,Nextera,4,technical_match,0.008813706032886559
GCA_900556265.1,USOI01000278.1,Adapter,2450,2468,2492,1.0,0.007624398073836276,Nextera,4,technical_match,0.025804136380717657
GCA_900556265.1,USOI01000279.1,Adapter,31,49,2467,1.0,0.007701661937576003,Nextera,4,technical_match,0.03259530770984925
GCA_900556265.1,USOI01000280.1,Adapter,29,47,2459,1.0,0.0077267181781211875,Nextera,4,technical_match,0.011483564719763695
GCA_900556265.1,USOI01000280.1,Adapter,2430,2448,2459,1.0,0.0077267181781211875,Nextera,4,technical_match,0.011483564719763695
GCA_900556265.1,USOI01000281.1,Adapter,31,49,2449,1.0,0.007758268681094325,Nextera,4,technical_match,0.026358298429367266
GCA_900556265.1,USOI01000281.1,Adapter,2416,2434,2449,1.0,0.007758268681094325,Nextera,4,technical_match,0.026358298429367266
GCA_900556265.1,USOI01000283.1,Adapter,14,32,2439,1.0,0.007790077900779008,Nextera,4,technical_match,0.009485502229954146
GCA_900556265.1,USOI01000283.1,Adapter,2391,2409,2439,1.0,0.007790077900779008,Nextera,4,technical_match,0.009485502229954146
GCA_900556265.1,USOI01000284.1,Adapter,26,44,2436,1.0,0.007799671592775041,Nextera,4,technical_match,0.015246766739150985
GCA_900556265.1,USOI01000285.1,Adapter,8,26,2435,1.0,0.0078028747433264885,Nextera,4,technical_match,0.017991698174870507
GCA_900556265.1,USOI01000285.1,Adapter,2403,2421,2435,1.0,0.0078028747433264885,Nextera,4,technical_match,0.017991698174870507
GCA_900556265.1,USOI01000286.1,Adapter,2,20,2424,1.0,0.007838283828382838,Nextera,4,technical_match,0.018908803990335732
GCA_900556265.1,USOI01000286.1,Adapter,2384,2402,2424,1.0,0.007838283828382838,Nextera,4,technical_match,0.018908803990335732
GCA_900556265.1,USOI01000287.1,Adapter,2380,2398,2423,1.0,0.007841518778373916,Nextera,4,technical_match,0.05399658291649362
GCA_900556265.1,USOI01000288.1,Adapter,24,42,2419,1.0,0.007854485324514262,Nextera,4,technical_match,0.035755119667790214
GCA_900556265.1,USOI01000288.1,Adapter,2384,2402,2419,1.0,0.007854485324514262,Nextera,4,technical_match,0.035755119667790214
GCA_900556265.1,USOI01000289.1,Adapter,37,55,2416,1.0,0.007864238410596027,Nextera,4,technical_match,0.0022824293714110433
GCA_900556265.1,USOI01000289.1,Adapter,2384,2402,2416,1.0,0.007864238410596027,Nextera,4,technical_match,0.0022824293714110433
GCA_900556265.1,USOI01000290.1,Adapter,23,41,2414,1.0,0.007870753935376968,Nextera,4,technical_match,0.07379798180621178
GCA_900556265.1,USOI01000290.1,Adapter,2368,2386,2414,1.0,0.007870753935376968,Nextera,4,technical_match,0.07379798180621178
GCA_900556265.1,USOI01000292.1,Adapter,23,41,2396,1.0,0.007929883138564273,Nextera,4,technical_match,0.011315703277927303
GCA_900556265.1,USOI01000293.1,Adapter,31,49,2390,1.0,0.007949790794979079,Nextera,4,technical_match,0.036359641264231524
GCA_900556265.1,USOI01000293.1,Adapter,2349,2367,2390,1.0,0.007949790794979079,Nextera,4,technical_match,0.036359641264231524
GCA_900556265.1,USOI01000294.1,Adapter,28,46,2378,1.0,0.00798990748528175,Nextera,4,technical_match,0.03066588644758944
GCA_900556265.1,USOI01000295.1,Adapter,2330,2348,2377,1.0,0.007993268826251577,Nextera,4,technical_match,0.008242380837865215
GCA_900556265.1,USOI01000296.1,Adapter,1,19,2376,1.0,0.007996632996632997,Nextera,4,technical_match,0.03335892278234154
GCA_900556265.1,USOI01000297.1,Adapter,2328,2346,2373,1.0,0.008006742520016857,Nextera,4,technical_match,0.036128620156528846
GCA_900556265.1,USOI01000298.1,Adapter,23,41,2361,1.0,0.008047437526471834,Nextera,4,technical_match,0.01343044484565381
GCA_900556265.1,USOI01000298.1,Adapter,2314,2332,2361,1.0,0.008047437526471834,Nextera,4,technical_match,0.01343044484565381
GCA_900556265.1,USOI01000299.1,Adapter,30,48,2346,1.0,0.008098891730605285,Nextera,4,technical_match,0.038652754088670416
GCA_900556265.1,USOI01000299.1,Adapter,2300,2318,2346,1.0,0.008098891730605285,Nextera,4,technical_match,0.038652754088670416
GCA_900556265.1,USOI01000300.1,Adapter,13,31,2343,1.0,0.00810926163038839,Nextera,4,technical_match,0.021479565832562053
GCA_900556265.1,USOI01000301.1,Adapter,31,49,2336,1.0,0.008133561643835616,Nextera,4,technical_match,0.029112693364879205
GCA_900556265.1,USOI01000302.1,Adapter,30,48,2336,1.0,0.008133561643835616,Nextera,4,technical_match,0.03724625500871481
GCA_900556265.1,USOI01000302.1,Adapter,2290,2308,2336,1.0,0.008133561643835616,Nextera,4,technical_match,0.03724625500871481
GCA_900556265.1,USOI01000303.1,Adapter,2286,2304,2333,1.0,0.008144020574367767,Nextera,4,technical_match,0.019711429259292146
GCA_900556265.1,USOI01000304.1,Adapter,2286,2304,2332,1.0,0.008147512864493996,Nextera,4,technical_match,0.009726370847902788
GCA_900556265.1,USOI01000305.1,Adapter,12,30,2332,1.0,0.008147512864493996,Nextera,4,technical_match,0.009297554381350492
GCA_900556265.1,USOI01000305.1,Adapter,2298,2316,2332,1.0,0.008147512864493996,Nextera,4,technical_match,0.009297554381350492
GCA_900556265.1,USOI01000306.1,Adapter,31,49,2330,1.0,0.00815450643776824,Nextera,4,technical_match,0.032626274410208156
GCA_900556265.1,USOI01000306.1,Adapter,2289,2307,2330,1.0,0.00815450643776824,Nextera,4,technical_match,0.032626274410208156
GCA_900556265.1,USOI01000307.1,Adapter,29,47,2323,1.0,0.008179078777442962,Nextera,4,technical_match,0.04291857439967717
GCA_900556265.1,USOI01000307.1,Adapter,2277,2295,2323,1.0,0.008179078777442962,Nextera,4,technical_match,0.04291857439967717
GCA_900556265.1,USOI01000308.1,Adapter,2274,2292,2320,1.0,0.008189655172413794,Nextera,4,technical_match,0.005476651796622267
GCA_900556265.1,USOI01000309.1,Adapter,27,45,2314,1.0,0.008210890233362144,Nextera,4,technical_match,0.017596283424196557
GCA_900556265.1,USOI01000309.1,Adapter,2276,2294,2314,1.0,0.008210890233362144,Nextera,4,technical_match,0.017596283424196557
GCA_900556265.1,USOI01000310.1,Adapter,4,22,2314,1.0,0.008210890233362144,Nextera,4,technical_match,0.05241235961815438
GCA_900556265.1,USOI01000310.1,Adapter,2294,2312,2314,1.0,0.008210890233362144,Nextera,4,technical_match,0.05241235961815438
GCA_900556265.1,USOI01000311.1,Adapter,7,25,2313,1.0,0.008214440121054907,Nextera,4,technical_match,0.013137250809696799
GCA_900556265.1,USOI01000311.1,Adapter,2266,2284,2313,1.0,0.008214440121054907,Nextera,4,technical_match,0.013137250809696799
GCA_900556265.1,USOI01000312.1,Adapter,30,48,2307,1.0,0.0082358040745557,Nextera,4,technical_match,0.054789089206006
GCA_900556265.1,USOI01000313.1,Adapter,23,41,2303,1.0,0.008250108554059922,Nextera,4,technical_match,0.051205786402428455
GCA_900556265.1,USOI01000315.1,Adapter,19,37,2296,1.0,0.008275261324041812,Nextera,4,technical_match,0.029723997007895353
GCA_900556265.1,USOI01000317.1,Adapter,2237,2255,2284,1.0,0.008318739054290718,Nextera,4,technical_match,0.019167092040598355
GCA_900556265.1,USOI01000318.1,Adapter,25,43,2284,1.0,0.008318739054290718,Nextera,4,technical_match,0.01566446507037067
GCA_900556265.1,USOI01000318.1,Adapter,2240,2258,2284,1.0,0.008318739054290718,Nextera,4,technical_match,0.01566446507037067
GCA_900556265.1,USOI01000319.1,Adapter,15,33,2274,1.0,0.008355321020228672,Nextera,4,technical_match,0.020024515825371514
GCA_900556265.1,USOI01000319.1,Adapter,2237,2255,2274,1.0,0.008355321020228672,Nextera,4,technical_match,0.020024515825371514
GCA_900556265.1,USOI01000320.1,Adapter,28,46,2272,1.0,0.008362676056338027,Nextera,4,technical_match,0.005194354564956372
GCA_900556265.1,USOI01000321.1,Adapter,2239,2257,2271,1.0,0.00836635843240863,Nextera,4,technical_match,0.03323215977578986
GCA_900556265.1,USOI01000322.1,Adapter,8,26,2264,1.0,0.008392226148409895,Nextera,4,technical_match,0.06088742764775451
GCA_900556265.1,USOI01000322.1,Adapter,2239,2257,2264,1.0,0.008392226148409895,Nextera,4,technical_match,0.06088742764775451
GCA_900556265.1,USOI01000323.1,Adapter,29,47,2261,1.0,0.008403361344537815,Nextera,4,technical_match,0.013199094363910924
GCA_900556265.1,USOI01000324.1,Adapter,29,47,2254,1.0,0.008429458740017746,Nextera,4,technical_match,0.029797037889147115
GCA_900556265.1,USOI01000324.1,Adapter,2226,2244,2254,1.0,0.008429458740017746,Nextera,4,technical_match,0.029797037889147115
GCA_900556265.1,USOI01000325.1,Adapter,29,47,2245,1.0,0.008463251670378619,Nextera,4,technical_match,0.032006872209800974
GCA_900556265.1,USOI01000325.1,Adapter,2199,2217,2245,1.0,0.008463251670378619,Nextera,4,technical_match,0.032006872209800974
GCA_900556265.1,USOI01000326.1,Adapter,32,50,2245,1.0,0.008463251670378619,Nextera,4,technical_match,0.019534711853453512
GCA_900556265.1,USOI01000326.1,Adapter,2193,2211,2245,1.0,0.008463251670378619,Nextera,4,technical_match,0.019534711853453512
GCA_900556265.1,USOI01000327.1,Adapter,1,19,2231,1.0,0.008516360376512775,Nextera,4,technical_match,0.02858956251890038
GCA_900556265.1,USOI01000327.1,Adapter,2191,2209,2231,1.0,0.008516360376512775,Nextera,4,technical_match,0.02858956251890038
GCA_900556265.1,USOI01000328.1,Adapter,30,48,2228,1.0,0.008527827648114902,Nextera,4,technical_match,0.035108918248674514
GCA_900556265.1,USOI01000328.1,Adapter,2204,2222,2228,1.0,0.008527827648114902,Nextera,4,technical_match,0.035108918248674514
GCA_900556265.1,USOI01000329.1,Adapter,2177,2195,2223,1.0,0.008547008547008548,Nextera,4,technical_match,0.02769499606578324
GCA_900556265.1,USOI01000330.1,Adapter,24,42,2209,1.0,0.008601177003168854,Nextera,4,technical_match,0.015811332803787326
GCA_900556265.1,USOI01000331.1,Adapter,30,48,2201,1.0,0.008632439800090867,Nextera,4,technical_match,0.003963414630863693
GCA_900556265.1,USOI01000331.1,Adapter,2155,2173,2201,1.0,0.008632439800090867,Nextera,4,technical_match,0.003963414630863693
GCA_900556265.1,USOI01000332.1,Adapter,23,41,2201,1.0,0.008632439800090867,Nextera,4,technical_match,0.02011654902202137
GCA_900556265.1,USOI01000332.1,Adapter,2165,2183,2201,1.0,0.008632439800090867,Nextera,4,technical_match,0.02011654902202137
GCA_900556265.1,USOI01000333.1,Adapter,6,24,2200,1.0,0.008636363636363636,Nextera,4,technical_match,0.01997508439850315
GCA_900556265.1,USOI01000333.1,Adapter,2152,2170,2200,1.0,0.008636363636363636,Nextera,4,technical_match,0.01997508439850315
GCA_900556265.1,USOI01000334.1,Adapter,27,45,2200,1.0,0.008636363636363636,Nextera,4,technical_match,0.06406599348941222
GCA_900556265.1,USOI01000334.1,Adapter,2173,2191,2200,1.0,0.008636363636363636,Nextera,4,technical_match,0.06406599348941222
GCA_900556265.1,USOI01000336.1,Adapter,2147,2165,2196,1.0,0.008652094717668488,Nextera,4,technical_match,0.011666589614598488
GCA_900556265.1,USOI01000337.1,Adapter,29,47,2180,1.0,0.00871559633027523,Nextera,4,technical_match,0.03517504070575039
GCA_900556265.1,USOI01000337.1,Adapter,2156,2174,2180,1.0,0.00871559633027523,Nextera,4,technical_match,0.03517504070575039
GCA_900556265.1,USOI01000338.1,Adapter,22,40,2180,1.0,0.00871559633027523,Nextera,4,technical_match,0.05489981134795224
GCA_900556265.1,USOI01000338.1,Adapter,2131,2149,2180,1.0,0.00871559633027523,Nextera,4,technical_match,0.05489981134795224
GCA_900556265.1,USOI01000339.1,Adapter,29,47,2173,1.0,0.008743672342383801,Nextera,4,technical_match,0.023929608935172153
GCA_900556265.1,USOI01000339.1,Adapter,2132,2150,2173,1.0,0.008743672342383801,Nextera,4,technical_match,0.023929608935172153
GCA_900556265.1,USOI01000340.1,Adapter,20,38,2166,1.0,0.008771929824561403,Nextera,4,technical_match,0.0589472156836538
GCA_900556265.1,USOI01000341.1,Adapter,8,26,2166,1.0,0.008771929824561403,Nextera,4,technical_match,0.020166052248750732
GCA_900556265.1,USOI01000341.1,Adapter,2119,2137,2166,1.0,0.008771929824561403,Nextera,4,technical_match,0.020166052248750732
GCA_900556265.1,USOI01000342.1,Adapter,28,46,2161,1.0,0.008792225821378992,Nextera,4,technical_match,0.029626550470607804
GCA_900556265.1,USOI01000342.1,Adapter,2123,2141,2161,1.0,0.008792225821378992,Nextera,4,technical_match,0.029626550470607804
GCA_900556265.1,USOI01000343.1,Adapter,19,37,2152,1.0,0.008828996282527882,Nextera,4,technical_match,0.0032337699441802314
GCA_900556265.1,USOI01000343.1,Adapter,2117,2135,2152,1.0,0.008828996282527882,Nextera,4,technical_match,0.0032337699441802314
GCA_900556265.1,USOI01000344.1,Adapter,2108,2126,2139,1.0,0.008882655446470314,Nextera,4,technical_match,0.004082993786917455
GCA_900556265.1,USOI01000345.1,Adapter,14,32,2129,1.0,0.008924377642085486,Nextera,4,technical_match,0.010136150069236738
GCA_900556265.1,USOI01000345.1,Adapter,2083,2101,2129,1.0,0.008924377642085486,Nextera,4,technical_match,0.010136150069236738
GCA_900556265.1,USOI01000346.1,Adapter,9,27,2127,1.0,0.008932769158439116,Nextera,4,technical_match,0.021512674687856448
GCA_900556265.1,USOI01000346.1,Adapter,2081,2099,2127,1.0,0.008932769158439116,Nextera,4,technical_match,0.021512674687856448
GCA_900556265.1,USOI01000347.1,Adapter,29,47,2123,1.0,0.008949599623174752,Nextera,4,technical_match,0.01904479706925205
GCA_900556265.1,USOI01000349.1,Adapter,28,46,2116,1.0,0.008979206049149339,Nextera,4,technical_match,0.019902047794275624
GCA_900556265.1,USOI01000349.1,Adapter,2071,2089,2116,1.0,0.008979206049149339,Nextera,4,technical_match,0.019902047794275624
GCA_900556265.1,USOI01000350.1,Adapter,8,26,2115,1.0,0.008983451536643027,Nextera,4,technical_match,0.02873824794890073
GCA_900556265.1,USOI01000350.1,Adapter,2070,2088,2115,1.0,0.008983451536643027,Nextera,4,technical_match,0.02873824794890073
GCA_900556265.1,USOI01000351.1,Adapter,2067,2085,2114,1.0,0.008987701040681173,Nextera,4,technical_match,0.04803687053398159
GCA_900556265.1,USOI01000352.1,Adapter,18,36,2112,1.0,0.008996212121212122,Nextera,4,technical_match,0.024248400449981722
GCA_900556265.1,USOI01000352.1,Adapter,2070,2088,2112,1.0,0.008996212121212122,Nextera,4,technical_match,0.024248400449981722
GCA_900556265.1,USOI01000353.1,Adapter,29,47,2105,1.0,0.009026128266033254,Nextera,4,technical_match,0.04155249748422973
GCA_900556265.1,USOI01000353.1,Adapter,2058,2076,2105,1.0,0.009026128266033254,Nextera,4,technical_match,0.04155249748422973
GCA_900556265.1,USOI01000354.1,Adapter,29,47,2102,1.0,0.009039010466222646,Nextera,4,technical_match,0.039736445745948035
GCA_900556265.1,USOI01000354.1,Adapter,2061,2079,2102,1.0,0.009039010466222646,Nextera,4,technical_match,0.039736445745948035
GCA_900556265.1,USOI01000355.1,Adapter,29,47,2101,1.0,0.009043312708234174,Nextera,4,technical_match,0.07941806172239169
GCA_900556265.1,USOI01000356.1,Adapter,30,48,2100,1.0,0.009047619047619047,Nextera,4,technical_match,0.00247080304738434
GCA_900556265.1,USOI01000356.1,Adapter,2052,2070,2100,1.0,0.009047619047619047,Nextera,4,technical_match,0.00247080304738434
GCA_900556265.1,USOI01000357.1,Adapter,30,48,2100,1.0,0.009047619047619047,Nextera,4,technical_match,0.03628032685690813
GCA_900556265.1,USOI01000358.1,Adapter,2072,2090,2098,1.0,0.00905624404194471,Nextera,4,technical_match,0.042968844689689534
GCA_900556265.1,USOI01000359.1,Adapter,2056,2074,2093,1.0,0.009077878643096034,Nextera,4,technical_match,0.03082085878874441
GCA_900556265.1,USOI01000361.1,Adapter,21,39,2091,1.0,0.009086561453849833,Nextera,4,technical_match,0.00916821371897003
GCA_900556265.1,USOI01000361.1,Adapter,2049,2067,2091,1.0,0.009086561453849833,Nextera,4,technical_match,0.00916821371897003
GCA_900556265.1,USOI01000362.1,Adapter,25,43,2088,1.0,0.009099616858237548,Nextera,4,technical_match,0.00486817578958465
GCA_900556265.1,USOI01000362.1,Adapter,2042,2060,2088,1.0,0.009099616858237548,Nextera,4,technical_match,0.00486817578958465
GCA_900556265.1,USOI01000363.1,Adapter,2053,2071,2084,1.0,0.009117082533589251,Nextera,4,technical_match,0.050628548017417785
GCA_900556265.1,USOI01000364.1,Adapter,30,48,2081,1.0,0.00913022585295531,Nextera,4,technical_match,0.027623316719840307
GCA_900556265.1,USOI01000364.1,Adapter,2038,2056,2081,1.0,0.00913022585295531,Nextera,4,technical_match,0.027623316719840307
GCA_900556265.1,USOI01000365.1,Adapter,25,43,2080,1.0,0.009134615384615385,Nextera,4,technical_match,0.010184874608293315
GCA_900556265.1,USOI01000365.1,Adapter,2049,2067,2080,1.0,0.009134615384615385,Nextera,4,technical_match,0.010184874608293315
GCA_900556265.1,USOI01000366.1,Adapter,16,34,2078,1.0,0.009143407122232916,Nextera,4,technical_match,0.022869038375229023
GCA_900556265.1,USOI01000366.1,Adapter,2032,2050,2078,1.0,0.009143407122232916,Nextera,4,technical_match,0.022869038375229023
GCA_900556265.1,USOI01000367.1,Adapter,2046,2064,2074,1.0,0.009161041465766635,Nextera,4,technical_match,0.0008695723911874009
GCA_900556265.1,USOI01000368.1,Adapter,23,41,2066,1.0,0.009196515004840271,Nextera,4,technical_match,0.0084926413816942
GCA_900556265.1,USOI01000368.1,Adapter,2027,2045,2066,1.0,0.009196515004840271,Nextera,4,technical_match,0.0084926413816942
GCA_900556265.1,USOI01000369.1,Adapter,30,48,2065,1.0,0.009200968523002421,Nextera,4,technical_match,0.01850579098005717
GCA_900556265.1,USOI01000369.1,Adapter,2018,2036,2065,1.0,0.009200968523002421,Nextera,4,technical_match,0.01850579098005717
GCA_900556265.1,USOI01000370.1,Adapter,31,49,2062,1.0,0.00921435499515034,Nextera,4,technical_match,0.03308459855069429
GCA_900556265.1,USOI01000370.1,Adapter,2038,2056,2062,1.0,0.00921435499515034,Nextera,4,technical_match,0.03308459855069429
GCA_900556265.1,USOI01000371.1,Adapter,10,28,2056,1.0,0.00924124513618677,Nextera,4,technical_match,0.004264392078327406
GCA_900556265.1,USOI01000371.1,Adapter,2009,2027,2056,1.0,0.00924124513618677,Nextera,4,technical_match,0.004264392078327406
GCA_900556265.1,USOI01000372.1,Adapter,10,28,2053,1.0,0.009254749147588894,Nextera,4,technical_match,0.048825325730478486
GCA_900556265.1,USOI01000372.1,Adapter,2030,2048,2053,1.0,0.009254749147588894,Nextera,4,technical_match,0.048825325730478486
GCA_900556265.1,USOI01000374.1,Adapter,30,48,2048,1.0,0.00927734375,Nextera,4,technical_match,0.011434716737860506
GCA_900556265.1,USOI01000374.1,Adapter,2018,2036,2048,1.0,0.00927734375,Nextera,4,technical_match,0.011434716737860506
GCA_900556265.1,USOI01000375.1,Adapter,7,25,2047,1.0,0.009281875915974597,Nextera,4,technical_match,0.001831772642843399
GCA_900556265.1,USOI01000375.1,Adapter,2001,2019,2047,1.0,0.009281875915974597,Nextera,4,technical_match,0.001831772642843399
GCA_900556265.1,USOI01000376.1,Adapter,18,36,2044,1.0,0.009295499021526418,Nextera,4,technical_match,0.0059962550087148125
GCA_900556265.1,USOI01000377.1,Adapter,17,35,2036,1.0,0.009332023575638507,Nextera,4,technical_match,0.012963833265365432
GCA_900556265.1,USOI01000377.1,Adapter,1988,2006,2036,1.0,0.009332023575638507,Nextera,4,technical_match,0.012963833265365432
GCA_900556265.1,USOI01000378.1,Adapter,1988,2006,2035,1.0,0.009336609336609337,Nextera,4,technical_match,0.024704814128232833
GCA_900556265.1,USOI01000379.1,Adapter,14,32,2032,1.0,0.009350393700787402,Nextera,4,technical_match,0.04316915325360854
GCA_900556265.1,USOI01000381.1,Adapter,1987,2005,2027,1.0,0.009373458312777503,Nextera,4,technical_match,0.005241039459722152
GCA_900556265.1,USOI01000382.1,Adapter,15,33,2014,1.0,0.009433962264150943,Nextera,4,technical_match,0.026655320945904226
GCA_900556265.1,USOI01000382.1,Adapter,1991,2009,2014,1.0,0.009433962264150943,Nextera,4,technical_match,0.026655320945904226
GCA_900556265.1,USOI01000383.1,Adapter,32,50,2014,1.0,0.009433962264150943,Nextera,4,technical_match,0.010270018066063091
GCA_900556265.1,USOI01000384.1,Adapter,30,48,2012,1.0,0.009443339960238568,Nextera,4,technical_match,0.037945573472452976
GCA_900556265.1,USOI01000384.1,Adapter,1971,1989,2012,1.0,0.009443339960238568,Nextera,4,technical_match,0.037945573472452976
GCA_900760985.1,CAAFBE010000016.1,Adapter,2,22,1843,1.0,0.011394465545306565,TruSeq_R2,4,technical_match,0.0035495659799395507
GCA_900760985.1,CAAFBE010000022.1,Adapter,1,21,6284,1.0,0.003341820496499045,TruSeq_R2,4,technical_match,0.0015100934121967668
GCA_900760985.1,CAAFBE010000063.1,Adapter,14,34,6882,1.0,0.003051438535309503,TruSeq_R2,4,technical_match,0.0353166767352171
GCA_900760985.1,CAAFBE010000121.1,Adapter,9310,9330,9331,1.0,0.002250562640660165,TruSeq_R2,4,technical_match,0.003176885030534149
GCA_900760985.1,CAAFBE010000160.1,Adapter,3,23,2648,1.0,0.007930513595166163,TruSeq_R2,4,technical_match,0.005163692155276067
GCA_900770055.1,CAAGJD010000002.1,Adapter,15500,15520,15523,1.0,0.001352831282612897,TruSeq,4,technical_match,0.005498047332321232
GCA_900770055.1,CAAGJD010000015.1,Adapter,11,31,2689,1.0,0.007809594644849386,TruSeq_R2,4,technical_match,0.02322229566575429
GCA_900770055.1,CAAGJD010000072.1,Adapter,3,23,2917,1.0,0.007199177236887213,TruSeq,4,technical_match,0.023134750327055587
GCA_900770055.1,CAAGJD010000082.1,Adapter,11,31,1524,1.0,0.013779527559055118,TruSeq,4,technical_match,0.012258602989113576
GCA_900770055.1,CAAGJD010000083.1,Adapter,13,33,5207,1.0,0.004033032456308815,TruSeq_R2,4,technical_match,0.008514714980286608
GCA_900770055.1,CAAGJD010000089.1,Adapter,15664,15684,15685,1.0,0.00133885878227606,TruSeq_R2,4,technical_match,0.0020084174267676613
GCA_900770055.1,CAAGJD010000105.1,Adapter,2,22,7106,1.0,0.0029552490852800452,TruSeq_R2,4,technical_match,0.005800513812110941
GCA_900770055.1,CAAGJD010000113.1,Adapter,5,25,2592,1.0,0.008101851851851851,TruSeq,4,technical_match,0.023338509871778823
GCA_900770055.1,CAAGJD010000138.1,Adapter,8,28,2166,1.0,0.009695290858725761,TruSeq,4,technical_match,0.004005638218962548
GCA_900770055.1,CAAGJD010000164.1,Adapter,35576,35596,35600,1.0,0.0005898876404494382,TruSeq_R2,4,technical_match,0.009602554815599074
GCA_900770055.1,CAAGJD010000177.1,Adapter,8,28,3446,1.0,0.006094022054556007,TruSeq,4,technical_match,0.0012914959320516894
GCA_900770055.1,CAAGJD010000180.1,Adapter,10,30,27238,1.0,0.0007709817167192892,TruSeq_R2,4,technical_match,0.015376287975898073
GCA_900770055.1,CAAGJD010000183.1,Adapter,2873,2893,2899,1.0,0.0072438771990341495,TruSeq,4,technical_match,0.025084801696545977
GCA_900770055.1,CAAGJD010000200.1,Adapter,6113,6133,6141,1.0,0.003419638495359062,TruSeq,4,technical_match,0.019172888923205733
GCA_900770055.1,CAAGJD010000218.1,Adapter,1,21,2003,1.0,0.010484273589615577,TruSeq,4,technical_match,0.00040416139449472865
GCA_900770055.1,CAAGJD010000220.1,Adapter,16263,16283,16295,1.0,0.0012887388769561214,TruSeq,4,technical_match,0.00815504643383641
GCA_900770055.1,CAAGJD010000239.1,Adapter,8573,8593,8597,1.0,0.0024427125741537745,TruSeq_R2,4,technical_match,0.025930130351554892
GCA_900770055.1,CAAGJD010000243.1,Adapter,16484,16504,16514,1.0,0.0012716482984134673,TruSeq_R2,4,technical_match,0.0076775555300082066
GCA_902471995.1,CABRMF010000003.1,Adapter,8362,8382,16488,1.0,0.0012736535662299854,TruSeq_R2,4,technical_match,0.009604661415303695
GCA_902485545.1,CABTKY010000005.1,Adapter,12,32,3498,1.0,0.006003430531732418,TruSeq_R2,4,technical_match,0.006772189512257332
GCA_902485545.1,CABTKY010000023.1,Adapter,2,22,4237,1.0,0.004956337030918102,TruSeq,4,technical_match,0.03601915257675775
GCA_902485545.1,CABTKY010000031.1,Adapter,10,30,1248,1.0,0.016826923076923076,TruSeq,4,technical_match,0.0033599739217928803
GCA_902485545.1,CABTKY010000055.1,Adapter,993,1013,1021,1.0,0.02056807051909892,TruSeq,4,technical_match,0.03815601090956905
GCA_902485545.1,CABTKY010000115.1,Adapter,1,21,4534,1.0,0.0046316718129686815,TruSeq,4,technical_match,0.028097569071827366
GCA_902485545.1,CABTKY010000134.1,Adapter,3,23,6155,1.0,0.003411860276198213,TruSeq,4,technical_match,0.005675311128926774
GCA_902485545.1,CABTKY010000135.1,Adapter,1298,1318,1320,1.0,0.015909090909090907,TruSeq,4,technical_match,0.054234099795918755
GCA_902485545.1,CABTKY010000169.1,Adapter,1,21,2640,1.0,0.007954545454545454,TruSeq,4,technical_match,0.0023401604019793742
GCA_905209745.1,CAJLUG010000052.1,Adapter,6795,6815,6828,1.0,0.0030755711775043936,TruSeq_R2,4,technical_match,0.021208463615358608
GCA_905209745.1,CAJLUG010000180.1,Adapter,2,22,2277,1.0,0.00922266139657444,TruSeq_R2,4,technical_match,0.003939803915278373
GCA_913064935.1,CAJYBF010000006.1,Adapter,13788,13808,13817,1.0,0.001519866830715785,TruSeq,4,technical_match,0.00250446838276569
GCA_913064935.1,CAJYBF010000022.1,Adapter,9466,9486,9630,1.0,0.0021806853582554517,TruSeq,4,technical_match,0.04526014935758477
GCA_913064935.1,CAJYBF010000033.1,Adapter,8482,8502,8579,1.0,0.002447837743326728,TruSeq,4,technical_match,0.01098021492153528
GCA_913064935.1,CAJYBF010000056.1,Adapter,149,169,6725,1.0,0.0031226765799256505,TruSeq,4,technical_match,6.404653760117007e-07
GCA_913064935.1,CAJYBF010000068.1,Adapter,130,150,6024,1.0,0.0034860557768924302,TruSeq_R2,4,technical_match,0.0048013905678639945
GCA_913064935.1,CAJYBF010000090.1,Adapter,5256,5276,5321,1.0,0.003946626573952265,TruSeq,4,technical_match,0.025784768963072247
GCA_913064935.1,CAJYBF010000155.1,Adapter,168,188,3994,1.0,0.005257886830245368,TruSeq_R2,4,technical_match,0.03618979408428025
GCA_913064935.1,CAJYBF010000245.1,Adapter,283,303,2754,1.0,0.007625272331154684,TruSeq,4,technical_match,0.009796354978635569
GCA_913064935.1,CAJYBF010000257.1,Adapter,57,77,2613,1.0,0.008036739380022962,TruSeq,4,technical_match,0.014869447701713667
GCA_913064935.1,CAJYBF010000297.1,Adapter,2135,2155,2349,1.0,0.008939974457215836,TruSeq,4,technical_match,0.040760720290533015
GCA_913064935.1,CAJYBF010000320.1,Adapter,2026,2046,2184,1.0,0.009615384615384616,TruSeq,4,technical_match,0.006671200704606417
GCA_913064935.1,CAJYBF010000338.1,Adapter,11,31,2038,1.0,0.010304219823356232,TruSeq_R2,4,technical_match,0.0014384521548011509
GCA_913776435.1,CAJYNZ010000043.1,Adapter,8,28,4074,1.0,0.005154639175257732,TruSeq_R2,4,technical_match,0.0625813819051454
GCA_913776435.1,CAJYNZ010000045.1,Adapter,2433,2453,2462,1.0,0.008529650690495532,TruSeq,4,technical_match,0.022313537312719678
GCA_937875785.1,CALEGV010000004.1,Adapter,33,51,12670,1.0,0.001499605367008682,Nextera,4,technical_match,0.0024697950107397393
GCA_937875785.1,CALEGV010000004.1,Adapter,12628,12646,12670,1.0,0.001499605367008682,Nextera,4,technical_match,0.0024697950107397393
GCA_937875785.1,CALEGV010000006.1,Adapter,4811,4829,4832,1.0,0.003932119205298013,Nextera,4,technical_match,0.033866900338546446
GCA_937875785.1,CALEGV010000008.1,Adapter,4577,4595,4623,1.0,0.004109885355829548,Nextera,4,technical_match,0.008613094504486107
GCA_937875785.1,CALEGV010000014.1,Adapter,26,44,17991,1.0,0.0010560835973542327,Nextera,4,technical_match,0.012577005943225139
GCA_937875785.1,CALEGV010000015.1,Adapter,18849,18867,18870,1.0,0.00100688924218336,Nextera,4,technical_match,0.009395294462409554
GCA_937875785.1,CALEGV010000016.1,Adapter,9,27,26666,1.0,0.0007125178129453237,Nextera,4,technical_match,0.0033926404214957295
GCA_937875785.1,CALEGV010000019.1,Adapter,22,40,2940,1.0,0.006462585034013605,Nextera,4,technical_match,0.020356065541051294
GCA_937875785.1,CALEGV010000020.1,Adapter,5768,5786,5810,1.0,0.003270223752151463,Nextera,4,technical_match,0.011242058492448692
GCA_937875785.1,CALEGV010000023.1,Adapter,32702,32720,32743,1.0,0.0005802767003634364,Nextera,4,technical_match,0.003188081773009055
GCA_937875785.1,CALEGV010000024.1,Adapter,2892,2910,2931,1.0,0.006482429205049471,Nextera,4,technical_match,0.026986803813842497
GCA_937875785.1,CALEGV010000027.1,Adapter,45699,45717,45727,1.0,0.00041550943643799067,Nextera,4,technical_match,0.0002717836479168567
GCA_937875785.1,CALEGV010000033.1,Adapter,29,47,30125,1.0,0.0006307053941908714,Nextera,4,technical_match,0.00348958890329909
GCA_937875785.1,CALEGV010000035.1,Adapter,13,31,42130,1.0,0.0004509850462853074,Nextera,4,technical_match,0.0024902911359656055
GCA_937875785.1,CALEGV010000038.1,Adapter,32,50,43267,1.0,0.00043913375089560175,Nextera,4,technical_match,0.010948007617090805
GCA_937875785.1,CALEGV010000039.1,Adapter,43243,43261,43283,1.0,0.0004389714206501398,Nextera,4,technical_match,0.002384280102989078
GCA_937875785.1,CALEGV010000047.1,Adapter,34,52,5030,1.0,0.0037773359840954273,Nextera,4,technical_match,0.02045485127100155
GCA_937875785.1,CALEGV010000048.1,Adapter,109785,109803,109835,1.0,0.00017298675285655756,Nextera,4,technical_match,0.024368194627804318
GCA_937875785.1,CALEGV010000053.1,Adapter,4873,4891,4921,1.0,0.003861003861003861,Nextera,4,technical_match,0.03451017668764361
GCA_937875785.1,CALEGV010000055.1,Adapter,37983,38001,38010,1.0,0.0004998684556695607,Nextera,4,technical_match,0.019886264360910733
GCA_937875785.1,CALEGV010000062.1,Adapter,11,29,18049,1.0,0.0010526898997174359,Nextera,4,technical_match,0.013517953266943328
GCA_937875785.1,CALEGV010000063.1,Adapter,24108,24126,24126,1.0,0.0007875321230208074,Nextera,4,technical_match,0.015122318224666365
GCA_937875785.1,CALEGV010000067.1,Adapter,27,45,2552,1.0,0.007445141065830721,Nextera,4,technical_match,0.015029577579095343
GCA_937877075.1,CALEGD010000002.1,Adapter,7,27,3725,1.0,0.005637583892617449,TruSeq_R2,4,technical_match,0.02109074713790854
GCA_937877075.1,CALEGD010000077.1,Adapter,5419,5439,5455,1.0,0.00384967919340055,TruSeq,4,technical_match,0.00445161919051712
GCA_937877075.1,CALEGD010000142.1,Adapter,1373,1393,1401,1.0,0.014989293361884369,TruSeq,4,technical_match,0.016806942185549456
GCA_937893635.1,CALBGF010000215.1,Adapter,1813,1833,1833,1.0,0.011456628477905073,TruSeq,4,technical_match,0.004141263129891826
GCA_937905855.1,CALCWU010000224.1,Adapter,2150,2170,2181,1.0,0.009628610729023384,TruSeq_R2,4,technical_match,0.013557987329516685
GCA_937921085.1,CALDXW010000026.1,Adapter,1406,1424,1443,1.0,0.013167013167013167,Nextera,4,technical_match,0.020328199235367272
GCA_937921085.1,CALDXW010000028.1,Adapter,17,35,2411,1.0,0.007880547490667772,Nextera,4,technical_match,0.015196493692892665
GCA_937921085.1,CALDXW010000029.1,Adapter,23,41,1916,1.0,0.009916492693110648,Nextera,4,technical_match,0.016739742321092044
GCA_937921085.1,CALDXW010000035.1,Adapter,3675,3693,3700,1.0,0.005135135135135135,Nextera,4,technical_match,0.023730832638000687
GCA_937921085.1,CALDXW010000043.1,Adapter,3047,3065,3070,1.0,0.006188925081433224,Nextera,4,technical_match,0.0679964320860067
GCA_937921085.1,CALDXW010000049.1,Adapter,30,48,4015,1.0,0.004732254047322541,Nextera,4,technical_match,0.03659261658955815
GCA_937921085.1,CALDXW010000053.1,Adapter,2459,2477,2479,1.0,0.007664380798709157,Nextera,4,technical_match,0.027671937922389533
GCA_937921085.1,CALDXW010000074.1,Adapter,19,37,4265,1.0,0.004454865181711606,Nextera,4,technical_match,0.059510192678053964
GCA_937921085.1,CALDXW010000088.1,Adapter,16,34,1331,1.0,0.014274981217129978,Nextera,4,technical_match,0.005569523319666536
GCA_937921085.1,CALDXW010000097.1,Adapter,15,33,2138,1.0,0.008886810102899906,Nextera,4,technical_match,0.029960195771012055
GCA_937921085.1,CALDXW010000099.1,Adapter,5,23,2950,1.0,0.006440677966101695,Nextera,4,technical_match,0.001532566354211895
GCA_937921085.1,CALDXW010000105.1,Adapter,20,38,2298,1.0,0.008268059181897302,Nextera,4,technical_match,0.0003984925096012226
GCA_937921085.1,CALDXW010000113.1,Adapter,2282,2300,2317,1.0,0.008200258955545965,Nextera,4,technical_match,0.036623436074410765
GCA_937921085.1,CALDXW010000115.1,Adapter,24,42,1396,1.0,0.013610315186246419,Nextera,4,technical_match,0.02250629273952587
GCA_937921085.1,CALDXW010000117.1,Adapter,15,33,1971,1.0,0.009639776763064434,Nextera,4,technical_match,0.02560603847969234
GCA_937921085.1,CALDXW010000119.1,Adapter,5,23,1921,1.0,0.00989068193649141,Nextera,4,technical_match,0.05220779729854702
GCA_937921085.1,CALDXW010000122.1,Adapter,4238,4256,4285,1.0,0.004434072345390899,Nextera,4,technical_match,0.06036926512604107
GCA_937921085.1,CALDXW010000127.1,Adapter,23,41,2371,1.0,0.008013496415014762,Nextera,4,technical_match,0.02197550075613991
GCA_937921085.1,CALDXW010000129.1,Adapter,4,22,1608,1.0,0.01181592039800995,Nextera,4,technical_match,0.024965873649161086
GCA_937921085.1,CALDXW010000130.1,Adapter,3867,3885,3897,1.0,0.004875545291249679,Nextera,4,technical_match,0.03001758090256068
GCA_937921085.1,CALDXW010000136.1,Adapter,13,31,3091,1.0,0.0061468780329990294,Nextera,4,technical_match,0.033237158763543884
GCA_937921085.1,CALDXW010000139.1,Adapter,18,36,1215,1.0,0.015637860082304528,Nextera,4,technical_match,0.030507609414777426
GCA_937921085.1,CALDXW010000140.1,Adapter,2443,2461,2491,1.0,0.0076274588518667205,Nextera,4,technical_match,0.052237681038260875
GCA_937921085.1,CALDXW010000145.1,Adapter,31,49,8435,1.0,0.0022525192649673976,Nextera,4,technical_match,0.03171110010683664
GCA_937921085.1,CALDXW010000147.1,Adapter,1770,1788,1797,1.0,0.010573177518085699,Nextera,4,technical_match,0.013639990543819702
GCA_937921085.1,CALDXW010000159.1,Adapter,2767,2785,2787,1.0,0.0068173663437387875,Nextera,4,technical_match,0.01744518730012906
GCA_937921085.1,CALDXW010000162.1,Adapter,18,36,4566,1.0,0.004161191414805081,Nextera,4,technical_match,0.019168742364071067
GCA_937921085.1,CALDXW010000165.1,Adapter,11408,11426,11441,1.0,0.0016606939952801328,Nextera,4,technical_match,0.012677556347086172
GCA_937921085.1,CALDXW010000167.1,Adapter,1437,1455,1480,1.0,0.012837837837837839,Nextera,4,technical_match,0.03008218398935203
GCA_937921085.1,CALDXW010000172.1,Adapter,3346,3364,3390,1.0,0.005604719764011799,Nextera,4,technical_match,0.021625275753682727
GCA_937921085.1,CALDXW010000180.1,Adapter,30,48,5858,1.0,0.0032434277910549677,Nextera,4,technical_match,0.022019059410351705
GCA_937921085.1,CALDXW010000187.1,Adapter,20,38,1593,1.0,0.011927181418706842,Nextera,4,technical_match,0.033771890645160396
GCA_937921085.1,CALDXW010000187.1,Adapter,1559,1577,1593,1.0,0.011927181418706842,Nextera,4,technical_match,0.033771890645160396
GCA_937921085.1,CALDXW010000211.1,Adapter,16,34,1380,1.0,0.013768115942028985,Nextera,4,technical_match,0.018027738239254076
GCA_937921085.1,CALDXW010000218.1,Adapter,1169,1187,1195,1.0,0.015899581589958158,Nextera,4,technical_match,0.017521401449489993
GCA_937921085.1,CALDXW010000231.1,Adapter,2117,2135,2139,1.0,0.008882655446470314,Nextera,4,technical_match,0.011880005653933878
GCA_937921085.1,CALDXW010000234.1,Adapter,8551,8569,8577,1.0,0.0022152267692666433,Nextera,4,technical_match,0.015172021991047335
GCA_937921085.1,CALDXW010000247.1,Adapter,14,32,3624,1.0,0.0052428256070640175,Nextera,4,technical_match,0.029998656753506936
GCA_937921085.1,CALDXW010000247.1,Adapter,1788,1806,3624,1.0,0.0052428256070640175,Nextera,4,technical_match,0.029998656753506936
GCA_937921085.1,CALDXW010000248.1,Adapter,11,29,1072,1.0,0.017723880597014924,Nextera,4,technical_match,0.007552938325778025
GCA_937921085.1,CALDXW010000257.1,Adapter,32,50,2063,1.0,0.009209888511875909,Nextera,4,technical_match,0.027785934759026187
GCA_937921085.1,CALDXW010000259.1,Adapter,1679,1697,1702,1.0,0.011163337250293772,Nextera,4,technical_match,0.0344593872795988
GCA_937921085.1,CALDXW010000261.1,Adapter,27,45,2948,1.0,0.006445047489823609,Nextera,4,technical_match,0.019753710249527268
GCA_937921085.1,CALDXW010000265.1,Adapter,27,45,2275,1.0,0.008351648351648353,Nextera,4,technical_match,0.017532436439604504
GCA_937921085.1,CALDXW010000282.1,Adapter,1109,1127,1144,1.0,0.016608391608391608,Nextera,4,technical_match,0.02339157729874536
GCA_937921085.1,CALDXW010000294.1,Adapter,11,29,6256,1.0,0.003037084398976982,Nextera,4,technical_match,0.016759622297225107
GCA_937921085.1,CALDXW010000297.1,Adapter,20,38,2081,1.0,0.00913022585295531,Nextera,4,technical_match,0.030628633851034925
GCA_937921085.1,CALDXW010000304.1,Adapter,1965,1983,2002,1.0,0.00949050949050949,Nextera,4,technical_match,0.022267701174869203
GCA_937921085.1,CALDXW010000322.1,Adapter,9,27,2293,1.0,0.008286088094199739,Nextera,4,technical_match,0.07400693565798827
GCA_937921085.1,CALDXW010000323.1,Adapter,7,25,2042,1.0,0.00930460333006856,Nextera,4,technical_match,0.005466562602489566
GCA_937921085.1,CALDXW010000347.1,Adapter,1415,1433,1448,1.0,0.013121546961325966,Nextera,4,technical_match,0.006135525432777289
GCA_937921085.1,CALDXW010000362.1,Adapter,4999,5017,5034,1.0,0.0037743345252284465,Nextera,4,technical_match,0.003433932639074433
GCA_937921085.1,CALDXW010000370.1,Adapter,1350,1368,1390,1.0,0.013669064748201438,Nextera,4,technical_match,0.0017572763478976294
GCA_937921085.1,CALDXW010000384.1,Adapter,4,22,10119,1.0,0.00187765589485127,Nextera,4,technical_match,0.010302308122089376
GCA_937921085.1,CALDXW010000394.1,Adapter,1063,1081,1109,1.0,0.017132551848512173,Nextera,4,technical_match,0.02048260532656443
GCA_937921085.1,CALDXW010000406.1,Adapter,10,28,2804,1.0,0.006776034236804565,Nextera,4,technical_match,0.016918556738706236
GCA_937921085.1,CALDXW010000422.1,Adapter,23,41,1033,1.0,0.018393030009680542,Nextera,4,technical_match,0.051496458864420724
GCA_937921085.1,CALDXW010000425.1,Adapter,30,48,1964,1.0,0.009674134419551934,Nextera,4,technical_match,0.007146366297933526
GCA_937921085.1,CALDXW010000444.1,Adapter,15,33,2617,1.0,0.0072602216278181125,Nextera,4,technical_match,0.0018290263609555546
GCA_937921085.1,CALDXW010000453.1,Adapter,16,34,4424,1.0,0.004294755877034358,Nextera,4,technical_match,0.010655072254233344
GCA_937921085.1,CALDXW010000453.1,Adapter,4391,4409,4424,1.0,0.004294755877034358,Nextera,4,technical_match,0.010655072254233344
GCA_937921085.1,CALDXW010000458.1,Adapter,29,47,14268,1.0,0.0013316512475469583,Nextera,4,technical_match,0.005074734914412959
GCA_937921085.1,CALDXW010000468.1,Adapter,16,34,3448,1.0,0.005510440835266821,Nextera,4,technical_match,0.009565785920749803
GCA_937921085.1,CALDXW010000469.1,Adapter,1495,1513,1534,1.0,0.012385919165580182,Nextera,4,technical_match,0.020359163485893728
GCA_937934685.1,CALGYU010000069.1,Adapter,31,51,1654,1.0,0.012696493349455865,TruSeq,4,technical_match,0.00918294224026106
GCA_937942195.1,CALDFM010000011.1,Adapter,30,50,2820,1.0,0.007446808510638298,TruSeq,4,technical_match,0.0003834348645022634
GCA_937942195.1,CALDFM010000036.1,Adapter,2869,2889,2897,1.0,0.007248878149810148,TruSeq,4,technical_match,0.040498426292919054
GCA_937942195.1,CALDFM010000056.1,Adapter,2229,2249,2278,1.0,0.009218612818261633,TruSeq,4,technical_match,0.059729383469412645
GCA_937942195.1,CALDFM010000068.1,Adapter,3396,3416,3445,1.0,0.006095791001451379,TruSeq,4,technical_match,0.01927503436629846
GCA_937942195.1,CALDFM010000099.1,Adapter,1605,1625,1645,1.0,0.01276595744680851,TruSeq_R2,4,technical_match,0.048509068096518504
GCA_937942195.1,CALDFM010000105.1,Adapter,2222,2242,2244,1.0,0.009358288770053475,TruSeq_R2,4,technical_match,0.0044775676820393295
GCA_937942195.1,CALDFM010000106.1,Adapter,2196,2216,2244,1.0,0.009358288770053475,TruSeq,4,technical_match,0.03166116839505184
GCA_937942195.1,CALDFM010000116.1,Adapter,1481,1501,1529,1.0,0.013734466971877043,TruSeq,4,technical_match,0.028185873764446145
GCA_937942195.1,CALDFM010000122.1,Adapter,1121,1141,1161,1.0,0.01808785529715762,TruSeq,4,technical_match,0.047915826236576975
GCA_937942195.1,CALDFM010000126.1,Adapter,1233,1253,1279,1.0,0.01641907740422205,TruSeq,4,technical_match,0.012953649848504611
GCA_937942195.1,CALDFM010000137.1,Adapter,1703,1723,1750,1.0,0.012,TruSeq,4,technical_match,0.010457497253025583
GCA_937942195.1,CALDFM010000154.1,Adapter,950,970,1317,1.0,0.015945330296127564,TruSeq_R2,4,technical_match,0.022821600262973973
GCA_937942195.1,CALDFM010000166.1,Adapter,22,42,2781,1.0,0.007551240560949299,TruSeq_R2,4,technical_match,0.007182611649219239
GCA_937942195.1,CALDFM010000169.1,Adapter,3022,3042,3070,1.0,0.0068403908794788275,TruSeq,4,technical_match,0.027234452491041394
GCA_937942195.1,CALDFM010000181.1,Adapter,1184,1204,1232,1.0,0.017045454545454544,TruSeq,4,technical_match,0.028828217032688674
GCA_937942195.1,CALDFM010000188.1,Adapter,1850,1870,1889,1.0,0.01111699311805188,TruSeq_R2,4,technical_match,0.047441617925073176
GCA_937942195.1,CALDFM010000197.1,Adapter,1272,1292,1320,1.0,0.015909090909090907,TruSeq,4,technical_match,0.015841204045675683
GCA_937942195.1,CALDFM010000205.1,Adapter,1626,1646,1676,1.0,0.012529832935560859,TruSeq_R2,4,technical_match,0.04770820339477527
GCA_937942195.1,CALDFM010000229.1,Adapter,29,49,1467,1.0,0.014314928425357873,TruSeq,4,technical_match,0.0305202026203798
GCA_937942195.1,CALDFM010000241.1,Adapter,1091,1111,1137,1.0,0.018469656992084433,TruSeq,4,technical_match,0.0024586982489218645
GCA_937942195.1,CALDFM010000247.1,Adapter,2939,2959,2989,1.0,0.00702576112412178,TruSeq_R2,4,technical_match,0.04933337547316613
GCA_937942195.1,CALDFM010000284.1,Adapter,29,49,2331,1.0,0.009009009009009009,TruSeq,4,technical_match,0.005930319134790807
GCA_937942195.1,CALDFM010000284.1,Adapter,2282,2302,2331,1.0,0.009009009009009009,TruSeq,4,technical_match,0.005930319134790807
GCA_937942195.1,CALDFM010000328.1,Adapter,2857,2877,2906,1.0,0.0072264280798348245,TruSeq,4,technical_match,0.021073325674906773
GCA_937942195.1,CALDFM010000361.1,Adapter,2521,2541,2569,1.0,0.008174386920980926,TruSeq,4,technical_match,0.006642783356567816
GCA_937942195.1,CALDFM010000363.1,Adapter,1021,1041,1069,1.0,0.019644527595884004,TruSeq,4,technical_match,0.023165381271630314
GCA_937942195.1,CALDFM010000366.1,Adapter,31,51,1316,1.0,0.015957446808510637,TruSeq_R2,4,technical_match,0.03614138783053317
GCA_937942195.1,CALDFM010000393.1,Adapter,15,35,1086,1.0,0.019337016574585635,TruSeq,4,technical_match,0.009458314375493215
GCA_937942195.1,CALDFM010000401.1,Adapter,3413,3433,3456,1.0,0.006076388888888889,TruSeq,4,technical_match,0.002256439051967374
GCA_937942195.1,CALDFM010000405.1,Adapter,30,50,1709,1.0,0.012287887653598596,TruSeq,4,technical_match,0.011326336233558054
GCA_937942195.1,CALDFM010000423.1,Adapter,30,50,1076,1.0,0.019516728624535316,TruSeq,4,technical_match,0.011236607898328643
GCA_937942195.1,CALDFM010000431.1,Adapter,2127,2147,2175,1.0,0.009655172413793104,TruSeq_R2,4,technical_match,0.006159908329897212
GCA_937942195.1,CALDFM010000437.1,Adapter,2999,3019,3047,1.0,0.006892024942566459,TruSeq,4,technical_match,0.03236194659429803
GCA_937942195.1,CALDFM010000470.1,Adapter,1803,1823,1851,1.0,0.011345218800648298,TruSeq,4,technical_match,0.022080558146750973
GCA_937942195.1,CALDFM010000494.1,Adapter,1923,1943,1970,1.0,0.01065989847715736,TruSeq,4,technical_match,0.04146418512550959
GCA_937942195.1,CALDFM010000497.1,Adapter,29,49,2399,1.0,0.008753647353063776,TruSeq,4,technical_match,0.03882646051152616
GCA_937942195.1,CALDFM010000497.1,Adapter,2350,2370,2399,1.0,0.008753647353063776,TruSeq,4,technical_match,0.03882646051152616
GCA_937942195.1,CALDFM010000521.1,Adapter,1038,1058,1084,1.0,0.01937269372693727,TruSeq,4,technical_match,0.02678551803427015
GCA_937942195.1,CALDFM010000530.1,Adapter,28,48,1845,1.0,0.011382113821138212,TruSeq,4,technical_match,0.009983850017589946
GCA_937968105.1,CALBUG010000141.1,Adapter,2281,2301,2329,1.0,0.009016745384285102,TruSeq,4,technical_match,0.006201007430135408
GCA_937968105.1,CALBUG010000300.1,Adapter,1238,1258,1285,1.0,0.01634241245136187,TruSeq,4,technical_match,0.012867312334363279
GCA_937968105.1,CALBUG010000344.1,Adapter,1921,1941,1970,1.0,0.01065989847715736,TruSeq_R2,4,technical_match,0.05544567651299609
GCA_937981625.1,CALJOR010000003.1,Adapter,9,29,37709,1.0,0.0005568962316688324,TruSeq_R2,4,technical_match,0.002193782098938779
GCA_937981625.1,CALJOR010000003.1,Adapter,37686,37706,37709,1.0,0.0005568962316688324,TruSeq_R2,4,technical_match,0.002193782098938779
GCA_937981625.1,CALJOR010000012.1,Adapter,22999,23019,23024,1.0,0.0009120917303683114,TruSeq,4,technical_match,0.0345260551874052
GCA_937981625.1,CALJOR010000019.1,Adapter,36673,36693,36698,1.0,0.0005722382691154831,TruSeq,4,technical_match,0.003647145670594293
GCA_937981625.1,CALJOR010000023.1,Adapter,5,25,6568,1.0,0.003197320341047503,TruSeq_R2,4,technical_match,0.008438168343789049
GCA_937981625.1,CALJOR010000042.1,Adapter,13,33,36228,1.0,0.0005796621397813846,TruSeq_R2,4,technical_match,0.00568355256924824
GCA_937981625.1,CALJOR010000046.1,Adapter,3,23,9067,1.0,0.0023160913201720527,TruSeq_R2,4,technical_match,0.021594859357110224
GCA_937981625.1,CALJOR010000047.1,Adapter,10,30,26680,1.0,0.0007871064467766117,TruSeq,4,technical_match,0.001732766286338061
GCA_937981625.1,CALJOR010000047.1,Adapter,26651,26671,26680,1.0,0.0007871064467766117,TruSeq_R2,4,technical_match,0.001732766286338061
GCA_937981625.1,CALJOR010000048.1,Adapter,46174,46194,46199,1.0,0.00045455529340461916,TruSeq_R2,4,technical_match,0.0115217806539194
GCA_937981625.1,CALJOR010000053.1,Adapter,4,24,35850,1.0,0.0005857740585774059,TruSeq_R2,4,technical_match,9.501821476715078e-05
GCA_937981625.1,CALJOR010000054.1,Adapter,53144,53164,53168,1.0,0.00039497442070418295,TruSeq,4,technical_match,0.0020130586645629722
GCA_937983315.1,CALKAH010000001.1,Adapter,23,43,2308,1.0,0.009098786828422877,TruSeq_R2,4,technical_match,0.03443102807634768
GCA_937983315.1,CALKAH010000002.1,Adapter,27,47,7157,1.0,0.0029341903031996647,TruSeq_R2,4,technical_match,0.015230267419536536
GCA_937983315.1,CALKAH010000004.1,Adapter,25,45,2244,1.0,0.009358288770053475,TruSeq_R2,4,technical_match,0.01337893306156529
GCA_937983315.1,CALKAH010000004.1,Adapter,2200,2220,2244,1.0,0.009358288770053475,TruSeq_R2,4,technical_match,0.01337893306156529
GCA_937983315.1,CALKAH010000005.1,Adapter,26,46,2394,1.0,0.008771929824561403,TruSeq_R2,4,technical_match,0.008157751787813028
GCA_937983315.1,CALKAH010000006.1,Adapter,25,45,2394,1.0,0.008771929824561403,TruSeq_R2,4,technical_match,0.01943594727653486
GCA_937983315.1,CALKAH010000007.1,Adapter,4092,4112,4137,1.0,0.005076142131979695,TruSeq_R2,4,technical_match,0.0027275095154655205
GCA_937983315.1,CALKAH010000009.1,Adapter,26,46,3780,1.0,0.005555555555555556,TruSeq,4,technical_match,0.0040502608382168015
GCA_937983315.1,CALKAH010000009.1,Adapter,3737,3757,3780,1.0,0.005555555555555556,TruSeq,4,technical_match,0.0040502608382168015
GCA_937983315.1,CALKAH010000014.1,Adapter,26,46,4729,1.0,0.00444068513427786,TruSeq,4,technical_match,0.0007565654424940282
GCA_937983315.1,CALKAH010000015.1,Adapter,29,49,1910,1.0,0.01099476439790576,TruSeq,4,technical_match,0.015796549322729447
GCA_937983315.1,CALKAH010000016.1,Adapter,10078,10098,10122,1.0,0.002074688796680498,TruSeq,4,technical_match,0.03096148475444166
GCA_937983315.1,CALKAH010000017.1,Adapter,1077,1097,1125,1.0,0.018666666666666668,TruSeq_R2,4,technical_match,0.017208998421042454
GCA_937983315.1,CALKAH010000018.1,Adapter,5611,5631,5656,1.0,0.0037128712871287127,TruSeq,4,technical_match,0.002668575050590427
GCA_937983315.1,CALKAH010000020.1,Adapter,25,45,1717,1.0,0.0122306348281887,TruSeq_R2,4,technical_match,0.0039477996117019964
GCA_937983315.1,CALKAH010000021.1,Adapter,11676,11696,11722,1.0,0.0017915031564579424,TruSeq,4,technical_match,0.03467801365501588
GCA_937983315.1,CALKAH010000023.1,Adapter,33,53,3801,1.0,0.0055248618784530384,TruSeq_R2,4,technical_match,0.014303410594128985
GCA_937983315.1,CALKAH010000023.1,Adapter,3756,3776,3801,1.0,0.0055248618784530384,TruSeq_R2,4,technical_match,0.014303410594128985
GCA_937983315.1,CALKAH010000024.1,Adapter,26,46,3490,1.0,0.006017191977077364,TruSeq_R2,4,technical_match,0.011449049360233776
GCA_937983315.1,CALKAH010000024.1,Adapter,3443,3463,3490,1.0,0.006017191977077364,TruSeq,4,technical_match,0.011449049360233776
GCA_937983315.1,CALKAH010000025.1,Adapter,2356,2376,2401,1.0,0.008746355685131196,TruSeq,4,technical_match,0.020914376098833565
GCA_937983315.1,CALKAH010000026.1,Adapter,26,46,2841,1.0,0.007391763463569166,TruSeq_R2,4,technical_match,1.2167834970711056e-05
GCA_937983315.1,CALKAH010000026.1,Adapter,2797,2817,2841,1.0,0.007391763463569166,TruSeq,4,technical_match,1.2167834970711056e-05
GCA_937983315.1,CALKAH010000027.1,Adapter,26,46,1094,1.0,0.019195612431444242,TruSeq_R2,4,technical_match,0.013478793575707526
GCA_937983315.1,CALKAH010000027.1,Adapter,1049,1069,1094,1.0,0.019195612431444242,TruSeq,4,technical_match,0.013478793575707526
GCA_937983315.1,CALKAH010000029.1,Adapter,111,131,4159,1.0,0.005049290694878576,TruSeq_R2,4,technical_match,0.030710426654429746
GCA_937983315.1,CALKAH010000029.1,Adapter,4114,4134,4159,1.0,0.005049290694878576,TruSeq_R2,4,technical_match,0.030710426654429746
GCA_937983315.1,CALKAH010000030.1,Adapter,3704,3724,3746,1.0,0.005605979711692472,TruSeq,4,technical_match,0.024096334675000775
GCA_937983315.1,CALKAH010000031.1,Adapter,27,47,8666,1.0,0.0024232633279483036,TruSeq_R2,4,technical_match,0.01465844325013188
GCA_937983315.1,CALKAH010000032.1,Adapter,26,46,6002,1.0,0.003498833722092636,TruSeq,4,technical_match,0.0014739591116318396
GCA_937983315.1,CALKAH010000032.1,Adapter,5957,5977,6002,1.0,0.003498833722092636,TruSeq_R2,4,technical_match,0.0014739591116318396
GCA_937983315.1,CALKAH010000033.1,Adapter,26,46,3835,1.0,0.005475880052151239,TruSeq_R2,4,technical_match,0.057734649268367966
GCA_937983315.1,CALKAH010000033.1,Adapter,3786,3806,3835,1.0,0.005475880052151239,TruSeq_R2,4,technical_match,0.057734649268367966
GCA_937983315.1,CALKAH010000035.1,Adapter,24,44,1058,1.0,0.01984877126654064,TruSeq_R2,4,technical_match,0.012350355278845426
GCA_937983315.1,CALKAH010000035.1,Adapter,1014,1034,1058,1.0,0.01984877126654064,TruSeq_R2,4,technical_match,0.012350355278845426
GCA_937983315.1,CALKAH010000037.1,Adapter,24,44,11464,1.0,0.00183182135380321,TruSeq_R2,4,technical_match,0.007457583363277065
GCA_937983315.1,CALKAH010000039.1,Adapter,26,46,3812,1.0,0.005508919202518363,TruSeq,4,technical_match,0.0001081473075995043
GCA_937983315.1,CALKAH010000039.1,Adapter,3768,3788,3812,1.0,0.005508919202518363,TruSeq_R2,4,technical_match,0.0001081473075995043
GCA_937983315.1,CALKAH010000040.1,Adapter,24,44,3870,1.0,0.005426356589147287,TruSeq_R2,4,technical_match,0.012362061010482095
GCA_937983315.1,CALKAH010000041.1,Adapter,22,42,10977,1.0,0.0019130910084722602,TruSeq_R2,4,technical_match,0.004222086392862312
GCA_937983315.1,CALKAH010000043.1,Adapter,22,42,16120,1.0,0.0013027295285359803,TruSeq_R2,4,technical_match,0.0028585710706151013
GCA_937983315.1,CALKAH010000045.1,Adapter,1265,1285,1312,1.0,0.01600609756097561,TruSeq_R2,4,technical_match,0.012661572946787714
GCA_937983315.1,CALKAH010000046.1,Adapter,24,44,6826,1.0,0.0030764723117491944,TruSeq,4,technical_match,0.013038539066287769
GCA_937983315.1,CALKAH010000049.1,Adapter,1964,1984,2009,1.0,0.010452961672473868,TruSeq_R2,4,technical_match,0.02429711296660203
GCA_937983315.1,CALKAH010000050.1,Adapter,26,46,7281,1.0,0.00288421920065925,TruSeq,4,technical_match,0.008182019296304077
GCA_937983315.1,CALKAH010000051.1,Adapter,25,45,1911,1.0,0.01098901098901099,TruSeq_R2,4,technical_match,0.003028639097825969
GCA_937983315.1,CALKAH010000052.1,Adapter,27,47,1398,1.0,0.015021459227467811,TruSeq,4,technical_match,0.031913814825429654
GCA_937983315.1,CALKAH010000052.1,Adapter,1354,1374,1398,1.0,0.015021459227467811,TruSeq_R2,4,technical_match,0.031913814825429654
GCA_937983315.1,CALKAH010000053.1,Adapter,27,47,7702,1.0,0.0027265645286938455,TruSeq,4,technical_match,0.013100166660172219
GCA_937983315.1,CALKAH010000057.1,Adapter,26,46,17165,1.0,0.0012234197494902417,TruSeq_R2,4,technical_match,0.002862492287760865
GCA_937983315.1,CALKAH010000057.1,Adapter,17120,17140,17165,1.0,0.0012234197494902417,TruSeq,4,technical_match,0.002862492287760865
GCA_937983315.1,CALKAH010000058.1,Adapter,5357,5377,5401,1.0,0.0038881688576189594,TruSeq,4,technical_match,0.002824493319170285
GCA_937983315.1,CALKAH010000059.1,Adapter,2968,2988,3022,1.0,0.006949040370615486,TruSeq_R2,4,technical_match,0.0005027700218954156
GCA_937983315.1,CALKAH010000060.1,Adapter,26,46,4011,1.0,0.005235602094240838,TruSeq,4,technical_match,0.00200946380789524
GCA_937983315.1,CALKAH010000060.1,Adapter,3957,3977,4011,1.0,0.005235602094240838,TruSeq_R2,4,technical_match,0.00200946380789524
GCA_937983315.1,CALKAH010000061.1,Adapter,26,46,1774,1.0,0.011837655016910935,TruSeq,4,technical_match,0.004874929926696525
GCA_937983315.1,CALKAH010000061.1,Adapter,1730,1750,1774,1.0,0.011837655016910935,TruSeq,4,technical_match,0.004874929926696525
GCA_937983315.1,CALKAH010000063.1,Adapter,23,43,2811,1.0,0.007470651013874066,TruSeq,4,technical_match,0.0001692735307305404
GCA_937983315.1,CALKAH010000063.1,Adapter,2768,2788,2811,1.0,0.007470651013874066,TruSeq_R2,4,technical_match,0.0001692735307305404
GCA_937983315.1,CALKAH010000064.1,Adapter,6290,6310,6335,1.0,0.0033149171270718232,TruSeq_R2,4,technical_match,0.012531632815500016
GCA_937983315.1,CALKAH010000065.1,Adapter,15030,15050,15074,1.0,0.0013931272389544913,TruSeq,4,technical_match,0.008795984404425972
GCA_937983315.1,CALKAH010000066.1,Adapter,24,44,1611,1.0,0.01303538175046555,TruSeq,4,technical_match,0.0317245832052766
GCA_937983315.1,CALKAH010000070.1,Adapter,1068,1088,1111,1.0,0.018901890189018902,TruSeq_R2,4,technical_match,0.0047419966784675305
GCA_937983315.1,CALKAH010000071.1,Adapter,1188,1208,1232,1.0,0.017045454545454544,TruSeq_R2,4,technical_match,0.01273833202628799
GCA_937983315.1,CALKAH010000073.1,Adapter,30,50,4984,1.0,0.004213483146067416,TruSeq_R2,4,technical_match,0.0230215541549465
GCA_937983315.1,CALKAH010000074.1,Adapter,28,48,2077,1.0,0.010110736639383727,TruSeq_R2,4,technical_match,0.020174835099526778
GCA_937983315.1,CALKAH010000077.1,Adapter,27,47,2589,1.0,0.008111239860950173,TruSeq,4,technical_match,0.006045872374949968
GCA_937983315.1,CALKAH010000078.1,Adapter,25,45,1433,1.0,0.01465457083042568,TruSeq_R2,4,technical_match,0.04383341454321282
GCA_937983315.1,CALKAH010000079.1,Adapter,28,48,1694,1.0,0.012396694214876033,TruSeq,4,technical_match,0.047198190349782676
GCA_937983315.1,CALKAH010000079.1,Adapter,1649,1669,1694,1.0,0.012396694214876033,TruSeq_R2,4,technical_match,0.047198190349782676
GCA_937983315.1,CALKAH010000082.1,Adapter,1137,1157,1190,1.0,0.01764705882352941,TruSeq_R2,4,technical_match,0.04657221037248971
GCA_937983315.1,CALKAH010000083.1,Adapter,25,45,1374,1.0,0.015283842794759825,TruSeq,4,technical_match,0.024617052763594605
GCA_937983315.1,CALKAH010000083.1,Adapter,1328,1348,1374,1.0,0.015283842794759825,TruSeq_R2,4,technical_match,0.024617052763594605
GCA_937983315.1,CALKAH010000084.1,Adapter,24,44,5689,1.0,0.003691334153629812,TruSeq,4,technical_match,0.0003084719408645298
GCA_937983315.1,CALKAH010000084.1,Adapter,5643,5663,5689,1.0,0.003691334153629812,TruSeq,4,technical_match,0.0003084719408645298
GCA_937983315.1,CALKAH010000085.1,Adapter,1727,1747,1771,1.0,0.011857707509881422,TruSeq,4,technical_match,0.005365846403977359
GCA_937983315.1,CALKAH010000086.1,Adapter,2592,2612,2636,1.0,0.007966616084977238,TruSeq,4,technical_match,0.0027997690717918022
GCA_937983315.1,CALKAH010000088.1,Adapter,30,50,2092,1.0,0.010038240917782026,TruSeq_R2,4,technical_match,0.013699010926737476
GCA_937983315.1,CALKAH010000089.1,Adapter,26,46,4354,1.0,0.00482315112540193,TruSeq_R2,4,technical_match,0.033867192674091995
GCA_937983315.1,CALKAH010000089.1,Adapter,4302,4322,4354,1.0,0.00482315112540193,TruSeq_R2,4,technical_match,0.033867192674091995
GCA_937983315.1,CALKAH010000090.1,Adapter,26,46,1797,1.0,0.011686143572621035,TruSeq_R2,4,technical_match,0.008053847062170327
GCA_937983315.1,CALKAH010000092.1,Adapter,25,45,3373,1.0,0.006225911651348948,TruSeq,4,technical_match,0.01635110303825854
GCA_937983315.1,CALKAH010000093.1,Adapter,22,42,2139,1.0,0.009817671809256662,TruSeq,4,technical_match,0.001079342818736062
GCA_937983315.1,CALKAH010000093.1,Adapter,2094,2114,2139,1.0,0.009817671809256662,TruSeq,4,technical_match,0.001079342818736062
GCA_937983315.1,CALKAH010000094.1,Adapter,25,45,2740,1.0,0.007664233576642336,TruSeq_R2,4,technical_match,0.035139744482445
GCA_937983315.1,CALKAH010000095.1,Adapter,2823,2843,2868,1.0,0.007322175732217573,TruSeq,4,technical_match,0.01582772868263027
GCA_937983315.1,CALKAH010000098.1,Adapter,25,45,2724,1.0,0.007709251101321586,TruSeq_R2,4,technical_match,0.0006813430123297493
GCA_937983315.1,CALKAH010000099.1,Adapter,26,46,1217,1.0,0.01725554642563681,TruSeq,4,technical_match,0.008166332538512011
GCA_937983315.1,CALKAH010000099.1,Adapter,1174,1194,1217,1.0,0.01725554642563681,TruSeq,4,technical_match,0.008166332538512011
GCA_937983315.1,CALKAH010000104.1,Adapter,2369,2389,2413,1.0,0.00870285951098218,TruSeq,4,technical_match,0.06125966668003047
GCA_937983315.1,CALKAH010000105.1,Adapter,1379,1399,1424,1.0,0.014747191011235955,TruSeq,4,technical_match,0.0009551713667228512
GCA_937983315.1,CALKAH010000106.1,Adapter,3508,3528,3555,1.0,0.00590717299578059,TruSeq_R2,4,technical_match,0.017435164729449837
GCA_937983315.1,CALKAH010000108.1,Adapter,34,54,2458,1.0,0.00854353132628153,TruSeq_R2,4,technical_match,0.005661037115554712
GCA_937983315.1,CALKAH010000109.1,Adapter,24,44,2068,1.0,0.010154738878143133,TruSeq_R2,4,technical_match,0.009453571814551975
GCA_937983315.1,CALKAH010000109.1,Adapter,2023,2043,2068,1.0,0.010154738878143133,TruSeq,4,technical_match,0.009453571814551975
GCA_937983315.1,CALKAH010000110.1,Adapter,5966,5986,6011,1.0,0.00349359507569456,TruSeq,4,technical_match,0.011528834071240224
GCA_937983315.1,CALKAH010000113.1,Adapter,25,45,2809,1.0,0.007475970096119616,TruSeq_R2,4,technical_match,0.01023738423787135
GCA_937983315.1,CALKAH010000113.1,Adapter,2764,2784,2809,1.0,0.007475970096119616,TruSeq_R2,4,technical_match,0.01023738423787135
GCA_937983315.1,CALKAH010000114.1,Adapter,15921,15941,15965,1.0,0.0013153773880363294,TruSeq,4,technical_match,0.005609179372429163
GCA_937983315.1,CALKAH010000115.1,Adapter,25,45,1253,1.0,0.01675977653631285,TruSeq,4,technical_match,0.001397368520520026
GCA_937983315.1,CALKAH010000116.1,Adapter,2890,2910,2933,1.0,0.007159904534606206,TruSeq_R2,4,technical_match,0.019888550542854988
GCA_937983315.1,CALKAH010000120.1,Adapter,27,47,2709,1.0,0.007751937984496124,TruSeq,4,technical_match,0.03152042202930827
GCA_937983315.1,CALKAH010000120.1,Adapter,2665,2685,2709,1.0,0.007751937984496124,TruSeq,4,technical_match,0.03152042202930827
GCA_937983315.1,CALKAH010000121.1,Adapter,16806,16826,16849,1.0,0.0012463647694225177,TruSeq_R2,4,technical_match,0.0015655246903231723
GCA_937983315.1,CALKAH010000122.1,Adapter,31,51,3358,1.0,0.006253722453841573,TruSeq_R2,4,technical_match,0.010900216738824187
GCA_937983315.1,CALKAH010000123.1,Adapter,29,49,1977,1.0,0.010622154779969651,TruSeq_R2,4,technical_match,0.002293952177507552
GCA_937983315.1,CALKAH010000125.1,Adapter,26,46,3269,1.0,0.006423982869379015,TruSeq_R2,4,technical_match,0.059115803591125726
GCA_937983315.1,CALKAH010000126.1,Adapter,26,46,2884,1.0,0.007281553398058253,TruSeq,4,technical_match,0.002589180267243696
GCA_937983315.1,CALKAH010000126.1,Adapter,2840,2860,2884,1.0,0.007281553398058253,TruSeq_R2,4,technical_match,0.002589180267243696
GCA_937983315.1,CALKAH010000129.1,Adapter,25,45,2043,1.0,0.010279001468428781,TruSeq_R2,4,technical_match,0.004335788656784301
GCA_937983315.1,CALKAH010000130.1,Adapter,26,46,1752,1.0,0.011986301369863013,TruSeq,4,technical_match,0.019288146061833933
GCA_937983315.1,CALKAH010000130.1,Adapter,1701,1721,1752,1.0,0.011986301369863013,TruSeq,4,technical_match,0.019288146061833933
GCA_937983315.1,CALKAH010000131.1,Adapter,26,46,1015,1.0,0.020689655172413793,TruSeq_R2,4,technical_match,0.0033843239653834067
GCA_937983315.1,CALKAH010000133.1,Adapter,24,44,7685,1.0,0.0027325959661678597,TruSeq,4,technical_match,0.02373715572603774
GCA_937983315.1,CALKAH010000133.1,Adapter,7636,7656,7685,1.0,0.0027325959661678597,TruSeq_R2,4,technical_match,0.02373715572603774
GCA_937983315.1,CALKAH010000134.1,Adapter,3781,3801,3826,1.0,0.005488761108207005,TruSeq_R2,4,technical_match,0.00706762652117604
GCA_937983315.1,CALKAH010000135.1,Adapter,26,46,8127,1.0,0.002583979328165375,TruSeq_R2,4,technical_match,0.004163102026308818
GCA_937983315.1,CALKAH010000135.1,Adapter,8082,8102,8127,1.0,0.002583979328165375,TruSeq_R2,4,technical_match,0.004163102026308818
GCA_937983315.1,CALKAH010000137.1,Adapter,4511,4531,4557,1.0,0.004608294930875576,TruSeq,4,technical_match,0.012821869840240585
GCA_937983315.1,CALKAH010000140.1,Adapter,5060,5080,5105,1.0,0.004113614103819784,TruSeq_R2,4,technical_match,0.00640271123180336
GCA_937983315.1,CALKAH010000146.1,Adapter,26,46,2749,1.0,0.007639141506002182,TruSeq,4,technical_match,0.004632964312881016
GCA_937983315.1,CALKAH010000147.1,Adapter,24,44,5557,1.0,0.00377901745546158,TruSeq_R2,4,technical_match,0.0030395624743885796
GCA_937983315.1,CALKAH010000149.1,Adapter,25,45,1171,1.0,0.017933390264730998,TruSeq_R2,4,technical_match,0.01732634648834175
GCA_937983315.1,CALKAH010000150.1,Adapter,33,53,6140,1.0,0.0034201954397394137,TruSeq,4,technical_match,0.011759848945834317
GCA_937983315.1,CALKAH010000152.1,Adapter,3002,3022,3037,1.0,0.00691471847217649,TruSeq,4,technical_match,0.007495611672423574
GCA_937983315.1,CALKAH010000153.1,Adapter,985,1005,1029,1.0,0.02040816326530612,TruSeq_R2,4,technical_match,0.015737019153144793
GCA_937983315.1,CALKAH010000154.1,Adapter,25,45,1163,1.0,0.018056749785038694,TruSeq_R2,4,technical_match,0.036784425955197375
GCA_937983315.1,CALKAH010000155.1,Adapter,34,54,2369,1.0,0.008864499788940482,TruSeq_R2,4,technical_match,0.0054612328063859406
GCA_937983315.1,CALKAH010000158.1,Adapter,27,47,4356,1.0,0.0048209366391184574,TruSeq,4,technical_match,0.007646832616606758
GCA_937983315.1,CALKAH010000158.1,Adapter,4310,4330,4356,1.0,0.0048209366391184574,TruSeq,4,technical_match,0.007646832616606758
GCA_937983315.1,CALKAH010000159.1,Adapter,1577,1597,1623,1.0,0.012939001848428836,TruSeq_R2,4,technical_match,0.0007933073140389268
GCA_937983315.1,CALKAH010000160.1,Adapter,1886,1906,1930,1.0,0.010880829015544042,TruSeq_R2,4,technical_match,0.03497295927308619
GCA_937983315.1,CALKAH010000161.1,Adapter,24,44,2674,1.0,0.007853403141361256,TruSeq,4,technical_match,0.009708312307786626
GCA_937983315.1,CALKAH010000162.1,Adapter,3344,3364,3393,1.0,0.00618921308576481,TruSeq_R2,4,technical_match,0.007124707233302996
GCA_937983315.1,CALKAH010000164.1,Adapter,24,44,1896,1.0,0.011075949367088608,TruSeq,4,technical_match,0.020283265995272637
GCA_937983315.1,CALKAH010000166.1,Adapter,4380,4400,4426,1.0,0.004744690465431541,TruSeq,4,technical_match,0.0060625406211729516
GCA_937983315.1,CALKAH010000167.1,Adapter,24,44,1887,1.0,0.011128775834658187,TruSeq_R2,4,technical_match,0.009011104034354123
GCA_937983315.1,CALKAH010000169.1,Adapter,6254,6274,6303,1.0,0.0033317467872441696,TruSeq,4,technical_match,0.0016921545900625001
GCA_937983315.1,CALKAH010000170.1,Adapter,30,50,1499,1.0,0.014009339559706471,TruSeq_R2,4,technical_match,0.0014250539101413051
GCA_937983315.1,CALKAH010000171.1,Adapter,1776,1796,1820,1.0,0.011538461538461539,TruSeq_R2,4,technical_match,0.01632010953215357
GCA_937983315.1,CALKAH010000172.1,Adapter,911,931,1020,1.0,0.020588235294117647,TruSeq_R2,4,technical_match,0.017300501689016312
GCA_937983315.1,CALKAH010000173.1,Adapter,1381,1401,1429,1.0,0.01469559132260322,TruSeq_R2,4,technical_match,0.009602124927534927
GCA_937983315.1,CALKAH010000174.1,Adapter,26,46,1332,1.0,0.015765765765765764,TruSeq_R2,4,technical_match,0.020316527104483062
GCA_937983315.1,CALKAH010000175.1,Adapter,24,44,1087,1.0,0.019319227230910764,TruSeq,4,technical_match,0.0175345362820139
GCA_937983315.1,CALKAH010000175.1,Adapter,1042,1062,1087,1.0,0.019319227230910764,TruSeq_R2,4,technical_match,0.0175345362820139
GCA_937983315.1,CALKAH010000176.1,Adapter,26,46,2345,1.0,0.008955223880597015,TruSeq_R2,4,technical_match,0.016089272130959453
GCA_937983315.1,CALKAH010000177.1,Adapter,26,46,3594,1.0,0.005843071786310518,TruSeq_R2,4,technical_match,0.01027977917124101
GCA_937983315.1,CALKAH010000177.1,Adapter,3548,3568,3594,1.0,0.005843071786310518,TruSeq_R2,4,technical_match,0.01027977917124101
GCA_937983315.1,CALKAH010000178.1,Adapter,23,43,3093,1.0,0.006789524733268671,TruSeq_R2,4,technical_match,0.022218526096685787
GCA_937983315.1,CALKAH010000179.1,Adapter,26,46,4453,1.0,0.004715921850437907,TruSeq_R2,4,technical_match,0.013580383504756266
GCA_937983315.1,CALKAH010000180.1,Adapter,26,46,3884,1.0,0.005406797116374871,TruSeq,4,technical_match,0.012818564732977433
GCA_937983315.1,CALKAH010000182.1,Adapter,25,45,1251,1.0,0.016786570743405275,TruSeq,4,technical_match,1.3155095702710451e-05
GCA_937983315.1,CALKAH010000182.1,Adapter,1207,1227,1251,1.0,0.016786570743405275,TruSeq,4,technical_match,1.3155095702710451e-05
GCA_937983315.1,CALKAH010000183.1,Adapter,4152,4172,4196,1.0,0.005004766444232603,TruSeq_R2,4,technical_match,0.02027625824521362
GCA_937983315.1,CALKAH010000185.1,Adapter,3916,3936,3958,1.0,0.005305709954522486,TruSeq,4,technical_match,0.0054055061971358676
GCA_937983315.1,CALKAH010000188.1,Adapter,26,46,1665,1.0,0.012612612612612612,TruSeq,4,technical_match,0.014911121699077656
GCA_937983315.1,CALKAH010000189.1,Adapter,25,45,8889,1.0,0.002362470469119136,TruSeq,4,technical_match,0.004109635096038622
GCA_937983315.1,CALKAH010000189.1,Adapter,8844,8864,8889,1.0,0.002362470469119136,TruSeq_R2,4,technical_match,0.004109635096038622
GCA_937983315.1,CALKAH010000190.1,Adapter,1657,1677,1702,1.0,0.012338425381903642,TruSeq_R2,4,technical_match,0.008212001424045434
GCA_937983315.1,CALKAH010000191.1,Adapter,10240,10260,10285,1.0,0.0020418084589207586,TruSeq_R2,4,technical_match,0.03751602591523573
GCA_937983315.1,CALKAH010000195.1,Adapter,31,51,12923,1.0,0.0016250096726766231,TruSeq,4,technical_match,0.002112143040778447
GCA_937983315.1,CALKAH010000196.1,Adapter,24,44,2750,1.0,0.0076363636363636364,TruSeq,4,technical_match,0.019316254104210062
GCA_937983315.1,CALKAH010000197.1,Adapter,26,46,3831,1.0,0.00548159749412686,TruSeq,4,technical_match,0.007798919442004615
GCA_937983315.1,CALKAH010000198.1,Adapter,3905,3925,3950,1.0,0.005316455696202532,TruSeq,4,technical_match,0.011274827176707192
GCA_937983315.1,CALKAH010000200.1,Adapter,971,991,1016,1.0,0.02066929133858268,TruSeq_R2,4,technical_match,0.03856420402034255
GCA_937983315.1,CALKAH010000201.1,Adapter,23,43,2038,1.0,0.010304219823356232,TruSeq_R2,4,technical_match,0.011805879895254612
GCA_937983315.1,CALKAH010000202.1,Adapter,26,46,2221,1.0,0.00945520036019811,TruSeq,4,technical_match,0.004121133151322343
GCA_937983315.1,CALKAH010000202.1,Adapter,2176,2196,2221,1.0,0.00945520036019811,TruSeq,4,technical_match,0.004121133151322343
GCA_937983315.1,CALKAH010000205.1,Adapter,6795,6815,6840,1.0,0.0030701754385964912,TruSeq,4,technical_match,0.013358253040945844
GCA_937983315.1,CALKAH010000206.1,Adapter,24,44,2447,1.0,0.00858193706579485,TruSeq,4,technical_match,0.015175851256714223
GCA_937983315.1,CALKAH010000208.1,Adapter,27,47,4639,1.0,0.004526837680534598,TruSeq_R2,4,technical_match,0.01748415350714816
GCA_937983315.1,CALKAH010000209.1,Adapter,24,44,1439,1.0,0.014593467685892982,TruSeq,4,technical_match,0.013978709091890917
GCA_937983315.1,CALKAH010000210.1,Adapter,25,45,7582,1.0,0.0027697177525718808,TruSeq_R2,4,technical_match,0.007773551895646047
GCA_937983315.1,CALKAH010000211.1,Adapter,4716,4736,4760,1.0,0.004411764705882353,TruSeq,4,technical_match,0.006866328019548507
GCA_937983315.1,CALKAH010000212.1,Adapter,1282,1302,1326,1.0,0.01583710407239819,TruSeq,4,technical_match,0.02657651978856379
GCA_937983315.1,CALKAH010000215.1,Adapter,26,46,4145,1.0,0.005066344993968637,TruSeq,4,technical_match,0.006428674067738616
GCA_937983315.1,CALKAH010000215.1,Adapter,4102,4122,4145,1.0,0.005066344993968637,TruSeq_R2,4,technical_match,0.006428674067738616
GCA_937983315.1,CALKAH010000216.1,Adapter,1017,1037,1062,1.0,0.01977401129943503,TruSeq,4,technical_match,0.009917096349479348
GCA_937983315.1,CALKAH010000218.1,Adapter,2004,2024,2047,1.0,0.010258915486077186,TruSeq_R2,4,technical_match,0.018755611034529385
GCA_937983315.1,CALKAH010000219.1,Adapter,7996,8016,8042,1.0,0.002611290723700572,TruSeq,4,technical_match,0.01908061686863699
GCA_937983315.1,CALKAH010000220.1,Adapter,24,44,2046,1.0,0.010263929618768328,TruSeq,4,technical_match,0.047414005814865046
GCA_937983315.1,CALKAH010000220.1,Adapter,2002,2022,2046,1.0,0.010263929618768328,TruSeq,4,technical_match,0.047414005814865046
GCA_937983315.1,CALKAH010000222.1,Adapter,6402,6422,6445,1.0,0.0032583397982932504,TruSeq_R2,4,technical_match,0.015699473380097695
GCA_937983315.1,CALKAH010000225.1,Adapter,25,45,2214,1.0,0.009485094850948509,TruSeq,4,technical_match,0.02053625903153211
GCA_937983315.1,CALKAH010000226.1,Adapter,1630,1650,1675,1.0,0.01253731343283582,TruSeq,4,technical_match,0.008157502408144945
GCA_937983315.1,CALKAH010000227.1,Adapter,25,45,9662,1.0,0.002173463051128131,TruSeq,4,technical_match,0.0049560027219693326
GCA_937983315.1,CALKAH010000227.1,Adapter,9613,9633,9662,1.0,0.002173463051128131,TruSeq_R2,4,technical_match,0.0049560027219693326
GCA_937983315.1,CALKAH010000229.1,Adapter,25,45,2717,1.0,0.007729112992270887,TruSeq,4,technical_match,0.0016408768498854531
GCA_937983315.1,CALKAH010000232.1,Adapter,26,46,5707,1.0,0.0036796916067986683,TruSeq_R2,4,technical_match,0.006192196442964815
GCA_937983315.1,CALKAH010000233.1,Adapter,6176,6196,6226,1.0,0.0033729521362030196,TruSeq_R2,4,technical_match,0.011852071643561224
GCA_937983315.1,CALKAH010000235.1,Adapter,112,132,1565,1.0,0.0134185303514377,TruSeq_R2,4,technical_match,0.007961040627590843
GCA_937983315.1,CALKAH010000236.1,Adapter,1959,1979,2001,1.0,0.010494752623688156,TruSeq_R2,4,technical_match,0.019618460356741252
GCA_937983315.1,CALKAH010000237.1,Adapter,25,45,1609,1.0,0.01305158483530143,TruSeq,4,technical_match,0.016371002960077652
GCA_937983315.1,CALKAH010000237.1,Adapter,1564,1584,1609,1.0,0.01305158483530143,TruSeq,4,technical_match,0.016371002960077652
GCA_937983315.1,CALKAH010000238.1,Adapter,22,42,2222,1.0,0.009450945094509451,TruSeq_R2,4,technical_match,0.014609938515051824
GCA_937983315.1,CALKAH010000239.1,Adapter,25,45,3752,1.0,0.005597014925373134,TruSeq,4,technical_match,0.003882449103240926
GCA_937983315.1,CALKAH010000240.1,Adapter,26,46,3851,1.0,0.005453129057387691,TruSeq_R2,4,technical_match,0.023227406338177936
GCA_937983315.1,CALKAH010000241.1,Adapter,24,44,5666,1.0,0.0037063183903988705,TruSeq,4,technical_match,0.00936635026635757
GCA_937983315.1,CALKAH010000243.1,Adapter,26,46,1453,1.0,0.014452856159669649,TruSeq_R2,4,technical_match,0.002399780350847147
GCA_937983315.1,CALKAH010000243.1,Adapter,1408,1428,1453,1.0,0.014452856159669649,TruSeq_R2,4,technical_match,0.002399780350847147
GCA_937983315.1,CALKAH010000244.1,Adapter,26,46,4013,1.0,0.00523299277348617,TruSeq,4,technical_match,0.013383354210682208
GCA_937983315.1,CALKAH010000246.1,Adapter,4231,4251,4275,1.0,0.004912280701754386,TruSeq,4,technical_match,0.015258837836267525
GCA_937983315.1,CALKAH010000249.1,Adapter,24,44,5086,1.0,0.004128981517892253,TruSeq,4,technical_match,0.01761778943777681
GCA_937983315.1,CALKAH010000252.1,Adapter,27,47,1472,1.0,0.014266304347826086,TruSeq,4,technical_match,0.010341848662588304
GCA_937983315.1,CALKAH010000254.1,Adapter,27,47,4176,1.0,0.005028735632183908,TruSeq_R2,4,technical_match,0.012032380889302363
GCA_937983315.1,CALKAH010000254.1,Adapter,4131,4151,4176,1.0,0.005028735632183908,TruSeq_R2,4,technical_match,0.012032380889302363
GCA_937983315.1,CALKAH010000255.1,Adapter,23,43,3716,1.0,0.005651237890204521,TruSeq,4,technical_match,0.0020867795959411684
GCA_937983315.1,CALKAH010000256.1,Adapter,3671,3691,3716,1.0,0.005651237890204521,TruSeq_R2,4,technical_match,0.0035644582942633285
GCA_937983315.1,CALKAH010000257.1,Adapter,25,45,1316,1.0,0.015957446808510637,TruSeq_R2,4,technical_match,0.010579586516478667
GCA_937983315.1,CALKAH010000257.1,Adapter,1270,1290,1316,1.0,0.015957446808510637,TruSeq,4,technical_match,0.010579586516478667
GCA_937983315.1,CALKAH010000258.1,Adapter,3078,3098,3121,1.0,0.0067286126241589235,TruSeq,4,technical_match,0.023218499887904143
GCA_937983315.1,CALKAH010000259.1,Adapter,25,45,2275,1.0,0.009230769230769232,TruSeq,4,technical_match,0.03214428535632935
GCA_937983315.1,CALKAH010000259.1,Adapter,2225,2245,2275,1.0,0.009230769230769232,TruSeq,4,technical_match,0.03214428535632935
GCA_937983315.1,CALKAH010000263.1,Adapter,25,45,2601,1.0,0.008073817762399077,TruSeq_R2,4,technical_match,0.0030570530976042343
GCA_937983315.1,CALKAH010000263.1,Adapter,2553,2573,2601,1.0,0.008073817762399077,TruSeq_R2,4,technical_match,0.0030570530976042343
GCA_937983315.1,CALKAH010000265.1,Adapter,25,45,3091,1.0,0.006793917825946296,TruSeq,4,technical_match,0.008749743954670541
GCA_937983315.1,CALKAH010000265.1,Adapter,3043,3063,3091,1.0,0.006793917825946296,TruSeq,4,technical_match,0.008749743954670541
GCA_937983315.1,CALKAH010000267.1,Adapter,26,46,7375,1.0,0.002847457627118644,TruSeq_R2,4,technical_match,0.01632010953215357
GCA_937983315.1,CALKAH010000268.1,Adapter,24,44,18752,1.0,0.0011198805460750853,TruSeq,4,technical_match,0.005825228986078457
GCA_937983315.1,CALKAH010000269.1,Adapter,4393,4413,4437,1.0,0.004732927653820149,TruSeq,4,technical_match,0.012032380889302363
GCA_937983315.1,CALKAH010000271.1,Adapter,26,46,1237,1.0,0.016976556184316895,TruSeq_R2,4,technical_match,0.006780901771442138
GCA_937983315.1,CALKAH010000271.1,Adapter,1192,1212,1237,1.0,0.016976556184316895,TruSeq_R2,4,technical_match,0.006780901771442138
GCA_937983315.1,CALKAH010000273.1,Adapter,25,45,1343,1.0,0.01563663440059568,TruSeq,4,technical_match,0.0054222583010556935
GCA_937983315.1,CALKAH010000273.1,Adapter,1299,1319,1343,1.0,0.01563663440059568,TruSeq,4,technical_match,0.0054222583010556935
GCA_937983315.1,CALKAH010000274.1,Adapter,25,45,6568,1.0,0.003197320341047503,TruSeq,4,technical_match,0.026189025668820864
GCA_937983315.1,CALKAH010000275.1,Adapter,25,45,3224,1.0,0.006513647642679901,TruSeq,4,technical_match,0.025119096423181442
GCA_937983315.1,CALKAH010000277.1,Adapter,2329,2349,2373,1.0,0.008849557522123894,TruSeq_R2,4,technical_match,0.013707383025621744
GCA_937983315.1,CALKAH010000278.1,Adapter,25,45,7600,1.0,0.002763157894736842,TruSeq_R2,4,technical_match,0.051179890467846434
GCA_937983315.1,CALKAH010000278.1,Adapter,7555,7575,7600,1.0,0.002763157894736842,TruSeq_R2,4,technical_match,0.051179890467846434
GCA_937983315.1,CALKAH010000281.1,Adapter,25,45,5208,1.0,0.004032258064516129,TruSeq_R2,4,technical_match,0.004184932880847869
GCA_937983315.1,CALKAH010000282.1,Adapter,25,45,2732,1.0,0.0076866764275256225,TruSeq_R2,4,technical_match,0.0024840919626074043
GCA_937983315.1,CALKAH010000283.1,Adapter,24,44,3753,1.0,0.005595523581135092,TruSeq,4,technical_match,0.0034770506459291806
GCA_937983315.1,CALKAH010000284.1,Adapter,4420,4440,4466,1.0,0.004702194357366771,TruSeq,4,technical_match,0.01846968409552119
GCA_937983315.1,CALKAH010000285.1,Adapter,19556,19576,19599,1.0,0.0010714832389407624,TruSeq,4,technical_match,0.0018236733139100347
GCA_937983315.1,CALKAH010000286.1,Adapter,26,46,8172,1.0,0.0025697503671071953,TruSeq,4,technical_match,0.007166903462647922
GCA_937983315.1,CALKAH010000286.1,Adapter,8126,8146,8172,1.0,0.0025697503671071953,TruSeq_R2,4,technical_match,0.007166903462647922
GCA_937983315.1,CALKAH010000290.1,Adapter,25,45,5023,1.0,0.0041807684650607205,TruSeq_R2,4,technical_match,0.011303187374080703
GCA_937983315.1,CALKAH010000291.1,Adapter,26,46,5115,1.0,0.004105571847507331,TruSeq_R2,4,technical_match,0.009086482943688245
GCA_937983315.1,CALKAH010000291.1,Adapter,5069,5089,5115,1.0,0.004105571847507331,TruSeq,4,technical_match,0.009086482943688245
GCA_937983315.1,CALKAH010000292.1,Adapter,32,52,5334,1.0,0.003937007874015748,TruSeq,4,technical_match,0.008146131279435143
GCA_937983315.1,CALKAH010000292.1,Adapter,5284,5304,5334,1.0,0.003937007874015748,TruSeq_R2,4,technical_match,0.008146131279435143
GCA_937983315.1,CALKAH010000294.1,Adapter,26,46,4297,1.0,0.004887130556202001,TruSeq_R2,4,technical_match,0.022497670314250928
GCA_937983315.1,CALKAH010000296.1,Adapter,25,45,13187,1.0,0.0015924774399029347,TruSeq,4,technical_match,0.007476053355538859
GCA_937983315.1,CALKAH010000296.1,Adapter,13139,13159,13187,1.0,0.0015924774399029347,TruSeq_R2,4,technical_match,0.007476053355538859
GCA_937983315.1,CALKAH010000298.1,Adapter,1724,1744,1767,1.0,0.011884550084889643,TruSeq,4,technical_match,0.004548745638548568
GCA_937983315.1,CALKAH010000299.1,Adapter,3477,3497,3522,1.0,0.00596252129471891,TruSeq_R2,4,technical_match,0.010982233325452784
GCA_937983315.1,CALKAH010000300.1,Adapter,12,32,3016,1.0,0.006962864721485411,TruSeq_R2,4,technical_match,0.010550878762922766
GCA_937983315.1,CALKAH010000301.1,Adapter,3099,3119,3138,1.0,0.006692160611854685,TruSeq,4,technical_match,0.05417064891271578
GCA_937983315.1,CALKAH010000302.1,Adapter,26,46,2943,1.0,0.007135575942915392,TruSeq,4,technical_match,0.00583415482394567
GCA_937983315.1,CALKAH010000302.1,Adapter,2898,2918,2943,1.0,0.007135575942915392,TruSeq,4,technical_match,0.00583415482394567
GCA_937983315.1,CALKAH010000307.1,Adapter,6106,6126,6156,1.0,0.00341130604288499,TruSeq,4,technical_match,0.006995873014934595
GCA_937983315.1,CALKAH010000308.1,Adapter,3005,3025,3050,1.0,0.006885245901639345,TruSeq,4,technical_match,0.009762732482973213
GCA_937983315.1,CALKAH010000309.1,Adapter,26,46,4556,1.0,0.0046093064091308165,TruSeq_R2,4,technical_match,0.000887967728601502
GCA_937983315.1,CALKAH010000309.1,Adapter,4511,4531,4556,1.0,0.0046093064091308165,TruSeq,4,technical_match,0.000887967728601502
GCA_937983315.1,CALKAH010000311.1,Adapter,1434,1454,1478,1.0,0.014208389715832206,TruSeq_R2,4,technical_match,5.336814037687487e-05
GCA_937983315.1,CALKAH010000313.1,Adapter,23,43,1589,1.0,0.013215859030837005,TruSeq_R2,4,technical_match,0.00839059411365134
GCA_937983315.1,CALKAH010000314.1,Adapter,26,46,1242,1.0,0.016908212560386472,TruSeq_R2,4,technical_match,0.008429610337306548
GCA_937983315.1,CALKAH010000314.1,Adapter,1197,1217,1242,1.0,0.016908212560386472,TruSeq_R2,4,technical_match,0.008429610337306548
GCA_937983315.1,CALKAH010000315.1,Adapter,27,47,3916,1.0,0.005362614913176711,TruSeq,4,technical_match,0.008296846545476688
GCA_937983315.1,CALKAH010000315.1,Adapter,3872,3892,3916,1.0,0.005362614913176711,TruSeq,4,technical_match,0.008296846545476688
GCA_937983315.1,CALKAH010000316.1,Adapter,26,46,2495,1.0,0.008416833667334669,TruSeq,4,technical_match,0.03778810690071216
GCA_937983315.1,CALKAH010000317.1,Adapter,25,45,8091,1.0,0.0025954764553207266,TruSeq_R2,4,technical_match,0.0003270308027010782
GCA_937983315.1,CALKAH010000318.1,Adapter,25,45,16248,1.0,0.001292466765140325,TruSeq_R2,4,technical_match,0.00504487565721512
GCA_937983315.1,CALKAH010000318.1,Adapter,16204,16224,16248,1.0,0.001292466765140325,TruSeq_R2,4,technical_match,0.00504487565721512
GCA_937983315.1,CALKAH010000321.1,Adapter,25,45,3542,1.0,0.005928853754940711,TruSeq_R2,4,technical_match,0.0031039446745093624
GCA_937983315.1,CALKAH010000321.1,Adapter,3499,3519,3542,1.0,0.005928853754940711,TruSeq_R2,4,technical_match,0.0031039446745093624
GCA_937983315.1,CALKAH010000322.1,Adapter,3779,3799,3823,1.0,0.005493068270991368,TruSeq,4,technical_match,0.0029274859381174245
GCA_937983315.1,CALKAH010000325.1,Adapter,25,45,1294,1.0,0.01622874806800618,TruSeq_R2,4,technical_match,0.01969225522827922
GCA_937983315.1,CALKAH010000326.1,Adapter,29,49,3244,1.0,0.006473489519112207,TruSeq_R2,4,technical_match,0.004826622896946353
GCA_937983315.1,CALKAH010000326.1,Adapter,3201,3221,3244,1.0,0.006473489519112207,TruSeq_R2,4,technical_match,0.004826622896946353
GCA_937983315.1,CALKAH010000328.1,Adapter,2523,2543,2568,1.0,0.008177570093457943,TruSeq_R2,4,technical_match,0.008454065918446385
GCA_937983315.1,CALKAH010000329.1,Adapter,30,50,3598,1.0,0.005836575875486381,TruSeq_R2,4,technical_match,0.0015341173142547349
GCA_937983315.1,CALKAH010000330.1,Adapter,3201,3221,3245,1.0,0.0064714946070878274,TruSeq_R2,4,technical_match,0.001528121858809961
GCA_937983315.1,CALKAH010000331.1,Adapter,3131,3151,3176,1.0,0.006612090680100755,TruSeq,4,technical_match,0.0470505881215742
GCA_937983315.1,CALKAH010000337.1,Adapter,4480,4500,4523,1.0,0.004642936104355516,TruSeq,4,technical_match,0.006496605037822123
GCA_937983315.1,CALKAH010000338.1,Adapter,5682,5702,5727,1.0,0.003666841278156103,TruSeq_R2,4,technical_match,0.027530167153945073
GCA_937983315.1,CALKAH010000339.1,Adapter,25,45,5204,1.0,0.004035357417371253,TruSeq,4,technical_match,0.008775970406355305
GCA_937983315.1,CALKAH010000341.1,Adapter,27,47,2522,1.0,0.008326724821570182,TruSeq,4,technical_match,0.012830815321209832
GCA_937983315.1,CALKAH010000341.1,Adapter,2478,2498,2522,1.0,0.008326724821570182,TruSeq_R2,4,technical_match,0.012830815321209832
GCA_937983315.1,CALKAH010000345.1,Adapter,26,46,1569,1.0,0.01338432122370937,TruSeq_R2,4,technical_match,0.025497929799839947
GCA_937983315.1,CALKAH010000345.1,Adapter,1524,1544,1569,1.0,0.01338432122370937,TruSeq,4,technical_match,0.025497929799839947
GCA_937983315.1,CALKAH010000346.1,Adapter,26,46,2672,1.0,0.007859281437125748,TruSeq,4,technical_match,0.0030661180127566356
GCA_937983315.1,CALKAH010000347.1,Adapter,25,45,1688,1.0,0.012440758293838863,TruSeq_R2,4,technical_match,0.04540974828775168
GCA_937983315.1,CALKAH010000347.1,Adapter,1644,1664,1688,1.0,0.012440758293838863,TruSeq,4,technical_match,0.04540974828775168
GCA_937983315.1,CALKAH010000348.1,Adapter,27,47,9798,1.0,0.0021432945499081446,TruSeq_R2,4,technical_match,0.0033378682584241925
GCA_937983315.1,CALKAH010000352.1,Adapter,18674,18694,18718,1.0,0.0011219147344801795,TruSeq,4,technical_match,0.0035409664613126335
GCA_937983315.1,CALKAH010000353.1,Adapter,25,45,2796,1.0,0.0075107296137339056,TruSeq,4,technical_match,0.06357974740632999
GCA_937983315.1,CALKAH010000355.1,Adapter,74,94,2162,1.0,0.00971322849213691,TruSeq_R2,4,technical_match,0.031690991300408866
GCA_937983315.1,CALKAH010000355.1,Adapter,2119,2139,2162,1.0,0.00971322849213691,TruSeq,4,technical_match,0.031690991300408866
GCA_937983315.1,CALKAH010000356.1,Adapter,24,44,7085,1.0,0.0029640084685956247,TruSeq,4,technical_match,0.0034399469251505943
GCA_937983315.1,CALKAH010000356.1,Adapter,7040,7060,7085,1.0,0.0029640084685956247,TruSeq,4,technical_match,0.0034399469251505943
GCA_937983315.1,CALKAH010000357.1,Adapter,26,46,4614,1.0,0.004551365409622887,TruSeq,4,technical_match,0.00808387833087204
GCA_937983315.1,CALKAH010000358.1,Adapter,26,46,8514,1.0,0.0024665257223396757,TruSeq_R2,4,technical_match,0.0070882561142536216
GCA_937983315.1,CALKAH010000359.1,Adapter,28,48,2657,1.0,0.007903650733910425,TruSeq_R2,4,technical_match,0.036671986817112534
GCA_937983315.1,CALKAH010000360.1,Adapter,25,45,9321,1.0,0.002252977148374638,TruSeq_R2,4,technical_match,0.015311634046690614
GCA_937983315.1,CALKAH010000361.1,Adapter,1290,1310,1333,1.0,0.015753938484621154,TruSeq,4,technical_match,0.001916508631928493
GCA_937983315.1,CALKAH010000366.1,Adapter,26,46,1253,1.0,0.01675977653631285,TruSeq,4,technical_match,0.024541821832571087
GCA_937983315.1,CALKAH010000368.1,Adapter,8755,8775,8800,1.0,0.0023863636363636366,TruSeq_R2,4,technical_match,0.0041344359223919325
GCA_937983315.1,CALKAH010000369.1,Adapter,24,44,4298,1.0,0.004885993485342019,TruSeq,4,technical_match,0.04724433904858166
GCA_937983315.1,CALKAH010000370.1,Adapter,24,44,4297,1.0,0.004887130556202001,TruSeq,4,technical_match,0.013574007600573368
GCA_937983315.1,CALKAH010000371.1,Adapter,26,46,1326,1.0,0.01583710407239819,TruSeq,4,technical_match,0.0035893927302899087
GCA_937983315.1,CALKAH010000372.1,Adapter,26,46,1588,1.0,0.01322418136020151,TruSeq_R2,4,technical_match,0.014032535304118465
GCA_937983315.1,CALKAH010000372.1,Adapter,1543,1563,1588,1.0,0.01322418136020151,TruSeq_R2,4,technical_match,0.014032535304118465
GCA_937983315.1,CALKAH010000374.1,Adapter,26,46,4403,1.0,0.0047694753577106515,TruSeq,4,technical_match,0.016047568083141506
GCA_937983315.1,CALKAH010000375.1,Adapter,7288,7308,7335,1.0,0.0028629856850715747,TruSeq_R2,4,technical_match,0.019455760520565246
GCA_937983315.1,CALKAH010000376.1,Adapter,26,46,2800,1.0,0.0075,TruSeq_R2,4,technical_match,0.03439417618213214
GCA_937983315.1,CALKAH010000377.1,Adapter,25,45,2179,1.0,0.009637448370812299,TruSeq,4,technical_match,0.05371201529574915
GCA_937983315.1,CALKAH010000377.1,Adapter,2135,2155,2179,1.0,0.009637448370812299,TruSeq,4,technical_match,0.05371201529574915
GCA_937983315.1,CALKAH010000378.1,Adapter,25,45,6818,1.0,0.003080082135523614,TruSeq_R2,4,technical_match,0.006757187854242119
GCA_937983315.1,CALKAH010000378.1,Adapter,6774,6794,6818,1.0,0.003080082135523614,TruSeq,4,technical_match,0.006757187854242119
GCA_937983315.1,CALKAH010000379.1,Adapter,1372,1392,1417,1.0,0.014820042342978124,TruSeq_R2,4,technical_match,0.005415952570881011
GCA_937983315.1,CALKAH010000380.1,Adapter,2956,2976,3002,1.0,0.0069953364423717525,TruSeq,4,technical_match,0.07688442078097102
GCA_937983315.1,CALKAH010000381.1,Adapter,26,46,3682,1.0,0.005703422053231939,TruSeq,4,technical_match,0.0010074298486177913
GCA_937983315.1,CALKAH010000383.1,Adapter,25,45,5466,1.0,0.0038419319429198683,TruSeq_R2,4,technical_match,0.005818828888172589
GCA_937983315.1,CALKAH010000383.1,Adapter,5422,5442,5466,1.0,0.0038419319429198683,TruSeq_R2,4,technical_match,0.005818828888172589
GCA_937983315.1,CALKAH010000385.1,Adapter,25,45,1882,1.0,0.011158342189160468,TruSeq_R2,4,technical_match,0.006330736524714664
GCA_937983315.1,CALKAH010000385.1,Adapter,1838,1858,1882,1.0,0.011158342189160468,TruSeq_R2,4,technical_match,0.006330736524714664
GCA_937983315.1,CALKAH010000386.1,Adapter,26,46,2377,1.0,0.008834665544804375,TruSeq,4,technical_match,0.045859107968898194
GCA_937983315.1,CALKAH010000386.1,Adapter,2332,2352,2377,1.0,0.008834665544804375,TruSeq,4,technical_match,0.045859107968898194
GCA_937983315.1,CALKAH010000387.1,Adapter,25,45,2377,1.0,0.008834665544804375,TruSeq,4,technical_match,0.028189776879289474
GCA_937983315.1,CALKAH010000387.1,Adapter,2332,2352,2377,1.0,0.008834665544804375,TruSeq_R2,4,technical_match,0.028189776879289474
GCA_937983315.1,CALKAH010000389.1,Adapter,26,46,2442,1.0,0.0085995085995086,TruSeq,4,technical_match,0.015992509204553196
GCA_937983315.1,CALKAH010000391.1,Adapter,26,46,2955,1.0,0.007106598984771574,TruSeq_R2,4,technical_match,0.010905557924708542
GCA_937983315.1,CALKAH010000393.1,Adapter,3427,3447,3476,1.0,0.0060414269275028765,TruSeq,4,technical_match,0.005272928864719695
GCA_937983315.1,CALKAH010000394.1,Adapter,27,47,1327,1.0,0.015825169555388093,TruSeq_R2,4,technical_match,0.00365997388784306
GCA_937983315.1,CALKAH010000395.1,Adapter,4758,4778,4811,1.0,0.004364996882145084,TruSeq_R2,4,technical_match,0.017691965695113443
GCA_937983315.1,CALKAH010000396.1,Adapter,26,46,5189,1.0,0.004047022547697052,TruSeq_R2,4,technical_match,0.005026989470484633
GCA_937983315.1,CALKAH010000398.1,Adapter,28,48,4291,1.0,0.004893964110929853,TruSeq,4,technical_match,0.014129477977737337
GCA_937983315.1,CALKAH010000400.1,Adapter,26,46,11349,1.0,0.0018503832936822627,TruSeq_R2,4,technical_match,0.010011183635598775
GCA_937983315.1,CALKAH010000400.1,Adapter,11305,11325,11349,1.0,0.0018503832936822627,TruSeq_R2,4,technical_match,0.010011183635598775
GCA_937983315.1,CALKAH010000401.1,Adapter,26,46,9422,1.0,0.002228826151560178,TruSeq,4,technical_match,0.004673310123970431
GCA_937983315.1,CALKAH010000402.1,Adapter,26,46,1110,1.0,0.01891891891891892,TruSeq_R2,4,technical_match,0.014518307730351732
GCA_937983315.1,CALKAH010000403.1,Adapter,1860,1880,1905,1.0,0.011023622047244094,TruSeq_R2,4,technical_match,0.011070765700132545
GCA_937983315.1,CALKAH010000404.1,Adapter,2793,2813,2838,1.0,0.007399577167019027,TruSeq_R2,4,technical_match,0.01871616309099783
GCA_937983315.1,CALKAH010000406.1,Adapter,4498,4518,4545,1.0,0.0046204620462046205,TruSeq,4,technical_match,0.03406492897169683
GCA_937983315.1,CALKAH010000408.1,Adapter,26,46,4621,1.0,0.004544470893745943,TruSeq,4,technical_match,0.009518453549430539
GCA_937983315.1,CALKAH010000409.1,Adapter,1439,1459,1485,1.0,0.014141414141414142,TruSeq,4,technical_match,0.02103391424595824
GCA_938011645.1,CALLTS010000011.1,Adapter,1761,1781,1784,1.0,0.011771300448430493,TruSeq_R2,4,technical_match,0.033786727783656184
GCA_938011645.1,CALLTS010000019.1,Adapter,24,44,3296,1.0,0.006371359223300971,TruSeq_R2,4,technical_match,0.022209983040741815
GCA_938011645.1,CALLTS010000019.1,Adapter,3260,3280,3296,1.0,0.006371359223300971,TruSeq_R2,4,technical_match,0.022209983040741815
GCA_938011645.1,CALLTS010000023.1,Adapter,2,22,12019,1.0,0.0017472335468841002,TruSeq_R2,4,technical_match,0.003986984018695627
GCA_938011645.1,CALLTS010000032.1,Adapter,7,27,14016,1.0,0.0014982876712328766,TruSeq_R2,4,technical_match,0.005288409919314951
GCA_938011645.1,CALLTS010000042.1,Adapter,6,26,52719,1.0,0.00039833835998406646,TruSeq,4,technical_match,0.00237094751128053
GCA_938011645.1,CALLTS010000045.1,Adapter,35621,35641,35642,1.0,0.0005891925256719601,TruSeq_R2,4,technical_match,0.0068469227968676605
GCA_938011645.1,CALLTS010000048.1,Adapter,9475,9495,9499,1.0,0.002210759027266028,TruSeq,4,technical_match,0.04356944269771132
GCA_938011645.1,CALLTS010000052.1,Adapter,24181,24201,24204,1.0,0.0008676251859196827,TruSeq,4,technical_match,0.015705147331675162
GCA_938011645.1,CALLTS010000063.1,Adapter,6,26,21120,1.0,0.0009943181818181817,TruSeq_R2,4,technical_match,0.017516047324354633
GCA_938011645.1,CALLTS010000065.1,Adapter,4,24,4236,1.0,0.004957507082152974,TruSeq_R2,4,technical_match,0.002501631231744572
GCA_938011645.1,CALLTS010000069.1,Adapter,2,22,10036,1.0,0.0020924671183738543,TruSeq_R2,4,technical_match,0.008887894696491538
GCA_938011645.1,CALLTS010000086.1,Adapter,1,21,2442,1.0,0.0085995085995086,TruSeq,4,technical_match,0.04611581186161917
GCA_938011645.1,CALLTS010000086.1,Adapter,2415,2435,2442,1.0,0.0085995085995086,TruSeq,4,technical_match,0.04611581186161917
GCA_938011645.1,CALLTS010000087.1,Adapter,5,25,7094,1.0,0.002960248096983366,TruSeq,4,technical_match,0.01022674340982166
GCA_938011645.1,CALLTS010000089.1,Adapter,6815,6835,6839,1.0,0.0030706243602865915,TruSeq,4,technical_match,0.02799725996619931
GCA_938011645.1,CALLTS010000104.1,Adapter,20355,20375,20376,1.0,0.0010306242638398115,TruSeq_R2,4,technical_match,0.02964321089387001
GCA_938011645.1,CALLTS010000111.1,Adapter,2,22,1702,1.0,0.012338425381903642,TruSeq_R2,4,technical_match,0.08735072266174737
GCA_938011645.1,CALLTS010000112.1,Adapter,6,26,9029,1.0,0.002325838963340348,TruSeq_R2,4,technical_match,0.014534650217572553
GCA_938011645.1,CALLTS010000115.1,Adapter,18,38,51792,1.0,0.00040546802594995364,TruSeq_R2,4,technical_match,0.0012538311405539404
GCA_938011645.1,CALLTS010000124.1,Adapter,5,25,1668,1.0,0.012589928057553957,TruSeq_R2,4,technical_match,0.03544817889182794
GCA_938011645.1,CALLTS010000127.1,Adapter,32712,32732,32732,1.0,0.0006415739948674081,TruSeq_R2,4,technical_match,0.009157711815409642
GCA_938015955.1,CALLXG010000001.1,Adapter,11,29,6657,1.0,0.0028541385008261978,Nextera,4,technical_match,0.020713183048217343
GCA_938015955.1,CALLXG010000002.1,Adapter,22,40,1766,1.0,0.010758776896942242,Nextera,4,technical_match,0.028306497998156377
GCA_938015955.1,CALLXG010000006.1,Adapter,1,19,2084,1.0,0.009117082533589251,Nextera,4,technical_match,0.007292348196655862
GCA_938015955.1,CALLXG010000011.1,Adapter,1146,1164,1185,1.0,0.016033755274261603,Nextera,4,technical_match,0.03003201180561177
GCA_938015955.1,CALLXG010000020.1,Adapter,32,50,2175,1.0,0.008735632183908045,Nextera,4,technical_match,0.004436202115520094
GCA_938015955.1,CALLXG010000021.1,Adapter,3515,3533,3540,1.0,0.005367231638418079,Nextera,4,technical_match,0.01986967182134519
GCA_938015955.1,CALLXG010000023.1,Adapter,18,36,5076,1.0,0.0037431048069345944,Nextera,4,technical_match,0.012317690441747353
GCA_938015955.1,CALLXG010000029.1,Adapter,6712,6730,6745,1.0,0.0028169014084507044,Nextera,4,technical_match,0.0013118784359958946
GCA_938015955.1,CALLXG010000032.1,Adapter,30,48,1576,1.0,0.012055837563451776,Nextera,4,technical_match,0.02161345072303522
GCA_938015955.1,CALLXG010000032.1,Adapter,1543,1561,1576,1.0,0.012055837563451776,Nextera,4,technical_match,0.02161345072303522
GCA_938015955.1,CALLXG010000034.1,Adapter,1229,1247,1257,1.0,0.015115354017501989,Nextera,4,technical_match,0.007023643478370922
GCA_938015955.1,CALLXG010000038.1,Adapter,25,43,1003,1.0,0.018943170488534396,Nextera,4,technical_match,0.039776617650524315
GCA_938015955.1,CALLXG010000039.1,Adapter,18425,18443,18472,1.0,0.00102858380251191,Nextera,4,technical_match,0.0037656118757086188
GCA_938015955.1,CALLXG010000044.1,Adapter,12,30,5950,1.0,0.0031932773109243696,Nextera,4,technical_match,0.03568318366676132
GCA_938015955.1,CALLXG010000049.1,Adapter,7,25,1861,1.0,0.010209564750134336,Nextera,4,technical_match,0.011813373257996806
GCA_938015955.1,CALLXG010000051.1,Adapter,14,32,3004,1.0,0.0063249001331557924,Nextera,4,technical_match,0.038020235664657676
GCA_938015955.1,CALLXG010000052.1,Adapter,24,42,1291,1.0,0.01471727343144849,Nextera,4,technical_match,0.012284346207687813
GCA_938015955.1,CALLXG010000054.1,Adapter,33,51,10187,1.0,0.001865122214587219,Nextera,4,technical_match,0.029225857597727223
GCA_938015955.1,CALLXG010000054.1,Adapter,10162,10180,10187,1.0,0.001865122214587219,Nextera,4,technical_match,0.029225857597727223
GCA_938015955.1,CALLXG010000058.1,Adapter,11679,11697,11727,1.0,0.0016201927176601005,Nextera,4,technical_match,0.0007327532515662982
GCA_938015955.1,CALLXG010000065.1,Adapter,9411,9429,9430,1.0,0.002014846235418876,Nextera,4,technical_match,0.007640198708458168
GCA_938015955.1,CALLXG010000066.1,Adapter,1260,1278,1301,1.0,0.014604150653343582,Nextera,4,technical_match,0.0009152958480269646
GCA_938015955.1,CALLXG010000070.1,Adapter,231,249,3074,1.0,0.006180871828236825,Nextera,4,technical_match,0.013293283009035595
GCA_938015955.1,CALLXG010000071.1,Adapter,14,32,5422,1.0,0.0035042419771302105,Nextera,4,technical_match,0.012827218706081334
GCA_938015955.1,CALLXG010000071.1,Adapter,5385,5403,5422,1.0,0.0035042419771302105,Nextera,4,technical_match,0.012827218706081334
GCA_938015955.1,CALLXG010000075.1,Adapter,1153,1171,1195,1.0,0.015899581589958158,Nextera,4,technical_match,0.0004502453031313136
GCA_938015955.1,CALLXG010000078.1,Adapter,4296,4314,4317,1.0,0.004401204540189946,Nextera,4,technical_match,0.02743522839577045
GCA_938015955.1,CALLXG010000083.1,Adapter,19,37,1991,1.0,0.009542943244600702,Nextera,4,technical_match,0.021279121690388647
GCA_938015955.1,CALLXG010000085.1,Adapter,1015,1033,1043,1.0,0.01821668264621285,Nextera,4,technical_match,0.005084962517887037
GCA_938015955.1,CALLXG010000086.1,Adapter,2514,2532,2538,1.0,0.007486209613869189,Nextera,4,technical_match,0.02177395521716108
GCA_938015955.1,CALLXG010000092.1,Adapter,5,23,5176,1.0,0.0036707882534775887,Nextera,4,technical_match,0.011780621096137978
GCA_938015955.1,CALLXG010000093.1,Adapter,1125,1143,1164,1.0,0.01632302405498282,Nextera,4,technical_match,0.014942186236861499
GCA_938015955.1,CALLXG010000094.1,Adapter,30,48,3018,1.0,0.006295559973492379,Nextera,4,technical_match,0.0038625113508083397
GCA_938015955.1,CALLXG010000099.1,Adapter,6844,6862,6892,1.0,0.0027568195008705744,Nextera,4,technical_match,0.023764476999362405
GCA_938015955.1,CALLXG010000100.1,Adapter,15,33,1629,1.0,0.011663597298956415,Nextera,4,technical_match,0.02490655625704974
GCA_938015955.1,CALLXG010000101.1,Adapter,16541,16559,16573,1.0,0.0011464430097145961,Nextera,4,technical_match,0.0026076081762018144
GCA_938015955.1,CALLXG010000104.1,Adapter,32,50,8816,1.0,0.0021551724137931034,Nextera,4,technical_match,0.01971599642888977
GCA_938015955.1,CALLXG010000107.1,Adapter,33,51,1754,1.0,0.010832383124287344,Nextera,4,technical_match,0.017987944989946547
GCA_938015955.1,CALLXG010000110.1,Adapter,3951,3969,3976,1.0,0.004778672032193159,Nextera,4,technical_match,0.029417353390989
GCA_938015955.1,CALLXG010000112.1,Adapter,11370,11388,11408,1.0,0.0016654978962131837,Nextera,4,technical_match,0.005214280818104322
GCA_938015955.1,CALLXG010000115.1,Adapter,12,30,2895,1.0,0.0065630397236614854,Nextera,4,technical_match,0.033180172099440075
GCA_938015955.1,CALLXG010000117.1,Adapter,8256,8274,8296,1.0,0.002290260366441659,Nextera,4,technical_match,0.039126018702711096
GCA_938015955.1,CALLXG010000129.1,Adapter,14,32,1988,1.0,0.009557344064386318,Nextera,4,technical_match,0.046538381015449604
GCA_938015955.1,CALLXG010000132.1,Adapter,11,29,4421,1.0,0.004297670210359647,Nextera,4,technical_match,0.013400419396158214
GCA_938015955.1,CALLXG010000132.1,Adapter,4401,4419,4421,1.0,0.004297670210359647,Nextera,4,technical_match,0.013400419396158214
GCA_938015955.1,CALLXG010000140.1,Adapter,2340,2358,2386,1.0,0.00796311818943839,Nextera,4,technical_match,0.017140001096163926
GCA_938015955.1,CALLXG010000142.1,Adapter,7791,7809,7831,1.0,0.002426254629038437,Nextera,4,technical_match,0.000992149983491064
GCA_938015955.1,CALLXG010000145.1,Adapter,3,21,5533,1.0,0.0034339418037231157,Nextera,4,technical_match,0.03150106476823494
GCA_938015955.1,CALLXG010000146.1,Adapter,3,21,1573,1.0,0.012078830260648443,Nextera,4,technical_match,0.014654907130463357
GCA_938015955.1,CALLXG010000148.1,Adapter,11504,11522,11526,1.0,0.001648446989415235,Nextera,4,technical_match,0.0007551792890405085
GCA_938015955.1,CALLXG010000153.1,Adapter,9565,9583,9593,1.0,0.0019806108620869386,Nextera,4,technical_match,0.015015084466276363
GCA_938015955.1,CALLXG010000161.1,Adapter,18,36,3910,1.0,0.004859335038363171,Nextera,4,technical_match,0.0057526027387379
GCA_938015955.1,CALLXG010000162.1,Adapter,6282,6300,6333,1.0,0.003000157903047529,Nextera,4,technical_match,0.025690174771829666
GCA_938015955.1,CALLXG010000164.1,Adapter,3467,3485,3501,1.0,0.005427020851185376,Nextera,4,technical_match,0.007188456848913671
GCA_938015955.1,CALLXG010000166.1,Adapter,11,29,11290,1.0,0.001682905225863596,Nextera,4,technical_match,0.00029466540023487253
GCA_938015955.1,CALLXG010000166.1,Adapter,11270,11288,11290,1.0,0.001682905225863596,Nextera,4,technical_match,0.00029466540023487253
GCA_938015955.1,CALLXG010000167.1,Adapter,23,41,5454,1.0,0.0034836817015034835,Nextera,4,technical_match,0.017233136981420483
GCA_938015955.1,CALLXG010000170.1,Adapter,21,39,6562,1.0,0.0028954587016153614,Nextera,4,technical_match,0.013999028139265346
GCA_938015955.1,CALLXG010000171.1,Adapter,10,28,13466,1.0,0.0014109609386603298,Nextera,4,technical_match,0.007917494292838556
GCA_938015955.1,CALLXG010000171.1,Adapter,1514,1532,13466,1.0,0.0014109609386603298,Nextera,4,technical_match,0.007917494292838556
GCA_938015955.1,CALLXG010000171.1,Adapter,13440,13458,13466,1.0,0.0014109609386603298,Nextera,4,technical_match,0.007917494292838556
GCA_938015955.1,CALLXG010000178.1,Adapter,6806,6824,6834,1.0,0.002780216564237635,Nextera,4,technical_match,0.00016163176241745791
GCA_938015955.1,CALLXG010000182.1,Adapter,2238,2256,2278,1.0,0.008340649692712906,Nextera,4,technical_match,0.025476235215739107
GCA_938015955.1,CALLXG010000193.1,Adapter,9,27,1566,1.0,0.012132822477650063,Nextera,4,technical_match,0.03511308589585216
GCA_938015955.1,CALLXG010000194.1,Adapter,6324,6342,6359,1.0,0.002987891177858154,Nextera,4,technical_match,0.007858846823988352
GCA_938015955.1,CALLXG010000195.1,Adapter,19,37,1471,1.0,0.01291638341264446,Nextera,4,technical_match,0.0007062844250301237
GCA_938015955.1,CALLXG010000197.1,Adapter,33,51,1434,1.0,0.013249651324965132,Nextera,4,technical_match,0.04605693986380077
GCA_938015955.1,CALLXG010000199.1,Adapter,17,35,4085,1.0,0.004651162790697674,Nextera,4,technical_match,0.013003570817949783
GCA_938015955.1,CALLXG010000199.1,Adapter,4037,4055,4085,1.0,0.004651162790697674,Nextera,4,technical_match,0.013003570817949783
GCA_938015955.1,CALLXG010000201.1,Adapter,32,50,3842,1.0,0.004945340968245705,Nextera,4,technical_match,0.01703069612307123
GCA_938015955.1,CALLXG010000203.1,Adapter,7,25,10818,1.0,0.001756332039193936,Nextera,4,technical_match,0.0034597962530049098
GCA_938015955.1,CALLXG010000204.1,Adapter,10,28,2663,1.0,0.007134810364250845,Nextera,4,technical_match,0.022010539242863336
GCA_938015955.1,CALLXG010000204.1,Adapter,2628,2646,2663,1.0,0.007134810364250845,Nextera,4,technical_match,0.022010539242863336
GCA_938015955.1,CALLXG010000208.1,Adapter,2875,2893,9930,1.0,0.0019133937562940584,Nextera,4,technical_match,0.003679921091758409
GCA_938015955.1,CALLXG010000213.1,Adapter,8,26,1894,1.0,0.01003167898627244,Nextera,4,technical_match,0.0336592780115742
GCA_938015955.1,CALLXG010000214.1,Adapter,3198,3216,3221,1.0,0.0058987891959018934,Nextera,4,technical_match,0.0028656182674255404
GCA_938015955.1,CALLXG010000215.1,Adapter,31,49,6907,1.0,0.002750832488779499,Nextera,4,technical_match,0.020217227195856724
GCA_938015955.1,CALLXG010000217.1,Adapter,1137,1155,1170,1.0,0.01623931623931624,Nextera,4,technical_match,0.009540829289112818
GCA_938015955.1,CALLXG010000218.1,Adapter,2599,2617,2618,1.0,0.007257448433919022,Nextera,4,technical_match,0.00598220976333802
GCA_938015955.1,CALLXG010000219.1,Adapter,8779,8797,8805,1.0,0.0021578648495173196,Nextera,4,technical_match,0.0036991600743601083
GCA_938015955.1,CALLXG010000223.1,Adapter,3908,3926,3926,1.0,0.004839531329597555,Nextera,4,technical_match,0.006568300727301968
GCA_938015955.1,CALLXG010000224.1,Adapter,11,29,3545,1.0,0.005359661495063469,Nextera,4,technical_match,5.255491640115961e-05
GCA_938015955.1,CALLXG010000225.1,Adapter,4489,4507,4512,1.0,0.0042109929078014184,Nextera,4,technical_match,0.011948305098957779
GCA_938015955.1,CALLXG010000226.1,Adapter,2160,2178,2187,1.0,0.008687700045724738,Nextera,4,technical_match,0.04380938702406645
GCA_938015955.1,CALLXG010000228.1,Adapter,11,29,1939,1.0,0.009798865394533264,Nextera,4,technical_match,0.01135954807534062
GCA_938015955.1,CALLXG010000235.1,Adapter,1483,1501,1519,1.0,0.012508229098090849,Nextera,4,technical_match,0.0007383670304293433
GCA_938015955.1,CALLXG010000236.1,Adapter,20,38,9737,1.0,0.001951319708329054,Nextera,4,technical_match,0.007448010373864
GCA_938015955.1,CALLXG010000240.1,Adapter,32,50,4754,1.0,0.0039966344131257886,Nextera,4,technical_match,0.03291583693000183
GCA_938015955.1,CALLXG010000245.1,Adapter,1879,1897,1907,1.0,0.009963293130571578,Nextera,4,technical_match,0.03963598030717941
GCA_938015955.1,CALLXG010000246.1,Adapter,8956,8974,8997,1.0,0.0021118150494609314,Nextera,4,technical_match,0.006581438267034223
GCA_938015955.1,CALLXG010000249.1,Adapter,4,22,2002,1.0,0.00949050949050949,Nextera,4,technical_match,0.03277315252143603
GCA_938015955.1,CALLXG010000252.1,Adapter,2350,2368,2387,1.0,0.007959782153330541,Nextera,4,technical_match,0.020607898420698045
GCA_938015955.1,CALLXG010000255.1,Adapter,18,36,5094,1.0,0.003729878288182175,Nextera,4,technical_match,0.016728386379396165
GCA_938015955.1,CALLXG010000259.1,Adapter,12,30,16070,1.0,0.0011823273179838209,Nextera,4,technical_match,0.010256714385831756
GCA_938015955.1,CALLXG010000266.1,Adapter,3137,3155,3171,1.0,0.005991800693787449,Nextera,4,technical_match,0.005209835792678086
GCA_938015955.1,CALLXG010000267.1,Adapter,6404,6422,6434,1.0,0.002953061858874728,Nextera,4,technical_match,0.00013984681991269232
GCA_938015955.1,CALLXG010000268.1,Adapter,2481,2499,2529,1.0,0.007512850929221036,Nextera,4,technical_match,0.0035260563756376317
GCA_938015955.1,CALLXG010000270.1,Adapter,23,41,5536,1.0,0.0034320809248554913,Nextera,4,technical_match,0.012135192215845692
GCA_938015955.1,CALLXG010000273.1,Adapter,28,46,8653,1.0,0.0021957702530914134,Nextera,4,technical_match,0.008173979592204172
GCA_938015955.1,CALLXG010000278.1,Adapter,4742,4760,4767,1.0,0.003985735263268303,Nextera,4,technical_match,0.043357031538263424
GCA_938015955.1,CALLXG010000280.1,Adapter,20,38,4947,1.0,0.003840711542348898,Nextera,4,technical_match,0.03144956634045809
GCA_938015955.1,CALLXG010000283.1,Adapter,30,48,11329,1.0,0.0016771118368788065,Nextera,4,technical_match,0.00325018507309055
GCA_938015955.1,CALLXG010000285.1,Adapter,3845,3863,3869,1.0,0.004910829671749806,Nextera,4,technical_match,0.024451478624104905
GCA_938015955.1,CALLXG010000287.1,Adapter,17,35,3590,1.0,0.0052924791086350976,Nextera,4,technical_match,0.029223068527709783
GCA_938015955.1,CALLXG010000289.1,Adapter,2841,2859,2887,1.0,0.0065812261863526155,Nextera,4,technical_match,0.004744201908488177
GCA_938015955.1,CALLXG010000293.1,Adapter,5120,5138,5157,1.0,0.003684312584836145,Nextera,4,technical_match,0.011512756915490696
GCA_938015955.1,CALLXG010000298.1,Adapter,11796,11814,11844,1.0,0.0016041877744005404,Nextera,4,technical_match,0.005732077473155683
GCA_938015955.1,CALLXG010000302.1,Adapter,4,22,1674,1.0,0.011350059737156512,Nextera,4,technical_match,0.040530628020847004
GCA_938015955.1,CALLXG010000305.1,Adapter,4320,4338,4345,1.0,0.004372842347525892,Nextera,4,technical_match,0.03755525325000769
GCA_939799495.1,CALNGC010000018.1,Adapter,16300,16318,16323,1.0,0.001164001715370949,Nextera,4,technical_match,0.010477082802991311
GCA_944363905.1,CALVVQ010000029.1,Adapter,11875,11895,11913,1.0,0.0017627801561319568,TruSeq,4,technical_match,0.00794875639321091
GCA_945827925.1,CALZOA010000001.1,Adapter,18586,18604,18629,1.0,0.001019915186000322,Nextera,4,technical_match,0.00994435816291217
GCA_945827925.1,CALZOA010000005.1,Adapter,28,46,12519,1.0,0.0015176931064781532,Nextera,4,technical_match,0.0033789772479332902
GCA_945827925.1,CALZOA010000006.1,Adapter,11687,11705,11732,1.0,0.0016195022161609274,Nextera,4,technical_match,0.0038662936089629008
GCA_945827925.1,CALZOA010000008.1,Adapter,1,19,10878,1.0,0.0017466446037874609,Nextera,4,technical_match,0.0023629154842079725
GCA_945827925.1,CALZOA010000008.1,Adapter,10845,10863,10878,1.0,0.0017466446037874609,Nextera,4,technical_match,0.0023629154842079725
GCA_945827925.1,CALZOA010000010.1,Adapter,28,46,10657,1.0,0.0017828657220606175,Nextera,4,technical_match,0.011895843871670642
GCA_945827925.1,CALZOA010000011.1,Adapter,27,45,10411,1.0,0.0018249927960810681,Nextera,4,technical_match,0.01417383340293954
GCA_945827925.1,CALZOA010000011.1,Adapter,10366,10384,10411,1.0,0.0018249927960810681,Nextera,4,technical_match,0.01417383340293954
GCA_945827925.1,CALZOA010000013.1,Adapter,28,46,10179,1.0,0.0018665880734846253,Nextera,4,technical_match,0.031112962819256518
GCA_945827925.1,CALZOA010000013.1,Adapter,10134,10152,10179,1.0,0.0018665880734846253,Nextera,4,technical_match,0.031112962819256518
GCA_945827925.1,CALZOA010000018.1,Adapter,8308,8326,8355,1.0,0.00227408737283064,Nextera,4,technical_match,0.00647996176082366
GCA_945827925.1,CALZOA010000019.1,Adapter,25,43,8331,1.0,0.0022806385788020646,Nextera,4,technical_match,0.016070151193604276
GCA_945827925.1,CALZOA010000025.1,Adapter,30,48,7597,1.0,0.0025009872318020273,Nextera,4,technical_match,0.0016902764674857629
GCA_945827925.1,CALZOA010000026.1,Adapter,26,44,7578,1.0,0.002507257851675904,Nextera,4,technical_match,0.002174197128914146
GCA_945827925.1,CALZOA010000026.1,Adapter,7533,7551,7578,1.0,0.002507257851675904,Nextera,4,technical_match,0.002174197128914146
GCA_945827925.1,CALZOA010000027.1,Adapter,7248,7266,7281,1.0,0.0026095316577393213,Nextera,4,technical_match,0.02241755985250965
GCA_945827925.1,CALZOA010000028.1,Adapter,6968,6986,7005,1.0,0.002712348322626695,Nextera,4,technical_match,0.004998374436583408
GCA_945827925.1,CALZOA010000029.1,Adapter,6948,6966,6990,1.0,0.0027181688125894133,Nextera,4,technical_match,0.004574187161049181
GCA_945827925.1,CALZOA010000030.1,Adapter,6935,6953,6976,1.0,0.0027236238532110093,Nextera,4,technical_match,0.010411162656842665
GCA_945827925.1,CALZOA010000031.1,Adapter,28,46,6781,1.0,0.00280194661554343,Nextera,4,technical_match,0.0019965158404156025
GCA_945827925.1,CALZOA010000032.1,Adapter,6679,6697,6724,1.0,0.002825698988697204,Nextera,4,technical_match,0.0009796379260345045
GCA_945827925.1,CALZOA010000033.1,Adapter,7,25,6572,1.0,0.0028910529519172246,Nextera,4,technical_match,0.008224332940269363
GCA_945827925.1,CALZOA010000033.1,Adapter,6528,6546,6572,1.0,0.0028910529519172246,Nextera,4,technical_match,0.008224332940269363
GCA_945827925.1,CALZOA010000037.1,Adapter,29,47,6263,1.0,0.0030336899249560913,Nextera,4,technical_match,0.006915916285013368
GCA_945827925.1,CALZOA010000041.1,Adapter,27,45,6032,1.0,0.0031498673740053052,Nextera,4,technical_match,0.025449567881205226
GCA_945827925.1,CALZOA010000041.1,Adapter,5997,6015,6032,1.0,0.0031498673740053052,Nextera,4,technical_match,0.025449567881205226
GCA_945827925.1,CALZOA010000042.1,Adapter,5930,5948,5974,1.0,0.0031804486106461333,Nextera,4,technical_match,0.010416475764082278
GCA_945827925.1,CALZOA010000045.1,Adapter,32,50,5678,1.0,0.0033462486791123636,Nextera,4,technical_match,0.0084209787807355
GCA_945827925.1,CALZOA010000046.1,Adapter,27,45,5673,1.0,0.0033491979552265115,Nextera,4,technical_match,0.0211796093405634
GCA_945827925.1,CALZOA010000048.1,Adapter,27,45,5640,1.0,0.003368794326241135,Nextera,4,technical_match,0.006946830706421048
GCA_945827925.1,CALZOA010000050.1,Adapter,5352,5370,5393,1.0,0.0035230854811793065,Nextera,4,technical_match,0.015586477845541513
GCA_945827925.1,CALZOA010000057.1,Adapter,4806,4824,4852,1.0,0.0039159109645507005,Nextera,4,technical_match,0.013976324474158086
GCA_945827925.1,CALZOA010000059.1,Adapter,27,45,4769,1.0,0.00398406374501992,Nextera,4,technical_match,0.020006052051461165
GCA_945827925.1,CALZOA010000062.1,Adapter,4619,4637,4637,1.0,0.004097476816907484,Nextera,4,technical_match,0.037891728131847435
GCA_945827925.1,CALZOA010000063.1,Adapter,4459,4477,4505,1.0,0.004217536071032186,Nextera,4,technical_match,0.011502053036220095
GCA_945827925.1,CALZOA010000065.1,Adapter,29,47,4336,1.0,0.0043819188191881915,Nextera,4,technical_match,0.016690996097378896
GCA_945827925.1,CALZOA010000066.1,Adapter,4282,4300,4326,1.0,0.00439204808136847,Nextera,4,technical_match,0.008251721344021079
GCA_945827925.1,CALZOA010000067.1,Adapter,4263,4281,4309,1.0,0.004409375725226271,Nextera,4,technical_match,0.026839386119880293
GCA_945827925.1,CALZOA010000068.1,Adapter,4228,4246,4259,1.0,0.004461141112937309,Nextera,4,technical_match,0.00046325956549370106
GCA_945827925.1,CALZOA010000071.1,Adapter,4122,4140,4167,1.0,0.004559635229181665,Nextera,4,technical_match,0.004904951503565791
GCA_945827925.1,CALZOA010000072.1,Adapter,28,46,4153,1.0,0.004575006019744763,Nextera,4,technical_match,0.005726999874056893
GCA_945827925.1,CALZOA010000075.1,Adapter,22,40,3953,1.0,0.004806476094105743,Nextera,4,technical_match,0.025117248003276138
GCA_945827925.1,CALZOA010000075.1,Adapter,3911,3929,3953,1.0,0.004806476094105743,Nextera,4,technical_match,0.025117248003276138
GCA_945827925.1,CALZOA010000076.1,Adapter,3899,3917,3945,1.0,0.004816223067173638,Nextera,4,technical_match,0.05155167265091248
GCA_945827925.1,CALZOA010000080.1,Adapter,27,45,3573,1.0,0.005317660229499021,Nextera,4,technical_match,0.012859378121728549
GCA_945827925.1,CALZOA010000081.1,Adapter,3510,3528,3544,1.0,0.00536117381489842,Nextera,4,technical_match,0.008096875167456274
GCA_945827925.1,CALZOA010000082.1,Adapter,29,47,3465,1.0,0.005483405483405483,Nextera,4,technical_match,0.003763016884309356
GCA_945827925.1,CALZOA010000089.1,Adapter,27,45,3241,1.0,0.005862388151804999,Nextera,4,technical_match,0.011859421632297584
GCA_945827925.1,CALZOA010000089.1,Adapter,3199,3217,3241,1.0,0.005862388151804999,Nextera,4,technical_match,0.011859421632297584
GCA_945827925.1,CALZOA010000090.1,Adapter,3193,3211,3239,1.0,0.005866008027168879,Nextera,4,technical_match,0.02003663383714832
GCA_945827925.1,CALZOA010000091.1,Adapter,28,46,3199,1.0,0.005939356048765239,Nextera,4,technical_match,0.025507817184908355
GCA_945827925.1,CALZOA010000092.1,Adapter,26,44,3164,1.0,0.0060050568900126425,Nextera,4,technical_match,0.009785951668306092
GCA_945827925.1,CALZOA010000093.1,Adapter,3120,3138,3162,1.0,0.006008855154965212,Nextera,4,technical_match,0.004017143078013763
GCA_945827925.1,CALZOA010000100.1,Adapter,3014,3032,3057,1.0,0.0062152437029767745,Nextera,4,technical_match,0.019426733823786846
GCA_945827925.1,CALZOA010000103.1,Adapter,26,44,3023,1.0,0.00628514720476348,Nextera,4,technical_match,0.01254275621934664
GCA_945827925.1,CALZOA010000109.1,Adapter,24,42,2822,1.0,0.006732813607370659,Nextera,4,technical_match,0.02719524447792082
GCA_945827925.1,CALZOA010000109.1,Adapter,2781,2799,2822,1.0,0.006732813607370659,Nextera,4,technical_match,0.02719524447792082
GCA_945827925.1,CALZOA010000115.1,Adapter,29,47,2663,1.0,0.007134810364250845,Nextera,4,technical_match,0.011036762873789518
GCA_945827925.1,CALZOA010000115.1,Adapter,2617,2635,2663,1.0,0.007134810364250845,Nextera,4,technical_match,0.011036762873789518
GCA_945827925.1,CALZOA010000116.1,Adapter,2605,2623,2650,1.0,0.007169811320754717,Nextera,4,technical_match,0.0011061600603392563
GCA_945827925.1,CALZOA010000119.1,Adapter,2473,2491,2519,1.0,0.007542675664946407,Nextera,4,technical_match,0.006158777358672485
GCA_945832125.1,CAMAFK010000001.1,Adapter,27,45,100236,1.0,0.00018955265573247136,Nextera,4,technical_match,0.008978889830709047
GCA_945832125.1,CAMAFK010000003.1,Adapter,78137,78155,78175,1.0,0.00024304445155100735,Nextera,4,technical_match,0.004440757613921542
GCA_945832125.1,CAMAFK010000004.1,Adapter,24,42,74005,1.0,0.00025673940949935817,Nextera,4,technical_match,0.001869758186065773
GCA_945832125.1,CAMAFK010000007.1,Adapter,28,46,45177,1.0,0.0004205679881355557,Nextera,4,technical_match,0.00649758191086891
GCA_945832125.1,CAMAFK010000009.1,Adapter,43728,43746,43771,1.0,0.0004340773571542802,Nextera,4,technical_match,0.008100470109220548
GCA_945832125.1,CAMAFK010000017.1,Adapter,32266,32284,32310,1.0,0.0005880532342927886,Nextera,4,technical_match,0.004000212079312504
GCA_945832125.1,CAMAFK010000022.1,Adapter,28739,28757,28785,1.0,0.0006600660066006601,Nextera,4,technical_match,0.006537755087388464
GCA_945832125.1,CAMAFK010000026.1,Adapter,28,46,24823,1.0,0.0007654191677073682,Nextera,4,technical_match,0.0034282105910411476
GCA_945832125.1,CAMAFK010000027.1,Adapter,23,41,21878,1.0,0.0008684523265380748,Nextera,4,technical_match,0.005890597209038839
GCA_945832125.1,CAMAFK010000028.1,Adapter,21438,21456,21483,1.0,0.0008844202392589489,Nextera,4,technical_match,0.0065093221160874015
GCA_945832125.1,CAMAFK010000031.1,Adapter,28,46,19689,1.0,0.000965005840824826,Nextera,4,technical_match,0.006074853519438872
GCA_945832125.1,CAMAFK010000033.1,Adapter,27,45,18911,1.0,0.001004706255618423,Nextera,4,technical_match,0.007090477254839189
GCA_945832125.1,CAMAFK010000034.1,Adapter,18661,18679,18706,1.0,0.0010157168822837591,Nextera,4,technical_match,0.013353352797562001
GCA_945832125.1,CAMAFK010000035.1,Adapter,18375,18393,18419,1.0,0.0010315435148487975,Nextera,4,technical_match,0.005590289392589098
GCA_945832125.1,CAMAFK010000037.1,Adapter,25,43,16879,1.0,0.0011256591030274305,Nextera,4,technical_match,0.0031006804685792533
GCA_945832125.1,CAMAFK010000038.1,Adapter,16689,16707,16733,1.0,0.00113548078646985,Nextera,4,technical_match,0.007338729792740639
GCA_945832125.1,CAMAFK010000041.1,Adapter,29,47,14136,1.0,0.0013440860215053765,Nextera,4,technical_match,0.027725301948366088
GCA_945832125.1,CAMAFK010000043.1,Adapter,27,45,13022,1.0,0.0014590692673936416,Nextera,4,technical_match,0.00767600702393495
GCA_945832125.1,CAMAFK010000043.1,Adapter,12977,12995,13022,1.0,0.0014590692673936416,Nextera,4,technical_match,0.00767600702393495
GCA_945832125.1,CAMAFK010000044.1,Adapter,10757,10775,10801,1.0,0.001759096379964818,Nextera,4,technical_match,0.004441069321348745
GCA_945832125.1,CAMAFK010000047.1,Adapter,28,46,9362,1.0,0.0020294808801538133,Nextera,4,technical_match,0.03740468894394733
GCA_945832125.1,CAMAFK010000048.1,Adapter,27,45,9326,1.0,0.002037315033240403,Nextera,4,technical_match,0.005257081404963115
GCA_945832125.1,CAMAFK010000048.1,Adapter,9289,9307,9326,1.0,0.002037315033240403,Nextera,4,technical_match,0.005257081404963115
GCA_945832125.1,CAMAFK010000050.1,Adapter,15,33,8632,1.0,0.002201112140871177,Nextera,4,technical_match,0.007051644801822465
GCA_945832125.1,CAMAFK010000051.1,Adapter,29,47,8428,1.0,0.002254390128144281,Nextera,4,technical_match,0.013171502542767444
GCA_945832125.1,CAMAFK010000051.1,Adapter,8383,8401,8428,1.0,0.002254390128144281,Nextera,4,technical_match,0.013171502542767444
GCA_945832125.1,CAMAFK010000058.1,Adapter,28,46,7277,1.0,0.0026109660574412533,Nextera,4,technical_match,0.050356814402541195
GCA_945832125.1,CAMAFK010000060.1,Adapter,7001,7019,7045,1.0,0.0026969481902058196,Nextera,4,technical_match,0.05638325437341207
GCA_945832125.1,CAMAFK010000061.1,Adapter,6716,6734,6760,1.0,0.0028106508875739645,Nextera,4,technical_match,0.019408040091597356
GCA_945832125.1,CAMAFK010000063.1,Adapter,28,46,6206,1.0,0.003061553335481792,Nextera,4,technical_match,0.023135776066463054
GCA_945832125.1,CAMAFK010000064.1,Adapter,28,46,5820,1.0,0.0032646048109965637,Nextera,4,technical_match,0.02283785769667268
GCA_945832125.1,CAMAFK010000064.1,Adapter,5774,5792,5820,1.0,0.0032646048109965637,Nextera,4,technical_match,0.02283785769667268
GCA_945832125.1,CAMAFK010000067.1,Adapter,27,45,5399,1.0,0.0035191702167067978,Nextera,4,technical_match,0.009473508055750257
GCA_945863745.1,CAMAZO010000001.1,Adapter,18586,18604,18629,1.0,0.001019915186000322,Nextera,4,technical_match,0.009813346098550946
GCA_945863745.1,CAMAZO010000005.1,Adapter,28,46,12519,1.0,0.0015176931064781532,Nextera,4,technical_match,0.0035099893122945147
GCA_945863745.1,CAMAZO010000006.1,Adapter,11687,11705,11732,1.0,0.0016195022161609274,Nextera,4,technical_match,0.0037352815446016763
GCA_945863745.1,CAMAZO010000008.1,Adapter,1,19,10878,1.0,0.0017466446037874609,Nextera,4,technical_match,0.002493927548569197
GCA_945863745.1,CAMAZO010000008.1,Adapter,10845,10863,10878,1.0,0.0017466446037874609,Nextera,4,technical_match,0.002493927548569197
GCA_945863745.1,CAMAZO010000010.1,Adapter,28,46,10657,1.0,0.0017828657220606175,Nextera,4,technical_match,0.011764831807309417
GCA_945863745.1,CAMAZO010000011.1,Adapter,27,45,10411,1.0,0.0018249927960810681,Nextera,4,technical_match,0.014042821338578315
GCA_945863745.1,CAMAZO010000011.1,Adapter,10366,10384,10411,1.0,0.0018249927960810681,Nextera,4,technical_match,0.014042821338578315
GCA_945863745.1,CAMAZO010000013.1,Adapter,28,46,10179,1.0,0.0018665880734846253,Nextera,4,technical_match,0.030981950754895293
GCA_945863745.1,CAMAZO010000013.1,Adapter,10134,10152,10179,1.0,0.0018665880734846253,Nextera,4,technical_match,0.030981950754895293
GCA_945863745.1,CAMAZO010000018.1,Adapter,8308,8326,8355,1.0,0.00227408737283064,Nextera,4,technical_match,0.006348949696462436
GCA_945863745.1,CAMAZO010000019.1,Adapter,25,43,8331,1.0,0.0022806385788020646,Nextera,4,technical_match,0.0162011632579655
GCA_945863745.1,CAMAZO010000025.1,Adapter,30,48,7597,1.0,0.0025009872318020273,Nextera,4,technical_match,0.0018212885318469874
GCA_945863745.1,CAMAZO010000026.1,Adapter,26,44,7578,1.0,0.002507257851675904,Nextera,4,technical_match,0.0020431850645529215
GCA_945863745.1,CAMAZO010000026.1,Adapter,7533,7551,7578,1.0,0.002507257851675904,Nextera,4,technical_match,0.0020431850645529215
GCA_945863745.1,CAMAZO010000027.1,Adapter,7248,7266,7281,1.0,0.0026095316577393213,Nextera,4,technical_match,0.022286547788148425
GCA_945863745.1,CAMAZO010000028.1,Adapter,6968,6986,7005,1.0,0.002712348322626695,Nextera,4,technical_match,0.005129386500944633
GCA_945863745.1,CAMAZO010000029.1,Adapter,6948,6966,6990,1.0,0.0027181688125894133,Nextera,4,technical_match,0.004443175096687957
GCA_945863745.1,CAMAZO010000030.1,Adapter,6935,6953,6976,1.0,0.0027236238532110093,Nextera,4,technical_match,0.01028015059248144
GCA_945863745.1,CAMAZO010000031.1,Adapter,28,46,6781,1.0,0.00280194661554343,Nextera,4,technical_match,0.002127527904776827
GCA_945863745.1,CAMAZO010000032.1,Adapter,6679,6697,6724,1.0,0.002825698988697204,Nextera,4,technical_match,0.001110649990395729
GCA_945863745.1,CAMAZO010000033.1,Adapter,7,25,6572,1.0,0.0028910529519172246,Nextera,4,technical_match,0.008355345004630588
GCA_945863745.1,CAMAZO010000033.1,Adapter,6528,6546,6572,1.0,0.0028910529519172246,Nextera,4,technical_match,0.008355345004630588
GCA_945863745.1,CAMAZO010000037.1,Adapter,29,47,6263,1.0,0.0030336899249560913,Nextera,4,technical_match,0.007046928349374593
GCA_945863745.1,CAMAZO010000041.1,Adapter,27,45,6032,1.0,0.0031498673740053052,Nextera,4,technical_match,0.02558057994556645
GCA_945863745.1,CAMAZO010000041.1,Adapter,5997,6015,6032,1.0,0.0031498673740053052,Nextera,4,technical_match,0.02558057994556645
GCA_945863745.1,CAMAZO010000042.1,Adapter,5930,5948,5974,1.0,0.0031804486106461333,Nextera,4,technical_match,0.010547487828443503
GCA_945863745.1,CAMAZO010000045.1,Adapter,32,50,5678,1.0,0.0033462486791123636,Nextera,4,technical_match,0.008551990845096724
GCA_945863745.1,CAMAZO010000046.1,Adapter,27,45,5673,1.0,0.0033491979552265115,Nextera,4,technical_match,0.021310621404924623
GCA_945863745.1,CAMAZO010000048.1,Adapter,27,45,5640,1.0,0.003368794326241135,Nextera,4,technical_match,0.007077842770782272
GCA_945863745.1,CAMAZO010000050.1,Adapter,5352,5370,5393,1.0,0.0035230854811793065,Nextera,4,technical_match,0.015717489909902738
GCA_945863745.1,CAMAZO010000057.1,Adapter,4806,4824,4852,1.0,0.0039159109645507005,Nextera,4,technical_match,0.013845312409796862
GCA_945863745.1,CAMAZO010000059.1,Adapter,27,45,4769,1.0,0.00398406374501992,Nextera,4,technical_match,0.01987503998709994
GCA_945863745.1,CAMAZO010000062.1,Adapter,4619,4637,4637,1.0,0.004097476816907484,Nextera,4,technical_match,0.03802274019620866
GCA_945863745.1,CAMAZO010000063.1,Adapter,4459,4477,4505,1.0,0.004217536071032186,Nextera,4,technical_match,0.011633065100581319
GCA_945863745.1,CAMAZO010000065.1,Adapter,29,47,4336,1.0,0.0043819188191881915,Nextera,4,technical_match,0.016559984033017672
GCA_945863745.1,CAMAZO010000066.1,Adapter,4282,4300,4326,1.0,0.00439204808136847,Nextera,4,technical_match,0.008120709279659855
GCA_945863745.1,CAMAZO010000067.1,Adapter,4263,4281,4309,1.0,0.004409375725226271,Nextera,4,technical_match,0.026970398184241517
GCA_945863745.1,CAMAZO010000068.1,Adapter,4228,4246,4259,1.0,0.004461141112937309,Nextera,4,technical_match,0.0003322475011324766
GCA_945863745.1,CAMAZO010000071.1,Adapter,4122,4140,4167,1.0,0.004559635229181665,Nextera,4,technical_match,0.005035963567927015
GCA_945863745.1,CAMAZO010000072.1,Adapter,28,46,4153,1.0,0.004575006019744763,Nextera,4,technical_match,0.005858011938418117
GCA_945863745.1,CAMAZO010000075.1,Adapter,22,40,3953,1.0,0.004806476094105743,Nextera,4,technical_match,0.025248260067637363
GCA_945863745.1,CAMAZO010000075.1,Adapter,3911,3929,3953,1.0,0.004806476094105743,Nextera,4,technical_match,0.025248260067637363
GCA_945863745.1,CAMAZO010000076.1,Adapter,3899,3917,3945,1.0,0.004816223067173638,Nextera,4,technical_match,0.05142066058655126
GCA_945863745.1,CAMAZO010000080.1,Adapter,27,45,3573,1.0,0.005317660229499021,Nextera,4,technical_match,0.012990390186089773
GCA_945863745.1,CAMAZO010000081.1,Adapter,3510,3528,3544,1.0,0.00536117381489842,Nextera,4,technical_match,0.00796586310309505
GCA_945863745.1,CAMAZO010000082.1,Adapter,29,47,3465,1.0,0.005483405483405483,Nextera,4,technical_match,0.0038940289486705804
GCA_945863745.1,CAMAZO010000089.1,Adapter,27,45,3241,1.0,0.005862388151804999,Nextera,4,technical_match,0.01172840956793636
GCA_945863745.1,CAMAZO010000089.1,Adapter,3199,3217,3241,1.0,0.005862388151804999,Nextera,4,technical_match,0.01172840956793636
GCA_945863745.1,CAMAZO010000090.1,Adapter,3193,3211,3239,1.0,0.005866008027168879,Nextera,4,technical_match,0.020167645901509546
GCA_945863745.1,CAMAZO010000091.1,Adapter,28,46,3199,1.0,0.005939356048765239,Nextera,4,technical_match,0.02563882924926958
GCA_945863745.1,CAMAZO010000092.1,Adapter,26,44,3164,1.0,0.0060050568900126425,Nextera,4,technical_match,0.009916963732667317
GCA_945863745.1,CAMAZO010000093.1,Adapter,3120,3138,3162,1.0,0.006008855154965212,Nextera,4,technical_match,0.0038861310136525384
GCA_945863745.1,CAMAZO010000099.1,Adapter,3014,3032,3057,1.0,0.0062152437029767745,Nextera,4,technical_match,0.01955774588814807
GCA_945863745.1,CAMAZO010000102.1,Adapter,26,44,3023,1.0,0.00628514720476348,Nextera,4,technical_match,0.012411744154985416
GCA_945863745.1,CAMAZO010000108.1,Adapter,24,42,2822,1.0,0.006732813607370659,Nextera,4,technical_match,0.027064232413559597
GCA_945863745.1,CAMAZO010000108.1,Adapter,2781,2799,2822,1.0,0.006732813607370659,Nextera,4,technical_match,0.027064232413559597
GCA_945863745.1,CAMAZO010000114.1,Adapter,29,47,2663,1.0,0.007134810364250845,Nextera,4,technical_match,0.011167774938150743
GCA_945863745.1,CAMAZO010000114.1,Adapter,2617,2635,2663,1.0,0.007134810364250845,Nextera,4,technical_match,0.011167774938150743
GCA_945863745.1,CAMAZO010000115.1,Adapter,2605,2623,2650,1.0,0.007169811320754717,Nextera,4,technical_match,0.0009751479959780318
GCA_945863745.1,CAMAZO010000118.1,Adapter,2473,2491,2519,1.0,0.007542675664946407,Nextera,4,technical_match,0.006289789423033709
GCA_945871205.1,CAMBUY010000125.1,Adapter,1,21,2704,1.0,0.007766272189349112,TruSeq_R2,4,technical_match,0.054688512615912566
GCA_945871295.1,CAMBVF010000096.1,Adapter,4611,4631,4639,1.0,0.004526837680534598,TruSeq_R2,4,technical_match,0.009269912689764959
GCA_945878155.1,CAMCSS010000001.1,Adapter,27,45,100236,1.0,0.00018955265573247136,Nextera,4,technical_match,0.008978889830709047
GCA_945878155.1,CAMCSS010000003.1,Adapter,78137,78155,78175,1.0,0.00024304445155100735,Nextera,4,technical_match,0.004440757613921542
GCA_945878155.1,CAMCSS010000004.1,Adapter,24,42,74005,1.0,0.00025673940949935817,Nextera,4,technical_match,0.001869758186065773
GCA_945878155.1,CAMCSS010000007.1,Adapter,28,46,45177,1.0,0.0004205679881355557,Nextera,4,technical_match,0.00649758191086891
GCA_945878155.1,CAMCSS010000009.1,Adapter,43728,43746,43771,1.0,0.0004340773571542802,Nextera,4,technical_match,0.008100470109220548
GCA_945878155.1,CAMCSS010000017.1,Adapter,32266,32284,32310,1.0,0.0005880532342927886,Nextera,4,technical_match,0.004000212079312504
GCA_945878155.1,CAMCSS010000022.1,Adapter,28739,28757,28785,1.0,0.0006600660066006601,Nextera,4,technical_match,0.006537755087388464
GCA_945878155.1,CAMCSS010000026.1,Adapter,28,46,24823,1.0,0.0007654191677073682,Nextera,4,technical_match,0.0034282105910411476
GCA_945878155.1,CAMCSS010000027.1,Adapter,23,41,21878,1.0,0.0008684523265380748,Nextera,4,technical_match,0.005890597209038839
GCA_945878155.1,CAMCSS010000028.1,Adapter,21438,21456,21483,1.0,0.0008844202392589489,Nextera,4,technical_match,0.0065093221160874015
GCA_945878155.1,CAMCSS010000031.1,Adapter,28,46,19689,1.0,0.000965005840824826,Nextera,4,technical_match,0.006074853519438872
GCA_945878155.1,CAMCSS010000033.1,Adapter,27,45,18911,1.0,0.001004706255618423,Nextera,4,technical_match,0.007090477254839189
GCA_945878155.1,CAMCSS010000034.1,Adapter,18661,18679,18706,1.0,0.0010157168822837591,Nextera,4,technical_match,0.013353352797562001
GCA_945878155.1,CAMCSS010000035.1,Adapter,18375,18393,18419,1.0,0.0010315435148487975,Nextera,4,technical_match,0.005590289392589098
GCA_945878155.1,CAMCSS010000037.1,Adapter,25,43,16879,1.0,0.0011256591030274305,Nextera,4,technical_match,0.0031006804685792533
GCA_945878155.1,CAMCSS010000038.1,Adapter,16689,16707,16733,1.0,0.00113548078646985,Nextera,4,technical_match,0.007338729792740639
GCA_945878155.1,CAMCSS010000041.1,Adapter,29,47,14136,1.0,0.0013440860215053765,Nextera,4,technical_match,0.027725301948366088
GCA_945878155.1,CAMCSS010000043.1,Adapter,27,45,13022,1.0,0.0014590692673936416,Nextera,4,technical_match,0.00767600702393495
GCA_945878155.1,CAMCSS010000043.1,Adapter,12977,12995,13022,1.0,0.0014590692673936416,Nextera,4,technical_match,0.00767600702393495
GCA_945878155.1,CAMCSS010000044.1,Adapter,10757,10775,10801,1.0,0.001759096379964818,Nextera,4,technical_match,0.004441069321348745
GCA_945878155.1,CAMCSS010000047.1,Adapter,28,46,9362,1.0,0.0020294808801538133,Nextera,4,technical_match,0.03740468894394733
GCA_945878155.1,CAMCSS010000048.1,Adapter,27,45,9326,1.0,0.002037315033240403,Nextera,4,technical_match,0.005257081404963115
GCA_945878155.1,CAMCSS010000048.1,Adapter,9289,9307,9326,1.0,0.002037315033240403,Nextera,4,technical_match,0.005257081404963115
GCA_945878155.1,CAMCSS010000050.1,Adapter,15,33,8632,1.0,0.002201112140871177,Nextera,4,technical_match,0.007051644801822465
GCA_945878155.1,CAMCSS010000051.1,Adapter,29,47,8428,1.0,0.002254390128144281,Nextera,4,technical_match,0.013171502542767444
GCA_945878155.1,CAMCSS010000051.1,Adapter,8383,8401,8428,1.0,0.002254390128144281,Nextera,4,technical_match,0.013171502542767444
GCA_945878155.1,CAMCSS010000058.1,Adapter,28,46,7277,1.0,0.0026109660574412533,Nextera,4,technical_match,0.050356814402541195
GCA_945878155.1,CAMCSS010000060.1,Adapter,7001,7019,7045,1.0,0.0026969481902058196,Nextera,4,technical_match,0.05638325437341207
GCA_945878155.1,CAMCSS010000061.1,Adapter,6716,6734,6760,1.0,0.0028106508875739645,Nextera,4,technical_match,0.019408040091597356
GCA_945878155.1,CAMCSS010000063.1,Adapter,28,46,6206,1.0,0.003061553335481792,Nextera,4,technical_match,0.023135776066463054
GCA_945878155.1,CAMCSS010000064.1,Adapter,28,46,5820,1.0,0.0032646048109965637,Nextera,4,technical_match,0.02283785769667268
GCA_945878155.1,CAMCSS010000064.1,Adapter,5774,5792,5820,1.0,0.0032646048109965637,Nextera,4,technical_match,0.02283785769667268
GCA_945878155.1,CAMCSS010000067.1,Adapter,27,45,5399,1.0,0.0035191702167067978,Nextera,4,technical_match,0.009473508055750257
GCA_945920825.1,CAMEKD010000033.1,Adapter,8,28,14979,1.0,0.0014019627478469858,TruSeq,4,technical_match,0.0056359190333293285
GCA_945920825.1,CAMEKD010000061.1,Adapter,9776,9796,9813,1.0,0.0021400183430143687,TruSeq_R2,4,technical_match,0.008306487544928853
GCA_945939505.1,CAMEVS010000006.1,Adapter,8790,8810,11767,1.0,0.001784651992861392,TruSeq,4,technical_match,0.011865127621880911
GCA_945939505.1,CAMEVS010000061.1,Adapter,28,48,6007,1.0,0.003495921425004162,TruSeq,4,technical_match,0.00589759893106101
GCA_945939505.1,CAMEVS010000128.1,Adapter,30,50,4002,1.0,0.005247376311844078,TruSeq_R2,4,technical_match,0.0010453670755311562
GCA_945939505.1,CAMEVS010000142.1,Adapter,3602,3622,3645,1.0,0.005761316872427984,TruSeq,4,technical_match,0.021541487645256596
GCA_946404325.1,CAMJDF010000007.1,Adapter,32113,32133,32158,1.0,0.00065302568567697,TruSeq_R2,4,technical_match,0.006640603047150473
GCA_946404325.1,CAMJDF010000011.1,Adapter,25,45,28077,1.0,0.0007479431563201197,TruSeq,4,technical_match,0.012754542558819582
GCA_946404325.1,CAMJDF010000012.1,Adapter,27,47,28008,1.0,0.0007497857754927164,TruSeq,4,technical_match,0.0014556373116364485
GCA_946404325.1,CAMJDF010000020.1,Adapter,25,45,21830,1.0,0.000961978928080623,TruSeq_R2,4,technical_match,0.018618039694200395
GCA_946404325.1,CAMJDF010000027.1,Adapter,15258,15278,15304,1.0,0.0013721902770517512,TruSeq_R2,4,technical_match,0.021075414380782365
GCA_946404325.1,CAMJDF010000049.1,Adapter,26,46,7707,1.0,0.0027247956403269754,TruSeq_R2,4,technical_match,0.03983623568151773
GCA_946404325.1,CAMJDF010000063.1,Adapter,23,43,5634,1.0,0.003727369542066028,TruSeq_R2,4,technical_match,0.0028117422503873835
GCA_946404325.1,CAMJDF010000070.1,Adapter,25,45,5160,1.0,0.004069767441860465,TruSeq,4,technical_match,0.008522887200372531
GCA_946404325.1,CAMJDF010000078.1,Adapter,4374,4394,4405,1.0,0.004767309875141884,TruSeq_R2,4,technical_match,0.008537625561466755
GCA_946404325.1,CAMJDF010000080.1,Adapter,11,31,4179,1.0,0.005025125628140704,TruSeq,4,technical_match,0.002193760948960455
GCA_946404325.1,CAMJDF010000081.1,Adapter,3969,3989,4013,1.0,0.00523299277348617,TruSeq_R2,4,technical_match,0.03583841337894622
GCA_946404325.1,CAMJDF010000086.1,Adapter,3729,3749,3770,1.0,0.005570291777188329,TruSeq_R2,4,technical_match,0.01905972131647818
GCA_946404325.1,CAMJDF010000089.1,Adapter,31,51,3462,1.0,0.006065857885615251,TruSeq_R2,4,technical_match,0.01240658126080274
GCA_946404325.1,CAMJDF010000091.1,Adapter,3257,3277,3303,1.0,0.006357856494096276,TruSeq,4,technical_match,0.006403425681950237
GCA_946404325.1,CAMJDF010000097.1,Adapter,2970,2990,3015,1.0,0.006965174129353234,TruSeq,4,technical_match,0.007885569910851153
GCA_946404325.1,CAMJDF010000101.1,Adapter,26,46,2816,1.0,0.007457386363636364,TruSeq,4,technical_match,0.022251976259810707
GCA_946404325.1,CAMJDF010000107.1,Adapter,28,48,2613,1.0,0.008036739380022962,TruSeq,4,technical_match,0.004998726555534849
GCA_946404325.1,CAMJDF010000108.1,Adapter,2481,2501,2525,1.0,0.008316831683168317,TruSeq_R2,4,technical_match,0.01990485092227695
GCA_946408735.1,CAMJTL010000008.1,Adapter,12227,12247,12262,1.0,0.0017126080574131463,TruSeq,4,technical_match,0.011406016845809608
GCA_946497225.1,CAMMJS010000037.1,Adapter,30,49,4770,1.0,0.0041928721174004195,BGI,4,technical_match,0.0288474533003939
GCA_947002115.1,CAMQJF010000001.1,Adapter,29999,30017,30155,1.0,0.0006300779306914276,Nextera,4,technical_match,0.007236298795933682
GCA_947002115.1,CAMQJF010000001.1,Adapter,30130,30148,30155,1.0,0.0006300779306914276,Nextera,4,technical_match,0.007236298795933682
GCA_947002115.1,CAMQJF010000003.1,Adapter,27,45,17877,1.0,0.0010628181462214018,Nextera,4,technical_match,0.003386309183520453
GCA_947002115.1,CAMQJF010000004.1,Adapter,17309,17327,17357,1.0,0.0010946592153021836,Nextera,4,technical_match,0.013484143478723176
GCA_947002115.1,CAMQJF010000005.1,Adapter,26,44,15650,1.0,0.0012140575079872204,Nextera,4,technical_match,0.015046923666477419
GCA_947002115.1,CAMQJF010000006.1,Adapter,28,46,14256,1.0,0.0013327721661054994,Nextera,4,technical_match,0.016491714400382163
GCA_947002115.1,CAMQJF010000006.1,Adapter,14210,14228,14256,1.0,0.0013327721661054994,Nextera,4,technical_match,0.016491714400382163
GCA_947002115.1,CAMQJF010000007.1,Adapter,13718,13736,13759,1.0,0.0013809143106330401,Nextera,4,technical_match,0.0044264781933197606
GCA_947002115.1,CAMQJF010000010.1,Adapter,12437,12455,12484,1.0,0.0015219480935597565,Nextera,4,technical_match,0.014860829875370463
GCA_947002115.1,CAMQJF010000012.1,Adapter,32,50,11535,1.0,0.00164716081491114,Nextera,4,technical_match,0.0048657743175716806
GCA_947002115.1,CAMQJF010000012.1,Adapter,11491,11509,11535,1.0,0.00164716081491114,Nextera,4,technical_match,0.0048657743175716806
GCA_947002115.1,CAMQJF010000013.1,Adapter,28,46,11351,1.0,0.001673861333803189,Nextera,4,technical_match,0.0008939499332082379
GCA_947002115.1,CAMQJF010000013.1,Adapter,11307,11325,11351,1.0,0.001673861333803189,Nextera,4,technical_match,0.0008939499332082379
GCA_947002115.1,CAMQJF010000016.1,Adapter,30,48,10883,1.0,0.0017458421391160525,Nextera,4,technical_match,0.011247751583746746
GCA_947002115.1,CAMQJF010000020.1,Adapter,8615,8633,8663,1.0,0.0021932355996767865,Nextera,4,technical_match,0.00010680381985034293
GCA_947002115.1,CAMQJF010000026.1,Adapter,31,49,7860,1.0,0.002417302798982188,Nextera,4,technical_match,0.0012935067085357854
GCA_947002115.1,CAMQJF010000027.1,Adapter,7718,7736,7766,1.0,0.0024465619366469227,Nextera,4,technical_match,0.02568564623779057
GCA_947002115.1,CAMQJF010000028.1,Adapter,7694,7712,7743,1.0,0.0024538292651427097,Nextera,4,technical_match,0.012272741338583304
GCA_947002115.1,CAMQJF010000031.1,Adapter,28,46,7327,1.0,0.0025931486283608573,Nextera,4,technical_match,0.015364807845567319
GCA_947002115.1,CAMQJF010000032.1,Adapter,26,44,7285,1.0,0.002608098833218943,Nextera,4,technical_match,0.013003580564501849
GCA_947002115.1,CAMQJF010000032.1,Adapter,7236,7254,7285,1.0,0.002608098833218943,Nextera,4,technical_match,0.013003580564501849
GCA_947002115.1,CAMQJF010000033.1,Adapter,7227,7245,7273,1.0,0.0026124020349236905,Nextera,4,technical_match,0.001537277722289787
GCA_947002115.1,CAMQJF010000034.1,Adapter,29,47,7262,1.0,0.0026163591297163314,Nextera,4,technical_match,0.010295559173818802
GCA_947002115.1,CAMQJF010000037.1,Adapter,30,48,7073,1.0,0.002686271737593666,Nextera,4,technical_match,0.031581465995245084
GCA_947002115.1,CAMQJF010000038.1,Adapter,29,47,7024,1.0,0.00270501138952164,Nextera,4,technical_match,0.004320687011867386
GCA_947002115.1,CAMQJF010000041.1,Adapter,6856,6874,6903,1.0,0.0027524264812400405,Nextera,4,technical_match,0.015760036777922704
GCA_947002115.1,CAMQJF010000042.1,Adapter,19,37,6900,1.0,0.0027536231884057972,Nextera,4,technical_match,0.0176477478550221
GCA_947002115.1,CAMQJF010000043.1,Adapter,6770,6788,6816,1.0,0.0027875586854460093,Nextera,4,technical_match,0.011568163555469801
GCA_947002115.1,CAMQJF010000044.1,Adapter,26,44,6787,1.0,0.0027994695741859438,Nextera,4,technical_match,0.021453467656091074
GCA_947002115.1,CAMQJF010000045.1,Adapter,6680,6698,6711,1.0,0.0028311727015347937,Nextera,4,technical_match,0.011083120021419923
GCA_947002115.1,CAMQJF010000046.1,Adapter,29,47,6604,1.0,0.0028770442156268927,Nextera,4,technical_match,0.012607236614579354
GCA_947002115.1,CAMQJF010000049.1,Adapter,30,48,6354,1.0,0.0029902423670129055,Nextera,4,technical_match,0.030335544655394342
GCA_947002115.1,CAMQJF010000050.1,Adapter,27,45,6310,1.0,0.003011093502377179,Nextera,4,technical_match,0.022677491303424724
GCA_947002115.1,CAMQJF010000050.1,Adapter,6270,6288,6310,1.0,0.003011093502377179,Nextera,4,technical_match,0.022677491303424724
GCA_947002115.1,CAMQJF010000052.1,Adapter,6065,6083,6112,1.0,0.003108638743455497,Nextera,4,technical_match,0.008939480915193587
GCA_947002115.1,CAMQJF010000053.1,Adapter,29,47,6016,1.0,0.0031582446808510636,Nextera,4,technical_match,0.01794078285348033
GCA_947002115.1,CAMQJF010000053.1,Adapter,5970,5988,6016,1.0,0.0031582446808510636,Nextera,4,technical_match,0.01794078285348033
GCA_947002115.1,CAMQJF010000056.1,Adapter,32,50,5683,1.0,0.00334330459264473,Nextera,4,technical_match,0.015041627898987442
GCA_947002115.1,CAMQJF010000056.1,Adapter,5636,5654,5683,1.0,0.00334330459264473,Nextera,4,technical_match,0.015041627898987442
GCA_947002115.1,CAMQJF010000057.1,Adapter,29,47,5644,1.0,0.0033664068036853294,Nextera,4,technical_match,0.00924780537410097
GCA_947002115.1,CAMQJF010000059.1,Adapter,5489,5507,5535,1.0,0.0034327009936766036,Nextera,4,technical_match,0.0011335254649574855
GCA_947002115.1,CAMQJF010000060.1,Adapter,30,48,5520,1.0,0.0034420289855072463,Nextera,4,technical_match,0.016778182637630812
GCA_947002115.1,CAMQJF010000063.1,Adapter,5433,5451,5481,1.0,0.0034665207079000184,Nextera,4,technical_match,0.029616604696442672
GCA_947002115.1,CAMQJF010000064.1,Adapter,30,48,5442,1.0,0.0034913634693127527,Nextera,4,technical_match,0.022425882492223936
GCA_947002115.1,CAMQJF010000065.1,Adapter,30,48,5427,1.0,0.0035010134512622076,Nextera,4,technical_match,0.015465502880218196
GCA_947002115.1,CAMQJF010000066.1,Adapter,9,27,5287,1.0,0.003593720446377908,Nextera,4,technical_match,0.008971468543965855
GCA_947002115.1,CAMQJF010000066.1,Adapter,140,158,5287,1.0,0.003593720446377908,Nextera,4,technical_match,0.008971468543965855
GCA_947002115.1,CAMQJF010000066.1,Adapter,5241,5259,5287,1.0,0.003593720446377908,Nextera,4,technical_match,0.008971468543965855
GCA_947002115.1,CAMQJF010000067.1,Adapter,5235,5253,5284,1.0,0.003595760787282362,Nextera,4,technical_match,0.006141981050396483
GCA_947002115.1,CAMQJF010000069.1,Adapter,27,45,5197,1.0,0.0036559553588608813,Nextera,4,technical_match,0.028111288155162117
GCA_947002115.1,CAMQJF010000073.1,Adapter,31,49,5067,1.0,0.003749753305703572,Nextera,4,technical_match,0.009726158028265874
GCA_947002115.1,CAMQJF010000074.1,Adapter,30,48,5048,1.0,0.003763866877971474,Nextera,4,technical_match,0.017526936628305845
GCA_947002115.1,CAMQJF010000075.1,Adapter,4989,5007,5034,1.0,0.0037743345252284465,Nextera,4,technical_match,0.019459747265117455
GCA_947002115.1,CAMQJF010000076.1,Adapter,30,48,4942,1.0,0.0038445973290165926,Nextera,4,technical_match,0.0008034454071084718
GCA_947002115.1,CAMQJF010000079.1,Adapter,4788,4806,4833,1.0,0.0039313056072832605,Nextera,4,technical_match,0.008367329646574717
GCA_947002115.1,CAMQJF010000080.1,Adapter,30,48,4813,1.0,0.003947641803448992,Nextera,4,technical_match,0.021624808773970494
GCA_947002115.1,CAMQJF010000080.1,Adapter,4769,4787,4813,1.0,0.003947641803448992,Nextera,4,technical_match,0.021624808773970494
GCA_947002115.1,CAMQJF010000081.1,Adapter,29,47,4774,1.0,0.003979891076665271,Nextera,4,technical_match,0.029282205029451225
GCA_947002115.1,CAMQJF010000082.1,Adapter,8,26,4761,1.0,0.003990758244066373,Nextera,4,technical_match,0.026051444557395553
GCA_947002115.1,CAMQJF010000082.1,Adapter,139,157,4761,1.0,0.003990758244066373,Nextera,4,technical_match,0.026051444557395553
GCA_947002115.1,CAMQJF010000082.1,Adapter,4731,4749,4761,1.0,0.003990758244066373,Nextera,4,technical_match,0.026051444557395553
GCA_947002115.1,CAMQJF010000083.1,Adapter,4692,4710,4739,1.0,0.004009284659210804,Nextera,4,technical_match,0.019667100069609034
GCA_947002115.1,CAMQJF010000084.1,Adapter,11,29,4712,1.0,0.004032258064516129,Nextera,4,technical_match,0.0010603301942384569
GCA_947002115.1,CAMQJF010000084.1,Adapter,4665,4683,4712,1.0,0.004032258064516129,Nextera,4,technical_match,0.0010603301942384569
GCA_947002115.1,CAMQJF010000086.1,Adapter,4623,4641,4668,1.0,0.004070265638389032,Nextera,4,technical_match,0.03842044633868519
GCA_947002115.1,CAMQJF010000088.1,Adapter,15,33,4652,1.0,0.00408426483233018,Nextera,4,technical_match,0.012158695304771039
GCA_947002115.1,CAMQJF010000091.1,Adapter,33,51,4613,1.0,0.004118794710600477,Nextera,4,technical_match,0.044379949547089736
GCA_947002115.1,CAMQJF010000091.1,Adapter,4566,4584,4613,1.0,0.004118794710600477,Nextera,4,technical_match,0.044379949547089736
GCA_947002115.1,CAMQJF010000092.1,Adapter,29,47,4606,1.0,0.004125054277029961,Nextera,4,technical_match,0.005089639421812786
GCA_947002115.1,CAMQJF010000094.1,Adapter,26,44,4578,1.0,0.004150283966797728,Nextera,4,technical_match,0.03523712687668151
GCA_947002115.1,CAMQJF010000095.1,Adapter,30,48,4528,1.0,0.004196113074204947,Nextera,4,technical_match,0.024517843377630133
GCA_947002115.1,CAMQJF010000095.1,Adapter,4324,4342,4528,1.0,0.004196113074204947,Nextera,4,technical_match,0.024517843377630133
GCA_947002115.1,CAMQJF010000095.1,Adapter,4455,4473,4528,1.0,0.004196113074204947,Nextera,4,technical_match,0.024517843377630133
GCA_947002115.1,CAMQJF010000096.1,Adapter,4451,4469,4495,1.0,0.004226918798665183,Nextera,4,technical_match,0.003946695155565394
GCA_947002115.1,CAMQJF010000098.1,Adapter,4385,4403,4432,1.0,0.0042870036101083035,Nextera,4,technical_match,0.005477628041282767
GCA_947002115.1,CAMQJF010000102.1,Adapter,35,53,4378,1.0,0.004339881224303335,Nextera,4,technical_match,0.017387044022679987
GCA_947002115.1,CAMQJF010000102.1,Adapter,4331,4349,4378,1.0,0.004339881224303335,Nextera,4,technical_match,0.017387044022679987
GCA_947002115.1,CAMQJF010000104.1,Adapter,4327,4345,4363,1.0,0.004354801741920697,Nextera,4,technical_match,0.029284701553281833
GCA_947002115.1,CAMQJF010000105.1,Adapter,27,45,4342,1.0,0.004375863657300783,Nextera,4,technical_match,0.014650998878059651
GCA_947002115.1,CAMQJF010000108.1,Adapter,4226,4244,4275,1.0,0.0044444444444444444,Nextera,4,technical_match,0.0029345048782603578
GCA_947002115.1,CAMQJF010000111.1,Adapter,26,44,4242,1.0,0.004479019330504479,Nextera,4,technical_match,0.019380523617070378
GCA_947002115.1,CAMQJF010000113.1,Adapter,16,34,4225,1.0,0.004497041420118343,Nextera,4,technical_match,0.02787071329537888
GCA_947002115.1,CAMQJF010000113.1,Adapter,4179,4197,4225,1.0,0.004497041420118343,Nextera,4,technical_match,0.02787071329537888
GCA_947002115.1,CAMQJF010000116.1,Adapter,29,47,4197,1.0,0.0045270431260424114,Nextera,4,technical_match,0.01742171169683171
GCA_947002115.1,CAMQJF010000116.1,Adapter,4152,4170,4197,1.0,0.0045270431260424114,Nextera,4,technical_match,0.01742171169683171
GCA_947002115.1,CAMQJF010000118.1,Adapter,35,53,4066,1.0,0.004672897196261682,Nextera,4,technical_match,0.03428827872096685
GCA_947002115.1,CAMQJF010000118.1,Adapter,4019,4037,4066,1.0,0.004672897196261682,Nextera,4,technical_match,0.03428827872096685
GCA_947002115.1,CAMQJF010000119.1,Adapter,2,20,3971,1.0,0.004784688995215311,Nextera,4,technical_match,0.02078859873403993
GCA_947002115.1,CAMQJF010000122.1,Adapter,3840,3858,3888,1.0,0.004886831275720165,Nextera,4,technical_match,0.013787933934821694
GCA_947002115.1,CAMQJF010000123.1,Adapter,13,31,3873,1.0,0.0049057578104828295,Nextera,4,technical_match,0.020784177316511332
GCA_947002115.1,CAMQJF010000123.1,Adapter,3827,3845,3873,1.0,0.0049057578104828295,Nextera,4,technical_match,0.020784177316511332
GCA_947002115.1,CAMQJF010000126.1,Adapter,3776,3794,3819,1.0,0.004975124378109453,Nextera,4,technical_match,0.04632108077072783
GCA_947002115.1,CAMQJF010000127.1,Adapter,3746,3764,3799,1.0,0.005001316135825217,Nextera,4,technical_match,0.0017423799282984542
GCA_947002115.1,CAMQJF010000130.1,Adapter,3703,3721,3749,1.0,0.005068018138170179,Nextera,4,technical_match,0.013625480561444525
GCA_947002115.1,CAMQJF010000132.1,Adapter,33,51,3723,1.0,0.0051034112275047,Nextera,4,technical_match,0.017353361582201243
GCA_947002115.1,CAMQJF010000132.1,Adapter,2488,2506,3723,1.0,0.0051034112275047,Nextera,4,technical_match,0.017353361582201243
GCA_947002115.1,CAMQJF010000133.1,Adapter,32,50,3714,1.0,0.005115778136779752,Nextera,4,technical_match,0.031052023100275106
GCA_947002115.1,CAMQJF010000133.1,Adapter,3665,3683,3714,1.0,0.005115778136779752,Nextera,4,technical_match,0.031052023100275106
GCA_947002115.1,CAMQJF010000134.1,Adapter,28,46,3695,1.0,0.005142083897158322,Nextera,4,technical_match,0.02774580437480012
GCA_947002115.1,CAMQJF010000135.1,Adapter,29,47,3691,1.0,0.005147656461663506,Nextera,4,technical_match,0.00103620940858562
GCA_947002115.1,CAMQJF010000136.1,Adapter,30,48,3666,1.0,0.005182760501909438,Nextera,4,technical_match,0.025906719842023695
GCA_947002115.1,CAMQJF010000139.1,Adapter,3593,3611,3641,1.0,0.005218346608074705,Nextera,4,technical_match,0.004153644865319495
GCA_947002115.1,CAMQJF010000140.1,Adapter,30,48,3580,1.0,0.005307262569832402,Nextera,4,technical_match,0.02234415563457387
GCA_947002115.1,CAMQJF010000140.1,Adapter,3534,3552,3580,1.0,0.005307262569832402,Nextera,4,technical_match,0.02234415563457387
GCA_947002115.1,CAMQJF010000142.1,Adapter,3523,3541,3569,1.0,0.005323620061641917,Nextera,4,technical_match,0.007171099096184963
GCA_947002115.1,CAMQJF010000143.1,Adapter,3510,3528,3558,1.0,0.005340078695896571,Nextera,4,technical_match,0.014283478774496206
GCA_947002115.1,CAMQJF010000145.1,Adapter,3471,3489,3500,1.0,0.0054285714285714284,Nextera,4,technical_match,0.0225959880206536
GCA_947002115.1,CAMQJF010000146.1,Adapter,30,48,3470,1.0,0.00547550432276657,Nextera,4,technical_match,0.012641274146631354
GCA_947002115.1,CAMQJF010000146.1,Adapter,3420,3438,3470,1.0,0.00547550432276657,Nextera,4,technical_match,0.012641274146631354
GCA_947002115.1,CAMQJF010000148.1,Adapter,3418,3436,3466,1.0,0.005481823427582228,Nextera,4,technical_match,0.008029681751005824
GCA_947002115.1,CAMQJF010000150.1,Adapter,29,47,3429,1.0,0.005540974044911053,Nextera,4,technical_match,0.0401778319185207
GCA_947002115.1,CAMQJF010000153.1,Adapter,27,45,3420,1.0,0.005555555555555556,Nextera,4,technical_match,0.008431580901652191
GCA_947002115.1,CAMQJF010000154.1,Adapter,3377,3395,3419,1.0,0.005557180462123428,Nextera,4,technical_match,0.034071356758379745
GCA_947002115.1,CAMQJF010000155.1,Adapter,8,26,3413,1.0,0.005566949897450923,Nextera,4,technical_match,0.011003275300262239
GCA_947002115.1,CAMQJF010000159.1,Adapter,3315,3333,3360,1.0,0.005654761904761905,Nextera,4,technical_match,0.024322178496844038
GCA_947002115.1,CAMQJF010000160.1,Adapter,3,21,3307,1.0,0.005745388569700635,Nextera,4,technical_match,0.005745625007986976
GCA_947002115.1,CAMQJF010000160.1,Adapter,3260,3278,3307,1.0,0.005745388569700635,Nextera,4,technical_match,0.005745625007986976
GCA_947002115.1,CAMQJF010000161.1,Adapter,3236,3254,3282,1.0,0.00578915295551493,Nextera,4,technical_match,0.03621310051421189
GCA_947002115.1,CAMQJF010000163.1,Adapter,30,48,3275,1.0,0.005801526717557252,Nextera,4,technical_match,0.012039826624797523
GCA_947002115.1,CAMQJF010000165.1,Adapter,7,25,3268,1.0,0.005813953488372093,Nextera,4,technical_match,0.008043984002427396
GCA_947002115.1,CAMQJF010000165.1,Adapter,138,156,3268,1.0,0.005813953488372093,Nextera,4,technical_match,0.008043984002427396
GCA_947002115.1,CAMQJF010000166.1,Adapter,3244,3262,3263,1.0,0.0058228623965675755,Nextera,4,technical_match,0.0004113200989338539
GCA_947002115.1,CAMQJF010000168.1,Adapter,3180,3198,3226,1.0,0.005889646621202728,Nextera,4,technical_match,0.018413896089026605
GCA_947002115.1,CAMQJF010000172.1,Adapter,29,47,3167,1.0,0.005999368487527629,Nextera,4,technical_match,0.02135641925345616
GCA_947002115.1,CAMQJF010000172.1,Adapter,3121,3139,3167,1.0,0.005999368487527629,Nextera,4,technical_match,0.02135641925345616
GCA_947002115.1,CAMQJF010000173.1,Adapter,1046,1064,3150,1.0,0.006031746031746032,Nextera,4,technical_match,0.00597544055077498
GCA_947002115.1,CAMQJF010000174.1,Adapter,3101,3119,3144,1.0,0.006043256997455471,Nextera,4,technical_match,0.01753600983090442
GCA_947002115.1,CAMQJF010000175.1,Adapter,30,48,3133,1.0,0.006064474944142994,Nextera,4,technical_match,0.016188619455608677
GCA_947002115.1,CAMQJF010000178.1,Adapter,30,48,3074,1.0,0.006180871828236825,Nextera,4,technical_match,0.030237962181820954
GCA_947002115.1,CAMQJF010000183.1,Adapter,28,46,3008,1.0,0.006316489361702127,Nextera,4,technical_match,0.00015487859816115668
GCA_947002115.1,CAMQJF010000184.1,Adapter,2954,2972,2999,1.0,0.006335445148382794,Nextera,4,technical_match,0.023474376054760215
GCA_947002115.1,CAMQJF010000185.1,Adapter,2930,2948,2973,1.0,0.006390850992263707,Nextera,4,technical_match,0.0642869104465032
GCA_947002115.1,CAMQJF010000187.1,Adapter,2893,2911,2945,1.0,0.0064516129032258064,Nextera,4,technical_match,0.04278358995654746
GCA_947002115.1,CAMQJF010000189.1,Adapter,4,22,2936,1.0,0.006471389645776567,Nextera,4,technical_match,0.018414132648867654
GCA_947002115.1,CAMQJF010000190.1,Adapter,2890,2908,2935,1.0,0.006473594548551959,Nextera,4,technical_match,0.03927157818857763
GCA_947002115.1,CAMQJF010000194.1,Adapter,30,48,2896,1.0,0.006560773480662983,Nextera,4,technical_match,0.005861576023810655
GCA_947002115.1,CAMQJF010000194.1,Adapter,2866,2884,2896,1.0,0.006560773480662983,Nextera,4,technical_match,0.005861576023810655
GCA_947002115.1,CAMQJF010000195.1,Adapter,31,49,2885,1.0,0.00658578856152513,Nextera,4,technical_match,0.033816587178861046
GCA_947002115.1,CAMQJF010000198.1,Adapter,31,49,2821,1.0,0.00673520028358738,Nextera,4,technical_match,0.03955218638558533
GCA_947002115.1,CAMQJF010000199.1,Adapter,30,48,2816,1.0,0.006747159090909091,Nextera,4,technical_match,0.00641092308558866
GCA_947002115.1,CAMQJF010000204.1,Adapter,27,45,2780,1.0,0.006834532374100719,Nextera,4,technical_match,0.013745224723436866
GCA_947002115.1,CAMQJF010000204.1,Adapter,2732,2750,2780,1.0,0.006834532374100719,Nextera,4,technical_match,0.013745224723436866
GCA_947002115.1,CAMQJF010000207.1,Adapter,27,45,2746,1.0,0.006919155134741442,Nextera,4,technical_match,0.006144005916814244
GCA_947002115.1,CAMQJF010000207.1,Adapter,2699,2717,2746,1.0,0.006919155134741442,Nextera,4,technical_match,0.006144005916814244
GCA_947002115.1,CAMQJF010000212.1,Adapter,29,47,2709,1.0,0.0070136581764488745,Nextera,4,technical_match,0.06093298946181225
GCA_947002115.1,CAMQJF010000215.1,Adapter,2638,2656,2684,1.0,0.007078986587183309,Nextera,4,technical_match,0.03759988168341283
GCA_947002115.1,CAMQJF010000216.1,Adapter,2632,2650,2677,1.0,0.007097497198356369,Nextera,4,technical_match,0.036472265354659916
GCA_947002115.1,CAMQJF010000218.1,Adapter,29,47,2664,1.0,0.007132132132132132,Nextera,4,technical_match,0.008484018908684499
GCA_947002115.1,CAMQJF010000218.1,Adapter,2616,2634,2664,1.0,0.007132132132132132,Nextera,4,technical_match,0.008484018908684499
GCA_947002115.1,CAMQJF010000220.1,Adapter,29,47,2619,1.0,0.007254677357770141,Nextera,4,technical_match,0.0035396415416266702
GCA_947002115.1,CAMQJF010000221.1,Adapter,29,47,2619,1.0,0.007254677357770141,Nextera,4,technical_match,0.024333592517174374
GCA_947002115.1,CAMQJF010000224.1,Adapter,27,45,2598,1.0,0.007313317936874519,Nextera,4,technical_match,0.025359582198196062
GCA_947002115.1,CAMQJF010000229.1,Adapter,28,46,2554,1.0,0.0074393108848864525,Nextera,4,technical_match,0.02996917586792458
GCA_947002115.1,CAMQJF010000229.1,Adapter,2508,2526,2554,1.0,0.0074393108848864525,Nextera,4,technical_match,0.02996917586792458
GCA_947002115.1,CAMQJF010000230.1,Adapter,28,46,2551,1.0,0.007448059584476676,Nextera,4,technical_match,0.03667712616425989
GCA_947002115.1,CAMQJF010000232.1,Adapter,33,51,2546,1.0,0.007462686567164179,Nextera,4,technical_match,0.012987638789366429
GCA_947002115.1,CAMQJF010000232.1,Adapter,2499,2517,2546,1.0,0.007462686567164179,Nextera,4,technical_match,0.012987638789366429
GCA_947002115.1,CAMQJF010000233.1,Adapter,28,46,2535,1.0,0.007495069033530572,Nextera,4,technical_match,0.011971495777599428
GCA_947002115.1,CAMQJF010000233.1,Adapter,2503,2521,2535,1.0,0.007495069033530572,Nextera,4,technical_match,0.011971495777599428
GCA_947002115.1,CAMQJF010000236.1,Adapter,30,48,2515,1.0,0.0075546719681908545,Nextera,4,technical_match,0.027106070383618674
GCA_947036275.1,CAMQQR010000002.1,Adapter,22376,22394,22427,1.0,0.0008471931154412092,Nextera,4,technical_match,0.004100102310253206
GCA_947036275.1,CAMQQR010000004.1,Adapter,27,45,15521,1.0,0.001224147928612847,Nextera,4,technical_match,0.020183347208775182
GCA_947036275.1,CAMQQR010000005.1,Adapter,12748,12766,12793,1.0,0.0014851872117564292,Nextera,4,technical_match,0.01530797324590355
GCA_947036275.1,CAMQQR010000006.1,Adapter,25,43,12791,1.0,0.0014854194355406144,Nextera,4,technical_match,0.01254843689718399
GCA_947036275.1,CAMQQR010000007.1,Adapter,12160,12178,12203,1.0,0.001556994181758584,Nextera,4,technical_match,0.015566439904207474
GCA_947036275.1,CAMQQR010000008.1,Adapter,29,47,11875,1.0,0.0016,Nextera,4,technical_match,0.011799904006047524
GCA_947036275.1,CAMQQR010000011.1,Adapter,28,46,10754,1.0,0.0017667844522968198,Nextera,4,technical_match,0.007559174974989313
GCA_947036275.1,CAMQQR010000012.1,Adapter,29,47,10004,1.0,0.0018992403038784486,Nextera,4,technical_match,0.007944257276807754
GCA_947036275.1,CAMQQR010000012.1,Adapter,9982,10000,10004,1.0,0.0018992403038784486,Nextera,4,technical_match,0.007944257276807754
GCA_947036275.1,CAMQQR010000013.1,Adapter,9901,9919,9925,1.0,0.0019143576826196474,Nextera,4,technical_match,0.02634428265708383
GCA_947036275.1,CAMQQR010000016.1,Adapter,28,46,9071,1.0,0.0020945871458494104,Nextera,4,technical_match,0.012506989564556314
GCA_947036275.1,CAMQQR010000017.1,Adapter,8794,8812,8843,1.0,0.0021485921067511027,Nextera,4,technical_match,0.03850868704585897
GCA_947036275.1,CAMQQR010000018.1,Adapter,29,47,8816,1.0,0.0021551724137931034,Nextera,4,technical_match,0.003669605975803625
GCA_947036275.1,CAMQQR010000018.1,Adapter,8771,8789,8816,1.0,0.0021551724137931034,Nextera,4,technical_match,0.003669605975803625
GCA_947036275.1,CAMQQR010000021.1,Adapter,8066,8084,8110,1.0,0.002342786683107275,Nextera,4,technical_match,0.026061647143175215
GCA_947036275.1,CAMQQR010000022.1,Adapter,26,44,8021,1.0,0.0023687819473881063,Nextera,4,technical_match,0.022575376286049387
GCA_947036275.1,CAMQQR010000022.1,Adapter,7976,7994,8021,1.0,0.0023687819473881063,Nextera,4,technical_match,0.022575376286049387
GCA_947036275.1,CAMQQR010000026.1,Adapter,27,45,7781,1.0,0.0024418455211412415,Nextera,4,technical_match,0.01836369829104595
GCA_947036275.1,CAMQQR010000026.1,Adapter,7749,7767,7781,1.0,0.0024418455211412415,Nextera,4,technical_match,0.01836369829104595
GCA_947036275.1,CAMQQR010000029.1,Adapter,28,46,7478,1.0,0.0025407863064990637,Nextera,4,technical_match,0.0124924730858747
GCA_947036275.1,CAMQQR010000029.1,Adapter,7427,7445,7478,1.0,0.0025407863064990637,Nextera,4,technical_match,0.0124924730858747
GCA_947036275.1,CAMQQR010000032.1,Adapter,25,43,7289,1.0,0.0026066675812868706,Nextera,4,technical_match,0.00044364836488675063
GCA_947036275.1,CAMQQR010000035.1,Adapter,25,43,7230,1.0,0.0026279391424619642,Nextera,4,technical_match,0.00016299910234585102
GCA_947036275.1,CAMQQR010000035.1,Adapter,7199,7217,7230,1.0,0.0026279391424619642,Nextera,4,technical_match,0.00016299910234585102
GCA_947036275.1,CAMQQR010000038.1,Adapter,6,24,7099,1.0,0.002676433300464854,Nextera,4,technical_match,0.010886072521409995
GCA_947036275.1,CAMQQR010000038.1,Adapter,7053,7071,7099,1.0,0.002676433300464854,Nextera,4,technical_match,0.010886072521409995
GCA_947036275.1,CAMQQR010000039.1,Adapter,27,45,6997,1.0,0.0027154494783478635,Nextera,4,technical_match,0.002692634901604596
GCA_947036275.1,CAMQQR010000039.1,Adapter,6952,6970,6997,1.0,0.0027154494783478635,Nextera,4,technical_match,0.002692634901604596
GCA_947036275.1,CAMQQR010000040.1,Adapter,30,48,6808,1.0,0.002790834312573443,Nextera,4,technical_match,0.0025007824928082734
GCA_947036275.1,CAMQQR010000041.1,Adapter,28,46,6613,1.0,0.0028731286859216693,Nextera,4,technical_match,0.00728631691446785
GCA_947036275.1,CAMQQR010000042.1,Adapter,6512,6530,6563,1.0,0.0028950175224744783,Nextera,4,technical_match,0.019142992775751544
GCA_947036275.1,CAMQQR010000043.1,Adapter,28,46,6542,1.0,0.002904310608376643,Nextera,4,technical_match,0.00390475415418029
GCA_947036275.1,CAMQQR010000043.1,Adapter,6496,6514,6542,1.0,0.002904310608376643,Nextera,4,technical_match,0.00390475415418029
GCA_947036275.1,CAMQQR010000045.1,Adapter,6500,6518,6531,1.0,0.0029092022661154496,Nextera,4,technical_match,0.042847323197111986
GCA_947036275.1,CAMQQR010000047.1,Adapter,6274,6292,6319,1.0,0.003006804874188954,Nextera,4,technical_match,0.02530725985232446
GCA_947036275.1,CAMQQR010000048.1,Adapter,27,45,6304,1.0,0.003013959390862944,Nextera,4,technical_match,0.009652901230393807
GCA_947036275.1,CAMQQR010000051.1,Adapter,20,38,6083,1.0,0.0031234588196613513,Nextera,4,technical_match,0.02160685175516719
GCA_947036275.1,CAMQQR010000055.1,Adapter,28,46,5914,1.0,0.003212715590125127,Nextera,4,technical_match,0.022291162927785435
GCA_947036275.1,CAMQQR010000055.1,Adapter,5872,5890,5914,1.0,0.003212715590125127,Nextera,4,technical_match,0.022291162927785435
GCA_947036275.1,CAMQQR010000058.1,Adapter,5741,5759,5785,1.0,0.0032843560933448574,Nextera,4,technical_match,0.0009310689971770425
GCA_947036275.1,CAMQQR010000060.1,Adapter,5657,5675,5699,1.0,0.0033339182312686435,Nextera,4,technical_match,0.014404357234222398
GCA_947036275.1,CAMQQR010000061.1,Adapter,5556,5574,5602,1.0,0.003391645840771153,Nextera,4,technical_match,0.007528632467687202
GCA_947036275.1,CAMQQR010000062.1,Adapter,33,51,5585,1.0,0.0034019695613249777,Nextera,4,technical_match,0.015652275233456803
GCA_947036275.1,CAMQQR010000063.1,Adapter,28,46,5568,1.0,0.0034123563218390806,Nextera,4,technical_match,0.018141399684212578
GCA_947036275.1,CAMQQR010000063.1,Adapter,5523,5541,5568,1.0,0.0034123563218390806,Nextera,4,technical_match,0.018141399684212578
GCA_947036275.1,CAMQQR010000065.1,Adapter,15,33,5514,1.0,0.0034457743924555676,Nextera,4,technical_match,0.005763229071477638
GCA_947036275.1,CAMQQR010000065.1,Adapter,5493,5511,5514,1.0,0.0034457743924555676,Nextera,4,technical_match,0.005763229071477638
GCA_947036275.1,CAMQQR010000066.1,Adapter,5457,5475,5503,1.0,0.003452662184263129,Nextera,4,technical_match,0.0053793066285405255
GCA_947036275.1,CAMQQR010000068.1,Adapter,27,45,5470,1.0,0.003473491773308958,Nextera,4,technical_match,0.012567574553531413
GCA_947036275.1,CAMQQR010000073.1,Adapter,5352,5370,5396,1.0,0.0035211267605633804,Nextera,4,technical_match,0.01141640437052771
GCA_947036275.1,CAMQQR010000074.1,Adapter,27,45,5325,1.0,0.003568075117370892,Nextera,4,technical_match,0.026284207681622318
GCA_947036275.1,CAMQQR010000074.1,Adapter,5280,5298,5325,1.0,0.003568075117370892,Nextera,4,technical_match,0.026284207681622318
GCA_947036275.1,CAMQQR010000076.1,Adapter,5153,5171,5195,1.0,0.0036573628488931666,Nextera,4,technical_match,0.028823124209341744
GCA_947036275.1,CAMQQR010000077.1,Adapter,28,46,5181,1.0,0.003667245705462266,Nextera,4,technical_match,0.005856480150638332
GCA_947036275.1,CAMQQR010000077.1,Adapter,5143,5161,5181,1.0,0.003667245705462266,Nextera,4,technical_match,0.005856480150638332
GCA_947036275.1,CAMQQR010000080.1,Adapter,27,45,4999,1.0,0.003800760152030406,Nextera,4,technical_match,0.001245096573015636
GCA_947036275.1,CAMQQR010000081.1,Adapter,28,46,4943,1.0,0.0038438195427877805,Nextera,4,technical_match,0.03952065317818887
GCA_947036275.1,CAMQQR010000082.1,Adapter,27,45,4927,1.0,0.00385630200933631,Nextera,4,technical_match,0.005903440907973567
GCA_947036275.1,CAMQQR010000083.1,Adapter,4852,4870,4899,1.0,0.0038783425188814043,Nextera,4,technical_match,0.019825746771232444
GCA_947036275.1,CAMQQR010000084.1,Adapter,19,37,4872,1.0,0.0038998357963875205,Nextera,4,technical_match,0.0006177954149186871
GCA_947036275.1,CAMQQR010000085.1,Adapter,4809,4827,4855,1.0,0.003913491246138002,Nextera,4,technical_match,0.011410246030005455
GCA_947036275.1,CAMQQR010000087.1,Adapter,4710,4728,4755,1.0,0.003995793901156677,Nextera,4,technical_match,0.013565794151017052
GCA_947036275.1,CAMQQR010000088.1,Adapter,28,46,4749,1.0,0.004000842282585807,Nextera,4,technical_match,0.03401148095853612
GCA_947036275.1,CAMQQR010000089.1,Adapter,4694,4712,4722,1.0,0.004023718763235917,Nextera,4,technical_match,0.006853672756697959
GCA_947036275.1,CAMQQR010000090.1,Adapter,4631,4649,4677,1.0,0.004062433183664742,Nextera,4,technical_match,0.02904233786490895
GCA_947036275.1,CAMQQR010000091.1,Adapter,4623,4641,4668,1.0,0.004070265638389032,Nextera,4,technical_match,0.02910664644053995
GCA_947036275.1,CAMQQR010000092.1,Adapter,4597,4615,4635,1.0,0.004099244875943905,Nextera,4,technical_match,0.010137619414153476
GCA_947036275.1,CAMQQR010000093.1,Adapter,4530,4548,4575,1.0,0.004153005464480874,Nextera,4,technical_match,0.010332432047462536
GCA_947036275.1,CAMQQR010000098.1,Adapter,4433,4451,4477,1.0,0.004243913334822426,Nextera,4,technical_match,0.010950820385672022
GCA_947036275.1,CAMQQR010000099.1,Adapter,8,26,4433,1.0,0.00428603654410106,Nextera,4,technical_match,0.0034852468363189004
GCA_947036275.1,CAMQQR010000101.1,Adapter,27,45,4352,1.0,0.004365808823529412,Nextera,4,technical_match,0.0016316168917852591
GCA_947036275.1,CAMQQR010000102.1,Adapter,20,38,4345,1.0,0.004372842347525892,Nextera,4,technical_match,0.019195383983777403
GCA_947036275.1,CAMQQR010000102.1,Adapter,4301,4319,4345,1.0,0.004372842347525892,Nextera,4,technical_match,0.019195383983777403
GCA_947036275.1,CAMQQR010000103.1,Adapter,28,46,4297,1.0,0.00442168955084943,Nextera,4,technical_match,0.001907598168051916
GCA_947036275.1,CAMQQR010000103.1,Adapter,4252,4270,4297,1.0,0.00442168955084943,Nextera,4,technical_match,0.001907598168051916
GCA_947036275.1,CAMQQR010000107.1,Adapter,28,46,4247,1.0,0.00447374617376972,Nextera,4,technical_match,0.03446009014363072
GCA_947036275.1,CAMQQR010000108.1,Adapter,26,44,4232,1.0,0.0044896030245746696,Nextera,4,technical_match,0.008644449789594666
GCA_947036275.1,CAMQQR010000110.1,Adapter,4170,4188,4214,1.0,0.004508780256288562,Nextera,4,technical_match,0.017680514648562407
GCA_947036275.1,CAMQQR010000111.1,Adapter,27,45,4186,1.0,0.004538939321548017,Nextera,4,technical_match,0.010443926305517326
GCA_947036275.1,CAMQQR010000114.1,Adapter,4090,4108,4136,1.0,0.004593810444874275,Nextera,4,technical_match,0.004069312537046232
GCA_947036275.1,CAMQQR010000117.1,Adapter,4022,4040,4066,1.0,0.004672897196261682,Nextera,4,technical_match,0.00019655919542282962
GCA_947036275.1,CAMQQR010000118.1,Adapter,24,42,4047,1.0,0.004694835680751174,Nextera,4,technical_match,0.011995999879534092
GCA_947036275.1,CAMQQR010000118.1,Adapter,4003,4021,4047,1.0,0.004694835680751174,Nextera,4,technical_match,0.011995999879534092
GCA_947036275.1,CAMQQR010000119.1,Adapter,29,47,4034,1.0,0.004709965294992563,Nextera,4,technical_match,0.003041779642088571
GCA_947036275.1,CAMQQR010000122.1,Adapter,3977,3995,4013,1.0,0.00473461250934463,Nextera,4,technical_match,0.004644630205134559
GCA_947036275.1,CAMQQR010000123.1,Adapter,3965,3983,4005,1.0,0.004744069912609238,Nextera,4,technical_match,0.001929820557726336
GCA_947036275.1,CAMQQR010000125.1,Adapter,25,43,3936,1.0,0.004827235772357724,Nextera,4,technical_match,0.0020257913298531993
GCA_947036275.1,CAMQQR010000126.1,Adapter,3868,3886,3914,1.0,0.0048543689320388345,Nextera,4,technical_match,0.006333169207887068
GCA_947036275.1,CAMQQR010000127.1,Adapter,3863,3881,3907,1.0,0.004863066291272076,Nextera,4,technical_match,0.0032032563134868908
GCA_947036275.1,CAMQQR010000128.1,Adapter,28,46,3882,1.0,0.004894384337970119,Nextera,4,technical_match,0.00843396350662906
GCA_947036275.1,CAMQQR010000131.1,Adapter,30,48,3805,1.0,0.004993429697766097,Nextera,4,technical_match,0.009441455980596258
GCA_947036275.1,CAMQQR010000131.1,Adapter,3761,3779,3805,1.0,0.004993429697766097,Nextera,4,technical_match,0.009441455980596258
GCA_947036275.1,CAMQQR010000133.1,Adapter,23,41,3796,1.0,0.0050052687038988405,Nextera,4,technical_match,0.025016741674507403
GCA_947036275.1,CAMQQR010000139.1,Adapter,27,45,3693,1.0,0.005144868670457623,Nextera,4,technical_match,0.016537880547726647
GCA_947036275.1,CAMQQR010000141.1,Adapter,28,46,3680,1.0,0.005163043478260869,Nextera,4,technical_match,0.0010318262028438663
GCA_947036275.1,CAMQQR010000143.1,Adapter,28,46,3636,1.0,0.005225522552255226,Nextera,4,technical_match,0.003762321690206294
GCA_947036275.1,CAMQQR010000144.1,Adapter,3546,3564,3592,1.0,0.005289532293986637,Nextera,4,technical_match,0.006446749375736527
GCA_947036275.1,CAMQQR010000147.1,Adapter,3529,3547,3563,1.0,0.005332584900364861,Nextera,4,technical_match,0.00019599536910941406
GCA_947036275.1,CAMQQR010000148.1,Adapter,27,45,3559,1.0,0.005338578252318067,Nextera,4,technical_match,0.014052940524497737
GCA_947036275.1,CAMQQR010000151.1,Adapter,26,44,3533,1.0,0.00537786583639966,Nextera,4,technical_match,0.011765910047909889
GCA_947036275.1,CAMQQR010000152.1,Adapter,3477,3495,3523,1.0,0.005393130854385467,Nextera,4,technical_match,0.02380334083611746
GCA_947036275.1,CAMQQR010000153.1,Adapter,3471,3489,3509,1.0,0.005414648047876888,Nextera,4,technical_match,0.007276870003257718
GCA_947036275.1,CAMQQR010000154.1,Adapter,4,22,3473,1.0,0.005470774546501584,Nextera,4,technical_match,0.01776267849193114
GCA_947036275.1,CAMQQR010000156.1,Adapter,27,45,3461,1.0,0.005489742848887605,Nextera,4,technical_match,0.011482672904601365
GCA_947036275.1,CAMQQR010000157.1,Adapter,29,47,3432,1.0,0.005536130536130536,Nextera,4,technical_match,0.0009323785490483738
GCA_947036275.1,CAMQQR010000158.1,Adapter,3408,3426,3429,1.0,0.005540974044911053,Nextera,4,technical_match,0.010144980953507965
GCA_947036275.1,CAMQQR010000160.1,Adapter,29,47,3401,1.0,0.00558659217877095,Nextera,4,technical_match,0.020876132453817198
GCA_947036275.1,CAMQQR010000161.1,Adapter,28,46,3386,1.0,0.005611340815121087,Nextera,4,technical_match,0.0006098520894871062
GCA_947036275.1,CAMQQR010000161.1,Adapter,3340,3358,3386,1.0,0.005611340815121087,Nextera,4,technical_match,0.0006098520894871062
GCA_947036275.1,CAMQQR010000163.1,Adapter,3331,3349,3377,1.0,0.005626295528575659,Nextera,4,technical_match,0.008260654259619582
GCA_947036275.1,CAMQQR010000164.1,Adapter,3319,3337,3370,1.0,0.005637982195845697,Nextera,4,technical_match,0.008546179189555247
GCA_947036275.1,CAMQQR010000165.1,Adapter,3324,3342,3369,1.0,0.005639655684179281,Nextera,4,technical_match,0.05030323624581884
GCA_947036275.1,CAMQQR010000172.1,Adapter,3258,3276,3302,1.0,0.005754088431253785,Nextera,4,technical_match,0.05948734064731759
GCA_947036275.1,CAMQQR010000173.1,Adapter,29,47,3296,1.0,0.0057645631067961165,Nextera,4,technical_match,0.011391664721596806
GCA_947036275.1,CAMQQR010000174.1,Adapter,3245,3263,3287,1.0,0.005780346820809248,Nextera,4,technical_match,0.0007581029716696719
GCA_947036275.1,CAMQQR010000175.1,Adapter,25,43,3280,1.0,0.005792682926829268,Nextera,4,technical_match,0.00847904336237354
GCA_947036275.1,CAMQQR010000179.1,Adapter,25,43,3213,1.0,0.005913476501711796,Nextera,4,technical_match,0.004001141090353599
GCA_947036275.1,CAMQQR010000180.1,Adapter,28,46,3204,1.0,0.005930087390761548,Nextera,4,technical_match,0.024287407906693093
GCA_947036275.1,CAMQQR010000181.1,Adapter,28,46,3182,1.0,0.005971087366436203,Nextera,4,technical_match,0.0022172583215187003
GCA_947036275.1,CAMQQR010000182.1,Adapter,28,46,3174,1.0,0.0059861373660995585,Nextera,4,technical_match,0.02309783124380166
GCA_947036275.1,CAMQQR010000182.1,Adapter,3129,3147,3174,1.0,0.0059861373660995585,Nextera,4,technical_match,0.02309783124380166
GCA_947036275.1,CAMQQR010000183.1,Adapter,27,45,3153,1.0,0.0060260069774817635,Nextera,4,technical_match,0.009386908887270451
GCA_947036275.1,CAMQQR010000184.1,Adapter,26,44,3138,1.0,0.006054811982154238,Nextera,4,technical_match,0.01672012808440787
GCA_947036275.1,CAMQQR010000187.1,Adapter,3051,3069,3083,1.0,0.006162828413882582,Nextera,4,technical_match,0.018043590881024196
GCA_947036275.1,CAMQQR010000188.1,Adapter,3037,3055,3082,1.0,0.006164828033744322,Nextera,4,technical_match,0.015236019351990648
GCA_947036275.1,CAMQQR010000190.1,Adapter,32,50,3071,1.0,0.006186909801367633,Nextera,4,technical_match,0.029494185010045304
GCA_947036275.1,CAMQQR010000194.1,Adapter,16,34,3016,1.0,0.0062997347480106105,Nextera,4,technical_match,0.00806604947582279
GCA_947036275.1,CAMQQR010000194.1,Adapter,2972,2990,3016,1.0,0.0062997347480106105,Nextera,4,technical_match,0.00806604947582279
GCA_947036275.1,CAMQQR010000195.1,Adapter,2956,2974,3001,1.0,0.006331222925691436,Nextera,4,technical_match,0.008461143242091684
GCA_947036275.1,CAMQQR010000196.1,Adapter,21,39,2993,1.0,0.006348145673237555,Nextera,4,technical_match,0.0206347220903495
GCA_947036275.1,CAMQQR010000198.1,Adapter,26,44,2978,1.0,0.0063801208865010076,Nextera,4,technical_match,0.010804429527585091
GCA_947036275.1,CAMQQR010000198.1,Adapter,2946,2964,2978,1.0,0.0063801208865010076,Nextera,4,technical_match,0.010804429527585091
GCA_947036275.1,CAMQQR010000199.1,Adapter,26,44,2977,1.0,0.006382264024185421,Nextera,4,technical_match,0.01796956261680016
GCA_947036275.1,CAMQQR010000200.1,Adapter,28,46,2948,1.0,0.006445047489823609,Nextera,4,technical_match,0.018641038048752667
GCA_947036275.1,CAMQQR010000203.1,Adapter,2865,2883,2911,1.0,0.006526966678117485,Nextera,4,technical_match,0.013129507120532236
GCA_947036275.1,CAMQQR010000207.1,Adapter,2825,2843,2875,1.0,0.006608695652173913,Nextera,4,technical_match,0.018064434898496073
GCA_947036275.1,CAMQQR010000208.1,Adapter,2823,2841,2868,1.0,0.006624825662482566,Nextera,4,technical_match,0.02218692595422339
GCA_947036275.1,CAMQQR010000209.1,Adapter,18,36,2862,1.0,0.006638714185883997,Nextera,4,technical_match,0.01525435985216178
GCA_947036275.1,CAMQQR010000210.1,Adapter,2819,2837,2862,1.0,0.006638714185883997,Nextera,4,technical_match,0.013507329803244927
GCA_947036275.1,CAMQQR010000211.1,Adapter,2812,2830,2858,1.0,0.006648005598320504,Nextera,4,technical_match,0.022163014020411653
GCA_947036275.1,CAMQQR010000213.1,Adapter,2784,2802,2831,1.0,0.006711409395973154,Nextera,4,technical_match,0.02173849232033892
GCA_947036275.1,CAMQQR010000214.1,Adapter,27,45,2802,1.0,0.006780870806566738,Nextera,4,technical_match,0.03530218433213039
GCA_947036275.1,CAMQQR010000214.1,Adapter,2762,2780,2802,1.0,0.006780870806566738,Nextera,4,technical_match,0.03530218433213039
GCA_947036275.1,CAMQQR010000215.1,Adapter,27,45,2790,1.0,0.006810035842293907,Nextera,4,technical_match,0.00789660608638787
GCA_947036275.1,CAMQQR010000217.1,Adapter,2723,2741,2766,1.0,0.006869125090383225,Nextera,4,technical_match,0.02894865005772773
GCA_947036275.1,CAMQQR010000218.1,Adapter,11,29,2762,1.0,0.0068790731354091235,Nextera,4,technical_match,0.019277377902561788
GCA_947036275.1,CAMQQR010000221.1,Adapter,2685,2703,2730,1.0,0.00695970695970696,Nextera,4,technical_match,0.015667688051018203
GCA_947036275.1,CAMQQR010000223.1,Adapter,2675,2693,2724,1.0,0.0069750367107195305,Nextera,4,technical_match,0.030929914053191843
GCA_947036275.1,CAMQQR010000224.1,Adapter,27,45,2700,1.0,0.007037037037037037,Nextera,4,technical_match,0.02235428997095984
GCA_947036275.1,CAMQQR010000224.1,Adapter,2656,2674,2700,1.0,0.007037037037037037,Nextera,4,technical_match,0.02235428997095984
GCA_947036275.1,CAMQQR010000226.1,Adapter,28,46,2692,1.0,0.007057949479940565,Nextera,4,technical_match,0.01384679967738095
GCA_947036275.1,CAMQQR010000226.1,Adapter,2645,2663,2692,1.0,0.007057949479940565,Nextera,4,technical_match,0.01384679967738095
GCA_947036275.1,CAMQQR010000227.1,Adapter,28,46,2688,1.0,0.007068452380952381,Nextera,4,technical_match,0.002012028066197935
GCA_947036275.1,CAMQQR010000228.1,Adapter,2636,2654,2680,1.0,0.0070895522388059705,Nextera,4,technical_match,0.0017821506674772225
GCA_947036275.1,CAMQQR010000230.1,Adapter,28,46,2642,1.0,0.007191521574564724,Nextera,4,technical_match,0.023742101651548386
GCA_947036275.1,CAMQQR010000232.1,Adapter,2568,2586,2612,1.0,0.007274119448698315,Nextera,4,technical_match,0.006662610542680081
GCA_947036275.1,CAMQQR010000235.1,Adapter,2545,2563,2589,1.0,0.007338740826573967,Nextera,4,technical_match,0.043582563435618005
GCA_947036275.1,CAMQQR010000236.1,Adapter,29,47,2574,1.0,0.007381507381507382,Nextera,4,technical_match,0.03500390738723752
GCA_947036275.1,CAMQQR010000238.1,Adapter,16,34,2554,1.0,0.0074393108848864525,Nextera,4,technical_match,0.018668941561277186
GCA_947036275.1,CAMQQR010000239.1,Adapter,2506,2524,2551,1.0,0.007448059584476676,Nextera,4,technical_match,0.08127497466977074
GCA_947036275.1,CAMQQR010000241.1,Adapter,28,46,2525,1.0,0.0075247524752475245,Nextera,4,technical_match,0.0054566002019829085
GCA_947036275.1,CAMQQR010000241.1,Adapter,2507,2525,2525,1.0,0.0075247524752475245,Nextera,4,technical_match,0.0054566002019829085
GCA_947036295.1,CAMQQN010000001.1,Adapter,29,49,19024,1.0,0.0011038687973086627,TruSeq,4,technical_match,0.0036375664742634983
GCA_947036295.1,CAMQQN010000004.1,Adapter,27,47,16934,1.0,0.0012401086571394828,TruSeq_R2,4,technical_match,0.0038229073161586413
GCA_947036295.1,CAMQQN010000005.1,Adapter,13733,13753,13756,1.0,0.0015266065716778134,TruSeq_R2,4,technical_match,0.002821974324631882
GCA_947036295.1,CAMQQN010000007.1,Adapter,11806,11826,11836,1.0,0.0017742480567759379,TruSeq,4,technical_match,0.0006246720641466252
GCA_947036295.1,CAMQQN010000021.1,Adapter,6024,6044,6058,1.0,0.0034664905909541103,TruSeq,4,technical_match,0.006616374890414001
GCA_947036295.1,CAMQQN010000029.1,Adapter,4921,4941,4965,1.0,0.004229607250755287,TruSeq,4,technical_match,0.001097011352075128
GCA_947036295.1,CAMQQN010000043.1,Adapter,7,27,4082,1.0,0.00514453699167075,TruSeq,4,technical_match,0.011294086943539505
GCA_947036295.1,CAMQQN010000045.1,Adapter,28,48,3918,1.0,0.005359877488514548,TruSeq_R2,4,technical_match,0.02280167300658248
GCA_947036295.1,CAMQQN010000049.1,Adapter,27,47,3799,1.0,0.005527770465912082,TruSeq,4,technical_match,0.008644500263001231
GCA_947036295.1,CAMQQN010000073.1,Adapter,14,34,3330,1.0,0.006306306306306306,TruSeq_R2,4,technical_match,0.05600025296226538
GCA_947036295.1,CAMQQN010000078.1,Adapter,26,46,3234,1.0,0.006493506493506494,TruSeq,4,technical_match,0.005874423198125089
GCA_947036295.1,CAMQQN010000080.1,Adapter,3159,3179,3188,1.0,0.006587202007528231,TruSeq,4,technical_match,0.006802260969483165
GCA_947036295.1,CAMQQN010000083.1,Adapter,28,48,3156,1.0,0.006653992395437262,TruSeq_R2,4,technical_match,0.0036476078262798195
GCA_947036295.1,CAMQQN010000092.1,Adapter,29,49,2869,1.0,0.0073196235622168,TruSeq_R2,4,technical_match,0.020330355110422582
GCA_947037945.1,CAMQUS010000004.1,Adapter,15,35,7763,1.0,0.002705139765554554,TruSeq,4,technical_match,0.014454043929467641
GCA_947037945.1,CAMQUS010000015.1,Adapter,5825,5845,5870,1.0,0.003577512776831346,TruSeq_R2,4,technical_match,0.02632615557776391
GCA_947037945.1,CAMQUS010000026.1,Adapter,3,23,4569,1.0,0.004596191726854892,TruSeq_R2,4,technical_match,0.009278672782256248
GCA_947037945.1,CAMQUS010000038.1,Adapter,27,47,3686,1.0,0.0056972327726532825,TruSeq,4,technical_match,0.013897222903916817
GCA_947037945.1,CAMQUS010000041.1,Adapter,27,47,3566,1.0,0.005888951205832866,TruSeq,4,technical_match,0.016682932290633223
GCA_947037945.1,CAMQUS010000056.1,Adapter,3039,3059,3087,1.0,0.006802721088435374,TruSeq,4,technical_match,0.032039833796812855
GCA_947037945.1,CAMQUS010000082.1,Adapter,24,44,2539,1.0,0.008270972823946435,TruSeq,4,technical_match,0.016908907912215332
GCA_947038145.1,CAMQVG010000027.1,Adapter,21,41,4399,1.0,0.004773812230052284,TruSeq_R2,4,technical_match,0.011352344673581705
GCA_947038145.1,CAMQVG010000027.1,Adapter,4355,4375,4399,1.0,0.004773812230052284,TruSeq,4,technical_match,0.011352344673581705
GCA_947038145.1,CAMQVG010000028.1,Adapter,4326,4346,4372,1.0,0.004803293687099725,TruSeq,4,technical_match,0.0004795105207643924
GCA_947038145.1,CAMQVG010000046.1,Adapter,16,36,3830,1.0,0.005483028720626632,TruSeq,4,technical_match,0.010665741914943794
GCA_947038145.1,CAMQVG010000049.1,Adapter,23,43,3763,1.0,0.005580653733723093,TruSeq,4,technical_match,0.0021014172249291807
GCA_947038145.1,CAMQVG010000058.1,Adapter,27,47,3650,1.0,0.005753424657534247,TruSeq_R2,4,technical_match,0.012538950670627935
GCA_947038145.1,CAMQVG010000062.1,Adapter,13,33,3526,1.0,0.005955757231990925,TruSeq,4,technical_match,0.02078936442675655
GCA_947038145.1,CAMQVG010000069.1,Adapter,3348,3368,3394,1.0,0.006187389510901591,TruSeq,4,technical_match,0.016034886286259042
GCA_947038145.1,CAMQVG010000073.1,Adapter,14,34,3334,1.0,0.00629874025194961,TruSeq_R2,4,technical_match,0.020907401154897365
GCA_947038145.1,CAMQVG010000094.1,Adapter,3091,3111,3114,1.0,0.00674373795761079,TruSeq_R2,4,technical_match,0.0034767393580404926
GCA_947038145.1,CAMQVG010000104.1,Adapter,2962,2982,3009,1.0,0.006979062811565304,TruSeq,4,technical_match,0.015986416492340894
GCA_947038145.1,CAMQVG010000119.1,Adapter,8,28,2858,1.0,0.00734779566130161,TruSeq_R2,4,technical_match,0.002617844810605119
GCA_947038145.1,CAMQVG010000125.1,Adapter,28,48,2822,1.0,0.0074415308291991495,TruSeq_R2,4,technical_match,0.041245502209385276
GCA_947038145.1,CAMQVG010000144.1,Adapter,2660,2680,2704,1.0,0.007766272189349112,TruSeq_R2,4,technical_match,0.0018321337783526737
GCA_947038145.1,CAMQVG010000150.1,Adapter,2633,2653,2679,1.0,0.007838745800671893,TruSeq_R2,4,technical_match,0.013661481917692175
GCA_947038145.1,CAMQVG010000151.1,Adapter,2621,2641,2666,1.0,0.007876969242310577,TruSeq,4,technical_match,0.012180504894800381
GCA_947038145.1,CAMQVG010000157.1,Adapter,2610,2630,2653,1.0,0.0079155672823219,TruSeq_R2,4,technical_match,0.012233108874265708
GCA_947038145.1,CAMQVG010000166.1,Adapter,2540,2560,2586,1.0,0.008120649651972157,TruSeq,4,technical_match,0.020377808697518762
GCA_947038145.1,CAMQVG010000177.1,Adapter,2493,2513,2528,1.0,0.008306962025316455,TruSeq,4,technical_match,0.002286219614619611
GCA_947039385.1,CAMQYR010000001.1,Adapter,28,48,41472,1.0,0.0005063657407407407,TruSeq,4,technical_match,9.603800963109421e-05
GCA_947039385.1,CAMQYR010000003.1,Adapter,38005,38025,38027,1.0,0.0005522391984642491,TruSeq,4,technical_match,0.0024365931954850595
GCA_947039385.1,CAMQYR010000006.1,Adapter,29940,29960,29976,1.0,0.0007005604483586869,TruSeq,4,technical_match,0.002185609839512437
GCA_947039385.1,CAMQYR010000009.1,Adapter,28,48,23941,1.0,0.0008771563426757446,TruSeq,4,technical_match,0.009733072594008019
GCA_947039385.1,CAMQYR010000009.1,Adapter,23898,23918,23941,1.0,0.0008771563426757446,TruSeq,4,technical_match,0.009733072594008019
GCA_947039385.1,CAMQYR010000012.1,Adapter,15,35,19496,1.0,0.001077144029544522,TruSeq,4,technical_match,0.009705454192631358
GCA_947039385.1,CAMQYR010000017.1,Adapter,22,42,14082,1.0,0.0014912654452492544,TruSeq_R2,4,technical_match,0.0010179522366512428
GCA_947039385.1,CAMQYR010000021.1,Adapter,9330,9350,9376,1.0,0.0022397610921501706,TruSeq_R2,4,technical_match,0.00922872640764233
GCA_947039385.1,CAMQYR010000023.1,Adapter,7970,7990,8015,1.0,0.0026200873362445414,TruSeq,4,technical_match,0.02076449072752884
GCA_947039385.1,CAMQYR010000025.1,Adapter,7737,7757,7783,1.0,0.002698188359244507,TruSeq,4,technical_match,0.008342263287672458
GCA_947039385.1,CAMQYR010000026.1,Adapter,7712,7732,7755,1.0,0.0027079303675048355,TruSeq_R2,4,technical_match,0.0013243935210096591
GCA_947039385.1,CAMQYR010000032.1,Adapter,26,46,6364,1.0,0.003299811439346323,TruSeq,4,technical_match,0.036630702054076036
GCA_947039385.1,CAMQYR010000033.1,Adapter,28,48,6228,1.0,0.003371868978805395,TruSeq_R2,4,technical_match,0.0070895329780232275
GCA_947039385.1,CAMQYR010000036.1,Adapter,15,35,5217,1.0,0.0040253018976423235,TruSeq,4,technical_match,0.001578702999108117
GCA_947039385.1,CAMQYR010000037.1,Adapter,26,46,5115,1.0,0.004105571847507331,TruSeq_R2,4,technical_match,0.012509685008291527
GCA_947039965.1,CAMRAF010000019.1,Adapter,19,39,4953,1.0,0.004239854633555421,TruSeq,4,technical_match,0.016064054252115323
GCA_947039965.1,CAMRAF010000024.1,Adapter,28,48,4608,1.0,0.004557291666666667,TruSeq_R2,4,technical_match,0.011905431952498935
GCA_947039965.1,CAMRAF010000034.1,Adapter,4082,4102,4119,1.0,0.005098324836125273,TruSeq,4,technical_match,0.004097673698068238
GCA_947039965.1,CAMRAF010000036.1,Adapter,3823,3843,3862,1.0,0.0054375970999482135,TruSeq_R2,4,technical_match,0.01516434896440988
GCA_947039965.1,CAMRAF010000038.1,Adapter,3700,3720,3746,1.0,0.005605979711692472,TruSeq_R2,4,technical_match,0.011940886437282694
GCA_947039965.1,CAMRAF010000039.1,Adapter,26,46,3715,1.0,0.005652759084791386,TruSeq_R2,4,technical_match,0.0006703629753791462
GCA_947039965.1,CAMRAF010000041.1,Adapter,24,44,3677,1.0,0.005711177590426979,TruSeq_R2,4,technical_match,0.0072369990374385185
GCA_947039965.1,CAMRAF010000045.1,Adapter,4,24,3470,1.0,0.006051873198847263,TruSeq_R2,4,technical_match,0.009404456376031323
GCA_947039965.1,CAMRAF010000045.1,Adapter,3444,3464,3470,1.0,0.006051873198847263,TruSeq_R2,4,technical_match,0.009404456376031323
GCA_947039965.1,CAMRAF010000051.1,Adapter,3367,3387,3395,1.0,0.006185567010309278,TruSeq_R2,4,technical_match,0.03517839771096726
GCA_947039965.1,CAMRAF010000056.1,Adapter,3169,3189,3216,1.0,0.0065298507462686565,TruSeq_R2,4,technical_match,0.02585498471416775
GCA_947039965.1,CAMRAF010000063.1,Adapter,3009,3029,3043,1.0,0.0069010844561288205,TruSeq,4,technical_match,0.018118649956801125
GCA_947039965.1,CAMRAF010000065.1,Adapter,2978,2998,3025,1.0,0.006942148760330578,TruSeq_R2,4,technical_match,0.004270962675600232
GCA_947039965.1,CAMRAF010000069.1,Adapter,28,48,2924,1.0,0.007181942544459644,TruSeq_R2,4,technical_match,0.016495676480542704
GCA_947039965.1,CAMRAF010000082.1,Adapter,19,39,2593,1.0,0.008098727342846125,TruSeq,4,technical_match,0.004338484883466942
GCA_947040465.1,CAMRBO010000010.1,Adapter,2,22,13624,1.0,0.001541397533763946,TruSeq,4,technical_match,0.01498030224137531
GCA_947040465.1,CAMRBO010000012.1,Adapter,30,50,12517,1.0,0.0016777183031077734,TruSeq_R2,4,technical_match,0.003212800465399568
GCA_947040465.1,CAMRBO010000012.1,Adapter,12481,12501,12517,1.0,0.0016777183031077734,TruSeq,4,technical_match,0.003212800465399568
GCA_947040465.1,CAMRBO010000015.1,Adapter,9974,9994,9997,1.0,0.002100630189056717,TruSeq,4,technical_match,0.003396006341918445
GCA_947040465.1,CAMRBO010000019.1,Adapter,12,32,7849,1.0,0.0026755000637023823,TruSeq_R2,4,technical_match,0.010348249435770396
GCA_947040465.1,CAMRBO010000022.1,Adapter,7367,7387,7400,1.0,0.002837837837837838,TruSeq_R2,4,technical_match,0.00889537026025139
GCA_947040465.1,CAMRBO010000030.1,Adapter,6644,6664,6691,1.0,0.0031385443132566134,TruSeq,4,technical_match,0.0015970025456528703
GCA_947040465.1,CAMRBO010000036.1,Adapter,28,48,5640,1.0,0.003723404255319149,TruSeq,4,technical_match,0.006445821995834489
GCA_947040465.1,CAMRBO010000038.1,Adapter,5341,5361,5388,1.0,0.0038975501113585748,TruSeq_R2,4,technical_match,0.004226436292876445
GCA_947040465.1,CAMRBO010000049.1,Adapter,29,49,4818,1.0,0.0043586550435865505,TruSeq_R2,4,technical_match,0.019635892850089043
GCA_947040465.1,CAMRBO010000052.1,Adapter,26,46,4437,1.0,0.004732927653820149,TruSeq_R2,4,technical_match,0.01805151423383955
GCA_947040465.1,CAMRBO010000056.1,Adapter,4107,4127,4138,1.0,0.005074915418076365,TruSeq,4,technical_match,0.028578863277297778
GCA_947040465.1,CAMRBO010000067.1,Adapter,3492,3512,3514,1.0,0.00597609561752988,TruSeq,4,technical_match,0.007695332565511193
GCA_947040465.1,CAMRBO010000068.1,Adapter,3007,3027,3052,1.0,0.006880733944954129,TruSeq_R2,4,technical_match,0.006888533803873609
GCA_947040465.1,CAMRBO010000070.1,Adapter,9,29,3018,1.0,0.006958250497017893,TruSeq_R2,4,technical_match,0.01791933458242645
GCA_947040465.1,CAMRBO010000074.1,Adapter,27,47,2913,1.0,0.007209062821833162,TruSeq_R2,4,technical_match,0.0072261985138396545
GCA_947041065.1,CAMRCV010000001.1,Adapter,27,47,20279,1.0,0.0010355540214014498,TruSeq,4,technical_match,0.005547679238105507
GCA_947041065.1,CAMRCV010000006.1,Adapter,3,23,12475,1.0,0.0016833667334669338,TruSeq,4,technical_match,0.0059712509246016565
GCA_947041065.1,CAMRCV010000013.1,Adapter,27,47,8751,1.0,0.0023997257456290708,TruSeq_R2,4,technical_match,0.007632553644884688
GCA_947041065.1,CAMRCV010000020.1,Adapter,7406,7426,7447,1.0,0.0028199274875788907,TruSeq,4,technical_match,0.00715643315962361
GCA_947041065.1,CAMRCV010000027.1,Adapter,26,46,6636,1.0,0.0031645569620253164,TruSeq,4,technical_match,0.00200690269831183
GCA_947041065.1,CAMRCV010000043.1,Adapter,7,27,5107,1.0,0.004112003132954768,TruSeq_R2,4,technical_match,0.011000542672382818
GCA_947041065.1,CAMRCV010000045.1,Adapter,4899,4919,4940,1.0,0.004251012145748988,TruSeq,4,technical_match,0.02411158016608056
GCA_947041065.1,CAMRCV010000048.1,Adapter,28,48,4892,1.0,0.004292722812755519,TruSeq_R2,4,technical_match,0.019005168309657927
GCA_947041065.1,CAMRCV010000062.1,Adapter,4,24,4525,1.0,0.004640883977900552,TruSeq,4,technical_match,0.007187384849910827
GCA_947041065.1,CAMRCV010000064.1,Adapter,27,47,4456,1.0,0.004712746858168761,TruSeq,4,technical_match,0.03739612940688039
GCA_947041065.1,CAMRCV010000069.1,Adapter,4183,4203,4221,1.0,0.004975124378109453,TruSeq,4,technical_match,0.01935179507262852
GCA_947041065.1,CAMRCV010000073.1,Adapter,28,48,3956,1.0,0.005308392315470172,TruSeq,4,technical_match,0.01926597783017786
GCA_947041065.1,CAMRCV010000073.1,Adapter,3920,3940,3956,1.0,0.005308392315470172,TruSeq,4,technical_match,0.01926597783017786
GCA_947041065.1,CAMRCV010000077.1,Adapter,16,36,3850,1.0,0.005454545454545455,TruSeq_R2,4,technical_match,0.003317111476875023
GCA_947041065.1,CAMRCV010000082.1,Adapter,3694,3714,3740,1.0,0.005614973262032086,TruSeq_R2,4,technical_match,0.004368144443675004
GCA_947041065.1,CAMRCV010000094.1,Adapter,35,55,3300,1.0,0.006363636363636364,TruSeq_R2,4,technical_match,0.019161267321030906
GCA_947041065.1,CAMRCV010000096.1,Adapter,27,47,3229,1.0,0.006503561474140601,TruSeq,4,technical_match,0.03722545527814142
GCA_947041065.1,CAMRCV010000097.1,Adapter,28,48,3190,1.0,0.0065830721003134795,TruSeq_R2,4,technical_match,0.018220828449557525
GCA_947041065.1,CAMRCV010000100.1,Adapter,27,47,3126,1.0,0.0067178502879078695,TruSeq,4,technical_match,0.021558793168703294
GCA_947041065.1,CAMRCV010000101.1,Adapter,3090,3110,3124,1.0,0.006722151088348271,TruSeq_R2,4,technical_match,0.004462292218021635
GCA_947041065.1,CAMRCV010000109.1,Adapter,17,37,2728,1.0,0.0076979472140762464,TruSeq_R2,4,technical_match,0.016982427693631896
GCA_947041065.1,CAMRCV010000112.1,Adapter,2546,2566,2593,1.0,0.008098727342846125,TruSeq,4,technical_match,0.0035782762052461448
GCA_947057315.1,CAMSEA010000003.1,Adapter,121179,121199,121212,1.0,0.00017325017325017325,TruSeq_R2,4,technical_match,0.005991506143391334
GCA_947057315.1,CAMSEA010000008.1,Adapter,74624,74644,74668,1.0,0.00028124497776825416,TruSeq_R2,4,technical_match,0.011490561583519243
GCA_947057315.1,CAMSEA010000011.1,Adapter,25,45,65296,1.0,0.00032161234991423673,TruSeq_R2,4,technical_match,0.00102941981338045
GCA_947057315.1,CAMSEA010000011.1,Adapter,65252,65272,65296,1.0,0.00032161234991423673,TruSeq,4,technical_match,0.00102941981338045
GCA_947057315.1,CAMSEA010000012.1,Adapter,14,34,59626,1.0,0.0003521953510213665,TruSeq_R2,4,technical_match,0.0033913431079716783
GCA_947057315.1,CAMSEA010000017.1,Adapter,37584,37604,37629,1.0,0.0005580802040979033,TruSeq,4,technical_match,0.01607184808214035
GCA_947057315.1,CAMSEA010000023.1,Adapter,23,43,24630,1.0,0.0008526187576126675,TruSeq_R2,4,technical_match,0.004733847151262183
GCA_947061565.1,CAMSOD010000013.1,Adapter,13,33,18968,1.0,0.001107127794179671,TruSeq,4,technical_match,0.00916828037649825
GCA_947061565.1,CAMSOD010000057.1,Adapter,9151,9171,9174,1.0,0.002289077828646174,TruSeq,4,technical_match,0.008785227285211084
GCA_947061565.1,CAMSOD010000096.1,Adapter,5952,5972,5990,1.0,0.0035058430717863106,TruSeq,4,technical_match,0.018980982876118047
GCA_947061565.1,CAMSOD010000127.1,Adapter,22,42,4558,1.0,0.004607283896445809,TruSeq,4,technical_match,0.031326701680531754
GCA_947061565.1,CAMSOD010000129.1,Adapter,4460,4480,4482,1.0,0.004685408299866131,TruSeq_R2,4,technical_match,0.015592778688411246
GCA_947064695.1,CAMSWF010000001.1,Adapter,26,46,14033,1.0,0.0014964726002992944,TruSeq,4,technical_match,0.10005837578788584
GCA_947064695.1,CAMSWF010000001.1,Adapter,13989,14009,14033,1.0,0.0014964726002992944,TruSeq,4,technical_match,0.10005837578788584
GCA_947064695.1,CAMSWF010000004.1,Adapter,25,45,10366,1.0,0.0020258537526529037,TruSeq_R2,4,technical_match,0.015281799904675486
GCA_947064695.1,CAMSWF010000006.1,Adapter,22,42,9156,1.0,0.0022935779816513763,TruSeq,4,technical_match,0.009784613358647165
GCA_947064695.1,CAMSWF010000009.1,Adapter,16,36,8698,1.0,0.0024143481260059784,TruSeq,4,technical_match,0.02447150853478275
GCA_947064695.1,CAMSWF010000009.1,Adapter,8653,8673,8698,1.0,0.0024143481260059784,TruSeq_R2,4,technical_match,0.02447150853478275
GCA_947064695.1,CAMSWF010000010.1,Adapter,26,46,8566,1.0,0.002451552650011674,TruSeq,4,technical_match,3.817557904223223e-05
GCA_947064695.1,CAMSWF010000012.1,Adapter,25,45,7719,1.0,0.0027205596579867857,TruSeq,4,technical_match,0.0005245809716270533
GCA_947064695.1,CAMSWF010000012.1,Adapter,7675,7695,7719,1.0,0.0027205596579867857,TruSeq,4,technical_match,0.0005245809716270533
GCA_947064695.1,CAMSWF010000013.1,Adapter,25,45,7581,1.0,0.002770083102493075,TruSeq_R2,4,technical_match,0.01764467878053122
GCA_947064695.1,CAMSWF010000015.1,Adapter,28,48,6968,1.0,0.003013777267508611,TruSeq,4,technical_match,0.014658294153182427
GCA_947064695.1,CAMSWF010000016.1,Adapter,25,45,6947,1.0,0.0030228875773715275,TruSeq_R2,4,technical_match,0.004941415314767161
GCA_947064695.1,CAMSWF010000016.1,Adapter,6901,6921,6947,1.0,0.0030228875773715275,TruSeq_R2,4,technical_match,0.004941415314767161
GCA_947064695.1,CAMSWF010000019.1,Adapter,26,46,6624,1.0,0.003170289855072464,TruSeq,4,technical_match,0.04333490595552708
GCA_947064695.1,CAMSWF010000019.1,Adapter,6579,6599,6624,1.0,0.003170289855072464,TruSeq,4,technical_match,0.04333490595552708
GCA_947064695.1,CAMSWF010000020.1,Adapter,25,45,6568,1.0,0.003197320341047503,TruSeq,4,technical_match,0.057025939042312956
GCA_947064695.1,CAMSWF010000020.1,Adapter,6533,6553,6568,1.0,0.003197320341047503,TruSeq_R2,4,technical_match,0.057025939042312956
GCA_947064695.1,CAMSWF010000021.1,Adapter,27,47,6564,1.0,0.0031992687385740404,TruSeq_R2,4,technical_match,0.00309975300993226
GCA_947064695.1,CAMSWF010000022.1,Adapter,6510,6530,6554,1.0,0.00320415013732072,TruSeq_R2,4,technical_match,0.009524009044100834
GCA_947064695.1,CAMSWF010000023.1,Adapter,24,44,6549,1.0,0.00320659642693541,TruSeq_R2,4,technical_match,0.01652100743760071
GCA_947064695.1,CAMSWF010000023.1,Adapter,6504,6524,6549,1.0,0.00320659642693541,TruSeq_R2,4,technical_match,0.01652100743760071
GCA_947064695.1,CAMSWF010000024.1,Adapter,26,46,6538,1.0,0.0032119914346895075,TruSeq,4,technical_match,0.05503942638828513
GCA_947064695.1,CAMSWF010000026.1,Adapter,6038,6058,6083,1.0,0.0034522439585730723,TruSeq,4,technical_match,4.070882900347739e-05
GCA_947064695.1,CAMSWF010000027.1,Adapter,6020,6040,6053,1.0,0.003469354039319346,TruSeq_R2,4,technical_match,0.02444180236413873
GCA_947064695.1,CAMSWF010000029.1,Adapter,5935,5955,5980,1.0,0.0035117056856187293,TruSeq,4,technical_match,0.041012349285144356
GCA_947064695.1,CAMSWF010000030.1,Adapter,9,29,5781,1.0,0.0036325895173845357,TruSeq,4,technical_match,0.014585679980381128
GCA_947064695.1,CAMSWF010000031.1,Adapter,27,47,5763,1.0,0.003643935450286309,TruSeq_R2,4,technical_match,0.0026549812987335386
GCA_947064695.1,CAMSWF010000032.1,Adapter,25,45,5696,1.0,0.0036867977528089887,TruSeq_R2,4,technical_match,0.03104642823745729
GCA_947064695.1,CAMSWF010000032.1,Adapter,5653,5673,5696,1.0,0.0036867977528089887,TruSeq_R2,4,technical_match,0.03104642823745729
GCA_947064695.1,CAMSWF010000033.1,Adapter,29,49,5686,1.0,0.003693281744635948,TruSeq_R2,4,technical_match,0.02029412780992107
GCA_947064695.1,CAMSWF010000034.1,Adapter,16,36,5686,1.0,0.003693281744635948,TruSeq_R2,4,technical_match,0.030846361366023756
GCA_947064695.1,CAMSWF010000034.1,Adapter,5642,5662,5686,1.0,0.003693281744635948,TruSeq_R2,4,technical_match,0.030846361366023756
GCA_947064695.1,CAMSWF010000036.1,Adapter,26,46,5682,1.0,0.003695881731784583,TruSeq,4,technical_match,0.06710411072057695
GCA_947064695.1,CAMSWF010000038.1,Adapter,5508,5528,5538,1.0,0.003791982665222102,TruSeq_R2,4,technical_match,0.011477279333662882
GCA_947064695.1,CAMSWF010000040.1,Adapter,25,45,5455,1.0,0.00384967919340055,TruSeq_R2,4,technical_match,0.02171798617463755
GCA_947064695.1,CAMSWF010000041.1,Adapter,5317,5337,5362,1.0,0.0039164490861618795,TruSeq,4,technical_match,0.017854768385469733
GCA_947064695.1,CAMSWF010000042.1,Adapter,25,45,5347,1.0,0.003927435945389938,TruSeq_R2,4,technical_match,0.01728323040311569
GCA_947064695.1,CAMSWF010000044.1,Adapter,5270,5290,5310,1.0,0.0039548022598870055,TruSeq_R2,4,technical_match,0.010857218245709677
GCA_947064695.1,CAMSWF010000045.1,Adapter,25,45,5255,1.0,0.003996194100856327,TruSeq,4,technical_match,0.012154341781540512
GCA_947064695.1,CAMSWF010000045.1,Adapter,5211,5231,5255,1.0,0.003996194100856327,TruSeq,4,technical_match,0.012154341781540512
GCA_947064695.1,CAMSWF010000047.1,Adapter,5141,5161,5177,1.0,0.004056403322387483,TruSeq_R2,4,technical_match,0.014206159645855476
GCA_947064695.1,CAMSWF010000048.1,Adapter,24,44,5161,1.0,0.004068978880062003,TruSeq_R2,4,technical_match,0.06876227978395227
GCA_947064695.1,CAMSWF010000050.1,Adapter,5028,5048,5071,1.0,0.004141195030565963,TruSeq,4,technical_match,0.018184513457884577
GCA_947064695.1,CAMSWF010000051.1,Adapter,26,46,5052,1.0,0.004156769596199525,TruSeq,4,technical_match,0.011471914703818586
GCA_947064695.1,CAMSWF010000052.1,Adapter,23,43,5048,1.0,0.004160063391442155,TruSeq,4,technical_match,0.010271247914183601
GCA_947064695.1,CAMSWF010000054.1,Adapter,4907,4927,4950,1.0,0.004242424242424243,TruSeq,4,technical_match,0.029440675950489575
GCA_947064695.1,CAMSWF010000057.1,Adapter,4809,4829,4853,1.0,0.004327220276117865,TruSeq,4,technical_match,2.263633993992986e-05
GCA_947064695.1,CAMSWF010000059.1,Adapter,25,45,4820,1.0,0.004356846473029046,TruSeq,4,technical_match,0.0017098332913059733
GCA_947064695.1,CAMSWF010000059.1,Adapter,4776,4796,4820,1.0,0.004356846473029046,TruSeq,4,technical_match,0.0017098332913059733
GCA_947064695.1,CAMSWF010000060.1,Adapter,25,45,4802,1.0,0.004373177842565598,TruSeq,4,technical_match,0.009833868746795649
GCA_947064695.1,CAMSWF010000061.1,Adapter,25,45,4775,1.0,0.004397905759162304,TruSeq_R2,4,technical_match,0.008441151914316325
GCA_947064695.1,CAMSWF010000062.1,Adapter,4685,4705,4730,1.0,0.004439746300211416,TruSeq,4,technical_match,0.015675603119277848
GCA_947064695.1,CAMSWF010000063.1,Adapter,26,46,4722,1.0,0.0044472681067344345,TruSeq,4,technical_match,0.009817727653530284
GCA_947064695.1,CAMSWF010000063.1,Adapter,4678,4698,4722,1.0,0.0044472681067344345,TruSeq,4,technical_match,0.009817727653530284
GCA_947064695.1,CAMSWF010000064.1,Adapter,25,45,4722,1.0,0.0044472681067344345,TruSeq_R2,4,technical_match,0.003888036844551024
GCA_947064695.1,CAMSWF010000065.1,Adapter,26,46,4712,1.0,0.004456706281833617,TruSeq_R2,4,technical_match,0.02225669694138327
GCA_947064695.1,CAMSWF010000065.1,Adapter,4672,4692,4712,1.0,0.004456706281833617,TruSeq_R2,4,technical_match,0.02225669694138327
GCA_947064695.1,CAMSWF010000066.1,Adapter,22,42,4667,1.0,0.004499678594386115,TruSeq,4,technical_match,0.003552292084261166
GCA_947064695.1,CAMSWF010000068.1,Adapter,27,47,4509,1.0,0.004657351962741184,TruSeq,4,technical_match,6.637056254493734e-05
GCA_947064695.1,CAMSWF010000070.1,Adapter,25,45,4478,1.0,0.004689593568557392,TruSeq_R2,4,technical_match,0.011808258232790303
GCA_947064695.1,CAMSWF010000070.1,Adapter,4433,4453,4478,1.0,0.004689593568557392,TruSeq,4,technical_match,0.011808258232790303
GCA_947064695.1,CAMSWF010000071.1,Adapter,23,43,4433,1.0,0.004737198285585382,TruSeq,4,technical_match,0.0209046958016062
GCA_947064695.1,CAMSWF010000072.1,Adapter,4405,4425,4431,1.0,0.004739336492890996,TruSeq,4,technical_match,0.003185982776365115
GCA_947064695.1,CAMSWF010000073.1,Adapter,4377,4397,4421,1.0,0.004750056548292241,TruSeq_R2,4,technical_match,0.012587659884677305
GCA_947064695.1,CAMSWF010000075.1,Adapter,13,33,4385,1.0,0.004789053591790194,TruSeq,4,technical_match,0.022716471349189082
GCA_947064695.1,CAMSWF010000075.1,Adapter,4342,4362,4385,1.0,0.004789053591790194,TruSeq_R2,4,technical_match,0.022716471349189082
GCA_947064695.1,CAMSWF010000076.1,Adapter,23,43,4361,1.0,0.004815409309791332,TruSeq_R2,4,technical_match,0.007854356464928047
GCA_947064695.1,CAMSWF010000076.1,Adapter,4315,4335,4361,1.0,0.004815409309791332,TruSeq_R2,4,technical_match,0.007854356464928047
GCA_947064695.1,CAMSWF010000077.1,Adapter,4315,4335,4360,1.0,0.00481651376146789,TruSeq,4,technical_match,0.004479257327241859
GCA_947064695.1,CAMSWF010000078.1,Adapter,4291,4311,4333,1.0,0.004846526655896607,TruSeq,4,technical_match,0.009462076198061053
GCA_947064695.1,CAMSWF010000083.1,Adapter,19,39,4077,1.0,0.0051508462104488595,TruSeq_R2,4,technical_match,0.02800111477582906
GCA_947064695.1,CAMSWF010000083.1,Adapter,4049,4069,4077,1.0,0.0051508462104488595,TruSeq_R2,4,technical_match,0.02800111477582906
GCA_947064695.1,CAMSWF010000084.1,Adapter,22,42,4075,1.0,0.0051533742331288344,TruSeq,4,technical_match,0.010210335738554288
GCA_947064695.1,CAMSWF010000084.1,Adapter,4048,4068,4075,1.0,0.0051533742331288344,TruSeq,4,technical_match,0.010210335738554288
GCA_947064695.1,CAMSWF010000085.1,Adapter,25,45,4074,1.0,0.005154639175257732,TruSeq_R2,4,technical_match,0.002864407282428705
GCA_947064695.1,CAMSWF010000085.1,Adapter,4029,4049,4074,1.0,0.005154639175257732,TruSeq,4,technical_match,0.002864407282428705
GCA_947064695.1,CAMSWF010000088.1,Adapter,3980,4000,4024,1.0,0.005218687872763419,TruSeq_R2,4,technical_match,0.0172726802757891
GCA_947064695.1,CAMSWF010000089.1,Adapter,7,27,4020,1.0,0.0052238805970149255,TruSeq_R2,4,technical_match,0.007614954985738387
GCA_947064695.1,CAMSWF010000090.1,Adapter,3964,3984,4010,1.0,0.005236907730673317,TruSeq_R2,4,technical_match,0.018049689046109818
GCA_947064695.1,CAMSWF010000092.1,Adapter,27,47,3929,1.0,0.0053448714685670655,TruSeq_R2,4,technical_match,0.02092312579893585
GCA_947064695.1,CAMSWF010000093.1,Adapter,25,45,3913,1.0,0.005366726296958855,TruSeq,4,technical_match,0.003889714589203286
GCA_947064695.1,CAMSWF010000095.1,Adapter,24,44,3823,1.0,0.005493068270991368,TruSeq_R2,4,technical_match,0.04136140713514047
GCA_947064695.1,CAMSWF010000096.1,Adapter,3742,3762,3786,1.0,0.005546751188589541,TruSeq_R2,4,technical_match,0.005979119018251211
GCA_947064695.1,CAMSWF010000097.1,Adapter,21,41,3785,1.0,0.005548216644649934,TruSeq_R2,4,technical_match,0.004058185257562963
GCA_947064695.1,CAMSWF010000097.1,Adapter,3740,3760,3785,1.0,0.005548216644649934,TruSeq,4,technical_match,0.004058185257562963
GCA_947064695.1,CAMSWF010000098.1,Adapter,25,45,3771,1.0,0.005568814638027049,TruSeq,4,technical_match,0.0004014204309862879
GCA_947064695.1,CAMSWF010000098.1,Adapter,3725,3745,3771,1.0,0.005568814638027049,TruSeq_R2,4,technical_match,0.0004014204309862879
GCA_947064695.1,CAMSWF010000100.1,Adapter,22,42,3765,1.0,0.005577689243027889,TruSeq_R2,4,technical_match,0.02226453204127793
GCA_947064695.1,CAMSWF010000102.1,Adapter,3705,3725,3751,1.0,0.005598507064782724,TruSeq_R2,4,technical_match,0.017074919890619433
GCA_947064695.1,CAMSWF010000103.1,Adapter,3703,3723,3739,1.0,0.00561647499331372,TruSeq_R2,4,technical_match,0.03119321065835995
GCA_947064695.1,CAMSWF010000104.1,Adapter,3680,3700,3724,1.0,0.005639097744360902,TruSeq,4,technical_match,0.10324401546811482
GCA_947064695.1,CAMSWF010000107.1,Adapter,27,47,3714,1.0,0.005654281098546042,TruSeq,4,technical_match,0.008693166512916684
GCA_947064695.1,CAMSWF010000108.1,Adapter,31,51,3700,1.0,0.005675675675675676,TruSeq_R2,4,technical_match,0.013016326506512854
GCA_947064695.1,CAMSWF010000108.1,Adapter,3666,3686,3700,1.0,0.005675675675675676,TruSeq_R2,4,technical_match,0.013016326506512854
GCA_947064695.1,CAMSWF010000109.1,Adapter,23,43,3696,1.0,0.005681818181818182,TruSeq,4,technical_match,0.05256148855167492
GCA_947064695.1,CAMSWF010000110.1,Adapter,3652,3672,3675,1.0,0.005714285714285714,TruSeq,4,technical_match,0.023380069889883504
GCA_947064695.1,CAMSWF010000111.1,Adapter,23,43,3636,1.0,0.005775577557755775,TruSeq,4,technical_match,0.00959022713981944
GCA_947064695.1,CAMSWF010000111.1,Adapter,3593,3613,3636,1.0,0.005775577557755775,TruSeq_R2,4,technical_match,0.00959022713981944
GCA_947064695.1,CAMSWF010000113.1,Adapter,25,45,3618,1.0,0.005804311774461028,TruSeq_R2,4,technical_match,0.02768078851896036
GCA_947064695.1,CAMSWF010000113.1,Adapter,3590,3610,3618,1.0,0.005804311774461028,TruSeq_R2,4,technical_match,0.02768078851896036
GCA_947064695.1,CAMSWF010000115.1,Adapter,3578,3598,3611,1.0,0.005815563555801717,TruSeq_R2,4,technical_match,0.04464472418693882
GCA_947064695.1,CAMSWF010000116.1,Adapter,27,47,3604,1.0,0.005826859045504994,TruSeq,4,technical_match,0.02350857235946907
GCA_947064695.1,CAMSWF010000117.1,Adapter,25,45,3591,1.0,0.005847953216374269,TruSeq,4,technical_match,0.016241205520865554
GCA_947064695.1,CAMSWF010000117.1,Adapter,3545,3565,3591,1.0,0.005847953216374269,TruSeq_R2,4,technical_match,0.016241205520865554
GCA_947064695.1,CAMSWF010000119.1,Adapter,3536,3556,3580,1.0,0.005865921787709497,TruSeq_R2,4,technical_match,0.02719721130192282
GCA_947064695.1,CAMSWF010000121.1,Adapter,26,46,3564,1.0,0.005892255892255892,TruSeq,4,technical_match,0.012684222527369504
GCA_947064695.1,CAMSWF010000121.1,Adapter,3520,3540,3564,1.0,0.005892255892255892,TruSeq,4,technical_match,0.012684222527369504
GCA_947064695.1,CAMSWF010000122.1,Adapter,27,47,3549,1.0,0.005917159763313609,TruSeq,4,technical_match,0.001956644677600261
GCA_947064695.1,CAMSWF010000122.1,Adapter,3524,3544,3549,1.0,0.005917159763313609,TruSeq_R2,4,technical_match,0.001956644677600261
GCA_947064695.1,CAMSWF010000123.1,Adapter,26,46,3528,1.0,0.005952380952380952,TruSeq_R2,4,technical_match,0.029264423631380126
GCA_947064695.1,CAMSWF010000123.1,Adapter,3484,3504,3528,1.0,0.005952380952380952,TruSeq,4,technical_match,0.029264423631380126
GCA_947064695.1,CAMSWF010000125.1,Adapter,3474,3494,3515,1.0,0.005974395448079659,TruSeq_R2,4,technical_match,0.015747478711349294
GCA_947064695.1,CAMSWF010000127.1,Adapter,3452,3472,3497,1.0,0.006005147269087789,TruSeq,4,technical_match,0.0396530657911322
GCA_947064695.1,CAMSWF010000128.1,Adapter,25,45,3488,1.0,0.006020642201834863,TruSeq,4,technical_match,0.0026308344158774144
GCA_947064695.1,CAMSWF010000129.1,Adapter,27,47,3485,1.0,0.006025824964131995,TruSeq_R2,4,technical_match,0.02563736305105041
GCA_947064695.1,CAMSWF010000129.1,Adapter,3439,3459,3485,1.0,0.006025824964131995,TruSeq_R2,4,technical_match,0.02563736305105041
GCA_947064695.1,CAMSWF010000130.1,Adapter,25,45,3479,1.0,0.006036217303822937,TruSeq,4,technical_match,0.012737588441054493
GCA_947064695.1,CAMSWF010000132.1,Adapter,3417,3437,3462,1.0,0.006065857885615251,TruSeq,4,technical_match,0.0020166961174976072
GCA_947064695.1,CAMSWF010000135.1,Adapter,3399,3419,3441,1.0,0.006102877070619006,TruSeq,4,technical_match,0.03492322594916861
GCA_947064695.1,CAMSWF010000136.1,Adapter,31,51,3432,1.0,0.006118881118881119,TruSeq,4,technical_match,0.012039510529696873
GCA_947064695.1,CAMSWF010000139.1,Adapter,26,46,3366,1.0,0.006238859180035651,TruSeq_R2,4,technical_match,0.03998297229668807
GCA_947064695.1,CAMSWF010000139.1,Adapter,3322,3342,3366,1.0,0.006238859180035651,TruSeq_R2,4,technical_match,0.03998297229668807
GCA_947064695.1,CAMSWF010000140.1,Adapter,12,32,3362,1.0,0.006246281975014872,TruSeq,4,technical_match,0.08616583532526617
GCA_947064695.1,CAMSWF010000141.1,Adapter,15,35,3357,1.0,0.006255585344057194,TruSeq_R2,4,technical_match,0.0038507282157697054
GCA_947064695.1,CAMSWF010000142.1,Adapter,25,45,3345,1.0,0.006278026905829596,TruSeq,4,technical_match,0.07096970589486984
GCA_947064695.1,CAMSWF010000144.1,Adapter,25,45,3344,1.0,0.0062799043062200955,TruSeq,4,technical_match,0.015451668547118047
GCA_947064695.1,CAMSWF010000146.1,Adapter,3310,3330,3341,1.0,0.0062855432505237955,TruSeq,4,technical_match,0.01391783303465055
GCA_947064695.1,CAMSWF010000147.1,Adapter,3287,3307,3331,1.0,0.006304413089162414,TruSeq_R2,4,technical_match,0.012388968436945258
GCA_947064695.1,CAMSWF010000149.1,Adapter,3284,3304,3328,1.0,0.006310096153846154,TruSeq,4,technical_match,0.010245731392167778
GCA_947064695.1,CAMSWF010000150.1,Adapter,20,40,3292,1.0,0.00637910085054678,TruSeq_R2,4,technical_match,0.01733276931627281
GCA_947064695.1,CAMSWF010000151.1,Adapter,19,39,3290,1.0,0.006382978723404255,TruSeq_R2,4,technical_match,0.02997352686796856
GCA_947064695.1,CAMSWF010000153.1,Adapter,3236,3256,3279,1.0,0.006404391582799634,TruSeq_R2,4,technical_match,0.010264333891757238
GCA_947064695.1,CAMSWF010000158.1,Adapter,21,41,3237,1.0,0.006487488415199258,TruSeq_R2,4,technical_match,0.0003950305117229047
GCA_947064695.1,CAMSWF010000160.1,Adapter,27,47,3208,1.0,0.006546134663341646,TruSeq_R2,4,technical_match,0.03937138480670832
GCA_947064695.1,CAMSWF010000161.1,Adapter,17,37,3208,1.0,0.006546134663341646,TruSeq,4,technical_match,0.014868016689551011
GCA_947064695.1,CAMSWF010000165.1,Adapter,3143,3163,3188,1.0,0.006587202007528231,TruSeq_R2,4,technical_match,0.025458698078925757
GCA_947064695.1,CAMSWF010000167.1,Adapter,24,44,3174,1.0,0.006616257088846881,TruSeq_R2,4,technical_match,0.009542640778352318
GCA_947064695.1,CAMSWF010000168.1,Adapter,3118,3138,3163,1.0,0.006639266519127411,TruSeq_R2,4,technical_match,0.022685901234576367
GCA_947064695.1,CAMSWF010000169.1,Adapter,3135,3155,3157,1.0,0.0066518847006651885,TruSeq,4,technical_match,0.06601703706819906
GCA_947064695.1,CAMSWF010000173.1,Adapter,25,45,3135,1.0,0.0066985645933014355,TruSeq,4,technical_match,0.004943068294987196
GCA_947064695.1,CAMSWF010000174.1,Adapter,3087,3107,3131,1.0,0.00670712232513574,TruSeq_R2,4,technical_match,0.003637708556976038
GCA_947064695.1,CAMSWF010000175.1,Adapter,19,39,3116,1.0,0.006739409499358151,TruSeq,4,technical_match,0.016122902581368337
GCA_947064695.1,CAMSWF010000175.1,Adapter,3072,3092,3116,1.0,0.006739409499358151,TruSeq_R2,4,technical_match,0.016122902581368337
GCA_947064695.1,CAMSWF010000178.1,Adapter,25,45,3105,1.0,0.00676328502415459,TruSeq,4,technical_match,0.035167509503410105
GCA_947064695.1,CAMSWF010000179.1,Adapter,3059,3079,3103,1.0,0.00676764421527554,TruSeq_R2,4,technical_match,0.04587763770491721
GCA_947064695.1,CAMSWF010000180.1,Adapter,3059,3079,3096,1.0,0.006782945736434108,TruSeq,4,technical_match,0.011532524670245292
GCA_947064695.1,CAMSWF010000183.1,Adapter,24,44,3074,1.0,0.0068314899154196486,TruSeq,4,technical_match,0.04761971323742076
GCA_947064695.1,CAMSWF010000184.1,Adapter,18,38,3065,1.0,0.006851549755301794,TruSeq,4,technical_match,0.01888202907694625
GCA_947064695.1,CAMSWF010000184.1,Adapter,3019,3039,3065,1.0,0.006851549755301794,TruSeq,4,technical_match,0.01888202907694625
GCA_947064695.1,CAMSWF010000185.1,Adapter,27,47,3059,1.0,0.006864988558352402,TruSeq,4,technical_match,0.013904445747034866
GCA_947064695.1,CAMSWF010000186.1,Adapter,3009,3029,3041,1.0,0.006905623150279513,TruSeq,4,technical_match,0.022530266622228734
GCA_947064695.1,CAMSWF010000187.1,Adapter,2983,3003,3029,1.0,0.006932981181908221,TruSeq_R2,4,technical_match,0.014801948377971663
GCA_947064695.1,CAMSWF010000188.1,Adapter,25,45,3021,1.0,0.006951340615690168,TruSeq,4,technical_match,0.003988351162748038
GCA_947064695.1,CAMSWF010000189.1,Adapter,25,45,3020,1.0,0.00695364238410596,TruSeq,4,technical_match,0.016117376733150612
GCA_947064695.1,CAMSWF010000189.1,Adapter,2976,2996,3020,1.0,0.00695364238410596,TruSeq,4,technical_match,0.016117376733150612
GCA_947064695.1,CAMSWF010000191.1,Adapter,2967,2987,3011,1.0,0.006974427100631019,TruSeq,4,technical_match,0.08628892158581669
GCA_947064695.1,CAMSWF010000192.1,Adapter,2956,2976,3000,1.0,0.007,TruSeq_R2,4,technical_match,0.01895326344344983
GCA_947064695.1,CAMSWF010000193.1,Adapter,25,45,2998,1.0,0.007004669779853236,TruSeq,4,technical_match,0.0005292804747178415
GCA_947064695.1,CAMSWF010000197.1,Adapter,26,46,2922,1.0,0.007186858316221766,TruSeq,4,technical_match,0.01692109369670103
GCA_947064695.1,CAMSWF010000198.1,Adapter,27,47,2920,1.0,0.007191780821917808,TruSeq_R2,4,technical_match,0.011987375825956603
GCA_947064695.1,CAMSWF010000198.1,Adapter,2876,2896,2920,1.0,0.007191780821917808,TruSeq_R2,4,technical_match,0.011987375825956603
GCA_947064695.1,CAMSWF010000199.1,Adapter,26,46,2915,1.0,0.007204116638078902,TruSeq_R2,4,technical_match,0.017969272591534413
GCA_947064695.1,CAMSWF010000203.1,Adapter,2862,2882,2897,1.0,0.007248878149810148,TruSeq_R2,4,technical_match,0.0016012182042317025
GCA_947064695.1,CAMSWF010000206.1,Adapter,25,45,2888,1.0,0.007271468144044321,TruSeq,4,technical_match,0.0038602176276489875
GCA_947064695.1,CAMSWF010000207.1,Adapter,27,47,2886,1.0,0.007276507276507277,TruSeq_R2,4,technical_match,0.02543489892508527
GCA_947064695.1,CAMSWF010000207.1,Adapter,2844,2864,2886,1.0,0.007276507276507277,TruSeq,4,technical_match,0.02543489892508527
GCA_947064695.1,CAMSWF010000211.1,Adapter,2818,2838,2862,1.0,0.007337526205450734,TruSeq,4,technical_match,0.0167876449948125
GCA_947064695.1,CAMSWF010000212.1,Adapter,24,44,2854,1.0,0.007358093903293623,TruSeq,4,technical_match,0.03653116580271165
GCA_947064695.1,CAMSWF010000214.1,Adapter,2808,2828,2849,1.0,0.007371007371007371,TruSeq_R2,4,technical_match,0.04094191443210082
GCA_947064695.1,CAMSWF010000215.1,Adapter,24,44,2846,1.0,0.007378777231201687,TruSeq,4,technical_match,0.0026260205294184047
GCA_947064695.1,CAMSWF010000218.1,Adapter,12,32,2842,1.0,0.007389162561576354,TruSeq,4,technical_match,0.03715007320183594
GCA_947064695.1,CAMSWF010000219.1,Adapter,25,45,2841,1.0,0.007391763463569166,TruSeq_R2,4,technical_match,0.008145997380203829
GCA_947064695.1,CAMSWF010000220.1,Adapter,2793,2813,2838,1.0,0.007399577167019027,TruSeq,4,technical_match,0.011738068480440234
GCA_947064695.1,CAMSWF010000221.1,Adapter,2790,2810,2834,1.0,0.007410021171489062,TruSeq,4,technical_match,0.005220259444390751
GCA_947064695.1,CAMSWF010000223.1,Adapter,19,39,2805,1.0,0.0074866310160427805,TruSeq_R2,4,technical_match,0.003857006758957837
GCA_947064695.1,CAMSWF010000223.1,Adapter,2760,2780,2805,1.0,0.0074866310160427805,TruSeq_R2,4,technical_match,0.003857006758957837
GCA_947064695.1,CAMSWF010000229.1,Adapter,2745,2765,2788,1.0,0.007532281205164993,TruSeq,4,technical_match,0.005209121884387158
GCA_947064695.1,CAMSWF010000231.1,Adapter,2732,2752,2779,1.0,0.007556675062972292,TruSeq_R2,4,technical_match,0.00791167598320247
GCA_947064695.1,CAMSWF010000232.1,Adapter,24,44,2773,1.0,0.007573025604038947,TruSeq_R2,4,technical_match,0.028606659624226594
GCA_947064695.1,CAMSWF010000232.1,Adapter,2737,2757,2773,1.0,0.007573025604038947,TruSeq_R2,4,technical_match,0.028606659624226594
GCA_947064695.1,CAMSWF010000233.1,Adapter,2727,2747,2769,1.0,0.007583965330444204,TruSeq,4,technical_match,0.03655450109248373
GCA_947064695.1,CAMSWF010000235.1,Adapter,26,46,2758,1.0,0.007614213197969543,TruSeq_R2,4,technical_match,0.010578522875138552
GCA_947064695.1,CAMSWF010000236.1,Adapter,2704,2724,2748,1.0,0.007641921397379912,TruSeq_R2,4,technical_match,0.010701758390611327
GCA_947064695.1,CAMSWF010000237.1,Adapter,2701,2721,2746,1.0,0.00764748725418791,TruSeq,4,technical_match,0.03272214320865022
GCA_947064695.1,CAMSWF010000240.1,Adapter,27,47,2739,1.0,0.007667031763417305,TruSeq,4,technical_match,0.010252642778973697
GCA_947064695.1,CAMSWF010000244.1,Adapter,2681,2701,2724,1.0,0.007709251101321586,TruSeq,4,technical_match,0.005224922767972595
GCA_947064695.1,CAMSWF010000248.1,Adapter,2660,2680,2702,1.0,0.007772020725388601,TruSeq_R2,4,technical_match,0.009741074941105876
GCA_947064695.1,CAMSWF010000251.1,Adapter,25,45,2692,1.0,0.007800891530460624,TruSeq_R2,4,technical_match,0.0333998816778974
GCA_947064695.1,CAMSWF010000252.1,Adapter,2647,2667,2691,1.0,0.007803790412486065,TruSeq_R2,4,technical_match,0.06962624746425994
GCA_947064695.1,CAMSWF010000253.1,Adapter,4,24,2690,1.0,0.007806691449814126,TruSeq_R2,4,technical_match,0.018082135810240374
GCA_947064695.1,CAMSWF010000255.1,Adapter,25,45,2689,1.0,0.007809594644849386,TruSeq,4,technical_match,0.0011462778978170718
GCA_947064695.1,CAMSWF010000257.1,Adapter,26,46,2688,1.0,0.0078125,TruSeq_R2,4,technical_match,0.05475981106249744
GCA_947064695.1,CAMSWF010000257.1,Adapter,2642,2662,2688,1.0,0.0078125,TruSeq_R2,4,technical_match,0.05475981106249744
GCA_947064695.1,CAMSWF010000259.1,Adapter,6,26,2669,1.0,0.007868115399025852,TruSeq_R2,4,technical_match,0.027556415587398186
GCA_947064695.1,CAMSWF010000259.1,Adapter,2624,2644,2669,1.0,0.007868115399025852,TruSeq_R2,4,technical_match,0.027556415587398186
GCA_947064695.1,CAMSWF010000262.1,Adapter,2609,2629,2654,1.0,0.007912584777694047,TruSeq,4,technical_match,0.011830208046125668
GCA_947064695.1,CAMSWF010000263.1,Adapter,2594,2614,2639,1.0,0.007957559681697613,TruSeq,4,technical_match,0.018661110688165727
GCA_947064695.1,CAMSWF010000264.1,Adapter,2596,2616,2638,1.0,0.00796057619408643,TruSeq_R2,4,technical_match,0.0269257173226512
GCA_947064695.1,CAMSWF010000265.1,Adapter,26,46,2626,1.0,0.007996953541507998,TruSeq_R2,4,technical_match,0.010034502336569884
GCA_947064695.1,CAMSWF010000266.1,Adapter,17,37,2624,1.0,0.008003048780487805,TruSeq,4,technical_match,0.019853647125655904
GCA_947064695.1,CAMSWF010000267.1,Adapter,26,46,2621,1.0,0.008012209080503624,TruSeq_R2,4,technical_match,0.023172136647061636
GCA_947064695.1,CAMSWF010000268.1,Adapter,24,44,2612,1.0,0.008039816232771823,TruSeq,4,technical_match,0.002976802916938137
GCA_947064695.1,CAMSWF010000268.1,Adapter,2566,2586,2612,1.0,0.008039816232771823,TruSeq_R2,4,technical_match,0.002976802916938137
GCA_947064695.1,CAMSWF010000269.1,Adapter,25,45,2605,1.0,0.008061420345489444,TruSeq,4,technical_match,0.12136721098023806
GCA_947064695.1,CAMSWF010000269.1,Adapter,2585,2605,2605,1.0,0.008061420345489444,TruSeq,4,technical_match,0.12136721098023806
GCA_947064695.1,CAMSWF010000271.1,Adapter,27,47,2596,1.0,0.008089368258859784,TruSeq,4,technical_match,0.01874114223132861
GCA_947064695.1,CAMSWF010000272.1,Adapter,2543,2563,2588,1.0,0.00811437403400309,TruSeq_R2,4,technical_match,0.01743983289864187
GCA_947064695.1,CAMSWF010000273.1,Adapter,4,24,2585,1.0,0.008123791102514507,TruSeq_R2,4,technical_match,0.04151030844565401
GCA_947064695.1,CAMSWF010000273.1,Adapter,2540,2560,2585,1.0,0.008123791102514507,TruSeq,4,technical_match,0.04151030844565401
GCA_947064695.1,CAMSWF010000274.1,Adapter,21,41,2585,1.0,0.008123791102514507,TruSeq,4,technical_match,0.015356229271947575
GCA_947064695.1,CAMSWF010000274.1,Adapter,2538,2558,2585,1.0,0.008123791102514507,TruSeq,4,technical_match,0.015356229271947575
GCA_947064695.1,CAMSWF010000275.1,Adapter,7,27,2581,1.0,0.008136381247578458,TruSeq,4,technical_match,0.025260478000435016
GCA_947064695.1,CAMSWF010000277.1,Adapter,2531,2551,2575,1.0,0.008155339805825243,TruSeq_R2,4,technical_match,0.021567772155255682
GCA_947064695.1,CAMSWF010000278.1,Adapter,2518,2538,2561,1.0,0.008199921905505662,TruSeq_R2,4,technical_match,0.016268264605489413
GCA_947064695.1,CAMSWF010000279.1,Adapter,25,45,2556,1.0,0.008215962441314555,TruSeq,4,technical_match,0.030234529983780234
GCA_947064695.1,CAMSWF010000280.1,Adapter,2510,2530,2556,1.0,0.008215962441314555,TruSeq_R2,4,technical_match,0.031189570172714287
GCA_947064695.1,CAMSWF010000281.1,Adapter,6,26,2555,1.0,0.00821917808219178,TruSeq_R2,4,technical_match,0.0043063582134321154
GCA_947064695.1,CAMSWF010000281.1,Adapter,2510,2530,2555,1.0,0.00821917808219178,TruSeq_R2,4,technical_match,0.0043063582134321154
GCA_947064695.1,CAMSWF010000284.1,Adapter,22,42,2547,1.0,0.008244994110718492,TruSeq_R2,4,technical_match,0.05527641853534879
GCA_947064695.1,CAMSWF010000284.1,Adapter,2524,2544,2547,1.0,0.008244994110718492,TruSeq,4,technical_match,0.05527641853534879
GCA_947064695.1,CAMSWF010000285.1,Adapter,2492,2512,2537,1.0,0.008277493102089082,TruSeq,4,technical_match,0.11784710130969606
GCA_947064695.1,CAMSWF010000286.1,Adapter,2495,2515,2536,1.0,0.008280757097791799,TruSeq,4,technical_match,0.033811195021324125
GCA_947064695.1,CAMSWF010000289.1,Adapter,2468,2488,2511,1.0,0.008363201911589008,TruSeq_R2,4,technical_match,0.015462905413579253
GCA_947064695.1,CAMSWF010000290.1,Adapter,26,46,2503,1.0,0.008389932081502197,TruSeq_R2,4,technical_match,0.0030418091361213984
GCA_947172195.1,CAMWAD010000006.1,Adapter,27,45,39418,1.0,0.0004820132934192501,Nextera,4,technical_match,0.0003706352737913865
GCA_947172195.1,CAMWAD010000009.1,Adapter,31,49,18592,1.0,0.0010219449225473323,Nextera,4,technical_match,0.010188093192693759
GCA_947176555.1,CAMWRD010000058.1,Adapter,73,91,6077,1.0,0.003126542701991114,Nextera,4,technical_match,0.0033640690853493638
GCA_947349245.1,CANAHK010000007.1,Adapter,51277,51297,51302,1.0,0.0004093407664418541,TruSeq_R2,4,technical_match,0.001591585255482808
GCA_947349245.1,CANAHK010000025.1,Adapter,20,40,28857,1.0,0.0007277263748830439,TruSeq_R2,4,technical_match,0.00620779522568049
GCA_947349245.1,CANAHK010000040.1,Adapter,16060,16080,16100,1.0,0.0013043478260869566,TruSeq_R2,4,technical_match,0.0024692059042094594
GCA_947349245.1,CANAHK010000041.1,Adapter,13,33,15132,1.0,0.0013877874702616971,TruSeq_R2,4,technical_match,0.009613534304931448
GCA_947349245.1,CANAHK010000091.1,Adapter,3081,3101,3130,1.0,0.00670926517571885,TruSeq_R2,4,technical_match,0.0022020778058295942
GCA_947363865.1,CANAQM010000088.1,Adapter,5813,5833,5863,1.0,0.0035817840695889476,TruSeq,4,technical_match,0.00799852716049293
GCA_947363865.1,CANAQM010000107.1,Adapter,5005,5025,5056,1.0,0.004153481012658227,TruSeq_R2,4,technical_match,0.007260016009828563
GCA_947429695.1,CANEQM010000011.1,Adapter,19467,19487,19519,1.0,0.0010758747886674522,TruSeq,4,technical_match,0.01657226246928256
GCA_947429695.1,CANEQM010000095.1,Adapter,31,51,4990,1.0,0.004208416833667334,TruSeq,4,technical_match,0.009207407942805557
GCA_947429695.1,CANEQM010000108.1,Adapter,3,23,4336,1.0,0.004843173431734318,TruSeq,4,technical_match,0.023177934698196012
GCA_947429695.1,CANEQM010000129.1,Adapter,11,31,3736,1.0,0.005620985010706638,TruSeq,4,technical_match,0.0027844558704741007
GCA_947542595.1,CANNZD010000004.1,Adapter,19,37,74200,1.0,0.00025606469002695416,Nextera,4,technical_match,0.006588977475814217
GCA_947542595.1,CANNZD010000006.1,Adapter,55288,55306,55331,1.0,0.0003433879741916828,Nextera,4,technical_match,0.0038614310620507797
GCA_947542595.1,CANNZD010000008.1,Adapter,7,25,51771,1.0,0.00036700083058082713,Nextera,4,technical_match,0.017641604999231286
GCA_947542595.1,CANNZD010000008.1,Adapter,51725,51743,51771,1.0,0.00036700083058082713,Nextera,4,technical_match,0.017641604999231286
GCA_947542595.1,CANNZD010000011.1,Adapter,46975,46993,47023,1.0,0.00040405758883950405,Nextera,4,technical_match,0.0025443036902669247
GCA_947542595.1,CANNZD010000012.1,Adapter,43185,43203,43205,1.0,0.00043976391621340123,Nextera,4,technical_match,0.00011130211022503111
GCA_947542595.1,CANNZD010000015.1,Adapter,35828,35846,35858,1.0,0.0005298678119248145,Nextera,4,technical_match,0.00963381636487931
GCA_947542595.1,CANNZD010000020.1,Adapter,26281,26299,26330,1.0,0.0007216103304215724,Nextera,4,technical_match,0.008407294237054275
GCA_947542595.1,CANNZD010000035.1,Adapter,74,92,17319,1.0,0.0010970610312373693,Nextera,4,technical_match,0.017772963019558108
GCA_947542595.1,CANNZD010000041.1,Adapter,14096,14114,14142,1.0,0.0013435157686324424,Nextera,4,technical_match,0.0022757602765405283
GCA_947542595.1,CANNZD010000048.1,Adapter,31,49,11243,1.0,0.0016899404073645824,Nextera,4,technical_match,0.021868403492949107
GCA_947542595.1,CANNZD010000052.1,Adapter,9834,9852,9882,1.0,0.0019226877150374418,Nextera,4,technical_match,0.01777361158725943
GCA_947542595.1,CANNZD010000056.1,Adapter,29,47,8846,1.0,0.0021478634411033234,Nextera,4,technical_match,0.023873053059643656
GCA_947542595.1,CANNZD010000063.1,Adapter,9,27,6539,1.0,0.00290564306468879,Nextera,4,technical_match,0.006680594394230299
GCA_947542595.1,CANNZD010000067.1,Adapter,5180,5198,5233,1.0,0.003630804509841391,Nextera,4,technical_match,0.023146528536981403
GCA_947542595.1,CANNZD010000077.1,Adapter,3414,3432,3435,1.0,0.005531295487627365,Nextera,4,technical_match,0.022564731960502127
GCA_947644505.1,CANRZR010000003.1,Adapter,80380,80400,80423,1.0,0.00026111933153451125,TruSeq,4,technical_match,0.007002401182906792
GCA_947644505.1,CANRZR010000005.1,Adapter,24,44,55416,1.0,0.00037895192724122996,TruSeq,4,technical_match,0.026287682280985714
GCA_947644505.1,CANRZR010000010.1,Adapter,25,45,40257,1.0,0.0005216484089723526,TruSeq,4,technical_match,0.00662103001126757
GCA_947644505.1,CANRZR010000011.1,Adapter,26,46,34428,1.0,0.0006099686301847334,TruSeq,4,technical_match,0.001059487165696149
GCA_947644505.1,CANRZR010000011.1,Adapter,34383,34403,34428,1.0,0.0006099686301847334,TruSeq_R2,4,technical_match,0.001059487165696149
GCA_947644505.1,CANRZR010000014.1,Adapter,26,46,30397,1.0,0.0006908576504260289,TruSeq_R2,4,technical_match,0.008756215938837297
GCA_947644505.1,CANRZR010000021.1,Adapter,27,47,25269,1.0,0.0008310578178796153,TruSeq_R2,4,technical_match,0.02262770246844603
GCA_947644505.1,CANRZR010000029.1,Adapter,24,44,20721,1.0,0.001013464601129289,TruSeq,4,technical_match,0.019352023624407688
GCA_947644505.1,CANRZR010000030.1,Adapter,20438,20458,20484,1.0,0.0010251903925014645,TruSeq,4,technical_match,0.003431332155833411
GCA_947644505.1,CANRZR010000031.1,Adapter,18680,18700,18725,1.0,0.0011214953271028037,TruSeq_R2,4,technical_match,0.02422414495105052
GCA_947644505.1,CANRZR010000035.1,Adapter,17,37,16121,1.0,0.0013026487190620929,TruSeq_R2,4,technical_match,0.0150985312365422
GCA_947644505.1,CANRZR010000037.1,Adapter,25,45,15849,1.0,0.0013250047321597578,TruSeq,4,technical_match,0.009319863208060608
GCA_947644505.1,CANRZR010000039.1,Adapter,27,47,15532,1.0,0.0013520473860417204,TruSeq,4,technical_match,0.007761401425216252
GCA_947644505.1,CANRZR010000041.1,Adapter,26,46,15009,1.0,0.0013991605036977814,TruSeq_R2,4,technical_match,0.009035518918837193
GCA_947644505.1,CANRZR010000041.1,Adapter,14965,14985,15009,1.0,0.0013991605036977814,TruSeq_R2,4,technical_match,0.009035518918837193
GCA_947644505.1,CANRZR010000043.1,Adapter,26,46,14495,1.0,0.0014487754398068299,TruSeq,4,technical_match,0.0164058788116746
GCA_947644505.1,CANRZR010000044.1,Adapter,25,45,14264,1.0,0.0014722378014582166,TruSeq_R2,4,technical_match,0.0029159059604951243
GCA_947644505.1,CANRZR010000047.1,Adapter,25,45,13517,1.0,0.0015535991714137752,TruSeq,4,technical_match,0.03512541762815918
GCA_947644505.1,CANRZR010000048.1,Adapter,24,44,13345,1.0,0.0015736230798051704,TruSeq,4,technical_match,0.0010376628496339135
GCA_947644505.1,CANRZR010000048.1,Adapter,13301,13321,13345,1.0,0.0015736230798051704,TruSeq_R2,4,technical_match,0.0010376628496339135
GCA_947644505.1,CANRZR010000050.1,Adapter,26,46,12563,1.0,0.0016715752606861417,TruSeq_R2,4,technical_match,0.017826142552033408
GCA_947644505.1,CANRZR010000051.1,Adapter,12327,12347,12372,1.0,0.0016973811833171678,TruSeq,4,technical_match,0.0026642204564015226
GCA_947644505.1,CANRZR010000057.1,Adapter,24,44,11051,1.0,0.001900280517600217,TruSeq,4,technical_match,0.022616427171159026
GCA_947644505.1,CANRZR010000057.1,Adapter,11005,11025,11051,1.0,0.001900280517600217,TruSeq,4,technical_match,0.022616427171159026
GCA_947644505.1,CANRZR010000058.1,Adapter,10679,10699,10722,1.0,0.00195858981533296,TruSeq,4,technical_match,0.023313939154872954
GCA_947644505.1,CANRZR010000062.1,Adapter,26,46,10308,1.0,0.002037252619324796,TruSeq_R2,4,technical_match,0.005697162620861451
GCA_947644505.1,CANRZR010000066.1,Adapter,24,44,9656,1.0,0.0021748135874067936,TruSeq,4,technical_match,0.0062701593552326185
GCA_947644505.1,CANRZR010000067.1,Adapter,9447,9467,9491,1.0,0.0022126224844589613,TruSeq,4,technical_match,0.036955928814286054
GCA_947644505.1,CANRZR010000068.1,Adapter,24,44,9158,1.0,0.002293077091067919,TruSeq_R2,4,technical_match,0.0045449687268587224
GCA_947644505.1,CANRZR010000073.1,Adapter,27,47,7547,1.0,0.0027825626076586722,TruSeq_R2,4,technical_match,0.02759124207255148
GCA_947644505.1,CANRZR010000073.1,Adapter,7505,7525,7547,1.0,0.0027825626076586722,TruSeq,4,technical_match,0.02759124207255148
GCA_947644505.1,CANRZR010000075.1,Adapter,25,45,7142,1.0,0.002940352842341081,TruSeq_R2,4,technical_match,0.029767838231627375
GCA_947644505.1,CANRZR010000076.1,Adapter,6788,6808,6832,1.0,0.0030737704918032786,TruSeq_R2,4,technical_match,0.008727526508974737
GCA_947644505.1,CANRZR010000077.1,Adapter,25,45,6753,1.0,0.003109729009329187,TruSeq,4,technical_match,0.016860914012004846
GCA_947644505.1,CANRZR010000077.1,Adapter,6709,6729,6753,1.0,0.003109729009329187,TruSeq_R2,4,technical_match,0.016860914012004846
GCA_947644505.1,CANRZR010000081.1,Adapter,6368,6388,6415,1.0,0.0032735775526110678,TruSeq_R2,4,technical_match,0.03291808782073041
GCA_947644505.1,CANRZR010000082.1,Adapter,25,45,6334,1.0,0.003315440479949479,TruSeq_R2,4,technical_match,0.010689078935232355
GCA_947644505.1,CANRZR010000088.1,Adapter,5274,5294,5319,1.0,0.003948110547095319,TruSeq,4,technical_match,0.021419477902349104
GCA_947644505.1,CANRZR010000091.1,Adapter,27,47,4832,1.0,0.004346026490066225,TruSeq,4,technical_match,0.013556582553171437
GCA_947644505.1,CANRZR010000092.1,Adapter,26,46,4751,1.0,0.004420122079562197,TruSeq,4,technical_match,0.04875420912464262
GCA_947644505.1,CANRZR010000093.1,Adapter,4666,4686,4711,1.0,0.004457652303120356,TruSeq,4,technical_match,0.005700251520123545
GCA_947644505.1,CANRZR010000095.1,Adapter,24,44,4455,1.0,0.0047138047138047135,TruSeq,4,technical_match,0.00024214680496087437
GCA_947644505.1,CANRZR010000096.1,Adapter,23,43,4387,1.0,0.004786870298609528,TruSeq,4,technical_match,0.04733137735848808
GCA_947644505.1,CANRZR010000098.1,Adapter,4214,4234,4259,1.0,0.004930734914299131,TruSeq_R2,4,technical_match,0.00294207863801077
GCA_947644505.1,CANRZR010000099.1,Adapter,23,43,4233,1.0,0.004961020552799433,TruSeq_R2,4,technical_match,0.020986439554738168
GCA_947644505.1,CANRZR010000100.1,Adapter,3940,3960,3985,1.0,0.005269761606022585,TruSeq,4,technical_match,0.032636197491200225
GCA_947644505.1,CANRZR010000101.1,Adapter,23,43,3937,1.0,0.005334010668021336,TruSeq_R2,4,technical_match,0.019148611168474272
GCA_947644505.1,CANRZR010000105.1,Adapter,24,44,3436,1.0,0.006111757857974389,TruSeq,4,technical_match,0.017585724457136243
GCA_947644505.1,CANRZR010000109.1,Adapter,24,44,3061,1.0,0.006860503103560928,TruSeq_R2,4,technical_match,0.0043163423663998834
GCA_947644505.1,CANRZR010000112.1,Adapter,21,41,2720,1.0,0.007720588235294118,TruSeq_R2,4,technical_match,0.01402181635606109
GCA_948468415.1,CAOKIC010000133.1,Adapter,3114,3134,3146,1.0,0.006675143038779402,TruSeq_R2,4,technical_match,0.01730299958648801
GCA_948475605.1,CAOLGV010000004.1,Adapter,5,25,8978,1.0,0.0023390510135887724,TruSeq_R2,4,technical_match,0.02811195990460663
GCA_948475605.1,CAOLGV010000004.1,Adapter,8954,8974,8978,1.0,0.0023390510135887724,TruSeq_R2,4,technical_match,0.02811195990460663
GCA_948475605.1,CAOLGV010000021.1,Adapter,7316,7336,7346,1.0,0.0028586986114892458,TruSeq_R2,4,technical_match,0.016781604436659048
GCA_948475605.1,CAOLGV010000022.1,Adapter,7191,7211,7235,1.0,0.002902557014512785,TruSeq_R2,4,technical_match,0.0038055600470282003
GCA_948475605.1,CAOLGV010000028.1,Adapter,19,39,6758,1.0,0.0031074282332050904,TruSeq_R2,4,technical_match,0.017665685589357882
GCA_948475605.1,CAOLGV010000029.1,Adapter,13,33,6713,1.0,0.0031282586027111575,TruSeq,4,technical_match,0.010198747884307191
GCA_948475605.1,CAOLGV010000035.1,Adapter,6314,6334,6362,1.0,0.003300848789688777,TruSeq,4,technical_match,0.007215159339580002
GCA_948475605.1,CAOLGV010000046.1,Adapter,28,48,5667,1.0,0.0037056643726839597,TruSeq,4,technical_match,0.008261308351113883
GCA_948475605.1,CAOLGV010000048.1,Adapter,29,49,5500,1.0,0.0038181818181818182,TruSeq,4,technical_match,0.03702688325258857
GCA_948475605.1,CAOLGV010000056.1,Adapter,30,50,5224,1.0,0.004019908116385911,TruSeq_R2,4,technical_match,0.0010379921476620368
GCA_948475605.1,CAOLGV010000069.1,Adapter,4866,4886,4914,1.0,0.004273504273504274,TruSeq,4,technical_match,0.00675267052696521
GCA_948475605.1,CAOLGV010000076.1,Adapter,4712,4732,4760,1.0,0.004411764705882353,TruSeq,4,technical_match,0.028482192649074423
GCA_948475605.1,CAOLGV010000089.1,Adapter,4391,4411,4422,1.0,0.0047489823609226595,TruSeq_R2,4,technical_match,0.002816519038683185
GCA_948475605.1,CAOLGV010000092.1,Adapter,4352,4372,4398,1.0,0.0047748976807639835,TruSeq_R2,4,technical_match,0.00826684530171301
GCA_948475605.1,CAOLGV010000094.1,Adapter,4324,4344,4350,1.0,0.004827586206896552,TruSeq_R2,4,technical_match,0.027131376460530043
GCA_948475605.1,CAOLGV010000105.1,Adapter,4013,4033,4048,1.0,0.005187747035573123,TruSeq,4,technical_match,0.015653365466027302
GCA_948475605.1,CAOLGV010000108.1,Adapter,3959,3979,4007,1.0,0.005240828550037434,TruSeq_R2,4,technical_match,0.004439868114337497
GCA_948475605.1,CAOLGV010000112.1,Adapter,20,40,3979,1.0,0.005277707966825836,TruSeq,4,technical_match,0.01491511464923917
GCA_948475605.1,CAOLGV010000124.1,Adapter,3750,3770,3785,1.0,0.005548216644649934,TruSeq,4,technical_match,0.027585822403710214
GCA_948475605.1,CAOLGV010000126.1,Adapter,18,38,3745,1.0,0.005607476635514018,TruSeq,4,technical_match,0.003223023560878391
GCA_948475605.1,CAOLGV010000140.1,Adapter,9,29,3540,1.0,0.005932203389830509,TruSeq,4,technical_match,0.0007645908100719634
GCA_948475605.1,CAOLGV010000144.1,Adapter,3476,3496,3509,1.0,0.005984611000284981,TruSeq,4,technical_match,0.0012774769639973815
GCA_948475605.1,CAOLGV010000148.1,Adapter,2,22,3422,1.0,0.0061367621274108705,TruSeq,4,technical_match,0.022204294686947068
GCA_948475605.1,CAOLGV010000151.1,Adapter,9,29,3391,1.0,0.006192863462105573,TruSeq,4,technical_match,0.039587404418240935
GCA_948475605.1,CAOLGV010000153.1,Adapter,3332,3352,3380,1.0,0.00621301775147929,TruSeq,4,technical_match,0.01633834102558479
GCA_948475605.1,CAOLGV010000154.1,Adapter,13,33,3368,1.0,0.006235154394299287,TruSeq,4,technical_match,0.019171128555978745
GCA_948475605.1,CAOLGV010000159.1,Adapter,29,49,3326,1.0,0.006313890559230307,TruSeq_R2,4,technical_match,0.01029012325263201
GCA_948475605.1,CAOLGV010000161.1,Adapter,3252,3272,3300,1.0,0.006363636363636364,TruSeq,4,technical_match,0.03267008644438113
GCA_948475605.1,CAOLGV010000175.1,Adapter,3048,3068,3097,1.0,0.006780755569906361,TruSeq,4,technical_match,0.007002813038011424
GCA_948475605.1,CAOLGV010000176.1,Adapter,3059,3079,3079,1.0,0.006820396232543034,TruSeq_R2,4,technical_match,0.030920709465349472
GCA_948475605.1,CAOLGV010000177.1,Adapter,2807,2827,3079,1.0,0.006820396232543034,TruSeq,4,technical_match,0.03785418549944791
GCA_948475605.1,CAOLGV010000181.1,Adapter,29,49,3027,1.0,0.006937561942517344,TruSeq,4,technical_match,0.016177008989955832
GCA_948475605.1,CAOLGV010000186.1,Adapter,2973,2993,2993,1.0,0.0070163715335783495,TruSeq_R2,4,technical_match,0.008572545718039892
GCA_948475605.1,CAOLGV010000217.1,Adapter,2593,2613,2641,1.0,0.007951533510034078,TruSeq_R2,4,technical_match,0.031128774039759388
GCA_948475605.1,CAOLGV010000231.1,Adapter,2389,2409,2437,1.0,0.008617152236356175,TruSeq,4,technical_match,0.013807947899882156
GCA_948475605.1,CAOLGV010000251.1,Adapter,2283,2303,2309,1.0,0.009094846253789519,TruSeq_R2,4,technical_match,0.0506687589169848
GCA_948475605.1,CAOLGV010000263.1,Adapter,2179,2199,2204,1.0,0.009528130671506351,TruSeq_R2,4,technical_match,0.012255393399428993
GCA_948475605.1,CAOLGV010000294.1,Adapter,1891,1911,1928,1.0,0.010892116182572614,TruSeq,4,technical_match,0.004637218974957447
GCA_948475605.1,CAOLGV010000296.1,Adapter,425,445,1927,1.0,0.010897768552153606,TruSeq,4,technical_match,4.003001150781893e-05
GCA_948475605.1,CAOLGV010000326.1,Adapter,1619,1639,1668,1.0,0.012589928057553957,TruSeq_R2,4,technical_match,0.025226142027386877
GCA_948475605.1,CAOLGV010000327.1,Adapter,1616,1636,1664,1.0,0.012620192307692308,TruSeq_R2,4,technical_match,0.009900564299858972
GCA_948475605.1,CAOLGV010000338.1,Adapter,1559,1579,1606,1.0,0.013075965130759652,TruSeq_R2,4,technical_match,0.008421652866536233
GCA_948475605.1,CAOLGV010000346.1,Adapter,29,49,1540,1.0,0.013636363636363636,TruSeq,4,technical_match,0.022351558577263897
GCA_948475785.1,CAOLGI010000065.1,Adapter,147,167,4367,1.0,0.004808793221891459,TruSeq_R2,4,technical_match,0.00524031271895109
GCA_948475785.1,CAOLGI010000065.1,Adapter,267,287,4367,1.0,0.004808793221891459,TruSeq,4,technical_match,0.00524031271895109
GCA_948475785.1,CAOLGI010000068.1,Adapter,510,530,4320,1.0,0.004861111111111111,TruSeq,4,technical_match,0.029955526869205884
GCA_948475785.1,CAOLGI010000068.1,Adapter,630,650,4320,1.0,0.004861111111111111,TruSeq_R2,4,technical_match,0.029955526869205884
GCA_948475785.1,CAOLGI010000096.1,Adapter,2718,2738,3009,1.0,0.006979062811565304,TruSeq,4,technical_match,0.01097838436006926
GCA_948475785.1,CAOLGI010000096.1,Adapter,2838,2858,3009,1.0,0.006979062811565304,TruSeq_R2,4,technical_match,0.01097838436006926
GCA_948475785.1,CAOLGI010000096.1,Adapter,2963,2983,3009,1.0,0.006979062811565304,TruSeq,4,technical_match,0.01097838436006926
GCA_948475785.1,CAOLGI010000119.1,Adapter,310,330,2306,1.0,0.009106678230702514,TruSeq_R2,4,technical_match,0.05624463579599914
GCA_948475785.1,CAOLGI010000119.1,Adapter,430,450,2306,1.0,0.009106678230702514,TruSeq,4,technical_match,0.05624463579599914
GCA_948475785.1,CAOLGI010000120.1,Adapter,27,47,2264,1.0,0.009275618374558304,TruSeq,4,technical_match,0.0033720807737727676
GCA_948475785.1,CAOLGI010000120.1,Adapter,128,148,2264,1.0,0.009275618374558304,TruSeq_R2,4,technical_match,0.0033720807737727676
GCA_948475785.1,CAOLGI010000120.1,Adapter,248,268,2264,1.0,0.009275618374558304,TruSeq,4,technical_match,0.0033720807737727676
GCA_948475785.1,CAOLGI010000124.1,Adapter,1929,1949,2111,1.0,0.00994789199431549,TruSeq,4,technical_match,0.01901799945548238
GCA_948475785.1,CAOLGI010000124.1,Adapter,2049,2069,2111,1.0,0.00994789199431549,TruSeq_R2,4,technical_match,0.01901799945548238
GCA_948475785.1,CAOLGI010000127.1,Adapter,1707,1727,1979,1.0,0.010611419909044972,TruSeq_R2,4,technical_match,0.001972892833973783
GCA_948475785.1,CAOLGI010000127.1,Adapter,1827,1847,1979,1.0,0.010611419909044972,TruSeq,4,technical_match,0.001972892833973783
GCA_948475785.1,CAOLGI010000127.1,Adapter,1935,1955,1979,1.0,0.010611419909044972,TruSeq_R2,4,technical_match,0.001972892833973783
GCA_948475785.1,CAOLGI010000128.1,Adapter,27,47,1961,1.0,0.010708822029576747,TruSeq,4,technical_match,0.06784687458885597
GCA_948475785.1,CAOLGI010000128.1,Adapter,133,153,1961,1.0,0.010708822029576747,TruSeq_R2,4,technical_match,0.06784687458885597
GCA_948475785.1,CAOLGI010000128.1,Adapter,253,273,1961,1.0,0.010708822029576747,TruSeq,4,technical_match,0.06784687458885597
GCA_948475785.1,CAOLGI010000152.1,Adapter,28,48,1563,1.0,0.013435700575815739,TruSeq_R2,4,technical_match,0.07898206060063406
GCA_948475785.1,CAOLGI010000152.1,Adapter,105,125,1563,1.0,0.013435700575815739,TruSeq,4,technical_match,0.07898206060063406
GCA_948475785.1,CAOLGI010000152.1,Adapter,225,245,1563,1.0,0.013435700575815739,TruSeq_R2,4,technical_match,0.07898206060063406
GCA_948475785.1,CAOLGI010000167.1,Adapter,26,46,1381,1.0,0.015206372194062274,TruSeq,4,technical_match,0.043929063222358455
GCA_948475785.1,CAOLGI010000167.1,Adapter,115,135,1381,1.0,0.015206372194062274,TruSeq_R2,4,technical_match,0.043929063222358455
GCA_948475785.1,CAOLGI010000167.1,Adapter,235,255,1381,1.0,0.015206372194062274,TruSeq,4,technical_match,0.043929063222358455
GCA_948475785.1,CAOLGI010000178.1,Adapter,976,996,1263,1.0,0.0166270783847981,TruSeq_R2,4,technical_match,0.05072013054651742
GCA_948475785.1,CAOLGI010000178.1,Adapter,1096,1116,1263,1.0,0.0166270783847981,TruSeq,4,technical_match,0.05072013054651742
GCA_948475785.1,CAOLGI010000178.1,Adapter,1216,1236,1263,1.0,0.0166270783847981,TruSeq_R2,4,technical_match,0.05072013054651742
GCA_948475785.1,CAOLGI010000195.1,Adapter,891,911,1040,1.0,0.020192307692307693,TruSeq_R2,4,technical_match,0.008060854897175895
GCA_948475785.1,CAOLGI010000195.1,Adapter,1011,1031,1040,1.0,0.020192307692307693,TruSeq,4,technical_match,0.008060854897175895
GCA_948491545.1,CAONOX010000004.1,Adapter,8,28,43383,1.0,0.0004840605767236014,TruSeq_R2,4,technical_match,0.013381252055339687
GCA_948491545.1,CAONOX010000007.1,Adapter,9136,9156,35269,1.0,0.0005954237432305991,TruSeq_R2,4,technical_match,0.010095595255655565
GCA_948491545.1,CAONOX010000020.1,Adapter,9083,9103,22499,1.0,0.0009333748166585182,TruSeq_R2,4,technical_match,0.00952808296208757
GCA_948491545.1,CAONOX010000024.1,Adapter,3172,3192,20995,1.0,0.0010002381519409382,TruSeq_R2,4,technical_match,0.01889467608291101
GCA_948491545.1,CAONOX010000039.1,Adapter,15499,15519,15539,1.0,0.0013514383164939829,TruSeq,4,technical_match,0.016812661966326747
GCA_948491545.1,CAONOX010000066.1,Adapter,8103,8123,8151,1.0,0.002576370997423629,TruSeq_R2,4,technical_match,0.01898528777239844
GCA_948491545.1,CAONOX010000074.1,Adapter,29,49,7248,1.0,0.0028973509933774835,TruSeq_R2,4,technical_match,0.0031441856395113543
GCA_948491545.1,CAONOX010000101.1,Adapter,9,29,4660,1.0,0.004506437768240343,TruSeq_R2,4,technical_match,0.0008396275657298058
GCA_948491545.1,CAONOX010000114.1,Adapter,3733,3753,3780,1.0,0.005555555555555556,TruSeq,4,technical_match,0.0009940577443503518
GCA_948491545.1,CAONOX010000122.1,Adapter,3061,3081,3103,1.0,0.00676764421527554,TruSeq_R2,4,technical_match,0.02748910187362985
GCA_948491545.1,CAONOX010000129.1,Adapter,22,42,2737,1.0,0.0076726342710997444,TruSeq_R2,4,technical_match,0.037153566541887784
GCA_948491545.1,CAONOX010000136.1,Adapter,26,46,2609,1.0,0.008049060942889995,TruSeq_R2,4,technical_match,0.0035051051768236197
GCA_948498705.1,CAOOQB010000039.1,Adapter,3773,3793,14871,1.0,0.0014121444422029454,TruSeq,4,technical_match,0.014060663588824851
GCA_948498705.1,CAOOQB010000046.1,Adapter,3453,3473,10827,1.0,0.0019395954558049321,TruSeq,4,technical_match,0.02056242195257746
GCA_948501625.1,CAOPBT010000016.1,Adapter,26,46,33922,1.0,0.0006190672719768881,TruSeq,4,technical_match,0.033359779985001614
GCA_948501625.1,CAOPBT010000036.1,Adapter,619,639,4321,1.0,0.004859986114325388,TruSeq,4,technical_match,0.012939565892800986
GCA_948501625.1,CAOPBT010000042.1,Adapter,1851,1871,3146,1.0,0.006675143038779402,TruSeq_R2,4,technical_match,0.011711399407120238
GCA_948501625.1,CAOPBT010000054.1,Adapter,511,531,1740,1.0,0.01206896551724138,TruSeq_R2,4,technical_match,0.023308835978021636
GCA_948501625.1,CAOPBT010000056.1,Adapter,275,295,1690,1.0,0.01242603550295858,TruSeq_R2,4,technical_match,0.032905479576914975
GCA_948501625.1,CAOPBT010000061.1,Adapter,881,901,1288,1.0,0.016304347826086956,TruSeq_R2,4,technical_match,0.004579033876766003
GCA_948501625.1,CAOPBT010000063.1,Adapter,865,885,1275,1.0,0.01647058823529412,TruSeq_R2,4,technical_match,0.003718004724248769
GCA_948501625.1,CAOPBT010000069.1,Adapter,487,507,1183,1.0,0.01775147928994083,TruSeq,4,technical_match,0.022457832671237854
GCA_948501625.1,CAOPBT010000071.1,Adapter,824,844,1169,1.0,0.017964071856287425,TruSeq,4,technical_match,0.02059980619546392
GCA_948501625.1,CAOPBT010000073.1,Adapter,489,509,1062,1.0,0.01977401129943503,TruSeq_R2,4,technical_match,0.02592400973343767
GCA_948509725.1,CAOQGW010000002.1,Adapter,90067,90087,90114,1.0,0.00023303815167454556,TruSeq_R2,4,technical_match,0.022819284377879445
GCA_948509725.1,CAOQGW010000005.1,Adapter,24,44,45051,1.0,0.00046613837650662585,TruSeq,4,technical_match,0.0028543073581819844
GCA_948509725.1,CAOQGW010000007.1,Adapter,14345,14365,37122,1.0,0.0005657022789720381,TruSeq,4,technical_match,0.0018545027178938356
GCA_948509725.1,CAOQGW010000008.1,Adapter,35774,35794,35794,1.0,0.0005866905067888473,TruSeq,4,technical_match,0.017865887316523332
GCA_948509725.1,CAOQGW010000009.1,Adapter,14,34,35242,1.0,0.000595879916009307,TruSeq_R2,4,technical_match,0.0076683683537389635
GCA_948509725.1,CAOQGW010000009.1,Adapter,6829,6849,35242,1.0,0.000595879916009307,TruSeq_R2,4,technical_match,0.0076683683537389635
GCA_948509725.1,CAOQGW010000009.1,Adapter,35209,35229,35242,1.0,0.000595879916009307,TruSeq_R2,4,technical_match,0.0076683683537389635
GCA_948509725.1,CAOQGW010000011.1,Adapter,28,48,34635,1.0,0.000606323083585968,TruSeq,4,technical_match,0.0034194831936943393
GCA_948509725.1,CAOQGW010000017.1,Adapter,1,21,27511,1.0,0.0007633310312238741,TruSeq_R2,4,technical_match,0.0008516320154868806
GCA_948509725.1,CAOQGW010000021.1,Adapter,4938,4958,25029,1.0,0.0008390267289943665,TruSeq,4,technical_match,0.008891342717038064
GCA_948509725.1,CAOQGW010000021.1,Adapter,24981,25001,25029,1.0,0.0008390267289943665,TruSeq,4,technical_match,0.008891342717038064
GCA_948509725.1,CAOQGW010000023.1,Adapter,16,36,23252,1.0,0.0009031481162910717,TruSeq_R2,4,technical_match,0.0005760922858350503
GCA_948509725.1,CAOQGW010000024.1,Adapter,1,21,21557,1.0,0.0009741615252586167,TruSeq,4,technical_match,0.01882721650545327
GCA_948509725.1,CAOQGW010000029.1,Adapter,16694,16714,17243,1.0,0.0012178855187612364,TruSeq,4,technical_match,0.010999631194196391
GCA_948509725.1,CAOQGW010000030.1,Adapter,6,26,17052,1.0,0.0012315270935960591,TruSeq_R2,4,technical_match,0.009562921139652736
GCA_948509725.1,CAOQGW010000032.1,Adapter,16196,16216,16219,1.0,0.001294777729823047,TruSeq_R2,4,technical_match,0.002253600582082016
GCA_948509725.1,CAOQGW010000037.1,Adapter,13573,13593,13604,1.0,0.0015436636283446045,TruSeq_R2,4,technical_match,0.003090201720552299
GCA_948509725.1,CAOQGW010000042.1,Adapter,666,686,11221,1.0,0.0018714909544603868,TruSeq_R2,4,technical_match,0.02147601594305626
GCA_948509725.1,CAOQGW010000042.1,Adapter,719,739,11221,1.0,0.0018714909544603868,TruSeq_R2,4,technical_match,0.02147601594305626
GCA_948509725.1,CAOQGW010000047.1,Adapter,29,49,10660,1.0,0.0019699812382739214,TruSeq_R2,4,technical_match,0.02120281078551689
GCA_948509725.1,CAOQGW010000049.1,Adapter,9,29,10492,1.0,0.002001524971406786,TruSeq_R2,4,technical_match,0.008755939476065844
GCA_948509725.1,CAOQGW010000050.1,Adapter,5030,5050,10118,1.0,0.0020755089938723067,TruSeq_R2,4,technical_match,0.019372069459377694
GCA_948509725.1,CAOQGW010000050.1,Adapter,5072,5092,10118,1.0,0.0020755089938723067,TruSeq,4,technical_match,0.019372069459377694
GCA_948509725.1,CAOQGW010000054.1,Adapter,23,43,9267,1.0,0.0022661055357720947,TruSeq,4,technical_match,0.01780785347264474
GCA_948509725.1,CAOQGW010000054.1,Adapter,9219,9239,9267,1.0,0.0022661055357720947,TruSeq_R2,4,technical_match,0.01780785347264474
GCA_948509725.1,CAOQGW010000055.1,Adapter,11,31,9048,1.0,0.0023209549071618036,TruSeq_R2,4,technical_match,0.006309342885320646
GCA_948509725.1,CAOQGW010000058.1,Adapter,8245,8265,8700,1.0,0.002413793103448276,TruSeq,4,technical_match,0.014988663709992855
GCA_948509725.1,CAOQGW010000063.1,Adapter,26,46,7991,1.0,0.0026279564510073832,TruSeq,4,technical_match,0.013242799132785754
GCA_948509725.1,CAOQGW010000073.1,Adapter,5049,5069,5098,1.0,0.004119262455865045,TruSeq,4,technical_match,0.013961404010055856
GCA_948509725.1,CAOQGW010000080.1,Adapter,23,43,4079,1.0,0.0051483206668301055,TruSeq,4,technical_match,0.041293933255570126
GCA_948509725.1,CAOQGW010000085.1,Adapter,29,49,3789,1.0,0.0055423594615993665,TruSeq,4,technical_match,0.02387497189437454
GCA_948509725.1,CAOQGW010000087.1,Adapter,390,410,3713,1.0,0.005655803932130353,TruSeq,4,technical_match,0.009031375323473312
GCA_948509725.1,CAOQGW010000089.1,Adapter,3635,3655,3667,1.0,0.005726752113444232,TruSeq,4,technical_match,0.018577729627109518
GCA_948509725.1,CAOQGW010000090.1,Adapter,10,30,3347,1.0,0.00627427547057066,TruSeq,4,technical_match,0.028694720032313825
GCA_948509725.1,CAOQGW010000093.1,Adapter,573,593,3258,1.0,0.006445672191528545,TruSeq_R2,4,technical_match,0.03266086492649789
GCA_948509725.1,CAOQGW010000093.1,Adapter,3218,3238,3258,1.0,0.006445672191528545,TruSeq,4,technical_match,0.03266086492649789
GCA_948509725.1,CAOQGW010000095.1,Adapter,22,42,3172,1.0,0.006620428751576293,TruSeq_R2,4,technical_match,0.012691323868313842
GCA_948509725.1,CAOQGW010000108.1,Adapter,28,48,1887,1.0,0.011128775834658187,TruSeq,4,technical_match,0.0065169683689824676
GCA_948509725.1,CAOQGW010000110.1,Adapter,28,48,1527,1.0,0.0137524557956778,TruSeq_R2,4,technical_match,0.01268238773382796
GCA_948515005.1,CAORBF010000001.1,Adapter,10819,10839,10866,1.0,0.001932633903920486,TruSeq_R2,4,technical_match,0.006260728613600608
GCA_948515005.1,CAORBF010000006.1,Adapter,28,48,6935,1.0,0.0030281182408074983,TruSeq_R2,4,technical_match,0.0023052935331580593
GCA_948515005.1,CAORBF010000009.1,Adapter,6178,6198,6225,1.0,0.0033734939759036144,TruSeq_R2,4,technical_match,0.03546414378636986
GCA_948515005.1,CAORBF010000035.1,Adapter,4347,4367,4394,1.0,0.004779244424214839,TruSeq_R2,4,technical_match,0.002671539593485428
GCA_948515005.1,CAORBF010000036.1,Adapter,22,42,4345,1.0,0.0048331415420023015,TruSeq,4,technical_match,0.0024729402177702253
GCA_948515005.1,CAORBF010000060.1,Adapter,2,22,3765,1.0,0.005577689243027889,TruSeq_R2,4,technical_match,0.013648962023323052
GCA_948515005.1,CAORBF010000060.1,Adapter,3726,3746,3765,1.0,0.005577689243027889,TruSeq,4,technical_match,0.013648962023323052
GCA_948515005.1,CAORBF010000062.1,Adapter,3357,3377,3700,1.0,0.005675675675675676,TruSeq,4,technical_match,0.009818145157708902
GCA_948515005.1,CAORBF010000063.1,Adapter,3651,3671,3698,1.0,0.005678745267712277,TruSeq_R2,4,technical_match,0.00680091325472465
GCA_948515005.1,CAORBF010000081.1,Adapter,3256,3276,3303,1.0,0.006357856494096276,TruSeq_R2,4,technical_match,0.01027375461843566
GCA_948515005.1,CAORBF010000094.1,Adapter,3050,3070,3098,1.0,0.006778566817301485,TruSeq,4,technical_match,0.02100973480117152
GCA_948515005.1,CAORBF010000102.1,Adapter,30,50,2995,1.0,0.007011686143572621,TruSeq,4,technical_match,0.003177769442505529
GCA_948515005.1,CAORBF010000107.1,Adapter,6,26,2949,1.0,0.007121057985757884,TruSeq,4,technical_match,0.024520903217515433
GCA_948515005.1,CAORBF010000108.1,Adapter,29,49,2893,1.0,0.007258900795022468,TruSeq_R2,4,technical_match,0.003194644079974329
GCA_948515005.1,CAORBF010000117.1,Adapter,757,777,2767,1.0,0.007589447054571739,TruSeq,4,technical_match,0.021912173233614274
GCA_948515005.1,CAORBF010000118.1,Adapter,2,22,2762,1.0,0.007603186097031137,TruSeq,4,technical_match,0.03097288339211146
GCA_948515005.1,CAORBF010000123.1,Adapter,27,47,2697,1.0,0.00778642936596218,TruSeq_R2,4,technical_match,0.004702253064416462
GCA_948515005.1,CAORBF010000123.1,Adapter,2673,2693,2697,1.0,0.00778642936596218,TruSeq,4,technical_match,0.004702253064416462
GCA_948515005.1,CAORBF010000146.1,Adapter,27,47,2488,1.0,0.008440514469453377,TruSeq,4,technical_match,0.012710806819913767
GCA_948515005.1,CAORBF010000166.1,Adapter,18,38,2380,1.0,0.008823529411764706,TruSeq,4,technical_match,0.02901494905558616
GCA_948515005.1,CAORBF010000171.1,Adapter,27,47,2357,1.0,0.008909630886720407,TruSeq_R2,4,technical_match,0.03587062333204516
GCA_948515005.1,CAORBF010000182.1,Adapter,2290,2310,2313,1.0,0.009079118028534372,TruSeq,4,technical_match,0.026164055131220054
GCA_948515005.1,CAORBF010000211.1,Adapter,2019,2039,2067,1.0,0.010159651669085631,TruSeq,4,technical_match,0.008385449069815365
GCA_948515005.1,CAORBF010000215.1,Adapter,13,33,2051,1.0,0.010238907849829351,TruSeq,4,technical_match,0.005765789178273917
GCA_948515005.1,CAORBF010000228.1,Adapter,1936,1956,1983,1.0,0.01059001512859304,TruSeq,4,technical_match,0.025719288885315328
GCA_948515005.1,CAORBF010000235.1,Adapter,1906,1926,1954,1.0,0.010747185261003071,TruSeq_R2,4,technical_match,0.030226154793360827
GCA_948515005.1,CAORBF010000241.1,Adapter,26,46,1936,1.0,0.01084710743801653,TruSeq,4,technical_match,0.01592914428422909
GCA_948515005.1,CAORBF010000251.1,Adapter,6,26,1895,1.0,0.01108179419525066,TruSeq_R2,4,technical_match,0.0038294884541657526
GCA_948515005.1,CAORBF010000273.1,Adapter,12,32,1749,1.0,0.012006861063464836,TruSeq_R2,4,technical_match,0.00397561347189751
GCA_948515005.1,CAORBF010000281.1,Adapter,5,25,1724,1.0,0.012180974477958236,TruSeq_R2,4,technical_match,0.02990890292483689
GCA_948515005.1,CAORBF010000282.1,Adapter,1675,1695,1722,1.0,0.012195121951219513,TruSeq_R2,4,technical_match,0.012605601603701944
GCA_948515005.1,CAORBF010000284.1,Adapter,1669,1689,1708,1.0,0.012295081967213115,TruSeq_R2,4,technical_match,0.01849848254656289
GCA_948515005.1,CAORBF010000288.1,Adapter,1667,1687,1699,1.0,0.012360211889346674,TruSeq_R2,4,technical_match,0.00629224019570318
GCA_948515005.1,CAORBF010000311.1,Adapter,27,47,1610,1.0,0.013043478260869565,TruSeq_R2,4,technical_match,0.025972263220628677
GCA_948515005.1,CAORBF010000317.1,Adapter,1532,1552,1579,1.0,0.013299556681443952,TruSeq,4,technical_match,0.00791820130011922
GCA_948515005.1,CAORBF010000327.1,Adapter,1489,1509,1521,1.0,0.013806706114398421,TruSeq_R2,4,technical_match,0.012045498792191967
GCA_948520105.1,CAORUU010000013.1,Adapter,12,32,37201,1.0,0.0005645009542754227,TruSeq_R2,4,technical_match,0.007065184508924405
GCA_948520105.1,CAORUU010000015.1,Adapter,34715,34735,34759,1.0,0.0006041600736499899,TruSeq,4,technical_match,0.018132937102722013
GCA_948520105.1,CAORUU010000032.1,Adapter,6,26,19257,1.0,0.0010905125408942203,TruSeq,4,technical_match,0.011136011997539164
GCA_948520105.1,CAORUU010000038.1,Adapter,16037,16057,16085,1.0,0.0013055641902393535,TruSeq,4,technical_match,0.0016020597134304149
GCA_948520105.1,CAORUU010000039.1,Adapter,29,49,14858,1.0,0.0014133799973078476,TruSeq,4,technical_match,5.0438144961084674e-05
GCA_948520105.1,CAORUU010000045.1,Adapter,13372,13392,13414,1.0,0.001565528552258834,TruSeq,4,technical_match,0.000945216551458572
GCA_948520105.1,CAORUU010000055.1,Adapter,10545,10565,10593,1.0,0.0019824412347776836,TruSeq_R2,4,technical_match,0.006417017632662059
GCA_948520105.1,CAORUU010000058.1,Adapter,23,43,9728,1.0,0.002158717105263158,TruSeq,4,technical_match,0.032856838737234606
GCA_948520105.1,CAORUU010000068.1,Adapter,28,48,5233,1.0,0.004012994458245748,TruSeq_R2,4,technical_match,0.01736122325799805
GCA_948520105.1,CAORUU010000077.1,Adapter,3108,3128,3156,1.0,0.006653992395437262,TruSeq_R2,4,technical_match,0.01840441728436293
GCA_948520105.1,CAORUU010000078.1,Adapter,3087,3107,3133,1.0,0.006702840727736993,TruSeq,4,technical_match,0.0032848490682990117
GCA_948520105.1,CAORUU010000080.1,Adapter,2815,2835,2862,1.0,0.007337526205450734,TruSeq_R2,4,technical_match,0.009852299149410715
GCA_948534305.1,CAOTXR010000012.1,Adapter,1011,1031,1040,1.0,0.020192307692307693,TruSeq,4,technical_match,0.003724164545742592
GCA_948534305.1,CAOTXR010000018.1,Adapter,10,30,3223,1.0,0.006515668631709587,TruSeq,4,technical_match,0.012734522788182767
GCA_948534305.1,CAOTXR010000030.1,Adapter,2729,2749,2754,1.0,0.007625272331154684,TruSeq_R2,4,technical_match,0.026738241971584698
GCA_948534305.1,CAOTXR010000032.1,Adapter,1,21,1535,1.0,0.013680781758957655,TruSeq,4,technical_match,0.008942155024319387
GCA_948534305.1,CAOTXR010000058.1,Adapter,5336,5356,5356,1.0,0.00392083644510829,TruSeq_R2,4,technical_match,0.006152609165982592
GCA_948534305.1,CAOTXR010000063.1,Adapter,35,55,1692,1.0,0.012411347517730497,TruSeq,4,technical_match,0.022914017246233598
GCA_948534305.1,CAOTXR010000107.1,Adapter,1,21,2195,1.0,0.009567198177676537,TruSeq_R2,4,technical_match,0.03392696564525094
GCA_948534305.1,CAOTXR010000156.1,Adapter,4811,4831,4837,1.0,0.004341534008683068,TruSeq_R2,4,technical_match,0.019749142176478773
GCA_948534305.1,CAOTXR010000185.1,Adapter,19,39,2717,1.0,0.007729112992270887,TruSeq_R2,4,technical_match,0.005449556470083661
GCA_948534305.1,CAOTXR010000187.1,Adapter,32,52,12570,1.0,0.0016706443914081145,TruSeq_R2,4,technical_match,0.00550343142047488
GCA_948534305.1,CAOTXR010000189.1,Adapter,1774,1794,1808,1.0,0.011615044247787611,TruSeq,4,technical_match,0.029821850046082954
GCA_948534305.1,CAOTXR010000200.1,Adapter,2019,2039,2049,1.0,0.010248901903367497,TruSeq,4,technical_match,0.010501348837896718
GCA_948534305.1,CAOTXR010000228.1,Adapter,1533,1553,1569,1.0,0.01338432122370937,TruSeq_R2,4,technical_match,0.02544311495614493
GCA_948534305.1,CAOTXR010000252.1,Adapter,1412,1432,1432,1.0,0.014664804469273743,TruSeq_R2,4,technical_match,0.00607385866010185
GCA_948534305.1,CAOTXR010000265.1,Adapter,4,24,1011,1.0,0.020771513353115726,TruSeq_R2,4,technical_match,0.013191181208604963
GCA_948534305.1,CAOTXR010000270.1,Adapter,1778,1798,1798,1.0,0.01167964404894327,TruSeq_R2,4,technical_match,0.025186045267912516
GCA_948534305.1,CAOTXR010000277.1,Adapter,11,31,8241,1.0,0.0025482344375682563,TruSeq_R2,4,technical_match,0.015566220681573761
GCA_948534305.1,CAOTXR010000284.1,Adapter,6,26,1689,1.0,0.012433392539964476,TruSeq,4,technical_match,0.025648017446332827
GCA_948534305.1,CAOTXR010000285.1,Adapter,2,22,7483,1.0,0.002806361085126286,TruSeq,4,technical_match,0.005897387896202755
GCA_948534305.1,CAOTXR010000313.1,Adapter,34,54,2237,1.0,0.009387572641931158,TruSeq,4,technical_match,0.02270477043962521
GCA_948534305.1,CAOTXR010000316.1,Adapter,12,32,4080,1.0,0.005147058823529412,TruSeq_R2,4,technical_match,0.009454568485931625
GCA_948534305.1,CAOTXR010000317.1,Adapter,1419,1439,1481,1.0,0.014179608372721135,TruSeq_R2,4,technical_match,0.008706365761222579
GCA_948534305.1,CAOTXR010000328.1,Adapter,7,27,4928,1.0,0.004261363636363636,TruSeq,4,technical_match,0.020401237472815525
GCA_948534305.1,CAOTXR010000339.1,Adapter,10,30,3240,1.0,0.006481481481481481,TruSeq,4,technical_match,0.017351894840139548
GCA_948534305.1,CAOTXR010000346.1,Adapter,1,21,1547,1.0,0.013574660633484163,TruSeq,4,technical_match,0.010398372690538948
GCA_948534305.1,CAOTXR010000383.1,Adapter,1479,1499,1499,1.0,0.014009339559706471,TruSeq,4,technical_match,0.008908616282501891
GCA_948534305.1,CAOTXR010000391.1,Adapter,1,21,1907,1.0,0.01101206082852648,TruSeq,4,technical_match,0.0057097641585052705
GCA_948534305.1,CAOTXR010000392.1,Adapter,1,21,3343,1.0,0.006281782829793599,TruSeq,4,technical_match,0.00438053031577873
GCA_948534305.1,CAOTXR010000414.1,Adapter,11,31,3164,1.0,0.00663716814159292,TruSeq,4,technical_match,0.037486198971493856
GCA_948534305.1,CAOTXR010000418.1,Adapter,11,31,2541,1.0,0.008264462809917356,TruSeq,4,technical_match,0.009348368981336397
GCA_948534305.1,CAOTXR010000464.1,Adapter,1,21,1679,1.0,0.012507444907683145,TruSeq,4,technical_match,0.03630309527008185
GCA_948534305.1,CAOTXR010000472.1,Adapter,2379,2399,2408,1.0,0.00872093023255814,TruSeq_R2,4,technical_match,0.05526510200166351
GCA_948539605.1,CAOUSD010000366.1,Adapter,2030,2050,2080,1.0,0.010096153846153847,TruSeq,4,technical_match,0.04030610167450993
GCA_948542405.1,CAOVCS010000002.1,Adapter,12,32,10959,1.0,0.0019162332329592116,TruSeq_R2,4,technical_match,0.0020724237597812833
GCA_948542405.1,CAOVCS010000024.1,Adapter,5487,5507,5519,1.0,0.0038050371444102193,TruSeq_R2,4,technical_match,0.018283519018803485
GCA_948542405.1,CAOVCS010000030.1,Adapter,15,35,5201,1.0,0.004037685060565276,TruSeq_R2,4,technical_match,0.006870963295344423
GCA_948542405.1,CAOVCS010000030.1,Adapter,5174,5194,5201,1.0,0.004037685060565276,TruSeq_R2,4,technical_match,0.006870963295344423
GCA_948542405.1,CAOVCS010000065.1,Adapter,3861,3881,3893,1.0,0.005394297456974056,TruSeq,4,technical_match,0.013657504105533291
GCA_948542405.1,CAOVCS010000067.1,Adapter,5,25,3848,1.0,0.005457380457380458,TruSeq,4,technical_match,0.025459964051236128
GCA_948542405.1,CAOVCS010000082.1,Adapter,18,38,3541,1.0,0.005930528099406947,TruSeq,4,technical_match,0.015552412418183226
GCA_948542405.1,CAOVCS010000093.1,Adapter,8,28,3283,1.0,0.006396588486140725,TruSeq,4,technical_match,0.022360358064370756
GCA_948542405.1,CAOVCS010000093.1,Adapter,1258,1278,3283,1.0,0.006396588486140725,TruSeq_R2,4,technical_match,0.022360358064370756
GCA_948542405.1,CAOVCS010000101.1,Adapter,3152,3172,3181,1.0,0.006601697579377554,TruSeq,4,technical_match,0.011059394400745104
GCA_948542405.1,CAOVCS010000114.1,Adapter,2981,3001,3002,1.0,0.0069953364423717525,TruSeq_R2,4,technical_match,0.008202625407489228
GCA_948542405.1,CAOVCS010000117.1,Adapter,2938,2958,2964,1.0,0.00708502024291498,TruSeq_R2,4,technical_match,0.0205789898824546
GCA_948542405.1,CAOVCS010000124.1,Adapter,1,21,2909,1.0,0.007218975592987281,TruSeq_R2,4,technical_match,0.008844563712906983
GCA_948542405.1,CAOVCS010000137.1,Adapter,2766,2786,2795,1.0,0.0075134168157423974,TruSeq_R2,4,technical_match,0.041722111708732634
GCA_948542405.1,CAOVCS010000151.1,Adapter,30,50,2744,1.0,0.007653061224489796,TruSeq_R2,4,technical_match,0.023652959693211406
GCA_948542405.1,CAOVCS010000152.1,Adapter,2717,2737,2738,1.0,0.007669831994156318,TruSeq,4,technical_match,0.028143000518056405
GCA_948542405.1,CAOVCS010000177.1,Adapter,2419,2439,2467,1.0,0.008512363194162952,TruSeq_R2,4,technical_match,0.05826936967809759
GCA_948542405.1,CAOVCS010000178.1,Adapter,2418,2438,2450,1.0,0.008571428571428572,TruSeq,4,technical_match,0.003405146282132676
GCA_948542405.1,CAOVCS010000184.1,Adapter,351,371,2420,1.0,0.008677685950413223,TruSeq_R2,4,technical_match,0.006509558171369667
GCA_948542405.1,CAOVCS010000190.1,Adapter,2360,2380,2388,1.0,0.008793969849246231,TruSeq,4,technical_match,0.02153349248995906
GCA_948542405.1,CAOVCS010000196.1,Adapter,14,34,2347,1.0,0.008947592671495527,TruSeq,4,technical_match,0.023740058625565386
GCA_948542405.1,CAOVCS010000198.1,Adapter,2314,2334,2342,1.0,0.008966695132365499,TruSeq_R2,4,technical_match,0.005582946522638799
GCA_948542405.1,CAOVCS010000212.1,Adapter,2190,2210,2231,1.0,0.00941281936351412,TruSeq_R2,4,technical_match,0.019670022470169524
GCA_948542405.1,CAOVCS010000217.1,Adapter,2137,2157,2185,1.0,0.009610983981693364,TruSeq,4,technical_match,0.018023368857203903
GCA_948542405.1,CAOVCS010000234.1,Adapter,2060,2080,2107,1.0,0.009966777408637873,TruSeq,4,technical_match,0.04715455302157262
GCA_948542405.1,CAOVCS010000267.1,Adapter,14,34,1892,1.0,0.011099365750528542,TruSeq,4,technical_match,0.022971095283297605
GCA_948542405.1,CAOVCS010000268.1,Adapter,11,31,1876,1.0,0.011194029850746268,TruSeq,4,technical_match,0.06353917004088988
GCA_948542405.1,CAOVCS010000271.1,Adapter,1792,1812,1840,1.0,0.01141304347826087,TruSeq_R2,4,technical_match,0.02059219178352839
GCA_948542405.1,CAOVCS010000277.1,Adapter,12,32,1804,1.0,0.01164079822616408,TruSeq_R2,4,technical_match,1.1780066466793304e-05
GCA_948542405.1,CAOVCS010000278.1,Adapter,26,46,1799,1.0,0.011673151750972763,TruSeq_R2,4,technical_match,0.008234813557603138
GCA_948542405.1,CAOVCS010000282.1,Adapter,25,45,1767,1.0,0.011884550084889643,TruSeq_R2,4,technical_match,0.009219451630757658
GCA_948542405.1,CAOVCS010000286.1,Adapter,10,30,1749,1.0,0.012006861063464836,TruSeq,4,technical_match,0.011861757056802757
GCA_948542405.1,CAOVCS010000309.1,Adapter,27,47,1669,1.0,0.012582384661473937,TruSeq,4,technical_match,0.028497862974296073
GCA_948542405.1,CAOVCS010000309.1,Adapter,1631,1651,1669,1.0,0.012582384661473937,TruSeq,4,technical_match,0.028497862974296073
GCA_948542405.1,CAOVCS010000321.1,Adapter,1584,1604,1618,1.0,0.012978986402966625,TruSeq,4,technical_match,0.015900794726924683
GCA_948542405.1,CAOVCS010000326.1,Adapter,23,43,1601,1.0,0.01311680199875078,TruSeq,4,technical_match,0.0026081872211624613
GCA_948542405.1,CAOVCS010000327.1,Adapter,1576,1596,1600,1.0,0.013125,TruSeq,4,technical_match,0.014885670044397947
GCA_948542405.1,CAOVCS010000332.1,Adapter,13,33,1575,1.0,0.013333333333333334,TruSeq,4,technical_match,0.041364329955602075
GCA_948542405.1,CAOVCS010000340.1,Adapter,1509,1529,1529,1.0,0.013734466971877043,TruSeq,4,technical_match,0.04358800556057263
GCA_948544425.1,CAOVKM010000066.1,Adapter,2588,2608,2615,1.0,0.00803059273422562,TruSeq_R2,4,technical_match,0.003049639610521515
GCA_948544425.1,CAOVKM010000087.1,Adapter,278,298,1504,1.0,0.013962765957446808,TruSeq,4,technical_match,0.018356420155606512
GCA_948544425.1,CAOVKM010000087.1,Adapter,339,359,1504,1.0,0.013962765957446808,TruSeq_R2,4,technical_match,0.018356420155606512
GCA_948549445.1,CAOWDT010000003.1,Adapter,14727,14747,42281,1.0,0.0004966769943946453,TruSeq_R2,4,technical_match,0.017279419921854278
GCA_948549445.1,CAOWDT010000004.1,Adapter,31510,31530,34769,1.0,0.0006039863096436481,TruSeq_R2,4,technical_match,0.004241962234877328
GCA_948549445.1,CAOWDT010000017.1,Adapter,19463,19483,26544,1.0,0.0007911392405063291,TruSeq_R2,4,technical_match,0.002570262770827614
GCA_948549445.1,CAOWDT010000017.1,Adapter,19519,19539,26544,1.0,0.0007911392405063291,TruSeq_R2,4,technical_match,0.002570262770827614
GCA_948549445.1,CAOWDT010000024.1,Adapter,21795,21815,21836,1.0,0.0009617145997435428,TruSeq,4,technical_match,0.0018955517424199542
GCA_948549445.1,CAOWDT010000044.1,Adapter,27,47,14704,1.0,0.001428182807399347,TruSeq_R2,4,technical_match,0.009820840652590257
GCA_948549445.1,CAOWDT010000070.1,Adapter,9692,9712,9740,1.0,0.00215605749486653,TruSeq_R2,4,technical_match,0.021561796472347905
GCA_948549445.1,CAOWDT010000076.1,Adapter,1844,1864,9255,1.0,0.00226904376012966,TruSeq_R2,4,technical_match,0.03217087841305927
GCA_948549445.1,CAOWDT010000081.1,Adapter,8647,8667,8695,1.0,0.0024151811385853938,TruSeq_R2,4,technical_match,0.00010109364482158156
GCA_948549445.1,CAOWDT010000086.1,Adapter,8403,8423,8440,1.0,0.0024881516587677726,TruSeq_R2,4,technical_match,0.014922589411028475
GCA_948549445.1,CAOWDT010000099.1,Adapter,25,45,7534,1.0,0.002787363950092912,TruSeq,4,technical_match,0.012754440469799011
GCA_948549445.1,CAOWDT010000121.1,Adapter,6,26,5537,1.0,0.0037926675094816687,TruSeq,4,technical_match,0.008027778086555637
GCA_948549445.1,CAOWDT010000129.1,Adapter,4767,4787,4809,1.0,0.004366812227074236,TruSeq,4,technical_match,0.018300341724214575
GCA_948549445.1,CAOWDT010000154.1,Adapter,3594,3614,3640,1.0,0.0057692307692307696,TruSeq_R2,4,technical_match,0.001039197921001933
GCA_948549445.1,CAOWDT010000163.1,Adapter,3338,3358,3376,1.0,0.006220379146919431,TruSeq,4,technical_match,0.006878358456270106
GCA_948549445.1,CAOWDT010000170.1,Adapter,2843,2863,2879,1.0,0.007294199374782911,TruSeq_R2,4,technical_match,0.006304049314569071
GCA_948549445.1,CAOWDT010000181.1,Adapter,18,38,2474,1.0,0.008488278092158448,TruSeq,4,technical_match,0.027277715561635107
GCA_948549445.1,CAOWDT010000183.1,Adapter,2288,2308,2333,1.0,0.009001285897985427,TruSeq,4,technical_match,0.02563941707737305
GCA_948549445.1,CAOWDT010000184.1,Adapter,6,26,2283,1.0,0.009198423127463863,TruSeq_R2,4,technical_match,0.011737238382511506
GCA_948555195.1,CAOWZX010000002.1,Adapter,59039,59059,59086,1.0,0.0003554141420979589,TruSeq_R2,4,technical_match,0.0044428673597149415
GCA_948555195.1,CAOWZX010000003.1,Adapter,7072,7092,42868,1.0,0.0004898758981058132,TruSeq_R2,4,technical_match,0.01708877720991203
GCA_948555195.1,CAOWZX010000008.1,Adapter,19,39,30544,1.0,0.0006875327396542693,TruSeq_R2,4,technical_match,0.005689092053725919
GCA_948555195.1,CAOWZX010000016.1,Adapter,2444,2464,24473,1.0,0.0008580885057001594,TruSeq,4,technical_match,0.010631748057017887
GCA_948555195.1,CAOWZX010000018.1,Adapter,27,47,23525,1.0,0.0008926673751328374,TruSeq,4,technical_match,0.003730846480653638
GCA_948555195.1,CAOWZX010000027.1,Adapter,26,46,18877,1.0,0.0011124649043809927,TruSeq,4,technical_match,0.021156231229609468
GCA_948555195.1,CAOWZX010000043.1,Adapter,11622,11642,11661,1.0,0.0018008747105737071,TruSeq,4,technical_match,0.005168034321381576
GCA_948555195.1,CAOWZX010000053.1,Adapter,26,46,10428,1.0,0.0020138089758342925,TruSeq,4,technical_match,0.010750903817717872
GCA_948555195.1,CAOWZX010000055.1,Adapter,10274,10294,10312,1.0,0.0020364623739332816,TruSeq_R2,4,technical_match,0.0099112643081401
GCA_948555195.1,CAOWZX010000056.1,Adapter,10262,10282,10288,1.0,0.002041213063763608,TruSeq_R2,4,technical_match,0.0058560490153882205
GCA_948555195.1,CAOWZX010000058.1,Adapter,10046,10066,10081,1.0,0.0020831266739410772,TruSeq_R2,4,technical_match,0.0192957488772999
GCA_948555195.1,CAOWZX010000070.1,Adapter,15,35,8108,1.0,0.002590034533793784,TruSeq,4,technical_match,0.018771241505043168
GCA_948555195.1,CAOWZX010000071.1,Adapter,7329,7349,7360,1.0,0.0028532608695652174,TruSeq,4,technical_match,0.0316046481243778
GCA_948555195.1,CAOWZX010000072.1,Adapter,7,27,7092,1.0,0.002961082910321489,TruSeq,4,technical_match,0.010566414187106021
GCA_948555195.1,CAOWZX010000091.1,Adapter,4758,4778,4788,1.0,0.0043859649122807015,TruSeq,4,technical_match,0.01517793823370911
GCA_948555195.1,CAOWZX010000092.1,Adapter,1,21,4708,1.0,0.0044604927782497875,TruSeq,4,technical_match,0.030551118193822502
GCA_948555195.1,CAOWZX010000107.1,Adapter,3405,3425,3451,1.0,0.006085192697768763,TruSeq,4,technical_match,0.005833854263083915
GCA_948555195.1,CAOWZX010000123.1,Adapter,31,51,1885,1.0,0.011140583554376658,TruSeq,4,technical_match,0.00298410262789528
GCA_948555195.1,CAOWZX010000123.1,Adapter,1837,1857,1885,1.0,0.011140583554376658,TruSeq,4,technical_match,0.00298410262789528
GCA_948555195.1,CAOWZX010000124.1,Adapter,1,21,1611,1.0,0.01303538175046555,TruSeq,4,technical_match,0.031790699186370064
GCA_948555195.1,CAOWZX010000127.1,Adapter,1525,1545,1557,1.0,0.01348747591522158,TruSeq_R2,4,technical_match,0.0144843678204436
GCA_948555195.1,CAOWZX010000131.1,Adapter,3,23,1214,1.0,0.01729818780889621,TruSeq_R2,4,technical_match,0.016793120660093197
GCA_948557125.1,CAOXHL010000006.1,Adapter,31,51,40355,1.0,0.0005203816131830009,TruSeq,4,technical_match,0.006637995258495233
GCA_948557125.1,CAOXHL010000020.1,Adapter,25225,25245,25256,1.0,0.0008314855875831486,TruSeq_R2,4,technical_match,0.026827748284645347
GCA_948557125.1,CAOXHL010000035.1,Adapter,16235,16255,16279,1.0,0.0012900055285951226,TruSeq_R2,4,technical_match,0.016123302176641985
GCA_948557125.1,CAOXHL010000038.1,Adapter,12,32,14666,1.0,0.0014318832674212465,TruSeq,4,technical_match,0.012477009950194906
GCA_948557125.1,CAOXHL010000041.1,Adapter,21,41,14005,1.0,0.0014994644769725097,TruSeq,4,technical_match,0.009351342668580953
GCA_948557125.1,CAOXHL010000066.1,Adapter,7417,7437,7455,1.0,0.0028169014084507044,TruSeq_R2,4,technical_match,0.04973900627077288
GCA_948557125.1,CAOXHL010000069.1,Adapter,6078,6098,6116,1.0,0.0034336167429692608,TruSeq_R2,4,technical_match,0.01693733467591052
GCA_948557125.1,CAOXHL010000070.1,Adapter,28,48,5763,1.0,0.003643935450286309,TruSeq,4,technical_match,0.029725466765478048
GCA_948557125.1,CAOXHL010000076.1,Adapter,12,32,5281,1.0,0.003976519598560878,TruSeq,4,technical_match,0.013208774461465012
GCA_948557125.1,CAOXHL010000076.1,Adapter,5254,5274,5281,1.0,0.003976519598560878,TruSeq,4,technical_match,0.013208774461465012
GCA_948557125.1,CAOXHL010000081.1,Adapter,4704,4724,4752,1.0,0.004419191919191919,TruSeq,4,technical_match,0.0030514736677473286
GCA_948557125.1,CAOXHL010000082.1,Adapter,26,46,4668,1.0,0.004498714652956298,TruSeq_R2,4,technical_match,0.04299244291462917
GCA_948557125.1,CAOXHL010000083.1,Adapter,28,48,4632,1.0,0.0045336787564766836,TruSeq,4,technical_match,0.015309197713036127
GCA_948557125.1,CAOXHL010000085.1,Adapter,1393,1413,4414,1.0,0.00475758948799275,TruSeq_R2,4,technical_match,0.0186181302425783
GCA_948557125.1,CAOXHL010000096.1,Adapter,3222,3242,3260,1.0,0.006441717791411043,TruSeq_R2,4,technical_match,0.0006088469919918182
GCA_948557125.1,CAOXHL010000097.1,Adapter,20,40,3248,1.0,0.00646551724137931,TruSeq,4,technical_match,0.04271120729299821
GCA_948557125.1,CAOXHL010000097.1,Adapter,3211,3231,3248,1.0,0.00646551724137931,TruSeq_R2,4,technical_match,0.04271120729299821
GCA_948557125.1,CAOXHL010000118.1,Adapter,2579,2599,2626,1.0,0.007996953541507998,TruSeq_R2,4,technical_match,0.042260522777786524
GCA_948557125.1,CAOXHL010000128.1,Adapter,2283,2303,2328,1.0,0.00902061855670103,TruSeq,4,technical_match,0.053786487031626695
GCA_948557125.1,CAOXHL010000141.1,Adapter,1793,1813,1841,1.0,0.011406844106463879,TruSeq,4,technical_match,0.058868561804227115
GCA_948557125.1,CAOXHL010000145.1,Adapter,1647,1667,1694,1.0,0.012396694214876033,TruSeq,4,technical_match,0.05443107050188961
GCA_948557355.1,CAOXIS010000004.1,Adapter,26,46,8879,1.0,0.002365131208469422,TruSeq,4,technical_match,0.006362008546606512
GCA_948557355.1,CAOXIS010000009.1,Adapter,2,22,6914,1.0,0.00303731559155337,TruSeq,4,technical_match,0.00406532689498984
GCA_948557355.1,CAOXIS010000021.1,Adapter,5556,5576,5603,1.0,0.0037479921470640726,TruSeq,4,technical_match,0.016494626792061207
GCA_948557355.1,CAOXIS010000025.1,Adapter,5005,5025,5036,1.0,0.0041699761715647335,TruSeq,4,technical_match,0.006893400454814513
GCA_948557355.1,CAOXIS010000034.1,Adapter,19,39,4724,1.0,0.004445385266723116,TruSeq_R2,4,technical_match,0.005553008936742099
GCA_948557355.1,CAOXIS010000034.1,Adapter,4685,4705,4724,1.0,0.004445385266723116,TruSeq,4,technical_match,0.005553008936742099
GCA_948557355.1,CAOXIS010000039.1,Adapter,28,48,4446,1.0,0.004723346828609987,TruSeq_R2,4,technical_match,0.018714510285494368
GCA_948557355.1,CAOXIS010000044.1,Adapter,16,36,4217,1.0,0.004979843490633152,TruSeq,4,technical_match,0.007753840336280682
GCA_948557355.1,CAOXIS010000046.1,Adapter,4024,4044,4072,1.0,0.005157170923379175,TruSeq_R2,4,technical_match,0.015778614505965294
GCA_948557355.1,CAOXIS010000048.1,Adapter,18,38,4030,1.0,0.005210918114143921,TruSeq,4,technical_match,0.008867376413519756
GCA_948557355.1,CAOXIS010000055.1,Adapter,27,47,3910,1.0,0.005370843989769821,TruSeq,4,technical_match,0.010265225875885353
GCA_948557355.1,CAOXIS010000056.1,Adapter,28,48,3835,1.0,0.005475880052151239,TruSeq_R2,4,technical_match,0.013998385371756739
GCA_948557355.1,CAOXIS010000064.1,Adapter,8,28,3622,1.0,0.005797901711761457,TruSeq_R2,4,technical_match,0.0007782548473302953
GCA_948557355.1,CAOXIS010000072.1,Adapter,3436,3456,3461,1.0,0.006067610517191563,TruSeq_R2,4,technical_match,0.01177664617089419
GCA_948557355.1,CAOXIS010000079.1,Adapter,3295,3315,3330,1.0,0.006306306306306306,TruSeq_R2,4,technical_match,0.03801151240085293
GCA_948557355.1,CAOXIS010000084.1,Adapter,3223,3243,3265,1.0,0.006431852986217458,TruSeq,4,technical_match,0.02728057907806858
GCA_948557355.1,CAOXIS010000088.1,Adapter,28,48,3215,1.0,0.006531881804043546,TruSeq,4,technical_match,0.008005300901639867
GCA_948557355.1,CAOXIS010000090.1,Adapter,12,32,3185,1.0,0.006593406593406593,TruSeq,4,technical_match,0.021092018131249057
GCA_948557355.1,CAOXIS010000091.1,Adapter,3143,3163,3176,1.0,0.006612090680100755,TruSeq_R2,4,technical_match,0.014940999304807412
GCA_948557355.1,CAOXIS010000101.1,Adapter,2986,3006,3012,1.0,0.0069721115537848604,TruSeq,4,technical_match,0.000704494442643977
GCA_948557355.1,CAOXIS010000104.1,Adapter,28,48,2985,1.0,0.007035175879396985,TruSeq,4,technical_match,0.017282716377939267
GCA_948557355.1,CAOXIS010000106.1,Adapter,2908,2928,2943,1.0,0.007135575942915392,TruSeq,4,technical_match,0.006183059331349716
GCA_948557355.1,CAOXIS010000111.1,Adapter,28,48,2890,1.0,0.00726643598615917,TruSeq_R2,4,technical_match,0.0044623382266787415
GCA_948557355.1,CAOXIS010000115.1,Adapter,26,46,2814,1.0,0.007462686567164179,TruSeq,4,technical_match,0.011429186293577143
GCA_948557355.1,CAOXIS010000116.1,Adapter,2767,2787,2812,1.0,0.007467994310099573,TruSeq_R2,4,technical_match,0.002450001744871755
GCA_948557355.1,CAOXIS010000129.1,Adapter,2659,2679,2706,1.0,0.007760532150776054,TruSeq_R2,4,technical_match,0.027515211662456518
GCA_948557355.1,CAOXIS010000130.1,Adapter,2654,2674,2696,1.0,0.007789317507418398,TruSeq_R2,4,technical_match,0.041949011921689205
GCA_948557355.1,CAOXIS010000131.1,Adapter,1510,1530,2696,1.0,0.007789317507418398,TruSeq,4,technical_match,0.004939348651101683
GCA_948557355.1,CAOXIS010000134.1,Adapter,2637,2657,2665,1.0,0.007879924953095686,TruSeq,4,technical_match,0.00849024629422096
GCA_948557355.1,CAOXIS010000146.1,Adapter,28,48,2508,1.0,0.008373205741626795,TruSeq_R2,4,technical_match,0.018140333224676897
GCA_948557355.1,CAOXIS010000154.1,Adapter,2414,2434,2457,1.0,0.008547008547008548,TruSeq,4,technical_match,0.0011999755893161157
GCA_948557355.1,CAOXIS010000155.1,Adapter,27,47,2456,1.0,0.008550488599348535,TruSeq_R2,4,technical_match,0.002273820311369301
GCA_948557355.1,CAOXIS010000156.1,Adapter,2395,2415,2440,1.0,0.00860655737704918,TruSeq,4,technical_match,0.018539710953649147
GCA_948557355.1,CAOXIS010000163.1,Adapter,2388,2408,2416,1.0,0.00869205298013245,TruSeq,4,technical_match,0.038920119683632404
GCA_948557355.1,CAOXIS010000165.1,Adapter,2317,2337,2355,1.0,0.008917197452229299,TruSeq,4,technical_match,0.01734052294005456
GCA_948557355.1,CAOXIS010000168.1,Adapter,1,21,2337,1.0,0.008985879332477536,TruSeq,4,technical_match,0.006113760990906381
GCA_948557355.1,CAOXIS010000177.1,Adapter,27,47,2210,1.0,0.009502262443438913,TruSeq_R2,4,technical_match,0.009538695692742072
GCA_948557355.1,CAOXIS010000190.1,Adapter,28,48,2140,1.0,0.009813084112149532,TruSeq,4,technical_match,0.008125278595751184
GCA_948557355.1,CAOXIS010000191.1,Adapter,5,25,2139,1.0,0.009817671809256662,TruSeq_R2,4,technical_match,0.01975131672130237
GCA_948557355.1,CAOXIS010000200.1,Adapter,595,615,2068,1.0,0.010154738878143133,TruSeq_R2,4,technical_match,0.014954928119778832
GCA_948557355.1,CAOXIS010000204.1,Adapter,2021,2041,2046,1.0,0.010263929618768328,TruSeq,4,technical_match,0.034989641245462
GCA_948557355.1,CAOXIS010000241.1,Adapter,1811,1831,1847,1.0,0.01136978884677856,TruSeq,4,technical_match,0.01515562333260656
GCA_948557355.1,CAOXIS010000256.1,Adapter,1733,1753,1763,1.0,0.01191151446398185,TruSeq_R2,4,technical_match,0.004790259383797291
GCA_948557355.1,CAOXIS010000259.1,Adapter,1732,1752,1753,1.0,0.011979463776383342,TruSeq_R2,4,technical_match,0.04666677348052928
GCA_948557355.1,CAOXIS010000265.1,Adapter,1670,1690,1716,1.0,0.012237762237762238,TruSeq,4,technical_match,0.024857300467959975
GCA_948557355.1,CAOXIS010000275.1,Adapter,1636,1656,1681,1.0,0.012492563950029744,TruSeq_R2,4,technical_match,0.02594322757825518
GCA_948557355.1,CAOXIS010000286.1,Adapter,3,23,1634,1.0,0.012851897184822521,TruSeq_R2,4,technical_match,0.013151645861448569
GCA_948557355.1,CAOXIS010000287.1,Adapter,28,48,1630,1.0,0.012883435582822086,TruSeq_R2,4,technical_match,0.011009287540192425
GCA_948557355.1,CAOXIS010000288.1,Adapter,480,500,1624,1.0,0.01293103448275862,TruSeq_R2,4,technical_match,0.04632375223180951
GCA_948557355.1,CAOXIS010000308.1,Adapter,26,46,1559,1.0,0.013470173187940988,TruSeq,4,technical_match,0.012044637398722136
GCA_948557355.1,CAOXIS010000322.1,Adapter,1483,1503,1517,1.0,0.013843111404087014,TruSeq,4,technical_match,0.002675516091053598
GCA_948560715.1,CAOXVE010000004.1,Adapter,2019,2039,28397,1.0,0.0007395147374722682,TruSeq_R2,4,technical_match,0.0038227363657172275
GCA_948560715.1,CAOXVE010000006.1,Adapter,25034,25054,25071,1.0,0.0008376211559171952,TruSeq,4,technical_match,0.0007537325794043093
GCA_948560715.1,CAOXVE010000017.1,Adapter,2929,2949,19095,1.0,0.0010997643362136685,TruSeq,4,technical_match,0.015801461791345173
GCA_948560715.1,CAOXVE010000033.1,Adapter,8973,8993,13804,1.0,0.0015212981744421906,TruSeq_R2,4,technical_match,0.006707886340219349
GCA_948560715.1,CAOXVE010000044.1,Adapter,11581,11601,11628,1.0,0.001805985552115583,TruSeq,4,technical_match,0.011026331131503975
GCA_948560715.1,CAOXVE010000047.1,Adapter,10897,10917,10929,1.0,0.0019214932747735384,TruSeq_R2,4,technical_match,0.0050316738109895676
GCA_948560715.1,CAOXVE010000049.1,Adapter,2,22,10860,1.0,0.0019337016574585636,TruSeq_R2,4,technical_match,0.008684204012167351
GCA_948560715.1,CAOXVE010000050.1,Adapter,10706,10726,10751,1.0,0.001953306669147056,TruSeq_R2,4,technical_match,0.014482915822331743
GCA_948560715.1,CAOXVE010000056.1,Adapter,9407,9427,9434,1.0,0.0022259910960356157,TruSeq_R2,4,technical_match,0.01124896745220022
GCA_948560715.1,CAOXVE010000057.1,Adapter,29,49,9402,1.0,0.0022335673261008296,TruSeq_R2,4,technical_match,0.023460655257225183
GCA_948560715.1,CAOXVE010000060.1,Adapter,8755,8775,8807,1.0,0.002384466901328489,TruSeq,4,technical_match,0.030834095197757094
GCA_948560715.1,CAOXVE010000066.1,Adapter,8288,8308,8335,1.0,0.002519496100779844,TruSeq,4,technical_match,0.004378269618935504
GCA_948560715.1,CAOXVE010000070.1,Adapter,7956,7976,7983,1.0,0.0026305900037579856,TruSeq_R2,4,technical_match,0.003695936659688537
GCA_948560715.1,CAOXVE010000072.1,Adapter,934,954,7759,1.0,0.002706534347209692,TruSeq,4,technical_match,0.0016435165308384403
GCA_948560715.1,CAOXVE010000087.1,Adapter,26,46,6459,1.0,0.003251277287505806,TruSeq_R2,4,technical_match,0.005261381431315271
GCA_948560715.1,CAOXVE010000095.1,Adapter,10,30,5726,1.0,0.003667481662591687,TruSeq_R2,4,technical_match,0.006742526072569699
GCA_948560715.1,CAOXVE010000102.1,Adapter,18,38,5522,1.0,0.003802969938428106,TruSeq_R2,4,technical_match,0.020357406208593665
GCA_948560715.1,CAOXVE010000106.1,Adapter,19,39,5388,1.0,0.0038975501113585748,TruSeq,4,technical_match,0.006380580838144578
GCA_948560715.1,CAOXVE010000110.1,Adapter,5116,5136,5163,1.0,0.004067402672864613,TruSeq,4,technical_match,0.014542558666994554
GCA_948560715.1,CAOXVE010000122.1,Adapter,20,40,4503,1.0,0.004663557628247834,TruSeq_R2,4,technical_match,0.022021353854104753
GCA_948560715.1,CAOXVE010000122.1,Adapter,4471,4491,4503,1.0,0.004663557628247834,TruSeq_R2,4,technical_match,0.022021353854104753
GCA_948560715.1,CAOXVE010000124.1,Adapter,26,46,4409,1.0,0.004762984803810388,TruSeq_R2,4,technical_match,0.020596331741128182
GCA_948560715.1,CAOXVE010000125.1,Adapter,28,48,4269,1.0,0.004919184820801124,TruSeq_R2,4,technical_match,0.0241091319871804
GCA_948560715.1,CAOXVE010000126.1,Adapter,23,43,4219,1.0,0.0049774828158331355,TruSeq_R2,4,technical_match,0.017022816364389293
GCA_948560715.1,CAOXVE010000135.1,Adapter,3879,3899,3926,1.0,0.005348955680081508,TruSeq,4,technical_match,0.004253157432383747
GCA_948560715.1,CAOXVE010000141.1,Adapter,3549,3569,3596,1.0,0.005839822024471635,TruSeq_R2,4,technical_match,0.004399496518604495
GCA_948560715.1,CAOXVE010000143.1,Adapter,28,48,3449,1.0,0.006088721368512612,TruSeq,4,technical_match,0.017743051973099666
GCA_948560715.1,CAOXVE010000143.1,Adapter,3416,3436,3449,1.0,0.006088721368512612,TruSeq_R2,4,technical_match,0.017743051973099666
GCA_948560715.1,CAOXVE010000146.1,Adapter,3303,3323,3342,1.0,0.0062836624775583485,TruSeq_R2,4,technical_match,0.010095532209567715
GCA_948560715.1,CAOXVE010000164.1,Adapter,2887,2907,2916,1.0,0.00720164609053498,TruSeq_R2,4,technical_match,0.037457108161475516
GCA_948560715.1,CAOXVE010000167.1,Adapter,19,39,2815,1.0,0.007460035523978685,TruSeq_R2,4,technical_match,0.028285033559220296
GCA_948560715.1,CAOXVE010000169.1,Adapter,2,22,2649,1.0,0.007927519818799546,TruSeq,4,technical_match,0.010115864396843421
GCA_948560715.1,CAOXVE010000172.1,Adapter,4,24,2538,1.0,0.008274231678486997,TruSeq,4,technical_match,0.012793891459106477
GCA_948560715.1,CAOXVE010000177.1,Adapter,19,39,2112,1.0,0.009943181818181818,TruSeq_R2,4,technical_match,0.027455131519282694
GCA_948560715.1,CAOXVE010000179.1,Adapter,28,48,2061,1.0,0.010189228529839884,TruSeq_R2,4,technical_match,0.02972832973077244
GCA_948560715.1,CAOXVE010000182.1,Adapter,6,26,1727,1.0,0.012159814707585408,TruSeq_R2,4,technical_match,0.03021159745250024
GCA_948563465.1,CAOYFR010000015.1,Adapter,31415,31435,31454,1.0,0.0006676416354040822,TruSeq_R2,4,technical_match,0.0004923178485841118
GCA_948563465.1,CAOYFR010000022.1,Adapter,24572,24592,24608,1.0,0.0008533810143042913,TruSeq_R2,4,technical_match,0.0035680189257488726
GCA_948563465.1,CAOYFR010000059.1,Adapter,8319,8339,8360,1.0,0.002511961722488038,TruSeq,4,technical_match,0.00194810062303441
GCA_948563465.1,CAOYFR010000074.1,Adapter,22,42,6212,1.0,0.003380553766902769,TruSeq_R2,4,technical_match,0.03598292346919146
GCA_948563775.1,CAOYHE010000004.1,Adapter,26,46,7084,1.0,0.0029644268774703555,TruSeq_R2,4,technical_match,0.003668036057624835
GCA_948563775.1,CAOYHE010000013.1,Adapter,5302,5322,5323,1.0,0.003945143715949653,TruSeq_R2,4,technical_match,0.007907345082973694
GCA_948563775.1,CAOYHE010000019.1,Adapter,28,48,4915,1.0,0.004272634791454731,TruSeq,4,technical_match,0.025466101762984084
GCA_948563775.1,CAOYHE010000020.1,Adapter,926,946,4911,1.0,0.004276114844227245,TruSeq_R2,4,technical_match,0.0022327375149507334
GCA_948563775.1,CAOYHE010000034.1,Adapter,4210,4230,4242,1.0,0.0049504950495049506,TruSeq_R2,4,technical_match,0.014958022064056942
GCA_948563775.1,CAOYHE010000036.1,Adapter,19,39,4183,1.0,0.005020320344250538,TruSeq,4,technical_match,0.017775304564911276
GCA_948563775.1,CAOYHE010000042.1,Adapter,3918,3938,3948,1.0,0.005319148936170213,TruSeq,4,technical_match,0.000786112938614858
GCA_948563775.1,CAOYHE010000044.1,Adapter,27,47,3914,1.0,0.005365355135411344,TruSeq_R2,4,technical_match,0.008763038808756063
GCA_948563775.1,CAOYHE010000046.1,Adapter,3867,3887,3909,1.0,0.005372217958557176,TruSeq_R2,4,technical_match,0.010775741436877484
GCA_948563775.1,CAOYHE010000050.1,Adapter,3725,3745,3747,1.0,0.005604483586869495,TruSeq_R2,4,technical_match,0.0011248383147891006
GCA_948563775.1,CAOYHE010000060.1,Adapter,18,38,3566,1.0,0.005888951205832866,TruSeq_R2,4,technical_match,0.016478475968718487
GCA_948563775.1,CAOYHE010000060.1,Adapter,3519,3539,3566,1.0,0.005888951205832866,TruSeq,4,technical_match,0.016478475968718487
GCA_948563775.1,CAOYHE010000074.1,Adapter,17,37,3350,1.0,0.00626865671641791,TruSeq,4,technical_match,0.01911272115837742
GCA_948563775.1,CAOYHE010000075.1,Adapter,28,48,3315,1.0,0.006334841628959276,TruSeq,4,technical_match,0.007905130758508738
GCA_948563775.1,CAOYHE010000085.1,Adapter,3166,3186,3213,1.0,0.006535947712418301,TruSeq,4,technical_match,0.0028008668307153983
GCA_948563775.1,CAOYHE010000092.1,Adapter,3146,3166,3171,1.0,0.006622516556291391,TruSeq_R2,4,technical_match,0.027334889416939012
GCA_948563775.1,CAOYHE010000094.1,Adapter,3100,3120,3151,1.0,0.006664550936210727,TruSeq,4,technical_match,0.01923720189654632
GCA_948563775.1,CAOYHE010000097.1,Adapter,27,47,3113,1.0,0.006745904272406039,TruSeq_R2,4,technical_match,0.00819865002937159
GCA_948563775.1,CAOYHE010000109.1,Adapter,2969,2989,3002,1.0,0.0069953364423717525,TruSeq,4,technical_match,0.012314069513205517
GCA_948563775.1,CAOYHE010000111.1,Adapter,2932,2952,2972,1.0,0.0070659488559892325,TruSeq_R2,4,technical_match,0.003670885920033451
GCA_948563775.1,CAOYHE010000112.1,Adapter,6,26,2953,1.0,0.007111412123264477,TruSeq,4,technical_match,0.009197269693324128
GCA_948563775.1,CAOYHE010000113.1,Adapter,17,37,2932,1.0,0.007162346521145975,TruSeq_R2,4,technical_match,0.014836088680558857
GCA_948563775.1,CAOYHE010000118.1,Adapter,2827,2847,2874,1.0,0.007306889352818371,TruSeq_R2,4,technical_match,0.015428975369422004
GCA_948563775.1,CAOYHE010000123.1,Adapter,27,47,2832,1.0,0.007415254237288136,TruSeq,4,technical_match,0.02047223713780233
GCA_948563775.1,CAOYHE010000139.1,Adapter,2576,2596,2622,1.0,0.008009153318077803,TruSeq,4,technical_match,0.015094824372284987
GCA_948563775.1,CAOYHE010000152.1,Adapter,27,47,2483,1.0,0.008457511075312122,TruSeq,4,technical_match,0.033938149214216284
GCA_948563775.1,CAOYHE010000158.1,Adapter,2429,2449,2467,1.0,0.008512363194162952,TruSeq_R2,4,technical_match,0.03652924615399117
GCA_948563775.1,CAOYHE010000182.1,Adapter,26,46,2278,1.0,0.009218612818261633,TruSeq_R2,4,technical_match,0.029824943459708653
GCA_948563775.1,CAOYHE010000185.1,Adapter,25,45,2274,1.0,0.009234828496042216,TruSeq_R2,4,technical_match,0.012101077529555804
GCA_948563775.1,CAOYHE010000188.1,Adapter,23,43,2270,1.0,0.009251101321585903,TruSeq,4,technical_match,0.014767875856547985
GCA_948563775.1,CAOYHE010000206.1,Adapter,29,49,2164,1.0,0.009704251386321626,TruSeq,4,technical_match,0.023402179596317074
GCA_948563775.1,CAOYHE010000220.1,Adapter,611,631,2074,1.0,0.010125361620057859,TruSeq,4,technical_match,0.02767398460856829
GCA_948563775.1,CAOYHE010000236.1,Adapter,28,48,2002,1.0,0.01048951048951049,TruSeq_R2,4,technical_match,0.00036698927831718686
GCA_948563775.1,CAOYHE010000246.1,Adapter,1915,1935,1956,1.0,0.010736196319018405,TruSeq_R2,4,technical_match,0.0273589135095052
GCA_948563775.1,CAOYHE010000262.1,Adapter,1815,1835,1863,1.0,0.011272141706924315,TruSeq_R2,4,technical_match,0.02492616601140696
GCA_948563775.1,CAOYHE010000264.1,Adapter,4,24,1863,1.0,0.011272141706924315,TruSeq,4,technical_match,0.02653647196953901
GCA_948563775.1,CAOYHE010000265.1,Adapter,1810,1830,1857,1.0,0.011308562197092083,TruSeq_R2,4,technical_match,0.034801321774038996
GCA_948563775.1,CAOYHE010000303.1,Adapter,24,44,1713,1.0,0.012259194395796848,TruSeq,4,technical_match,0.010013209957812796
GCA_948563775.1,CAOYHE010000309.1,Adapter,1637,1657,1684,1.0,0.012470308788598575,TruSeq_R2,4,technical_match,0.004407751383595393
GCA_948563775.1,CAOYHE010000310.1,Adapter,1652,1672,1681,1.0,0.012492563950029744,TruSeq,4,technical_match,0.013578346630067128
GCA_948563775.1,CAOYHE010000314.1,Adapter,1619,1639,1661,1.0,0.012642986152919929,TruSeq_R2,4,technical_match,0.009560169655464301
GCA_948563775.1,CAOYHE010000317.1,Adapter,21,41,1645,1.0,0.01276595744680851,TruSeq,4,technical_match,0.005444890100898825
GCA_948563775.1,CAOYHE010000319.1,Adapter,1596,1616,1639,1.0,0.012812690665039659,TruSeq_R2,4,technical_match,0.010893562250690714
GCA_948563775.1,CAOYHE010000329.1,Adapter,1572,1592,1596,1.0,0.013157894736842105,TruSeq,4,technical_match,0.037073640267575536
GCA_948563775.1,CAOYHE010000354.1,Adapter,14,34,1505,1.0,0.013953488372093023,TruSeq_R2,4,technical_match,0.015165234511344994
GCA_948563775.1,CAOYHE010000354.1,Adapter,744,764,1505,1.0,0.013953488372093023,TruSeq,4,technical_match,0.015165234511344994
GCA_948563775.1,CAOYHE010000379.1,Adapter,1243,1263,1265,1.0,0.016600790513833993,TruSeq_R2,4,technical_match,0.017840819795625962
GCA_948565485.1,CAOYNG010000113.1,Adapter,1452,1472,1598,1.0,0.013141426783479349,TruSeq_R2,4,technical_match,0.011462208680867447
GCA_948565485.1,CAOYNG010000113.1,Adapter,1571,1591,1598,1.0,0.013141426783479349,TruSeq,4,technical_match,0.011462208680867447
GCA_948575735.1,CAPABA010000021.1,Adapter,23002,23022,23036,1.0,0.0009116166001041847,TruSeq_R2,4,technical_match,0.002013597833652736
GCA_948575735.1,CAPABA010000031.1,Adapter,19306,19326,19339,1.0,0.0010858886188530948,TruSeq_R2,4,technical_match,0.031199005304780203
GCA_948575735.1,CAPABA010000055.1,Adapter,11222,11242,11254,1.0,0.0018660031988626266,TruSeq,4,technical_match,0.003218964622575593
GCA_948575735.1,CAPABA010000066.1,Adapter,3,23,9258,1.0,0.002268308489954634,TruSeq_R2,4,technical_match,0.01880394680677433
GCA_948575735.1,CAPABA010000080.1,Adapter,6,26,6794,1.0,0.0030909626140712392,TruSeq_R2,4,technical_match,0.015935733338739322
GCA_948575735.1,CAPABA010000094.1,Adapter,4980,5000,5016,1.0,0.004186602870813397,TruSeq_R2,4,technical_match,0.014747064927298048
GCA_948575735.1,CAPABA010000122.1,Adapter,2904,2924,2930,1.0,0.007167235494880546,TruSeq,4,technical_match,0.053682811834124544
GCA_948575735.1,CAPABA010000131.1,Adapter,2,22,2504,1.0,0.008386581469648562,TruSeq,4,technical_match,0.06999143371280242
GCA_948575735.1,CAPABA010000131.1,Adapter,2477,2497,2504,1.0,0.008386581469648562,TruSeq_R2,4,technical_match,0.06999143371280242
GCA_948575735.1,CAPABA010000138.1,Adapter,1547,1567,2318,1.0,0.0090595340811044,TruSeq_R2,4,technical_match,0.025396867707448367
GCA_948575735.1,CAPABA010000153.1,Adapter,1828,1848,1848,1.0,0.011363636363636364,TruSeq_R2,4,technical_match,0.03004098153700413
GCA_948575735.1,CAPABA010000162.1,Adapter,1551,1571,1584,1.0,0.013257575757575758,TruSeq_R2,4,technical_match,0.03581298730900989
GCA_948575855.1,CAPABK010000005.1,Adapter,11333,11353,11359,1.0,0.0018487542917510343,TruSeq_R2,4,technical_match,0.02947761114257741
GCA_948575855.1,CAPABK010000009.1,Adapter,9431,9451,9457,1.0,0.0022205773501110288,TruSeq_R2,4,technical_match,0.0027141184092931425
GCA_948575855.1,CAPABK010000035.1,Adapter,5604,5624,5637,1.0,0.0037253858435337944,TruSeq,4,technical_match,0.005936925978633656
GCA_948575855.1,CAPABK010000066.1,Adapter,12,32,4391,1.0,0.004782509678888636,TruSeq_R2,4,technical_match,0.004667481321976807
GCA_948575855.1,CAPABK010000086.1,Adapter,4,24,3932,1.0,0.005340793489318413,TruSeq,4,technical_match,0.0011846813718529026
GCA_948575855.1,CAPABK010000106.1,Adapter,2586,2606,3536,1.0,0.005938914027149321,TruSeq_R2,4,technical_match,0.005333985799410135
GCA_948575855.1,CAPABK010000113.1,Adapter,3350,3370,3376,1.0,0.006220379146919431,TruSeq_R2,4,technical_match,0.007588858382217456
GCA_948575855.1,CAPABK010000118.1,Adapter,3298,3318,3327,1.0,0.0063119927862939585,TruSeq,4,technical_match,0.014626293680407021
GCA_948575855.1,CAPABK010000139.1,Adapter,24,44,3129,1.0,0.006711409395973154,TruSeq,4,technical_match,0.016511487470990627
GCA_948575855.1,CAPABK010000160.1,Adapter,23,43,2932,1.0,0.007162346521145975,TruSeq,4,technical_match,0.023072115639810653
GCA_948575855.1,CAPABK010000207.1,Adapter,2309,2329,2343,1.0,0.008962868117797696,TruSeq_R2,4,technical_match,0.03707175696205056
GCA_948575855.1,CAPABK010000211.1,Adapter,2272,2292,2320,1.0,0.009051724137931035,TruSeq,4,technical_match,0.02104100003973025
GCA_948575855.1,CAPABK010000221.1,Adapter,2203,2223,2251,1.0,0.009329187027987561,TruSeq,4,technical_match,0.015620675231030667
GCA_948575855.1,CAPABK010000253.1,Adapter,29,49,2017,1.0,0.010411502231036193,TruSeq,4,technical_match,0.06835281631436341
GCA_948575855.1,CAPABK010000265.1,Adapter,1933,1953,1961,1.0,0.010708822029576747,TruSeq_R2,4,technical_match,0.01587915857040889
GCA_948575855.1,CAPABK010000275.1,Adapter,1886,1906,1909,1.0,0.011000523834468309,TruSeq_R2,4,technical_match,0.041363264695372104
GCA_948575855.1,CAPABK010000310.1,Adapter,29,49,1737,1.0,0.012089810017271158,TruSeq,4,technical_match,0.03121740227897224
GCA_948575855.1,CAPABK010000320.1,Adapter,19,39,1696,1.0,0.012382075471698114,TruSeq,4,technical_match,0.04426072409820081
GCA_948575855.1,CAPABK010000346.1,Adapter,1558,1578,1598,1.0,0.013141426783479349,TruSeq,4,technical_match,0.01092544611456514
GCA_948575855.1,CAPABK010000365.1,Adapter,1489,1509,1511,1.0,0.013898080741230973,TruSeq_R2,4,technical_match,0.0006844501074662057
GCA_948577235.1,CAPAGU010000001.1,Adapter,4,24,52205,1.0,0.00040226031989273056,TruSeq,4,technical_match,0.008058779024378404
GCA_948577235.1,CAPAGU010000004.1,Adapter,11240,11260,49275,1.0,0.00042617960426179604,TruSeq_R2,4,technical_match,0.006103793753006126
GCA_948577235.1,CAPAGU010000005.1,Adapter,29,49,41292,1.0,0.0005085730892182505,TruSeq,4,technical_match,0.002325509460243569
GCA_948577235.1,CAPAGU010000005.1,Adapter,41250,41270,41292,1.0,0.0005085730892182505,TruSeq,4,technical_match,0.002325509460243569
GCA_948577235.1,CAPAGU010000010.1,Adapter,29386,29406,29414,1.0,0.0007139457401237506,TruSeq,4,technical_match,0.0008126359662857796
GCA_948577235.1,CAPAGU010000011.1,Adapter,28181,28201,28770,1.0,0.00072992700729927,TruSeq_R2,4,technical_match,0.011466180687126848
GCA_948577235.1,CAPAGU010000016.1,Adapter,3276,3296,24869,1.0,0.0008444247858780007,TruSeq_R2,4,technical_match,0.0008728682444997249
GCA_948577235.1,CAPAGU010000021.1,Adapter,20855,20875,20901,1.0,0.0010047366154729439,TruSeq_R2,4,technical_match,0.001095162123597837
GCA_948577235.1,CAPAGU010000022.1,Adapter,20416,20436,20463,1.0,0.0010262424864389385,TruSeq,4,technical_match,0.01757636099467852
GCA_948577235.1,CAPAGU010000029.1,Adapter,19,39,18113,1.0,0.0011593882846574284,TruSeq,4,technical_match,0.009313521616527265
GCA_948577235.1,CAPAGU010000037.1,Adapter,15810,15830,15857,1.0,0.001324336255281579,TruSeq_R2,4,technical_match,0.0037644327222123297
GCA_948577235.1,CAPAGU010000039.1,Adapter,28,48,15129,1.0,0.001388062661114416,TruSeq_R2,4,technical_match,0.018863895440781875
GCA_948577235.1,CAPAGU010000041.1,Adapter,14090,14110,14122,1.0,0.0014870414955388755,TruSeq,4,technical_match,0.0046917888885731895
GCA_948577235.1,CAPAGU010000043.1,Adapter,12853,12873,12878,1.0,0.001630687995030284,TruSeq,4,technical_match,0.007000429710112832
GCA_948577235.1,CAPAGU010000044.1,Adapter,29,49,12658,1.0,0.0016590298625375256,TruSeq_R2,4,technical_match,0.020788035228334667
GCA_948577235.1,CAPAGU010000046.1,Adapter,489,509,12222,1.0,0.001718213058419244,TruSeq_R2,4,technical_match,0.010583680461565104
GCA_948577235.1,CAPAGU010000047.1,Adapter,11933,11953,11973,1.0,0.0017539463793535455,TruSeq,4,technical_match,0.008866187430993988
GCA_948577235.1,CAPAGU010000048.1,Adapter,11865,11885,11888,1.0,0.0017664872139973081,TruSeq_R2,4,technical_match,0.0015257102090415198
GCA_948577235.1,CAPAGU010000055.1,Adapter,9719,9739,9746,1.0,0.0021547301457008005,TruSeq_R2,4,technical_match,0.011277321043482613
GCA_948577235.1,CAPAGU010000061.1,Adapter,8835,8855,8873,1.0,0.0023667305308238476,TruSeq_R2,4,technical_match,0.017656204271639164
GCA_948577235.1,CAPAGU010000063.1,Adapter,8354,8374,8391,1.0,0.0025026814444047193,TruSeq_R2,4,technical_match,0.018684458973379003
GCA_948577235.1,CAPAGU010000065.1,Adapter,27,47,8115,1.0,0.002587800369685767,TruSeq_R2,4,technical_match,0.012415176970458408
GCA_948577235.1,CAPAGU010000069.1,Adapter,7849,7869,7892,1.0,0.0026609224531170808,TruSeq,4,technical_match,0.0043639874523209166
GCA_948577235.1,CAPAGU010000071.1,Adapter,7498,7518,7536,1.0,0.002786624203821656,TruSeq,4,technical_match,0.012674350169264714
GCA_948577235.1,CAPAGU010000078.1,Adapter,6411,6431,6879,1.0,0.0030527692978630614,TruSeq_R2,4,technical_match,0.016595984118987217
GCA_948577235.1,CAPAGU010000080.1,Adapter,6323,6343,6356,1.0,0.003303964757709251,TruSeq_R2,4,technical_match,0.03274564518093348
GCA_948577235.1,CAPAGU010000087.1,Adapter,5023,5043,5051,1.0,0.004157592555929519,TruSeq,4,technical_match,0.0022813028073168096
GCA_948577235.1,CAPAGU010000090.1,Adapter,1,21,4937,1.0,0.0042535953007899535,TruSeq,4,technical_match,0.015255519398366724
GCA_948577235.1,CAPAGU010000091.1,Adapter,24,44,4832,1.0,0.004346026490066225,TruSeq_R2,4,technical_match,0.014919204009902542
GCA_948577235.1,CAPAGU010000092.1,Adapter,4736,4756,4784,1.0,0.004389632107023411,TruSeq,4,technical_match,0.01096216730920041
GCA_948577235.1,CAPAGU010000100.1,Adapter,4174,4194,4198,1.0,0.0050023820867079564,TruSeq,4,technical_match,0.003710271867920112
GCA_948577235.1,CAPAGU010000117.1,Adapter,2424,2444,2467,1.0,0.008512363194162952,TruSeq_R2,4,technical_match,0.003984882917673904
GCA_948577235.1,CAPAGU010000123.1,Adapter,26,46,2009,1.0,0.010452961672473868,TruSeq,4,technical_match,0.0030488841298922376
GCA_948577235.1,CAPAGU010000128.1,Adapter,8,28,1593,1.0,0.013182674199623353,TruSeq,4,technical_match,0.007362804820119528
GCA_948577235.1,CAPAGU010000130.1,Adapter,21,41,1524,1.0,0.013779527559055118,TruSeq_R2,4,technical_match,0.0018235468859171822
GCA_948581995.1,CAPAYY010000005.1,Adapter,23,43,7267,1.0,0.0028897756983624606,TruSeq_R2,4,technical_match,0.0031105492099633425
GCA_948581995.1,CAPAYY010000008.1,Adapter,6470,6490,6495,1.0,0.003233256351039261,TruSeq_R2,4,technical_match,0.00031740646936639916
GCA_948581995.1,CAPAYY010000014.1,Adapter,5851,5871,5878,1.0,0.003572643756379721,TruSeq,4,technical_match,0.03424384553147913
GCA_948581995.1,CAPAYY010000018.1,Adapter,2085,2105,5594,1.0,0.003754022166607079,TruSeq,4,technical_match,0.00598213171973494
GCA_948581995.1,CAPAYY010000030.1,Adapter,13,33,4762,1.0,0.004409911801763965,TruSeq_R2,4,technical_match,0.029350088716262324
GCA_948581995.1,CAPAYY010000042.1,Adapter,22,42,4231,1.0,0.004963365634601749,TruSeq,4,technical_match,0.016341663858899125
GCA_948581995.1,CAPAYY010000043.1,Adapter,24,44,4145,1.0,0.005066344993968637,TruSeq_R2,4,technical_match,0.00120776381021781
GCA_948581995.1,CAPAYY010000043.1,Adapter,4104,4124,4145,1.0,0.005066344993968637,TruSeq_R2,4,technical_match,0.00120776381021781
GCA_948581995.1,CAPAYY010000046.1,Adapter,26,46,4096,1.0,0.005126953125,TruSeq_R2,4,technical_match,0.0021460647144007083
GCA_948581995.1,CAPAYY010000057.1,Adapter,4,24,3681,1.0,0.0057049714751426246,TruSeq,4,technical_match,0.015879492530742167
GCA_948581995.1,CAPAYY010000063.1,Adapter,2,22,3504,1.0,0.0059931506849315065,TruSeq_R2,4,technical_match,0.010457382644535218
GCA_948581995.1,CAPAYY010000073.1,Adapter,11,31,3318,1.0,0.006329113924050633,TruSeq,4,technical_match,0.024315117923440988
GCA_948581995.1,CAPAYY010000075.1,Adapter,10,30,3297,1.0,0.006369426751592357,TruSeq_R2,4,technical_match,0.018565740852609425
GCA_948581995.1,CAPAYY010000076.1,Adapter,27,47,3275,1.0,0.006412213740458015,TruSeq,4,technical_match,0.004611810955663986
GCA_948581995.1,CAPAYY010000089.1,Adapter,3033,3053,3068,1.0,0.006844850065189048,TruSeq_R2,4,technical_match,0.01650446441083775
GCA_948581995.1,CAPAYY010000094.1,Adapter,29,49,3035,1.0,0.0069192751235584845,TruSeq_R2,4,technical_match,0.03815388694541372
GCA_948581995.1,CAPAYY010000095.1,Adapter,7,27,3034,1.0,0.006921555702043507,TruSeq_R2,4,technical_match,0.023256987504396698
GCA_948581995.1,CAPAYY010000105.1,Adapter,17,37,2847,1.0,0.007376185458377239,TruSeq_R2,4,technical_match,0.01592996731904328
GCA_948581995.1,CAPAYY010000107.1,Adapter,732,752,2821,1.0,0.007444168734491315,TruSeq_R2,4,technical_match,0.04889282323770394
GCA_948581995.1,CAPAYY010000107.1,Adapter,2801,2821,2821,1.0,0.007444168734491315,TruSeq_R2,4,technical_match,0.04889282323770394
GCA_948581995.1,CAPAYY010000109.1,Adapter,6,26,2818,1.0,0.007452093683463449,TruSeq_R2,4,technical_match,0.03124593509763035
GCA_948581995.1,CAPAYY010000116.1,Adapter,2730,2750,2753,1.0,0.007628042135851798,TruSeq,4,technical_match,0.015753577189862367
GCA_948581995.1,CAPAYY010000118.1,Adapter,11,31,2726,1.0,0.007703595011005136,TruSeq_R2,4,technical_match,0.030793922916071526
GCA_948581995.1,CAPAYY010000124.1,Adapter,29,49,2686,1.0,0.00781831720029784,TruSeq,4,technical_match,0.013553851391511773
GCA_948581995.1,CAPAYY010000127.1,Adapter,2637,2657,2667,1.0,0.007874015748031496,TruSeq,4,technical_match,0.01663180018816751
GCA_948581995.1,CAPAYY010000130.1,Adapter,2603,2623,2627,1.0,0.007993909402360106,TruSeq_R2,4,technical_match,0.02033813630371234
GCA_948581995.1,CAPAYY010000132.1,Adapter,1,21,2611,1.0,0.00804289544235925,TruSeq_R2,4,technical_match,0.023865058373371273
GCA_948581995.1,CAPAYY010000139.1,Adapter,19,39,2546,1.0,0.008248232521602514,TruSeq,4,technical_match,0.011245176870165408
GCA_948581995.1,CAPAYY010000147.1,Adapter,2450,2470,2474,1.0,0.008488278092158448,TruSeq,4,technical_match,0.023257881170694383
GCA_948581995.1,CAPAYY010000155.1,Adapter,2407,2427,2439,1.0,0.008610086100861008,TruSeq_R2,4,technical_match,0.03443372453785887
GCA_948581995.1,CAPAYY010000156.1,Adapter,17,37,2437,1.0,0.008617152236356175,TruSeq_R2,4,technical_match,0.00399410742203643
GCA_948581995.1,CAPAYY010000163.1,Adapter,28,48,2371,1.0,0.008857022353437369,TruSeq_R2,4,technical_match,0.014513260081713164
GCA_948581995.1,CAPAYY010000163.1,Adapter,2326,2346,2371,1.0,0.008857022353437369,TruSeq,4,technical_match,0.014513260081713164
GCA_948581995.1,CAPAYY010000180.1,Adapter,29,49,2262,1.0,0.009283819628647215,TruSeq,4,technical_match,0.02852093683899365
GCA_948581995.1,CAPAYY010000182.1,Adapter,29,49,2229,1.0,0.009421265141318977,TruSeq,4,technical_match,0.004533357936175708
GCA_948581995.1,CAPAYY010000184.1,Adapter,26,46,2227,1.0,0.009429726088908847,TruSeq_R2,4,technical_match,0.02383049079401156
GCA_948581995.1,CAPAYY010000193.1,Adapter,1204,1224,2194,1.0,0.009571558796718322,TruSeq_R2,4,technical_match,0.008014366937689477
GCA_948581995.1,CAPAYY010000195.1,Adapter,4,24,2165,1.0,0.009699769053117783,TruSeq_R2,4,technical_match,0.036148623977041605
GCA_948581995.1,CAPAYY010000195.1,Adapter,2135,2155,2165,1.0,0.009699769053117783,TruSeq,4,technical_match,0.036148623977041605
GCA_948581995.1,CAPAYY010000206.1,Adapter,2080,2100,2126,1.0,0.009877704609595485,TruSeq,4,technical_match,0.019428008811365527
GCA_948581995.1,CAPAYY010000208.1,Adapter,11,31,2115,1.0,0.009929078014184398,TruSeq_R2,4,technical_match,0.017612370391175525
GCA_948581995.1,CAPAYY010000212.1,Adapter,2050,2070,2096,1.0,0.010019083969465648,TruSeq,4,technical_match,0.027226314772457905
GCA_948581995.1,CAPAYY010000213.1,Adapter,2061,2081,2095,1.0,0.010023866348448688,TruSeq,4,technical_match,0.013639569102271099
GCA_948581995.1,CAPAYY010000219.1,Adapter,2028,2048,2075,1.0,0.010120481927710843,TruSeq,4,technical_match,0.060048213052601385
GCA_948581995.1,CAPAYY010000229.1,Adapter,19,39,2022,1.0,0.010385756676557863,TruSeq_R2,4,technical_match,0.04766882721529514
GCA_948581995.1,CAPAYY010000231.1,Adapter,1981,2001,2017,1.0,0.010411502231036193,TruSeq,4,technical_match,0.03490697382698299
GCA_948581995.1,CAPAYY010000240.1,Adapter,17,37,1980,1.0,0.010606060606060607,TruSeq_R2,4,technical_match,0.035697476774154246
GCA_948581995.1,CAPAYY010000244.1,Adapter,12,32,1963,1.0,0.010697911360163017,TruSeq_R2,4,technical_match,0.029434387398482087
GCA_948581995.1,CAPAYY010000246.1,Adapter,1901,1921,1947,1.0,0.01078582434514638,TruSeq,4,technical_match,0.002321342550562433
GCA_948581995.1,CAPAYY010000259.1,Adapter,1868,1888,1901,1.0,0.011046817464492372,TruSeq,4,technical_match,0.006850086511719311
GCA_948581995.1,CAPAYY010000261.1,Adapter,809,829,1874,1.0,0.011205976520811099,TruSeq_R2,4,technical_match,0.010888225462757029
GCA_948581995.1,CAPAYY010000262.1,Adapter,12,32,1871,1.0,0.01122394441475147,TruSeq,4,technical_match,0.01524550949252551
GCA_948581995.1,CAPAYY010000268.1,Adapter,1794,1814,1822,1.0,0.011525795828759604,TruSeq,4,technical_match,0.010777703125833538
GCA_948581995.1,CAPAYY010000270.1,Adapter,1792,1812,1817,1.0,0.011557512383048982,TruSeq,4,technical_match,0.01934879457516936
GCA_948581995.1,CAPAYY010000271.1,Adapter,1783,1803,1808,1.0,0.011615044247787611,TruSeq,4,technical_match,0.010168961533249643
GCA_948581995.1,CAPAYY010000273.1,Adapter,29,49,1795,1.0,0.0116991643454039,TruSeq_R2,4,technical_match,0.03958172313750924
GCA_948581995.1,CAPAYY010000278.1,Adapter,1746,1766,1784,1.0,0.011771300448430493,TruSeq,4,technical_match,0.021297875379037157
GCA_948581995.1,CAPAYY010000285.1,Adapter,1745,1765,1767,1.0,0.011884550084889643,TruSeq,4,technical_match,0.010240015917712064
GCA_948581995.1,CAPAYY010000289.1,Adapter,1708,1728,1754,1.0,0.011972633979475485,TruSeq,4,technical_match,0.07169773016323316
GCA_948581995.1,CAPAYY010000292.1,Adapter,1697,1717,1744,1.0,0.012041284403669725,TruSeq,4,technical_match,0.0020955915235011946
GCA_948581995.1,CAPAYY010000299.1,Adapter,1701,1721,1724,1.0,0.012180974477958236,TruSeq,4,technical_match,0.01883977509488416
GCA_948581995.1,CAPAYY010000300.1,Adapter,4,24,1720,1.0,0.012209302325581395,TruSeq_R2,4,technical_match,0.00520652070180283
GCA_948581995.1,CAPAYY010000301.1,Adapter,28,48,1715,1.0,0.012244897959183673,TruSeq,4,technical_match,0.019095597927377472
GCA_948581995.1,CAPAYY010000302.1,Adapter,15,35,1711,1.0,0.012273524254821741,TruSeq,4,technical_match,0.0047831316868109375
GCA_948581995.1,CAPAYY010000303.1,Adapter,3,23,1707,1.0,0.012302284710017574,TruSeq_R2,4,technical_match,0.0008090649169216757
GCA_948581995.1,CAPAYY010000308.1,Adapter,24,44,1693,1.0,0.012404016538688719,TruSeq_R2,4,technical_match,0.03759089411352551
GCA_948581995.1,CAPAYY010000310.1,Adapter,1662,1682,1683,1.0,0.012477718360071301,TruSeq,4,technical_match,0.026409848722292573
GCA_948581995.1,CAPAYY010000348.1,Adapter,1464,1484,1511,1.0,0.013898080741230973,TruSeq,4,technical_match,0.06291639189265946
GCA_948581995.1,CAPAYY010000349.1,Adapter,20,40,1511,1.0,0.013898080741230973,TruSeq,4,technical_match,0.023781159397876617
GCA_948581995.1,CAPAYY010000351.1,Adapter,1456,1476,1504,1.0,0.013962765957446808,TruSeq,4,technical_match,0.03885941530843323
GCA_948581995.1,CAPAYY010000388.1,Adapter,1198,1218,1220,1.0,0.01721311475409836,TruSeq_R2,4,technical_match,0.02403991757561147
GCA_948584375.1,CAPBIA010000030.1,Adapter,18926,18946,18952,1.0,0.0011080624736175603,TruSeq_R2,4,technical_match,0.006840149709922472
GCA_948584375.1,CAPBIA010000037.1,Adapter,27,47,17610,1.0,0.001192504258943782,TruSeq_R2,4,technical_match,0.01179306701749816
GCA_948584375.1,CAPBIA010000056.1,Adapter,28,48,11672,1.0,0.0017991775188485263,TruSeq_R2,4,technical_match,0.028629079486268805
GCA_948584375.1,CAPBIA010000059.1,Adapter,29,49,11350,1.0,0.0018502202643171806,TruSeq_R2,4,technical_match,0.009478402992502355
GCA_948584375.1,CAPBIA010000082.1,Adapter,8440,8460,8473,1.0,0.0024784609937448365,TruSeq,4,technical_match,0.009342178164227166
GCA_948584375.1,CAPBIA010000083.1,Adapter,8398,8418,8439,1.0,0.002488446498400284,TruSeq_R2,4,technical_match,0.00983896933724221
GCA_948584375.1,CAPBIA010000096.1,Adapter,6970,6990,7005,1.0,0.0029978586723768737,TruSeq,4,technical_match,0.028700921835242088
GCA_948584375.1,CAPBIA010000103.1,Adapter,5950,5970,5975,1.0,0.003514644351464435,TruSeq_R2,4,technical_match,0.018635521478807926
GCA_948584375.1,CAPBIA010000115.1,Adapter,4988,5008,5022,1.0,0.004181600955794504,TruSeq,4,technical_match,0.004408898168731856
GCA_948584375.1,CAPBIA010000116.1,Adapter,28,48,4987,1.0,0.00421094846601163,TruSeq_R2,4,technical_match,0.003690455651000346
GCA_948584375.1,CAPBIA010000131.1,Adapter,17,37,4101,1.0,0.005120702267739576,TruSeq,4,technical_match,0.02146013461570967
GCA_948584375.1,CAPBIA010000138.1,Adapter,3772,3792,3812,1.0,0.005508919202518363,TruSeq_R2,4,technical_match,0.011091233707614001
GCA_948584375.1,CAPBIA010000153.1,Adapter,27,47,3280,1.0,0.0064024390243902435,TruSeq_R2,4,technical_match,0.009438795830880864
GCA_948584375.1,CAPBIA010000156.1,Adapter,3103,3123,3126,1.0,0.0067178502879078695,TruSeq_R2,4,technical_match,0.01710870843132578
GCA_948584375.1,CAPBIA010000168.1,Adapter,28,48,2663,1.0,0.007885843034171986,TruSeq,4,technical_match,0.006592306567945017
GCA_948584375.1,CAPBIA010000169.1,Adapter,23,43,2657,1.0,0.007903650733910425,TruSeq_R2,4,technical_match,0.003234999730567678
GCA_948584375.1,CAPBIA010000182.1,Adapter,2230,2250,2252,1.0,0.009325044404973356,TruSeq_R2,4,technical_match,0.029204304980749718
GCA_948584375.1,CAPBIA010000189.1,Adapter,21,41,2009,1.0,0.010452961672473868,TruSeq,4,technical_match,0.0010593752433218917
GCA_948584375.1,CAPBIA010000192.1,Adapter,1791,1811,1832,1.0,0.01146288209606987,TruSeq_R2,4,technical_match,0.01674805565744092
GCA_948584375.1,CAPBIA010000194.1,Adapter,1635,1655,1681,1.0,0.012492563950029744,TruSeq,4,technical_match,0.029480261741883285
GCA_948584375.1,CAPBIA010000195.1,Adapter,1597,1617,1641,1.0,0.012797074954296161,TruSeq_R2,4,technical_match,0.04313328733024635
GCA_948589325.1,CAPCBD010000007.1,Adapter,1,21,65095,1.0,0.0003226054228435364,TruSeq,4,technical_match,0.012880733013282575
GCA_948589325.1,CAPCBD010000026.1,Adapter,13,33,26342,1.0,0.0007972059828410902,TruSeq,4,technical_match,0.0016304676468738566
GCA_948589325.1,CAPCBD010000038.1,Adapter,11924,11944,11948,1.0,0.0017576163374623368,TruSeq,4,technical_match,0.0021458358266081
GCA_948600105.1,CAPDQQ010000026.1,Adapter,22059,22079,22100,1.0,0.0009502262443438915,TruSeq,4,technical_match,0.005426457484230207
GCA_948604155.1,CAPEGF010000046.1,Adapter,6982,7002,7031,1.0,0.0029867728630351303,TruSeq,4,technical_match,0.003226402138981399
GCA_948604155.1,CAPEGF010000184.1,Adapter,3418,3438,3468,1.0,0.006055363321799308,TruSeq,4,technical_match,0.01800110130309923
GCA_948605455.1,CAPELL010000107.1,Adapter,1627,1645,4201,1.0,0.004522732682694597,Nextera,4,technical_match,0.05441506589271061
GCA_948611095.1,CAPFGX010000001.1,Adapter,1145,1165,11771,1.0,0.0017840455356384335,TruSeq,4,technical_match,0.007565390529414351
GCA_948611095.1,CAPFGX010000004.1,Adapter,8640,8660,8661,1.0,0.0024246622791825423,TruSeq,4,technical_match,0.011299225733803264
GCA_948611095.1,CAPFGX010000012.1,Adapter,6687,6707,6711,1.0,0.0031291908806437194,TruSeq_R2,4,technical_match,0.007522642747069597
GCA_948611095.1,CAPFGX010000026.1,Adapter,7,27,5453,1.0,0.0038510911424903724,TruSeq,4,technical_match,0.0001436057486641218
GCA_948611095.1,CAPFGX010000036.1,Adapter,4946,4966,4971,1.0,0.004224502112251056,TruSeq,4,technical_match,0.018749626121577934
GCA_948611095.1,CAPFGX010000053.1,Adapter,4304,4324,4327,1.0,0.0048532470533857175,TruSeq_R2,4,technical_match,0.0382968250334324
GCA_948611095.1,CAPFGX010000054.1,Adapter,4265,4285,4312,1.0,0.00487012987012987,TruSeq_R2,4,technical_match,0.004361765179550503
GCA_948611095.1,CAPFGX010000082.1,Adapter,23,43,3623,1.0,0.005796301407673199,TruSeq,4,technical_match,0.033117616957968166
GCA_948611095.1,CAPFGX010000090.1,Adapter,3424,3444,3460,1.0,0.0060693641618497106,TruSeq,4,technical_match,0.003819201431006669
GCA_948611095.1,CAPFGX010000099.1,Adapter,3266,3286,3292,1.0,0.00637910085054678,TruSeq,4,technical_match,0.0003195263907398993
GCA_948611095.1,CAPFGX010000100.1,Adapter,1461,1481,3290,1.0,0.006382978723404255,TruSeq,4,technical_match,0.009857769641029634
GCA_948611095.1,CAPFGX010000100.1,Adapter,3252,3272,3290,1.0,0.006382978723404255,TruSeq,4,technical_match,0.009857769641029634
GCA_948611095.1,CAPFGX010000102.1,Adapter,3209,3229,3238,1.0,0.006485484867201977,TruSeq_R2,4,technical_match,0.006078524699105248
GCA_948611095.1,CAPFGX010000108.1,Adapter,27,47,3176,1.0,0.006612090680100755,TruSeq_R2,4,technical_match,0.0032556623731055945
GCA_948611095.1,CAPFGX010000136.1,Adapter,503,523,2723,1.0,0.007712082262210797,TruSeq,4,technical_match,0.011226688208709201
GCA_948611095.1,CAPFGX010000139.1,Adapter,2673,2693,2694,1.0,0.0077951002227171495,TruSeq,4,technical_match,0.00018021156255354498
GCA_948611095.1,CAPFGX010000144.1,Adapter,17,37,2618,1.0,0.008021390374331552,TruSeq,4,technical_match,0.005784531720634312
GCA_948611095.1,CAPFGX010000152.1,Adapter,2537,2557,2568,1.0,0.008177570093457943,TruSeq_R2,4,technical_match,0.00758106479404369
GCA_948611095.1,CAPFGX010000164.1,Adapter,6,26,2489,1.0,0.008437123342707915,TruSeq_R2,4,technical_match,0.006991622006069953
GCA_948611095.1,CAPFGX010000166.1,Adapter,2415,2435,2463,1.0,0.008526187576126675,TruSeq_R2,4,technical_match,0.013765234263787895
GCA_948611095.1,CAPFGX010000219.1,Adapter,18,38,2147,1.0,0.009781089892873778,TruSeq_R2,4,technical_match,0.0012179514445463946
GCA_948611095.1,CAPFGX010000230.1,Adapter,28,48,2070,1.0,0.010144927536231883,TruSeq_R2,4,technical_match,0.009915210432828836
GCA_948611095.1,CAPFGX010000243.1,Adapter,1976,1996,2025,1.0,0.01037037037037037,TruSeq_R2,4,technical_match,0.011343015049039284
GCA_948611095.1,CAPFGX010000249.1,Adapter,16,36,1994,1.0,0.01053159478435306,TruSeq_R2,4,technical_match,0.03846616557926541
GCA_948611095.1,CAPFGX010000251.1,Adapter,1936,1956,1984,1.0,0.010584677419354838,TruSeq_R2,4,technical_match,0.010056923850313648
GCA_948611095.1,CAPFGX010000254.1,Adapter,1939,1959,1961,1.0,0.010708822029576747,TruSeq,4,technical_match,0.007466486276185347
GCA_948611095.1,CAPFGX010000270.1,Adapter,1817,1837,1864,1.0,0.011266094420600859,TruSeq,4,technical_match,0.006005048321913953
GCA_948611095.1,CAPFGX010000274.1,Adapter,10,30,1840,1.0,0.01141304347826087,TruSeq,4,technical_match,0.03346593507050999
GCA_948611095.1,CAPFGX010000278.1,Adapter,8,28,1811,1.0,0.011595803423522915,TruSeq_R2,4,technical_match,0.0006489711063297765
GCA_948611095.1,CAPFGX010000298.1,Adapter,1688,1708,1723,1.0,0.012188044109112013,TruSeq_R2,4,technical_match,0.015184411384983776
GCA_948611095.1,CAPFGX010000323.1,Adapter,1569,1589,1613,1.0,0.013019218846869188,TruSeq_R2,4,technical_match,0.03566882463626653
GCA_948611095.1,CAPFGX010000327.1,Adapter,6,26,1587,1.0,0.013232514177693762,TruSeq_R2,4,technical_match,0.012580063669250519
GCA_948611095.1,CAPFGX010000329.1,Adapter,13,33,1580,1.0,0.013291139240506329,TruSeq,4,technical_match,0.015447108407750876
GCA_948611095.1,CAPFGX010000331.1,Adapter,7,27,1566,1.0,0.013409961685823755,TruSeq,4,technical_match,0.01705608444026957
GCA_948611095.1,CAPFGX010000334.1,Adapter,1531,1551,1554,1.0,0.013513513513513514,TruSeq,4,technical_match,0.019366276405633986
GCA_948611095.1,CAPFGX010000340.1,Adapter,23,43,1524,1.0,0.013779527559055118,TruSeq,4,technical_match,0.007256303665739983
GCA_948613035.1,CAPFOK010000001.1,Adapter,26,46,58327,1.0,0.00036003908995833834,TruSeq_R2,4,technical_match,0.005227564959402964
GCA_948613035.1,CAPFOK010000002.1,Adapter,9,29,51004,1.0,0.00041173241314406713,TruSeq,4,technical_match,0.006023849257349112
GCA_948613035.1,CAPFOK010000002.1,Adapter,6088,6108,51004,1.0,0.00041173241314406713,TruSeq,4,technical_match,0.006023849257349112
GCA_948613035.1,CAPFOK010000002.1,Adapter,38024,38044,51004,1.0,0.00041173241314406713,TruSeq,4,technical_match,0.006023849257349112
GCA_948613035.1,CAPFOK010000002.1,Adapter,50967,50987,51004,1.0,0.00041173241314406713,TruSeq_R2,4,technical_match,0.006023849257349112
GCA_948613035.1,CAPFOK010000006.1,Adapter,29,49,37815,1.0,0.0005553351844506148,TruSeq,4,technical_match,0.01338840022844573
GCA_948613035.1,CAPFOK010000006.1,Adapter,25235,25255,37815,1.0,0.0005553351844506148,TruSeq_R2,4,technical_match,0.01338840022844573
GCA_948613035.1,CAPFOK010000007.1,Adapter,33826,33846,37300,1.0,0.0005630026809651475,TruSeq,4,technical_match,0.011496750742213069
GCA_948613035.1,CAPFOK010000008.1,Adapter,8545,8565,35665,1.0,0.0005888125613346418,TruSeq,4,technical_match,0.0006112774591069403
GCA_948613035.1,CAPFOK010000008.1,Adapter,8587,8607,35665,1.0,0.0005888125613346418,TruSeq_R2,4,technical_match,0.0006112774591069403
GCA_948613035.1,CAPFOK010000008.1,Adapter,35629,35649,35665,1.0,0.0005888125613346418,TruSeq,4,technical_match,0.0006112774591069403
GCA_948613035.1,CAPFOK010000010.1,Adapter,6367,6387,35460,1.0,0.0005922165820642978,TruSeq,4,technical_match,0.0017709131568752756
GCA_948613035.1,CAPFOK010000010.1,Adapter,16258,16278,35460,1.0,0.0005922165820642978,TruSeq_R2,4,technical_match,0.0017709131568752756
GCA_948613035.1,CAPFOK010000011.1,Adapter,28,48,32958,1.0,0.0006371745858365192,TruSeq,4,technical_match,0.007400351323628596
GCA_948613035.1,CAPFOK010000013.1,Adapter,9,29,32761,1.0,0.0006410060742956564,TruSeq_R2,4,technical_match,0.00704771677798427
GCA_948613035.1,CAPFOK010000015.1,Adapter,19595,19615,30850,1.0,0.0006807131280388978,TruSeq,4,technical_match,0.002929282986756321
GCA_948613035.1,CAPFOK010000016.1,Adapter,11239,11259,30024,1.0,0.0006994404476418865,TruSeq_R2,4,technical_match,0.01793439024435667
GCA_948613035.1,CAPFOK010000016.1,Adapter,29996,30016,30024,1.0,0.0006994404476418865,TruSeq_R2,4,technical_match,0.01793439024435667
GCA_948613035.1,CAPFOK010000018.1,Adapter,22048,22068,26047,1.0,0.0008062348830959419,TruSeq_R2,4,technical_match,0.01763558256161457
GCA_948613035.1,CAPFOK010000019.1,Adapter,14,34,25328,1.0,0.0008291219204042957,TruSeq,4,technical_match,0.0007934773444590593
GCA_948613035.1,CAPFOK010000019.1,Adapter,17939,17959,25328,1.0,0.0008291219204042957,TruSeq,4,technical_match,0.0007934773444590593
GCA_948613035.1,CAPFOK010000020.1,Adapter,3767,3787,24697,1.0,0.000850305705146374,TruSeq,4,technical_match,0.002395161348310304
GCA_948613035.1,CAPFOK010000020.1,Adapter,10340,10360,24697,1.0,0.000850305705146374,TruSeq,4,technical_match,0.002395161348310304
GCA_948613035.1,CAPFOK010000020.1,Adapter,24671,24691,24697,1.0,0.000850305705146374,TruSeq,4,technical_match,0.002395161348310304
GCA_948613035.1,CAPFOK010000021.1,Adapter,9025,9045,23078,1.0,0.0009099575353150186,TruSeq_R2,4,technical_match,0.0020678579307471523
GCA_948613035.1,CAPFOK010000021.1,Adapter,23057,23077,23078,1.0,0.0009099575353150186,TruSeq_R2,4,technical_match,0.0020678579307471523
GCA_948613035.1,CAPFOK010000022.1,Adapter,6643,6663,22521,1.0,0.0009324630345011322,TruSeq_R2,4,technical_match,0.009967478887638381
GCA_948613035.1,CAPFOK010000025.1,Adapter,3153,3173,20802,1.0,0.001009518315546582,TruSeq_R2,4,technical_match,0.023650542840338906
GCA_948613035.1,CAPFOK010000027.1,Adapter,12912,12932,20612,1.0,0.0010188239860275568,TruSeq_R2,4,technical_match,0.0142042104128563
GCA_948613035.1,CAPFOK010000027.1,Adapter,20566,20586,20612,1.0,0.0010188239860275568,TruSeq_R2,4,technical_match,0.0142042104128563
GCA_948613035.1,CAPFOK010000029.1,Adapter,13,33,18570,1.0,0.0011308562197092085,TruSeq,4,technical_match,0.0019841421460417563
GCA_948613035.1,CAPFOK010000030.1,Adapter,12,32,18071,1.0,0.0011620828952465276,TruSeq_R2,4,technical_match,0.007026799454489585
GCA_948613035.1,CAPFOK010000030.1,Adapter,2063,2083,18071,1.0,0.0011620828952465276,TruSeq_R2,4,technical_match,0.007026799454489585
GCA_948613035.1,CAPFOK010000035.1,Adapter,11655,11675,15156,1.0,0.0013855898653998416,TruSeq_R2,4,technical_match,0.005171583054894235
GCA_948613035.1,CAPFOK010000037.1,Adapter,18,38,14211,1.0,0.001477728520160439,TruSeq_R2,4,technical_match,0.015538842599364167
GCA_948613035.1,CAPFOK010000037.1,Adapter,14170,14190,14211,1.0,0.001477728520160439,TruSeq_R2,4,technical_match,0.015538842599364167
GCA_948613035.1,CAPFOK010000040.1,Adapter,13,33,12826,1.0,0.0016372992359270232,TruSeq_R2,4,technical_match,0.002345789457448455
GCA_948613035.1,CAPFOK010000041.1,Adapter,11879,11899,11907,1.0,0.001763668430335097,TruSeq,4,technical_match,0.006543277274195014
GCA_948613035.1,CAPFOK010000042.1,Adapter,481,501,11902,1.0,0.0017644093429675684,TruSeq,4,technical_match,0.004394373813697172
GCA_948613035.1,CAPFOK010000044.1,Adapter,11678,11698,11700,1.0,0.0017948717948717949,TruSeq_R2,4,technical_match,0.009180957338928486
GCA_948613035.1,CAPFOK010000045.1,Adapter,19,39,11454,1.0,0.0018334206390780514,TruSeq_R2,4,technical_match,0.012294062025037966
GCA_948613035.1,CAPFOK010000047.1,Adapter,23,43,10621,1.0,0.0019772149515111573,TruSeq,4,technical_match,0.02493977896066324
GCA_948613035.1,CAPFOK010000048.1,Adapter,4,24,10594,1.0,0.0019822541060977913,TruSeq_R2,4,technical_match,0.022766570224144966
GCA_948613035.1,CAPFOK010000050.1,Adapter,10332,10352,10358,1.0,0.002027418420544507,TruSeq,4,technical_match,0.016588479720332838
GCA_948613035.1,CAPFOK010000051.1,Adapter,10,30,10295,1.0,0.0020398251578436135,TruSeq,4,technical_match,0.00834240406229847
GCA_948613035.1,CAPFOK010000052.1,Adapter,10052,10072,10078,1.0,0.0020837467751538006,TruSeq,4,technical_match,0.027187158542192613
GCA_948613035.1,CAPFOK010000053.1,Adapter,154,174,9992,1.0,0.002101681345076061,TruSeq,4,technical_match,0.0023917938349635737
GCA_948613035.1,CAPFOK010000055.1,Adapter,9787,9807,9820,1.0,0.002138492871690428,TruSeq,4,technical_match,0.018420952464870688
GCA_948613035.1,CAPFOK010000059.1,Adapter,14,34,9030,1.0,0.002325581395348837,TruSeq_R2,4,technical_match,0.00911576507861428
GCA_948613035.1,CAPFOK010000061.1,Adapter,7233,7253,8605,1.0,0.0024404416037187683,TruSeq,4,technical_match,0.0009454143276138027
GCA_948613035.1,CAPFOK010000062.1,Adapter,7904,7924,8533,1.0,0.002461033634126333,TruSeq_R2,4,technical_match,0.007574374650201665
GCA_948613035.1,CAPFOK010000063.1,Adapter,8379,8399,8425,1.0,0.002492581602373887,TruSeq,4,technical_match,0.006478631639570187
GCA_948613035.1,CAPFOK010000064.1,Adapter,1611,1631,8419,1.0,0.002494357999762442,TruSeq_R2,4,technical_match,0.0017327767250017723
GCA_948613035.1,CAPFOK010000064.1,Adapter,1654,1674,8419,1.0,0.002494357999762442,TruSeq_R2,4,technical_match,0.0017327767250017723
GCA_948613035.1,CAPFOK010000067.1,Adapter,29,49,7930,1.0,0.002648171500630517,TruSeq,4,technical_match,0.008719979336966888
GCA_948613035.1,CAPFOK010000071.1,Adapter,6600,6620,7307,1.0,0.0028739564800875873,TruSeq,4,technical_match,0.004211538582003738
GCA_948613035.1,CAPFOK010000075.1,Adapter,591,611,6912,1.0,0.0030381944444444445,TruSeq,4,technical_match,0.004668718489853507
GCA_948613035.1,CAPFOK010000076.1,Adapter,1860,1880,6643,1.0,0.003161222339304531,TruSeq,4,technical_match,0.007264337541267318
GCA_948613035.1,CAPFOK010000078.1,Adapter,23,43,6435,1.0,0.0032634032634032634,TruSeq,4,technical_match,0.014705432863404033
GCA_948613035.1,CAPFOK010000078.1,Adapter,6410,6430,6435,1.0,0.0032634032634032634,TruSeq,4,technical_match,0.014705432863404033
GCA_948613035.1,CAPFOK010000080.1,Adapter,694,714,5975,1.0,0.003514644351464435,TruSeq,4,technical_match,0.013705180459195887
GCA_948613035.1,CAPFOK010000080.1,Adapter,5937,5957,5975,1.0,0.003514644351464435,TruSeq,4,technical_match,0.013705180459195887
GCA_948613035.1,CAPFOK010000086.1,Adapter,21,41,4988,1.0,0.004210104250200481,TruSeq,4,technical_match,0.008734895337132731
GCA_948613035.1,CAPFOK010000087.1,Adapter,4676,4696,4699,1.0,0.004469035965098957,TruSeq_R2,4,technical_match,0.012877945901077104
GCA_948613035.1,CAPFOK010000094.1,Adapter,4121,4141,4167,1.0,0.005039596832253419,TruSeq_R2,4,technical_match,0.02715053515731841
GCA_948613035.1,CAPFOK010000096.1,Adapter,2904,2924,3851,1.0,0.005453129057387691,TruSeq,4,technical_match,0.03667379914587221
GCA_948613035.1,CAPFOK010000107.1,Adapter,1334,1354,2035,1.0,0.010319410319410319,TruSeq_R2,4,technical_match,0.0006054587634299335
GCA_948613035.1,CAPFOK010000109.1,Adapter,1461,1481,1482,1.0,0.01417004048582996,TruSeq_R2,4,technical_match,0.004498754761836199
GCA_948619635.1,CAPGNU010000017.1,Adapter,1161,1181,6504,1.0,0.0032287822878228783,TruSeq_R2,4,technical_match,0.0015910228696560114
GCA_948619635.1,CAPGNU010000093.1,Adapter,9,29,3717,1.0,0.005649717514124294,TruSeq_R2,4,technical_match,0.011108186475273174
GCA_948619635.1,CAPGNU010000191.1,Adapter,8,28,2570,1.0,0.008171206225680934,TruSeq_R2,4,technical_match,0.007004407987647732
GCA_948619635.1,CAPGNU010000220.1,Adapter,2370,2390,2404,1.0,0.008735440931780365,TruSeq_R2,4,technical_match,0.062155293417921476
GCA_948619635.1,CAPGNU010000239.1,Adapter,2254,2274,2302,1.0,0.009122502172024326,TruSeq_R2,4,technical_match,0.05251313496165444
GCA_948619635.1,CAPGNU010000255.1,Adapter,2164,2184,2186,1.0,0.00960658737419945,TruSeq_R2,4,technical_match,0.01721227481617449
GCA_948619635.1,CAPGNU010000265.1,Adapter,27,47,2151,1.0,0.009762900976290097,TruSeq_R2,4,technical_match,0.016602332760669747
GCA_948619635.1,CAPGNU010000274.1,Adapter,24,44,2122,1.0,0.009896324222431668,TruSeq,4,technical_match,0.024082555709327103
GCA_948619635.1,CAPGNU010000379.1,Adapter,1647,1667,1697,1.0,0.012374779021803181,TruSeq_R2,4,technical_match,0.03447701356994104
GCA_948619635.1,CAPGNU010000425.1,Adapter,1546,1566,1574,1.0,0.013341804320203304,TruSeq_R2,4,technical_match,0.051121604255798925
GCA_948619635.1,CAPGNU010000534.1,Adapter,1254,1274,1279,1.0,0.01641907740422205,TruSeq,4,technical_match,0.002422947406127196
GCA_948619635.1,CAPGNU010000628.1,Adapter,28,48,1076,1.0,0.019516728624535316,TruSeq_R2,4,technical_match,0.02583880726411336
GCA_948619685.1,CAPGOD010000001.1,Adapter,7,27,139944,1.0,0.00015006002400960383,TruSeq_R2,4,technical_match,0.0019082322667283713
GCA_948619685.1,CAPGOD010000008.1,Adapter,8,28,58349,1.0,0.00035990334024576257,TruSeq,4,technical_match,0.003647657162040241
GCA_948619685.1,CAPGOD010000010.1,Adapter,55516,55536,55563,1.0,0.0003779493547864586,TruSeq_R2,4,technical_match,0.0011386228439815849
GCA_948619685.1,CAPGOD010000012.1,Adapter,40830,40850,52598,1.0,0.0003992547245142401,TruSeq_R2,4,technical_match,0.0018545299910037727
GCA_948619685.1,CAPGOD010000015.1,Adapter,19,39,47569,1.0,0.00044146397864155225,TruSeq_R2,4,technical_match,0.004329653327832028
GCA_948619685.1,CAPGOD010000022.1,Adapter,24229,24249,37157,1.0,0.0005651694162607315,TruSeq,4,technical_match,0.014690567927025555
GCA_948619685.1,CAPGOD010000032.1,Adapter,14,34,27286,1.0,0.0007696254489481786,TruSeq_R2,4,technical_match,0.02786977652332634
GCA_948619685.1,CAPGOD010000032.1,Adapter,27255,27275,27286,1.0,0.0007696254489481786,TruSeq_R2,4,technical_match,0.02786977652332634
GCA_948619685.1,CAPGOD010000036.1,Adapter,2160,2180,23323,1.0,0.0009003987480169789,TruSeq,4,technical_match,0.006045750642664938
GCA_948619685.1,CAPGOD010000040.1,Adapter,11,31,19557,1.0,0.0010737843227488879,TruSeq_R2,4,technical_match,0.05085523477618903
GCA_948619685.1,CAPGOD010000041.1,Adapter,18926,18946,18957,1.0,0.0011077702168064568,TruSeq,4,technical_match,0.020724352589690687
GCA_948619685.1,CAPGOD010000044.1,Adapter,17981,18001,18003,1.0,0.0011664722546242292,TruSeq,4,technical_match,0.04172147728863285
GCA_948619685.1,CAPGOD010000046.1,Adapter,17857,17877,17888,1.0,0.0011739713774597497,TruSeq,4,technical_match,0.01825748529631499
GCA_948619685.1,CAPGOD010000053.1,Adapter,5334,5354,15667,1.0,0.0013403970128295143,TruSeq,4,technical_match,0.031558381564319005
GCA_948619685.1,CAPGOD010000055.1,Adapter,15409,15429,15429,1.0,0.0013610733035193468,TruSeq,4,technical_match,0.02691666038301943
GCA_948619685.1,CAPGOD010000059.1,Adapter,13936,13956,13959,1.0,0.0015044057597249087,TruSeq,4,technical_match,0.01019592704811667
GCA_948619685.1,CAPGOD010000068.1,Adapter,10251,10271,10271,1.0,0.0020445915684938177,TruSeq,4,technical_match,0.013543605299945527
GCA_948619685.1,CAPGOD010000071.1,Adapter,2,22,9284,1.0,0.0022619560534252476,TruSeq_R2,4,technical_match,0.03938720455037531
GCA_948619685.1,CAPGOD010000077.1,Adapter,8454,8474,8476,1.0,0.0024775837659273244,TruSeq,4,technical_match,0.047808433527709804
GCA_948619685.1,CAPGOD010000086.1,Adapter,3151,3171,7358,1.0,0.0028540364229410167,TruSeq_R2,4,technical_match,0.048316319895777615
GCA_948619685.1,CAPGOD010000094.1,Adapter,27,47,6746,1.0,0.003112955825674474,TruSeq,4,technical_match,0.018507523539020188
GCA_948619685.1,CAPGOD010000094.1,Adapter,4952,4972,6746,1.0,0.003112955825674474,TruSeq,4,technical_match,0.018507523539020188
GCA_948619685.1,CAPGOD010000110.1,Adapter,16,36,5356,1.0,0.00392083644510829,TruSeq,4,technical_match,0.008604650831163962
GCA_948619685.1,CAPGOD010000110.1,Adapter,5316,5336,5356,1.0,0.00392083644510829,TruSeq,4,technical_match,0.008604650831163962
GCA_948619685.1,CAPGOD010000112.1,Adapter,4611,4631,5331,1.0,0.0039392234102419805,TruSeq_R2,4,technical_match,0.047277001665620266
GCA_948619685.1,CAPGOD010000123.1,Adapter,15,35,4838,1.0,0.00434063662670525,TruSeq_R2,4,technical_match,0.024991291197865084
GCA_948619685.1,CAPGOD010000124.1,Adapter,14,34,4836,1.0,0.004342431761786601,TruSeq_R2,4,technical_match,0.0042521810856469555
GCA_948619685.1,CAPGOD010000124.1,Adapter,4812,4832,4836,1.0,0.004342431761786601,TruSeq,4,technical_match,0.0042521810856469555
GCA_948619685.1,CAPGOD010000129.1,Adapter,14,34,4392,1.0,0.0047814207650273225,TruSeq,4,technical_match,0.03668595419895471
GCA_948619685.1,CAPGOD010000142.1,Adapter,345,365,3862,1.0,0.0054375970999482135,TruSeq,4,technical_match,0.02210762146143702
GCA_948619685.1,CAPGOD010000144.1,Adapter,7,27,3831,1.0,0.00548159749412686,TruSeq,4,technical_match,0.010191388012551816
GCA_948619685.1,CAPGOD010000165.1,Adapter,6,26,2521,1.0,0.008330027766759222,TruSeq_R2,4,technical_match,0.02875279383305912
GCA_948620295.1,CAPGQH010000004.1,Adapter,37126,37146,37152,1.0,0.0005652454780361757,TruSeq,4,technical_match,0.006245706302217435
GCA_948620295.1,CAPGQH010000009.1,Adapter,9787,9807,9808,1.0,0.002141109298531811,TruSeq_R2,4,technical_match,0.019057190678205382
GCA_948620295.1,CAPGQH010000038.1,Adapter,1,21,12247,1.0,0.0017147056421980894,TruSeq,4,technical_match,0.008602119901700234
GCA_948620295.1,CAPGQH010000040.1,Adapter,6192,6212,6239,1.0,0.0033659240262862637,TruSeq,4,technical_match,0.021236188965236213
GCA_948620295.1,CAPGQH010000076.1,Adapter,10033,10053,10054,1.0,0.0020887209071016512,TruSeq,4,technical_match,0.004293987830029267
GCA_948620295.1,CAPGQH010000089.1,Adapter,29,49,16642,1.0,0.0012618675639947121,TruSeq,4,technical_match,0.0020705261404022623
GCA_948620295.1,CAPGQH010000092.1,Adapter,5303,5323,5341,1.0,0.003931847968545216,TruSeq_R2,4,technical_match,0.02742369008872636
GCA_948622675.1,CAPGZM010000004.1,Adapter,71394,71414,155832,1.0,0.00013476051131988296,TruSeq,4,technical_match,0.005356139650923131
GCA_948622675.1,CAPGZM010000006.1,Adapter,12466,12486,111277,1.0,0.0001887182436622123,TruSeq_R2,4,technical_match,0.00336287844691302
GCA_948622675.1,CAPGZM010000019.1,Adapter,18771,18791,35310,1.0,0.0005947323704333051,TruSeq,4,technical_match,0.00015761276811471214
GCA_948622675.1,CAPGZM010000022.1,Adapter,28704,28724,28728,1.0,0.0007309941520467836,TruSeq,4,technical_match,0.026328845981723914
GCA_948631185.1,CAPIGE010000003.1,Adapter,9,29,33771,1.0,0.0006218353024784578,TruSeq,4,technical_match,0.0026963302224953245
GCA_948631185.1,CAPIGE010000004.1,Adapter,23371,23391,28304,1.0,0.0007419446014697569,TruSeq_R2,4,technical_match,0.005640006003602704
GCA_948631185.1,CAPIGE010000011.1,Adapter,12515,12535,14920,1.0,0.0014075067024128685,TruSeq,4,technical_match,0.0053737074466647106
GCA_948631185.1,CAPIGE010000012.1,Adapter,3,23,14095,1.0,0.001489890031926215,TruSeq_R2,4,technical_match,0.008399315836085386
GCA_948631185.1,CAPIGE010000021.1,Adapter,3,23,10991,1.0,0.0019106541715949413,TruSeq_R2,4,technical_match,0.017355131360393683
GCA_948631185.1,CAPIGE010000022.1,Adapter,10694,10714,10724,1.0,0.0019582245430809398,TruSeq,4,technical_match,0.008514133992011674
GCA_948631185.1,CAPIGE010000026.1,Adapter,26,46,9255,1.0,0.00226904376012966,TruSeq,4,technical_match,0.03450791145368526
GCA_948631185.1,CAPIGE010000026.1,Adapter,5123,5143,9255,1.0,0.00226904376012966,TruSeq_R2,4,technical_match,0.03450791145368526
GCA_948631185.1,CAPIGE010000028.1,Adapter,8996,9016,9024,1.0,0.002327127659574468,TruSeq_R2,4,technical_match,0.009253149439332087
GCA_948631185.1,CAPIGE010000031.1,Adapter,318,338,8954,1.0,0.002345320527138709,TruSeq,4,technical_match,0.001187351316930929
GCA_948631185.1,CAPIGE010000031.1,Adapter,8913,8933,8954,1.0,0.002345320527138709,TruSeq,4,technical_match,0.001187351316930929
GCA_948631185.1,CAPIGE010000035.1,Adapter,555,575,8186,1.0,0.0025653554849743463,TruSeq,4,technical_match,0.027489797785642367
GCA_948631185.1,CAPIGE010000038.1,Adapter,1,21,7950,1.0,0.0026415094339622643,TruSeq,4,technical_match,0.02740231978591312
GCA_948631185.1,CAPIGE010000038.1,Adapter,7912,7932,7950,1.0,0.0026415094339622643,TruSeq_R2,4,technical_match,0.02740231978591312
GCA_948631185.1,CAPIGE010000043.1,Adapter,2769,2789,7568,1.0,0.0027748414376321355,TruSeq,4,technical_match,0.0021999518505669835
GCA_948631185.1,CAPIGE010000045.1,Adapter,2,22,7500,1.0,0.0028,TruSeq_R2,4,technical_match,0.010081956943646608
GCA_948631185.1,CAPIGE010000049.1,Adapter,7304,7324,7328,1.0,0.0028657205240174674,TruSeq_R2,4,technical_match,0.009277735691827105
GCA_948631185.1,CAPIGE010000050.1,Adapter,4274,4294,7254,1.0,0.0028949545078577337,TruSeq,4,technical_match,0.0034759300432851137
GCA_948631185.1,CAPIGE010000052.1,Adapter,28,48,6978,1.0,0.0030094582975064487,TruSeq_R2,4,technical_match,0.0035243603114231137
GCA_948631185.1,CAPIGE010000054.1,Adapter,6886,6906,6921,1.0,0.003034243606415258,TruSeq,4,technical_match,0.023933358762176227
GCA_948631185.1,CAPIGE010000057.1,Adapter,6732,6752,6773,1.0,0.003100546286726709,TruSeq_R2,4,technical_match,0.0265010720575794
GCA_948631185.1,CAPIGE010000058.1,Adapter,21,41,6773,1.0,0.003100546286726709,TruSeq_R2,4,technical_match,0.04229909361375833
GCA_948631185.1,CAPIGE010000059.1,Adapter,6677,6697,6700,1.0,0.003134328358208955,TruSeq,4,technical_match,0.01628620226033345
GCA_948631185.1,CAPIGE010000060.1,Adapter,5991,6011,6647,1.0,0.0031593199939822475,TruSeq,4,technical_match,0.007352779739618787
GCA_948631185.1,CAPIGE010000061.1,Adapter,3,23,6631,1.0,0.0031669431458301914,TruSeq_R2,4,technical_match,0.004287921908210812
GCA_948631185.1,CAPIGE010000071.1,Adapter,3874,3894,6350,1.0,0.003307086614173228,TruSeq,4,technical_match,0.00401465936215345
GCA_948631185.1,CAPIGE010000071.1,Adapter,6320,6340,6350,1.0,0.003307086614173228,TruSeq_R2,4,technical_match,0.00401465936215345
GCA_948631185.1,CAPIGE010000073.1,Adapter,13,33,6292,1.0,0.003337571519389701,TruSeq,4,technical_match,0.005732834325690106
GCA_948631185.1,CAPIGE010000075.1,Adapter,28,48,6134,1.0,0.0034235409194652757,TruSeq_R2,4,technical_match,0.06534551525252608
GCA_948631185.1,CAPIGE010000076.1,Adapter,6086,6106,6118,1.0,0.003432494279176201,TruSeq_R2,4,technical_match,0.019741225767551773
GCA_948631185.1,CAPIGE010000078.1,Adapter,5606,5626,6064,1.0,0.003463060686015831,TruSeq,4,technical_match,0.015864524721368234
GCA_948631185.1,CAPIGE010000088.1,Adapter,29,49,5873,1.0,0.003575685339690107,TruSeq,4,technical_match,0.024419887586702438
GCA_948631185.1,CAPIGE010000091.1,Adapter,23,43,5686,1.0,0.003693281744635948,TruSeq,4,technical_match,0.013883105964633824
GCA_948631185.1,CAPIGE010000092.1,Adapter,14,34,5677,1.0,0.0036991368680641184,TruSeq,4,technical_match,0.02308060646510751
GCA_948631185.1,CAPIGE010000094.1,Adapter,5573,5593,5603,1.0,0.0037479921470640726,TruSeq_R2,4,technical_match,0.012867369520242478
GCA_948631185.1,CAPIGE010000099.1,Adapter,5409,5429,5441,1.0,0.003859584635177357,TruSeq_R2,4,technical_match,0.026336593567901467
GCA_948631185.1,CAPIGE010000101.1,Adapter,2199,2219,5316,1.0,0.0039503386004514675,TruSeq,4,technical_match,0.024394377396736056
GCA_948631185.1,CAPIGE010000101.1,Adapter,2257,2277,5316,1.0,0.0039503386004514675,TruSeq_R2,4,technical_match,0.024394377396736056
GCA_948631185.1,CAPIGE010000104.1,Adapter,5139,5159,5176,1.0,0.004057187017001545,TruSeq,4,technical_match,0.01738746956600623
GCA_948631185.1,CAPIGE010000108.1,Adapter,3435,3455,5000,1.0,0.0042,TruSeq_R2,4,technical_match,0.07732310590824248
GCA_948631185.1,CAPIGE010000109.1,Adapter,4944,4964,4991,1.0,0.004207573632538569,TruSeq_R2,4,technical_match,0.008782666044398535
GCA_948631185.1,CAPIGE010000125.1,Adapter,22,42,4601,1.0,0.004564225168441643,TruSeq,4,technical_match,0.028030047693026583
GCA_948631185.1,CAPIGE010000131.1,Adapter,997,1017,4532,1.0,0.004633715798764342,TruSeq_R2,4,technical_match,0.015066616166091507
GCA_948631185.1,CAPIGE010000133.1,Adapter,4462,4482,4484,1.0,0.004683318465655665,TruSeq,4,technical_match,0.0037479568238228955
GCA_948631185.1,CAPIGE010000134.1,Adapter,6,26,4461,1.0,0.004707464694014795,TruSeq_R2,4,technical_match,0.04186406857780939
GCA_948631185.1,CAPIGE010000137.1,Adapter,24,44,4416,1.0,0.004755434782608696,TruSeq_R2,4,technical_match,0.036306801852104775
GCA_948631185.1,CAPIGE010000139.1,Adapter,4341,4361,4374,1.0,0.004801097393689987,TruSeq,4,technical_match,0.016145057080820813
GCA_948631185.1,CAPIGE010000141.1,Adapter,4326,4346,4353,1.0,0.004824259131633356,TruSeq_R2,4,technical_match,0.027297670244818217
GCA_948631185.1,CAPIGE010000142.1,Adapter,10,30,4338,1.0,0.004840940525587829,TruSeq_R2,4,technical_match,0.014265567541305257
GCA_948631185.1,CAPIGE010000142.1,Adapter,3157,3177,4338,1.0,0.004840940525587829,TruSeq_R2,4,technical_match,0.014265567541305257
GCA_948631185.1,CAPIGE010000149.1,Adapter,4249,4269,4281,1.0,0.004905395935529082,TruSeq_R2,4,technical_match,0.005246237403468523
GCA_948631185.1,CAPIGE010000150.1,Adapter,4248,4268,4279,1.0,0.004907688712315962,TruSeq_R2,4,technical_match,0.0025954598982946275
GCA_948631185.1,CAPIGE010000152.1,Adapter,2377,2397,4211,1.0,0.004986938969365947,TruSeq_R2,4,technical_match,0.022544911113573873
GCA_948631185.1,CAPIGE010000153.1,Adapter,8,28,4188,1.0,0.00501432664756447,TruSeq_R2,4,technical_match,0.05146532099331613
GCA_948631185.1,CAPIGE010000153.1,Adapter,4163,4183,4188,1.0,0.00501432664756447,TruSeq,4,technical_match,0.05146532099331613
GCA_948631185.1,CAPIGE010000154.1,Adapter,4160,4180,4184,1.0,0.005019120458891013,TruSeq,4,technical_match,0.004342632533194113
GCA_948631185.1,CAPIGE010000164.1,Adapter,8,28,4027,1.0,0.005214800099329526,TruSeq,4,technical_match,0.014801744736677835
GCA_948631185.1,CAPIGE010000166.1,Adapter,16,36,3968,1.0,0.005292338709677419,TruSeq,4,technical_match,0.02524564959164055
GCA_948631185.1,CAPIGE010000167.1,Adapter,8,28,3960,1.0,0.005303030303030303,TruSeq_R2,4,technical_match,0.024939140102766877
GCA_948631185.1,CAPIGE010000171.1,Adapter,1518,1538,3884,1.0,0.005406797116374871,TruSeq_R2,4,technical_match,0.043905308587243064
GCA_948631185.1,CAPIGE010000171.1,Adapter,3847,3867,3884,1.0,0.005406797116374871,TruSeq,4,technical_match,0.043905308587243064
GCA_948631185.1,CAPIGE010000174.1,Adapter,3851,3871,3872,1.0,0.005423553719008265,TruSeq,4,technical_match,0.019301651871780345
GCA_948631185.1,CAPIGE010000181.1,Adapter,3707,3727,3736,1.0,0.005620985010706638,TruSeq_R2,4,technical_match,0.015449806082763085
GCA_948631185.1,CAPIGE010000182.1,Adapter,3714,3734,3734,1.0,0.005623995715050884,TruSeq,4,technical_match,0.019987330983996576
GCA_948631185.1,CAPIGE010000185.1,Adapter,17,37,3728,1.0,0.005633047210300429,TruSeq,4,technical_match,0.022717865384276115
GCA_948631185.1,CAPIGE010000188.1,Adapter,2119,2139,3681,1.0,0.0057049714751426246,TruSeq,4,technical_match,0.0062760508866365194
GCA_948631185.1,CAPIGE010000195.1,Adapter,5,25,3609,1.0,0.005818786367414797,TruSeq,4,technical_match,0.020007143976065567
GCA_948631185.1,CAPIGE010000200.1,Adapter,3498,3518,3544,1.0,0.005925507900677201,TruSeq_R2,4,technical_match,0.01433866006162049
GCA_948631185.1,CAPIGE010000208.1,Adapter,3386,3406,3432,1.0,0.006118881118881119,TruSeq_R2,4,technical_match,0.035827877689567356
GCA_948631185.1,CAPIGE010000211.1,Adapter,30,50,3398,1.0,0.006180105944673337,TruSeq_R2,4,technical_match,0.007073232383408512
GCA_948631185.1,CAPIGE010000219.1,Adapter,3,23,3258,1.0,0.006445672191528545,TruSeq_R2,4,technical_match,0.023116324210435635
GCA_948631185.1,CAPIGE010000233.1,Adapter,1,21,3164,1.0,0.00663716814159292,TruSeq,4,technical_match,0.00781100555108577
GCA_948631185.1,CAPIGE010000235.1,Adapter,3116,3136,3136,1.0,0.006696428571428571,TruSeq_R2,4,technical_match,0.03851073013118328
GCA_948631185.1,CAPIGE010000244.1,Adapter,20,40,3045,1.0,0.006896551724137931,TruSeq,4,technical_match,0.018785038130245013
GCA_948631185.1,CAPIGE010000244.1,Adapter,3025,3045,3045,1.0,0.006896551724137931,TruSeq,4,technical_match,0.018785038130245013
GCA_948631185.1,CAPIGE010000261.1,Adapter,2909,2929,2943,1.0,0.007135575942915392,TruSeq,4,technical_match,0.008219096403278281
GCA_948631185.1,CAPIGE010000262.1,Adapter,2899,2919,2930,1.0,0.007167235494880546,TruSeq_R2,4,technical_match,0.06095795239302093
GCA_948631185.1,CAPIGE010000271.1,Adapter,23,43,2844,1.0,0.007383966244725738,TruSeq,4,technical_match,0.020466566263104446
GCA_948631185.1,CAPIGE010000274.1,Adapter,2736,2756,2766,1.0,0.007592190889370932,TruSeq_R2,4,technical_match,0.015702569448255044
GCA_948631185.1,CAPIGE010000280.1,Adapter,2666,2686,2692,1.0,0.007800891530460624,TruSeq,4,technical_match,0.033568364997908606
GCA_948631185.1,CAPIGE010000291.1,Adapter,6,26,2530,1.0,0.008300395256916997,TruSeq_R2,4,technical_match,0.024996317944964153
GCA_948631185.1,CAPIGE010000295.1,Adapter,17,37,2506,1.0,0.008379888268156424,TruSeq,4,technical_match,0.013376409643211573
GCA_948631185.1,CAPIGE010000308.1,Adapter,938,958,2432,1.0,0.008634868421052632,TruSeq_R2,4,technical_match,0.03274642157342916
GCA_948631185.1,CAPIGE010000312.1,Adapter,16,36,2412,1.0,0.008706467661691543,TruSeq,4,technical_match,0.0016261690928376371
GCA_948631185.1,CAPIGE010000322.1,Adapter,2330,2350,2355,1.0,0.008917197452229299,TruSeq,4,technical_match,0.012587264799272968
GCA_948631185.1,CAPIGE010000323.1,Adapter,2320,2340,2354,1.0,0.008920985556499575,TruSeq,4,technical_match,0.0005605748989001014
GCA_948631185.1,CAPIGE010000324.1,Adapter,2322,2342,2353,1.0,0.008924776880577986,TruSeq,4,technical_match,0.006376464929139902
GCA_948631185.1,CAPIGE010000332.1,Adapter,854,874,2279,1.0,0.009214567792891619,TruSeq,4,technical_match,0.032247997514998905
GCA_948631185.1,CAPIGE010000336.1,Adapter,14,34,2252,1.0,0.009325044404973356,TruSeq,4,technical_match,0.025901968784972862
GCA_948631185.1,CAPIGE010000342.1,Adapter,2196,2216,2219,1.0,0.00946372239747634,TruSeq_R2,4,technical_match,0.003759112607202131
GCA_948631185.1,CAPIGE010000343.1,Adapter,2,22,2217,1.0,0.009472259810554804,TruSeq_R2,4,technical_match,0.012634956492586613
GCA_948631185.1,CAPIGE010000344.1,Adapter,19,39,2216,1.0,0.00947653429602888,TruSeq_R2,4,technical_match,0.023776301107304887
GCA_948631185.1,CAPIGE010000345.1,Adapter,2168,2188,2211,1.0,0.009497964721845319,TruSeq,4,technical_match,0.03298452880940628
GCA_948631185.1,CAPIGE010000355.1,Adapter,23,43,2130,1.0,0.009859154929577466,TruSeq,4,technical_match,0.01461287873710454
GCA_948631185.1,CAPIGE010000356.1,Adapter,2102,2122,2126,1.0,0.009877704609595485,TruSeq,4,technical_match,0.017676814265691176
GCA_948631185.1,CAPIGE010000361.1,Adapter,5,25,2098,1.0,0.010009532888465206,TruSeq_R2,4,technical_match,0.022370150336046835
GCA_948631185.1,CAPIGE010000363.1,Adapter,2046,2066,2088,1.0,0.010057471264367816,TruSeq_R2,4,technical_match,0.04727436489543385
GCA_948631185.1,CAPIGE010000364.1,Adapter,8,28,2081,1.0,0.010091302258529554,TruSeq,4,technical_match,0.00866276745141531
GCA_948631185.1,CAPIGE010000369.1,Adapter,4,24,2040,1.0,0.010294117647058823,TruSeq_R2,4,technical_match,0.004035690115176904
GCA_948631185.1,CAPIGE010000371.1,Adapter,2,22,2007,1.0,0.01046337817638266,TruSeq_R2,4,technical_match,0.01648953043642193
GCA_948631185.1,CAPIGE010000374.1,Adapter,19,39,1983,1.0,0.01059001512859304,TruSeq_R2,4,technical_match,0.05933811365645425
GCA_948631185.1,CAPIGE010000379.1,Adapter,429,449,1938,1.0,0.010835913312693499,TruSeq,4,technical_match,0.00386686739936859
GCA_948631185.1,CAPIGE010000387.1,Adapter,11,31,1891,1.0,0.01110523532522475,TruSeq,4,technical_match,0.0377692681577107
GCA_948631185.1,CAPIGE010000391.1,Adapter,2,22,1849,1.0,0.011357490535424553,TruSeq,4,technical_match,0.04704968724831582
GCA_948631185.1,CAPIGE010000405.1,Adapter,9,29,1752,1.0,0.011986301369863013,TruSeq_R2,4,technical_match,0.0019271754764447202
GCA_948631185.1,CAPIGE010000411.1,Adapter,12,32,1717,1.0,0.0122306348281887,TruSeq,4,technical_match,0.014383195453946063
GCA_948631185.1,CAPIGE010000412.1,Adapter,6,26,1714,1.0,0.012252042007001166,TruSeq,4,technical_match,0.000972107622669971
GCA_948631185.1,CAPIGE010000418.1,Adapter,1664,1684,1686,1.0,0.012455516014234875,TruSeq_R2,4,technical_match,0.022373559070588245
GCA_948631185.1,CAPIGE010000419.1,Adapter,1654,1674,1676,1.0,0.012529832935560859,TruSeq,4,technical_match,0.06262289588053793
GCA_948631185.1,CAPIGE010000421.1,Adapter,20,40,1670,1.0,0.012574850299401197,TruSeq_R2,4,technical_match,0.032872134872720615
GCA_948631185.1,CAPIGE010000426.1,Adapter,1605,1625,1646,1.0,0.01275820170109356,TruSeq,4,technical_match,0.014180782379045576
GCA_948631185.1,CAPIGE010000427.1,Adapter,1032,1052,1645,1.0,0.01276595744680851,TruSeq_R2,4,technical_match,0.028266666909564364
GCA_948631185.1,CAPIGE010000441.1,Adapter,6,26,1562,1.0,0.013444302176696543,TruSeq_R2,4,technical_match,0.004369600888192882
GCA_948631185.1,CAPIGE010000451.1,Adapter,377,397,1503,1.0,0.013972055888223553,TruSeq_R2,4,technical_match,0.02066914158307509
GCA_948631185.1,CAPIGE010000452.1,Adapter,6,26,1495,1.0,0.014046822742474917,TruSeq,4,technical_match,0.005012803368505014
GCA_948631185.1,CAPIGE010000456.1,Adapter,10,30,1477,1.0,0.014218009478672985,TruSeq_R2,4,technical_match,0.0063071200141507355
GCA_948631185.1,CAPIGE010000457.1,Adapter,1416,1436,1464,1.0,0.014344262295081968,TruSeq_R2,4,technical_match,0.048852469285861566
GCA_948631185.1,CAPIGE010000462.1,Adapter,1398,1418,1445,1.0,0.01453287197231834,TruSeq_R2,4,technical_match,0.017069138788763982
GCA_948631185.1,CAPIGE010000463.1,Adapter,1418,1438,1443,1.0,0.014553014553014554,TruSeq_R2,4,technical_match,0.04318207632038662
GCA_948631185.1,CAPIGE010000467.1,Adapter,391,411,1415,1.0,0.014840989399293287,TruSeq_R2,4,technical_match,0.05025019015006632
GCA_948631185.1,CAPIGE010000471.1,Adapter,10,30,1393,1.0,0.01507537688442211,TruSeq_R2,4,technical_match,0.016857502257119128
GCA_948631185.1,CAPIGE010000472.1,Adapter,2,22,1391,1.0,0.01509705248023005,TruSeq,4,technical_match,0.04035178377046794
GCA_948631185.1,CAPIGE010000472.1,Adapter,1358,1378,1391,1.0,0.01509705248023005,TruSeq,4,technical_match,0.04035178377046794
GCA_948631185.1,CAPIGE010000477.1,Adapter,1346,1366,1366,1.0,0.015373352855051245,TruSeq_R2,4,technical_match,0.017726730220823828
GCA_948631185.1,CAPIGE010000480.1,Adapter,12,32,1347,1.0,0.015590200445434299,TruSeq_R2,4,technical_match,0.01956911952257462
GCA_948631185.1,CAPIGE010000486.1,Adapter,10,30,1327,1.0,0.015825169555388093,TruSeq_R2,4,technical_match,0.0051453728729823345
GCA_948631185.1,CAPIGE010000487.1,Adapter,1295,1315,1320,1.0,0.015909090909090907,TruSeq_R2,4,technical_match,0.025827133965444282
GCA_948631185.1,CAPIGE010000497.1,Adapter,2,22,1271,1.0,0.016522423288749016,TruSeq_R2,4,technical_match,0.007915683668010653
GCA_948631185.1,CAPIGE010000497.1,Adapter,1236,1256,1271,1.0,0.016522423288749016,TruSeq,4,technical_match,0.007915683668010653
GCA_948631185.1,CAPIGE010000499.1,Adapter,8,28,1269,1.0,0.016548463356973995,TruSeq,4,technical_match,0.03986288151183015
GCA_948631185.1,CAPIGE010000506.1,Adapter,1204,1224,1240,1.0,0.016935483870967744,TruSeq_R2,4,technical_match,0.04352019359398779
GCA_948631185.1,CAPIGE010000508.1,Adapter,1199,1219,1230,1.0,0.01707317073170732,TruSeq_R2,4,technical_match,0.023415290276979972
GCA_948631185.1,CAPIGE010000514.1,Adapter,1183,1203,1207,1.0,0.01739850869925435,TruSeq_R2,4,technical_match,0.011899134518902066
GCA_948631185.1,CAPIGE010000526.1,Adapter,1120,1140,1155,1.0,0.01818181818181818,TruSeq_R2,4,technical_match,0.009995376857066529
GCA_948631185.1,CAPIGE010000533.1,Adapter,1084,1104,1104,1.0,0.019021739130434784,TruSeq_R2,4,technical_match,0.034466014914661114
GCA_948631185.1,CAPIGE010000539.1,Adapter,11,31,1089,1.0,0.01928374655647383,TruSeq,4,technical_match,0.03562970513165181
GCA_948631185.1,CAPIGE010000547.1,Adapter,12,32,1060,1.0,0.01981132075471698,TruSeq_R2,4,technical_match,0.0007737808430177129
GCA_948631185.1,CAPIGE010000547.1,Adapter,1036,1056,1060,1.0,0.01981132075471698,TruSeq,4,technical_match,0.0007737808430177129
GCA_948631185.1,CAPIGE010000553.1,Adapter,4,24,1028,1.0,0.020428015564202335,TruSeq,4,technical_match,0.0073240093339149714
GCA_948649335.1,CAPKYC010000004.1,Adapter,88071,88091,88093,1.0,0.00023838443463158253,TruSeq,4,technical_match,0.004917214698879568
GCA_948649335.1,CAPKYC010000007.1,Adapter,38509,38529,52597,1.0,0.00039926231534117917,TruSeq_R2,4,technical_match,0.005239002719942598
GCA_948649335.1,CAPKYC010000015.1,Adapter,45819,45839,45840,1.0,0.0004581151832460733,TruSeq_R2,4,technical_match,0.0027108499216428328
GCA_948649335.1,CAPKYC010000018.1,Adapter,39198,39218,39246,1.0,0.0005350863782296285,TruSeq_R2,4,technical_match,0.021005791374308302
GCA_948649335.1,CAPKYC010000021.1,Adapter,35705,35725,35731,1.0,0.0005877249447258683,TruSeq_R2,4,technical_match,0.007183610509129412
GCA_948649335.1,CAPKYC010000025.1,Adapter,2,22,34256,1.0,0.0006130312937879496,TruSeq_R2,4,technical_match,0.019714961165440026
GCA_948649335.1,CAPKYC010000028.1,Adapter,29,49,32479,1.0,0.0006465716308999661,TruSeq,4,technical_match,0.00700893859937457
GCA_948649335.1,CAPKYC010000028.1,Adapter,32450,32470,32479,1.0,0.0006465716308999661,TruSeq,4,technical_match,0.00700893859937457
GCA_948649335.1,CAPKYC010000041.1,Adapter,20,40,19722,1.0,0.0010648007301490721,TruSeq,4,technical_match,0.005226677251368939
GCA_948649335.1,CAPKYC010000044.1,Adapter,1550,1570,17613,1.0,0.0011923011412025208,TruSeq_R2,4,technical_match,0.01133302051389573
GCA_948649335.1,CAPKYC010000046.1,Adapter,17070,17090,17094,1.0,0.0012285012285012285,TruSeq,4,technical_match,0.010156628637055076
GCA_948649335.1,CAPKYC010000052.1,Adapter,29,49,12411,1.0,0.001692047377326565,TruSeq,4,technical_match,0.010812425326922781
GCA_948649335.1,CAPKYC010000055.1,Adapter,10,30,9280,1.0,0.002262931034482759,TruSeq,4,technical_match,0.03668968868340017
GCA_948649335.1,CAPKYC010000058.1,Adapter,20,40,6745,1.0,0.0031134173461823574,TruSeq,4,technical_match,0.022073667314657097
GCA_948649335.1,CAPKYC010000063.1,Adapter,1202,1222,1818,1.0,0.01155115511551155,TruSeq,4,technical_match,0.03289567903097268
GCA_948651395.1,CAPLGI010000026.1,Adapter,10307,10327,10344,1.0,0.0020301624129930394,TruSeq_R2,4,technical_match,0.0013415344477614721
GCA_948653925.1,CAPLPP010000003.1,Adapter,53676,53696,161000,1.0,0.00013043478260869564,TruSeq_R2,4,technical_match,0.004578367017920915
GCA_948653925.1,CAPLPP010000032.1,Adapter,3361,3381,3390,1.0,0.006194690265486726,TruSeq_R2,4,technical_match,0.013306142197825832
GCA_948655075.1,CAPLUE010000005.1,Adapter,16,36,7556,1.0,0.00277924827951297,TruSeq_R2,4,technical_match,0.013133672477290081
GCA_948655075.1,CAPLUE010000036.1,Adapter,4227,4247,4276,1.0,0.004911131898971001,TruSeq_R2,4,technical_match,0.0035165977661189007
GCA_948655075.1,CAPLUE010000062.1,Adapter,3656,3676,3685,1.0,0.005698778833107192,TruSeq,4,technical_match,0.0009741818585828343
GCA_948655075.1,CAPLUE010000092.1,Adapter,6,26,3082,1.0,0.00681375730045425,TruSeq,4,technical_match,0.0195496810403612
GCA_948655075.1,CAPLUE010000093.1,Adapter,27,47,3071,1.0,0.006838163464669489,TruSeq,4,technical_match,0.03525911540690291
GCA_948655075.1,CAPLUE010000099.1,Adapter,2971,2991,2999,1.0,0.007002334111370457,TruSeq,4,technical_match,0.005451839042365958
GCA_948655075.1,CAPLUE010000106.1,Adapter,2924,2944,2945,1.0,0.007130730050933786,TruSeq_R2,4,technical_match,0.0012133011256523218
GCA_948655075.1,CAPLUE010000108.1,Adapter,15,35,2939,1.0,0.007145287512759442,TruSeq_R2,4,technical_match,0.01321725897123488
GCA_948655075.1,CAPLUE010000114.1,Adapter,5,25,2903,1.0,0.007233895969686531,TruSeq_R2,4,technical_match,0.033003395260674806
GCA_948655075.1,CAPLUE010000128.1,Adapter,1277,1297,2793,1.0,0.007518796992481203,TruSeq_R2,4,technical_match,0.020753686167438723
GCA_948655075.1,CAPLUE010000129.1,Adapter,9,29,2792,1.0,0.007521489971346705,TruSeq,4,technical_match,0.016282721952655344
GCA_948655075.1,CAPLUE010000137.1,Adapter,10,30,2681,1.0,0.007832898172323759,TruSeq,4,technical_match,0.010859329706038201
GCA_948655075.1,CAPLUE010000149.1,Adapter,25,45,2615,1.0,0.00803059273422562,TruSeq_R2,4,technical_match,0.021524138291060035
GCA_948655075.1,CAPLUE010000153.1,Adapter,2514,2534,2554,1.0,0.00822239624119029,TruSeq_R2,4,technical_match,0.00014636394664752084
GCA_948655075.1,CAPLUE010000158.1,Adapter,28,48,2488,1.0,0.008440514469453377,TruSeq,4,technical_match,0.01093330178074925
GCA_948655075.1,CAPLUE010000159.1,Adapter,2462,2482,2484,1.0,0.008454106280193236,TruSeq,4,technical_match,0.00735221426794308
GCA_948655075.1,CAPLUE010000163.1,Adapter,12,32,2463,1.0,0.008526187576126675,TruSeq_R2,4,technical_match,0.015447050600908174
GCA_948655075.1,CAPLUE010000170.1,Adapter,2370,2390,2417,1.0,0.008688456764584195,TruSeq_R2,4,technical_match,0.0019863043851149897
GCA_948655075.1,CAPLUE010000214.1,Adapter,2094,2114,2115,1.0,0.009929078014184398,TruSeq_R2,4,technical_match,0.001699760926492766
GCA_948655075.1,CAPLUE010000224.1,Adapter,2018,2038,2058,1.0,0.01020408163265306,TruSeq,4,technical_match,0.015199521582863529
GCA_948655075.1,CAPLUE010000229.1,Adapter,3,23,2028,1.0,0.010355029585798817,TruSeq_R2,4,technical_match,0.03612809588663407
GCA_948655075.1,CAPLUE010000237.1,Adapter,1946,1966,1988,1.0,0.01056338028169014,TruSeq,4,technical_match,0.03273776198247408
GCA_948655075.1,CAPLUE010000238.1,Adapter,1798,1818,1981,1.0,0.01060070671378092,TruSeq,4,technical_match,0.043052568120162726
GCA_948655075.1,CAPLUE010000246.1,Adapter,11,31,1936,1.0,0.01084710743801653,TruSeq_R2,4,technical_match,0.018575281568085467
GCA_948655075.1,CAPLUE010000253.1,Adapter,1854,1874,1902,1.0,0.011041009463722398,TruSeq_R2,4,technical_match,0.019145038500761824
GCA_948655075.1,CAPLUE010000259.1,Adapter,1833,1853,1879,1.0,0.011176157530601383,TruSeq_R2,4,technical_match,0.029184329373538542
GCA_948655075.1,CAPLUE010000271.1,Adapter,1803,1823,1830,1.0,0.011475409836065573,TruSeq,4,technical_match,0.005036582226341624
GCA_948655075.1,CAPLUE010000279.1,Adapter,1767,1787,1812,1.0,0.011589403973509934,TruSeq,4,technical_match,0.021178450524354964
GCA_948655075.1,CAPLUE010000287.1,Adapter,1336,1356,1769,1.0,0.011871113623516111,TruSeq,4,technical_match,0.01807049861007498
GCA_948655075.1,CAPLUE010000293.1,Adapter,21,41,1729,1.0,0.012145748987854251,TruSeq_R2,4,technical_match,0.029049641355880507
GCA_948655075.1,CAPLUE010000296.1,Adapter,1678,1698,1726,1.0,0.01216685979142526,TruSeq_R2,4,technical_match,0.04120979930490226
GCA_948655075.1,CAPLUE010000297.1,Adapter,1675,1695,1723,1.0,0.012188044109112013,TruSeq_R2,4,technical_match,0.011010216310966214
GCA_948655075.1,CAPLUE010000318.1,Adapter,1056,1076,1616,1.0,0.012995049504950494,TruSeq_R2,4,technical_match,0.0328895009725913
GCA_948655075.1,CAPLUE010000322.1,Adapter,1566,1586,1599,1.0,0.013133208255159476,TruSeq_R2,4,technical_match,0.016019881214438703
GCA_948655075.1,CAPLUE010000334.1,Adapter,15,35,1546,1.0,0.013583441138421734,TruSeq,4,technical_match,0.029621516586742003
GCA_948656205.1,CAPLYJ010000017.1,Adapter,5,25,2979,1.0,0.007049345417925478,TruSeq_R2,4,technical_match,0.01982532606767262
GCA_948656205.1,CAPLYJ010000024.1,Adapter,1363,1383,1409,1.0,0.014904187366926898,TruSeq_R2,4,technical_match,0.0585191581870263
GCA_948656205.1,CAPLYJ010000052.1,Adapter,1,21,1972,1.0,0.010649087221095335,TruSeq,4,technical_match,0.0003817497692156224
GCA_948656205.1,CAPLYJ010000093.1,Adapter,1,21,3253,1.0,0.00645557946510913,TruSeq,4,technical_match,0.006452790230996375
GCA_948656205.1,CAPLYJ010000128.1,Adapter,1868,1888,1888,1.0,0.011122881355932203,TruSeq,4,technical_match,0.006902059529589666
GCA_948656205.1,CAPLYJ010000136.1,Adapter,1688,1708,1710,1.0,0.012280701754385965,TruSeq_R2,4,technical_match,0.024532547468130605
GCA_948656205.1,CAPLYJ010000170.1,Adapter,2,22,1664,1.0,0.012620192307692308,TruSeq_R2,4,technical_match,0.035593051291792355
GCA_948656205.1,CAPLYJ010000180.1,Adapter,2886,2906,2906,1.0,0.0072264280798348245,TruSeq_R2,4,technical_match,0.042749502575537834
GCA_948656205.1,CAPLYJ010000182.1,Adapter,1470,1490,1498,1.0,0.014018691588785047,TruSeq_R2,4,technical_match,0.05404714392812798
GCA_948656205.1,CAPLYJ010000184.1,Adapter,12,32,1322,1.0,0.01588502269288956,TruSeq,4,technical_match,0.04026982308278504
GCA_948656205.1,CAPLYJ010000192.1,Adapter,1977,1997,1997,1.0,0.010515773660490736,TruSeq_R2,4,technical_match,0.035853060183112295
GCA_948656205.1,CAPLYJ010000200.1,Adapter,11,31,2473,1.0,0.008491710473109584,TruSeq_R2,4,technical_match,0.016974665027833902
GCA_948656205.1,CAPLYJ010000203.1,Adapter,11,31,1954,1.0,0.010747185261003071,TruSeq_R2,4,technical_match,0.03499686288819348
GCA_948656205.1,CAPLYJ010000204.1,Adapter,11,31,1211,1.0,0.017341040462427744,TruSeq_R2,4,technical_match,0.009486507877362216
GCA_948656205.1,CAPLYJ010000205.1,Adapter,1,21,1980,1.0,0.010606060606060607,TruSeq_R2,4,technical_match,0.014436086237345158
GCA_948656205.1,CAPLYJ010000256.1,Adapter,10,30,3760,1.0,0.005585106382978724,TruSeq_R2,4,technical_match,0.016116782879353753
GCA_948656205.1,CAPLYJ010000264.1,Adapter,12,32,5363,1.0,0.003915718814096587,TruSeq_R2,4,technical_match,0.02602842205119882
GCA_948656205.1,CAPLYJ010000328.1,Adapter,4456,4476,4488,1.0,0.004679144385026738,TruSeq,4,technical_match,0.010915587128610793
GCA_948656205.1,CAPLYJ010000338.1,Adapter,1466,1486,1486,1.0,0.014131897711978465,TruSeq,4,technical_match,0.01763699994072082
GCA_948656205.1,CAPLYJ010000344.1,Adapter,1,21,4264,1.0,0.004924953095684803,TruSeq,4,technical_match,0.008848787357363386
GCA_948656205.1,CAPLYJ010000346.1,Adapter,1,21,2684,1.0,0.00782414307004471,TruSeq,4,technical_match,0.004962820866479978
GCA_948656205.1,CAPLYJ010000359.1,Adapter,1,21,3131,1.0,0.00670712232513574,TruSeq,4,technical_match,0.024962692350190996
GCA_948656205.1,CAPLYJ010000384.1,Adapter,1287,1307,1309,1.0,0.016042780748663103,TruSeq_R2,4,technical_match,0.012347978266884274
GCA_948656205.1,CAPLYJ010000412.1,Adapter,1,21,11019,1.0,0.0019057990743261638,TruSeq,4,technical_match,0.010241678231339035
GCA_948656205.1,CAPLYJ010000428.1,Adapter,17,37,4365,1.0,0.004810996563573883,TruSeq_R2,4,technical_match,0.015700329466080853
GCA_948656205.1,CAPLYJ010000450.1,Adapter,4560,4580,4589,1.0,0.004576160383525822,TruSeq_R2,4,technical_match,0.0552900387060285
GCA_948660795.1,CAPMQG010000043.1,Adapter,9534,9554,9582,1.0,0.0021916092673763305,TruSeq_R2,4,technical_match,0.013691761155574966
GCA_948660795.1,CAPMQG010000052.1,Adapter,8857,8877,8901,1.0,0.0023592854735422987,TruSeq_R2,4,technical_match,0.012631042952692462
GCA_948660795.1,CAPMQG010000094.1,Adapter,6236,6256,6261,1.0,0.0033540967896502154,TruSeq_R2,4,technical_match,0.06241794262238198
GCA_948660795.1,CAPMQG010000095.1,Adapter,6224,6244,6254,1.0,0.0033578509753757597,TruSeq_R2,4,technical_match,0.018793563869888175
GCA_948660795.1,CAPMQG010000100.1,Adapter,5988,6008,6019,1.0,0.0034889516530985216,TruSeq,4,technical_match,0.009547055402426785
GCA_948660795.1,CAPMQG010000106.1,Adapter,12,32,5870,1.0,0.003577512776831346,TruSeq,4,technical_match,0.03333051453935071
GCA_948660795.1,CAPMQG010000134.1,Adapter,4682,4702,4728,1.0,0.004441624365482234,TruSeq_R2,4,technical_match,0.02729032560396888
GCA_948660795.1,CAPMQG010000170.1,Adapter,3,23,3870,1.0,0.005426356589147287,TruSeq_R2,4,technical_match,0.01280430139063976
GCA_948660795.1,CAPMQG010000179.1,Adapter,7,27,3625,1.0,0.005793103448275862,TruSeq,4,technical_match,0.04560551318784195
GCA_948660795.1,CAPMQG010000184.1,Adapter,3583,3603,3605,1.0,0.005825242718446602,TruSeq,4,technical_match,0.0038424446527613454
GCA_948660795.1,CAPMQG010000295.1,Adapter,1722,1742,1770,1.0,0.011864406779661017,TruSeq,4,technical_match,0.0494827392960856
GCA_948660795.1,CAPMQG010000323.1,Adapter,26,46,1460,1.0,0.014383561643835616,TruSeq_R2,4,technical_match,0.042354808021416446
GCA_948660795.1,CAPMQG010000351.1,Adapter,1107,1127,1130,1.0,0.018584070796460177,TruSeq_R2,4,technical_match,0.00038976707859567084
GCA_948661265.1,CAPMSC010000001.1,Adapter,37867,37887,37913,1.0,0.0005538997177749058,TruSeq_R2,4,technical_match,0.017621318232493577
GCA_948661265.1,CAPMSC010000008.1,Adapter,22,42,16696,1.0,0.001257786296118831,TruSeq,4,technical_match,9.879829717784894e-05
GCA_948661265.1,CAPMSC010000008.1,Adapter,16655,16675,16696,1.0,0.001257786296118831,TruSeq_R2,4,technical_match,9.879829717784894e-05
GCA_948661265.1,CAPMSC010000010.1,Adapter,16258,16278,16306,1.0,0.001287869495891083,TruSeq,4,technical_match,0.013322888059627669
GCA_948661265.1,CAPMSC010000013.1,Adapter,29,49,15386,1.0,0.001364877161055505,TruSeq_R2,4,technical_match,0.012890377669797781
GCA_948661265.1,CAPMSC010000014.1,Adapter,14630,14650,14673,1.0,0.0014312001635657329,TruSeq,4,technical_match,0.0022180119442974378
GCA_948661265.1,CAPMSC010000016.1,Adapter,13439,13459,13485,1.0,0.001557285873192436,TruSeq,4,technical_match,0.016507045495611106
GCA_948661265.1,CAPMSC010000024.1,Adapter,11640,11660,11675,1.0,0.0017987152034261242,TruSeq_R2,4,technical_match,0.013093688279765758
GCA_948661265.1,CAPMSC010000026.1,Adapter,11513,11533,11559,1.0,0.0018167661562418895,TruSeq_R2,4,technical_match,0.016604220688395344
GCA_948661265.1,CAPMSC010000027.1,Adapter,11362,11382,11410,1.0,0.0018404907975460123,TruSeq_R2,4,technical_match,0.012353438264282923
GCA_948661265.1,CAPMSC010000034.1,Adapter,28,48,10806,1.0,0.001943364797334814,TruSeq,4,technical_match,0.008046599284477651
GCA_948661265.1,CAPMSC010000034.1,Adapter,10760,10780,10806,1.0,0.001943364797334814,TruSeq,4,technical_match,0.008046599284477651
GCA_948661265.1,CAPMSC010000042.1,Adapter,20,40,9034,1.0,0.0023245516936019482,TruSeq_R2,4,technical_match,0.008474121929488931
GCA_948661265.1,CAPMSC010000043.1,Adapter,8,28,9001,1.0,0.002333074102877458,TruSeq,4,technical_match,0.020709915551206215
GCA_948661265.1,CAPMSC010000048.1,Adapter,8500,8520,8524,1.0,0.002463632097606757,TruSeq,4,technical_match,0.006260089834464078
GCA_948661265.1,CAPMSC010000051.1,Adapter,17,37,8383,1.0,0.0025050697840868423,TruSeq,4,technical_match,0.013537504803519729
GCA_948661265.1,CAPMSC010000053.1,Adapter,8000,8020,8029,1.0,0.0026155187445510027,TruSeq_R2,4,technical_match,0.0029349887941964026
GCA_948661265.1,CAPMSC010000058.1,Adapter,7743,7763,7791,1.0,0.0026954177897574125,TruSeq,4,technical_match,0.005407874994409589
GCA_948661265.1,CAPMSC010000066.1,Adapter,25,45,7315,1.0,0.0028708133971291866,TruSeq_R2,4,technical_match,0.016639949299260215
GCA_948661265.1,CAPMSC010000068.1,Adapter,28,48,7172,1.0,0.002928053541550474,TruSeq,4,technical_match,0.006194884578518467
GCA_948661265.1,CAPMSC010000070.1,Adapter,27,47,7066,1.0,0.0029719784885366544,TruSeq_R2,4,technical_match,0.004245137875099558
GCA_948661265.1,CAPMSC010000070.1,Adapter,7025,7045,7066,1.0,0.0029719784885366544,TruSeq_R2,4,technical_match,0.004245137875099558
GCA_948661265.1,CAPMSC010000075.1,Adapter,6627,6647,6660,1.0,0.003153153153153153,TruSeq_R2,4,technical_match,0.018971807365128046
GCA_948661265.1,CAPMSC010000082.1,Adapter,6157,6177,6203,1.0,0.003385458649040787,TruSeq_R2,4,technical_match,0.0004693071089501011
GCA_948661265.1,CAPMSC010000087.1,Adapter,22,42,6051,1.0,0.0034705007436787306,TruSeq_R2,4,technical_match,0.005780301083310457
GCA_948661265.1,CAPMSC010000088.1,Adapter,12,32,6002,1.0,0.003498833722092636,TruSeq_R2,4,technical_match,0.0011312660464916635
GCA_948661265.1,CAPMSC010000089.1,Adapter,27,47,5981,1.0,0.0035111185420498244,TruSeq_R2,4,technical_match,0.0005691449990627984
GCA_948661265.1,CAPMSC010000093.1,Adapter,5682,5702,5712,1.0,0.003676470588235294,TruSeq,4,technical_match,0.019093434963535827
GCA_948661265.1,CAPMSC010000112.1,Adapter,4703,4723,4749,1.0,0.004421983575489577,TruSeq_R2,4,technical_match,0.014972339166710091
GCA_948661265.1,CAPMSC010000118.1,Adapter,4387,4407,4432,1.0,0.00473826714801444,TruSeq_R2,4,technical_match,0.003149421979280753
GCA_948661265.1,CAPMSC010000119.1,Adapter,4379,4399,4427,1.0,0.0047436187034108875,TruSeq_R2,4,technical_match,0.02736510821381627
GCA_948661265.1,CAPMSC010000125.1,Adapter,12,32,4349,1.0,0.004828696252011957,TruSeq_R2,4,technical_match,0.017691122141168247
GCA_948661265.1,CAPMSC010000126.1,Adapter,22,42,4315,1.0,0.004866743916570104,TruSeq,4,technical_match,0.004064028067521319
GCA_948661265.1,CAPMSC010000126.1,Adapter,4266,4286,4315,1.0,0.004866743916570104,TruSeq,4,technical_match,0.004064028067521319
GCA_948661265.1,CAPMSC010000127.1,Adapter,28,48,4300,1.0,0.004883720930232558,TruSeq,4,technical_match,0.00788428635755073
GCA_948661265.1,CAPMSC010000131.1,Adapter,3997,4017,4033,1.0,0.005207041904289611,TruSeq_R2,4,technical_match,0.013813913445701431
GCA_948661265.1,CAPMSC010000144.1,Adapter,29,49,3614,1.0,0.005810736026563365,TruSeq,4,technical_match,0.005432451760827406
GCA_948661265.1,CAPMSC010000146.1,Adapter,10,30,3573,1.0,0.005877413937867338,TruSeq_R2,4,technical_match,0.015253653878977758
GCA_948661265.1,CAPMSC010000148.1,Adapter,2165,2185,3537,1.0,0.005937234944868533,TruSeq,4,technical_match,0.01611074202812518
GCA_948661265.1,CAPMSC010000152.1,Adapter,3417,3437,3462,1.0,0.006065857885615251,TruSeq,4,technical_match,0.008450269551790568
GCA_948661265.1,CAPMSC010000158.1,Adapter,26,46,3086,1.0,0.006804925469863901,TruSeq,4,technical_match,0.022383525230781687
GCA_948661265.1,CAPMSC010000158.1,Adapter,3040,3060,3086,1.0,0.006804925469863901,TruSeq_R2,4,technical_match,0.022383525230781687
GCA_948661265.1,CAPMSC010000159.1,Adapter,13,33,3025,1.0,0.006942148760330578,TruSeq_R2,4,technical_match,0.01593156677269586
GCA_948661265.1,CAPMSC010000176.1,Adapter,2448,2468,2489,1.0,0.008437123342707915,TruSeq_R2,4,technical_match,0.03272948399946196
GCA_948661265.1,CAPMSC010000178.1,Adapter,2424,2444,2453,1.0,0.008560945780676722,TruSeq_R2,4,technical_match,0.017697014185685367
GCA_948661265.1,CAPMSC010000188.1,Adapter,27,47,2245,1.0,0.009354120267260579,TruSeq_R2,4,technical_match,0.02716880319546111
GCA_948661265.1,CAPMSC010000201.1,Adapter,1864,1884,1912,1.0,0.010983263598326359,TruSeq,4,technical_match,0.030990871762523187
GCA_948661265.1,CAPMSC010000202.1,Adapter,1766,1786,1791,1.0,0.011725293132328308,TruSeq,4,technical_match,0.018080550747873014
GCA_948661265.1,CAPMSC010000204.1,Adapter,25,45,1699,1.0,0.012360211889346674,TruSeq,4,technical_match,0.008225526758881219
GCA_948661265.1,CAPMSC010000207.1,Adapter,13,33,1642,1.0,0.012789281364190013,TruSeq,4,technical_match,0.012571423428054673
GCA_948662745.1,CAPMYA010000191.1,Adapter,30,50,2217,1.0,0.009472259810554804,TruSeq,4,technical_match,0.011384872201203766
GCA_948668275.1,CAPNSV010000017.1,Adapter,19825,19845,19851,1.0,0.0010578812150521385,TruSeq_R2,4,technical_match,0.002393339826716856
GCA_948668275.1,CAPNSV010000042.1,Adapter,7783,7803,11691,1.0,0.001796253528355145,TruSeq_R2,4,technical_match,0.0031123552835600754
GCA_948668275.1,CAPNSV010000043.1,Adapter,11624,11644,11671,1.0,0.0017993316768057579,TruSeq_R2,4,technical_match,0.004134021900109475
GCA_948668275.1,CAPNSV010000050.1,Adapter,11011,11031,11054,1.0,0.001899764791025873,TruSeq_R2,4,technical_match,0.01736749665936016
GCA_948668275.1,CAPNSV010000113.1,Adapter,5517,5537,5559,1.0,0.0037776578521316784,TruSeq,4,technical_match,0.01304144637875626
GCA_948668275.1,CAPNSV010000138.1,Adapter,4108,4128,4146,1.0,0.005065123010130246,TruSeq_R2,4,technical_match,0.0037344081237540294
GCA_948668275.1,CAPNSV010000139.1,Adapter,3973,3993,4022,1.0,0.00522128294380905,TruSeq,4,technical_match,0.014511329447190746
GCA_948668275.1,CAPNSV010000196.1,Adapter,27,47,2068,1.0,0.010154738878143133,TruSeq_R2,4,technical_match,0.017307660027444494
GCA_948671935.1,CAPOHC010000005.1,Adapter,42035,42055,42062,1.0,0.000499262992725025,TruSeq_R2,4,technical_match,0.01328225028433927
GCA_948671935.1,CAPOHC010000009.1,Adapter,30108,30128,30132,1.0,0.0006969334926324173,TruSeq,4,technical_match,0.002331193307759827
GCA_948671935.1,CAPOHC010000019.1,Adapter,19880,19900,19906,1.0,0.001054958304028936,TruSeq,4,technical_match,0.0023042613378824184
GCA_948671935.1,CAPOHC010000025.1,Adapter,27,47,17829,1.0,0.001177856301531213,TruSeq_R2,4,technical_match,0.01683061621779197
GCA_948671935.1,CAPOHC010000028.1,Adapter,1382,1402,17415,1.0,0.0012058570198105081,TruSeq_R2,4,technical_match,0.013269890926683792
GCA_948671935.1,CAPOHC010000028.1,Adapter,1422,1442,17415,1.0,0.0012058570198105081,TruSeq_R2,4,technical_match,0.013269890926683792
GCA_948671935.1,CAPOHC010000057.1,Adapter,10935,10955,10960,1.0,0.001916058394160584,TruSeq,4,technical_match,0.012504254224155908
GCA_948671935.1,CAPOHC010000061.1,Adapter,10363,10383,10402,1.0,0.002018842530282638,TruSeq,4,technical_match,0.00796453704144423
GCA_948671935.1,CAPOHC010000069.1,Adapter,9222,9242,9258,1.0,0.002268308489954634,TruSeq_R2,4,technical_match,0.01292660218253433
GCA_948671935.1,CAPOHC010000077.1,Adapter,8204,8224,8249,1.0,0.002545763122802764,TruSeq,4,technical_match,0.005759240222859563
GCA_948671935.1,CAPOHC010000089.1,Adapter,13,33,7686,1.0,0.00273224043715847,TruSeq,4,technical_match,0.019323331622515705
GCA_948671935.1,CAPOHC010000137.1,Adapter,18,38,3049,1.0,0.006887504099704822,TruSeq_R2,4,technical_match,0.004077864573845791
GCA_948671935.1,CAPOHC010000139.1,Adapter,14,34,2832,1.0,0.007415254237288136,TruSeq_R2,4,technical_match,0.007127743852594237
GCA_948671935.1,CAPOHC010000145.1,Adapter,2700,2720,2735,1.0,0.007678244972577696,TruSeq,4,technical_match,0.019454740619757716
GCA_948673455.1,CAPOMW010000001.1,Adapter,29140,29160,158961,1.0,0.00013210787551663615,TruSeq,4,technical_match,0.001529989324782488
GCA_948673455.1,CAPOMW010000009.1,Adapter,17805,17825,49848,1.0,0.00042128069330765527,TruSeq_R2,4,technical_match,0.01619159526144076
GCA_948673455.1,CAPOMW010000010.1,Adapter,5,25,44470,1.0,0.0004722284686305374,TruSeq_R2,4,technical_match,0.0005808657943679463
GCA_948673455.1,CAPOMW010000013.1,Adapter,39851,39871,39871,1.0,0.0005266986029946578,TruSeq,4,technical_match,0.003592587253595847
GCA_948673455.1,CAPOMW010000026.1,Adapter,2,22,20241,1.0,0.001037498147324737,TruSeq_R2,4,technical_match,0.009554267084128265
GCA_948673455.1,CAPOMW010000033.1,Adapter,17,37,16478,1.0,0.001274426508071368,TruSeq,4,technical_match,0.007728615287371676
GCA_948673455.1,CAPOMW010000041.1,Adapter,7,27,12292,1.0,0.0017084282460136675,TruSeq_R2,4,technical_match,0.003077559873111868
GCA_948673455.1,CAPOMW010000045.1,Adapter,23,43,9378,1.0,0.0022392834293026233,TruSeq,4,technical_match,0.008083806881553746
GCA_948673455.1,CAPOMW010000052.1,Adapter,2767,2787,2791,1.0,0.007524184879971337,TruSeq_R2,4,technical_match,0.006840890522335441
GCA_948675265.1,CAPOUD010000002.1,Adapter,7,27,36057,1.0,0.0005824111822947001,TruSeq_R2,4,technical_match,0.0020760176866252977
GCA_948675265.1,CAPOUD010000005.1,Adapter,10419,10439,23223,1.0,0.0009042759333419455,TruSeq,4,technical_match,0.002241843894361606
GCA_948675265.1,CAPOUD010000005.1,Adapter,11135,11155,23223,1.0,0.0009042759333419455,TruSeq_R2,4,technical_match,0.002241843894361606
GCA_948675265.1,CAPOUD010000010.1,Adapter,13,33,13599,1.0,0.001544231193470108,TruSeq,4,technical_match,0.02002250158251656
GCA_948675265.1,CAPOUD010000010.1,Adapter,13569,13589,13599,1.0,0.001544231193470108,TruSeq,4,technical_match,0.02002250158251656
GCA_948675265.1,CAPOUD010000020.1,Adapter,9749,9769,10243,1.0,0.0020501806111490775,TruSeq,4,technical_match,0.006663223457728185
GCA_948675265.1,CAPOUD010000020.1,Adapter,10210,10230,10243,1.0,0.0020501806111490775,TruSeq,4,technical_match,0.006663223457728185
GCA_948675265.1,CAPOUD010000021.1,Adapter,6495,6515,10228,1.0,0.002053187328901056,TruSeq,4,technical_match,0.016941747413756203
GCA_948675265.1,CAPOUD010000027.1,Adapter,9394,9414,9423,1.0,0.002228589621139764,TruSeq,4,technical_match,0.00022303166888199
GCA_948675265.1,CAPOUD010000029.1,Adapter,9100,9120,9127,1.0,0.002300865563712063,TruSeq_R2,4,technical_match,0.02198806545329951
GCA_948675265.1,CAPOUD010000032.1,Adapter,8630,8650,8679,1.0,0.0024196335983408227,TruSeq_R2,4,technical_match,0.00045339959837942256
GCA_948675265.1,CAPOUD010000038.1,Adapter,12,32,8020,1.0,0.0026184538653366584,TruSeq_R2,4,technical_match,0.01120453069973748
GCA_948675265.1,CAPOUD010000038.1,Adapter,7999,8019,8020,1.0,0.0026184538653366584,TruSeq_R2,4,technical_match,0.01120453069973748
GCA_948675265.1,CAPOUD010000040.1,Adapter,1474,1494,7540,1.0,0.0027851458885941646,TruSeq_R2,4,technical_match,0.015084770339681475
GCA_948675265.1,CAPOUD010000041.1,Adapter,5992,6012,7306,1.0,0.0028743498494388175,TruSeq_R2,4,technical_match,0.013085552753909102
GCA_948675265.1,CAPOUD010000049.1,Adapter,4733,4753,6872,1.0,0.0030558789289871946,TruSeq_R2,4,technical_match,0.031474278679608114
GCA_948675265.1,CAPOUD010000051.1,Adapter,6781,6801,6801,1.0,0.0030877812086457872,TruSeq_R2,4,technical_match,0.06714168018010214
GCA_948675265.1,CAPOUD010000052.1,Adapter,20,40,6799,1.0,0.0030886895131637007,TruSeq_R2,4,technical_match,0.010004342249526343
GCA_948675265.1,CAPOUD010000053.1,Adapter,770,790,6742,1.0,0.0031148027291604866,TruSeq,4,technical_match,0.02275734800288487
GCA_948675265.1,CAPOUD010000055.1,Adapter,5,25,6655,1.0,0.0031555221637866266,TruSeq,4,technical_match,0.0013428980995224271
GCA_948675265.1,CAPOUD010000067.1,Adapter,6238,6258,6268,1.0,0.0033503509891512446,TruSeq_R2,4,technical_match,0.038510149868153376
GCA_948675265.1,CAPOUD010000069.1,Adapter,19,39,6121,1.0,0.0034308119588302567,TruSeq,4,technical_match,0.00267929836507802
GCA_948675265.1,CAPOUD010000069.1,Adapter,6100,6120,6121,1.0,0.0034308119588302567,TruSeq_R2,4,technical_match,0.00267929836507802
GCA_948675265.1,CAPOUD010000070.1,Adapter,25,45,6115,1.0,0.0034341782502044153,TruSeq_R2,4,technical_match,0.014316018973320521
GCA_948675265.1,CAPOUD010000070.1,Adapter,742,762,6115,1.0,0.0034341782502044153,TruSeq_R2,4,technical_match,0.014316018973320521
GCA_948675265.1,CAPOUD010000079.1,Adapter,763,783,5847,1.0,0.0035915854284248334,TruSeq_R2,4,technical_match,0.004062488492046601
GCA_948675265.1,CAPOUD010000082.1,Adapter,5743,5763,5774,1.0,0.0036369934187738136,TruSeq,4,technical_match,0.04707471841023264
GCA_948675265.1,CAPOUD010000085.1,Adapter,15,35,5694,1.0,0.0036880927291886197,TruSeq_R2,4,technical_match,0.017176998546628852
GCA_948675265.1,CAPOUD010000087.1,Adapter,5640,5660,5669,1.0,0.0037043570294584584,TruSeq,4,technical_match,0.05092250952230537
GCA_948675265.1,CAPOUD010000091.1,Adapter,4192,4212,5493,1.0,0.0038230475150191155,TruSeq_R2,4,technical_match,0.029221475388899132
GCA_948675265.1,CAPOUD010000093.1,Adapter,5169,5189,5426,1.0,0.003870254330998894,TruSeq_R2,4,technical_match,0.019489782262318234
GCA_948675265.1,CAPOUD010000097.1,Adapter,5270,5290,5296,1.0,0.0039652567975830815,TruSeq_R2,4,technical_match,0.002348555079874748
GCA_948675265.1,CAPOUD010000110.1,Adapter,1,21,4920,1.0,0.00426829268292683,TruSeq_R2,4,technical_match,0.039272571978654025
GCA_948675265.1,CAPOUD010000115.1,Adapter,2,22,4826,1.0,0.00435142975549109,TruSeq_R2,4,technical_match,0.004904026262529615
GCA_948675265.1,CAPOUD010000115.1,Adapter,4806,4826,4826,1.0,0.00435142975549109,TruSeq,4,technical_match,0.004904026262529615
GCA_948675265.1,CAPOUD010000121.1,Adapter,20,40,4723,1.0,0.004446326487402075,TruSeq_R2,4,technical_match,0.02735278487902565
GCA_948675265.1,CAPOUD010000122.1,Adapter,1,21,4722,1.0,0.0044472681067344345,TruSeq,4,technical_match,0.01663588523834597
GCA_948675265.1,CAPOUD010000149.1,Adapter,4146,4166,4194,1.0,0.005007153075822604,TruSeq_R2,4,technical_match,0.005904045023567506
GCA_948675265.1,CAPOUD010000152.1,Adapter,7,27,4152,1.0,0.0050578034682080926,TruSeq_R2,4,technical_match,0.009492642552104025
GCA_948675265.1,CAPOUD010000153.1,Adapter,4108,4128,4130,1.0,0.005084745762711864,TruSeq,4,technical_match,0.001015803488639
GCA_948675265.1,CAPOUD010000156.1,Adapter,29,49,4041,1.0,0.005196733481811433,TruSeq,4,technical_match,0.01076628580220651
GCA_948675265.1,CAPOUD010000157.1,Adapter,10,30,4016,1.0,0.005229083665338645,TruSeq_R2,4,technical_match,0.006070826116573891
GCA_948675265.1,CAPOUD010000166.1,Adapter,9,29,3918,1.0,0.005359877488514548,TruSeq_R2,4,technical_match,0.028720274265784107
GCA_948675265.1,CAPOUD010000167.1,Adapter,2339,2359,3910,1.0,0.005370843989769821,TruSeq,4,technical_match,0.027615623789634836
GCA_948675265.1,CAPOUD010000170.1,Adapter,7,27,3855,1.0,0.005447470817120622,TruSeq,4,technical_match,0.007594862235349997
GCA_948675265.1,CAPOUD010000176.1,Adapter,3762,3782,3801,1.0,0.0055248618784530384,TruSeq,4,technical_match,0.021440615048192835
GCA_948675265.1,CAPOUD010000193.1,Adapter,3618,3638,3642,1.0,0.005766062602965404,TruSeq_R2,4,technical_match,0.005165742442483856
GCA_948675265.1,CAPOUD010000195.1,Adapter,3592,3612,3617,1.0,0.005805916505391208,TruSeq_R2,4,technical_match,0.03298658813022659
GCA_948675265.1,CAPOUD010000198.1,Adapter,3162,3182,3565,1.0,0.005890603085553997,TruSeq,4,technical_match,0.05669049932248443
GCA_948675265.1,CAPOUD010000198.1,Adapter,3537,3557,3565,1.0,0.005890603085553997,TruSeq,4,technical_match,0.05669049932248443
GCA_948675265.1,CAPOUD010000215.1,Adapter,22,42,3377,1.0,0.00621853716316257,TruSeq,4,technical_match,0.007794868935612986
GCA_948675265.1,CAPOUD010000218.1,Adapter,3316,3336,3347,1.0,0.00627427547057066,TruSeq_R2,4,technical_match,0.04628783379544904
GCA_948675265.1,CAPOUD010000221.1,Adapter,3285,3305,3317,1.0,0.006331022007838408,TruSeq,4,technical_match,0.01693519198742871
GCA_948675265.1,CAPOUD010000224.1,Adapter,3260,3280,3299,1.0,0.006365565322825098,TruSeq,4,technical_match,0.02252901578892419
GCA_948675265.1,CAPOUD010000233.1,Adapter,9,29,3240,1.0,0.006481481481481481,TruSeq,4,technical_match,0.005510625853324291
GCA_948675265.1,CAPOUD010000237.1,Adapter,3167,3187,3192,1.0,0.006578947368421052,TruSeq_R2,4,technical_match,0.003929641481679902
GCA_948675265.1,CAPOUD010000238.1,Adapter,17,37,3178,1.0,0.006607929515418502,TruSeq_R2,4,technical_match,0.03335204109304307
GCA_948675265.1,CAPOUD010000243.1,Adapter,3126,3146,3152,1.0,0.00666243654822335,TruSeq_R2,4,technical_match,0.022379955082941938
GCA_948675265.1,CAPOUD010000249.1,Adapter,3089,3109,3115,1.0,0.006741573033707865,TruSeq,4,technical_match,0.023425279637543317
GCA_948675265.1,CAPOUD010000250.1,Adapter,3066,3086,3109,1.0,0.006754583467352846,TruSeq_R2,4,technical_match,0.010432715842960127
GCA_948675265.1,CAPOUD010000251.1,Adapter,3082,3102,3108,1.0,0.006756756756756757,TruSeq,4,technical_match,0.05583899038654372
GCA_948675265.1,CAPOUD010000254.1,Adapter,3045,3065,3091,1.0,0.006793917825946296,TruSeq_R2,4,technical_match,0.029671264221804217
GCA_948675265.1,CAPOUD010000255.1,Adapter,3062,3082,3084,1.0,0.006809338521400778,TruSeq_R2,4,technical_match,0.03163470713304761
GCA_948675265.1,CAPOUD010000269.1,Adapter,2697,2717,2996,1.0,0.007009345794392523,TruSeq_R2,4,technical_match,0.038652324149074824
GCA_948675265.1,CAPOUD010000269.1,Adapter,2970,2990,2996,1.0,0.007009345794392523,TruSeq,4,technical_match,0.038652324149074824
GCA_948675265.1,CAPOUD010000276.1,Adapter,2893,2913,2921,1.0,0.00718931872646354,TruSeq_R2,4,technical_match,0.012823087867243232
GCA_948675265.1,CAPOUD010000278.1,Adapter,2846,2866,2878,1.0,0.007296733842946491,TruSeq,4,technical_match,0.006782728393668669
GCA_948675265.1,CAPOUD010000281.1,Adapter,2,22,2856,1.0,0.007352941176470588,TruSeq_R2,4,technical_match,0.024624761635004377
GCA_948675265.1,CAPOUD010000281.1,Adapter,2819,2839,2856,1.0,0.007352941176470588,TruSeq,4,technical_match,0.024624761635004377
GCA_948675265.1,CAPOUD010000283.1,Adapter,2808,2828,2846,1.0,0.007378777231201687,TruSeq_R2,4,technical_match,0.01578430431041805
GCA_948675265.1,CAPOUD010000285.1,Adapter,2783,2803,2819,1.0,0.007449450159631075,TruSeq,4,technical_match,0.005073308559982226
GCA_948675265.1,CAPOUD010000290.1,Adapter,3,23,2773,1.0,0.007573025604038947,TruSeq_R2,4,technical_match,0.020681424473237398
GCA_948675265.1,CAPOUD010000291.1,Adapter,5,25,2773,1.0,0.007573025604038947,TruSeq,4,technical_match,0.018157082605224417
GCA_948675265.1,CAPOUD010000293.1,Adapter,19,39,2756,1.0,0.007619738751814224,TruSeq,4,technical_match,0.07540777440469859
GCA_948675265.1,CAPOUD010000295.1,Adapter,15,35,2754,1.0,0.007625272331154684,TruSeq_R2,4,technical_match,0.02825935497460247
GCA_948675265.1,CAPOUD010000300.1,Adapter,2674,2694,2696,1.0,0.007789317507418398,TruSeq,4,technical_match,0.002344632966326199
GCA_948675265.1,CAPOUD010000301.1,Adapter,2137,2157,2695,1.0,0.007792207792207792,TruSeq_R2,4,technical_match,0.00421941375476409
GCA_948675265.1,CAPOUD010000309.1,Adapter,23,43,2651,1.0,0.007921539041870993,TruSeq,4,technical_match,0.013464394055305584
GCA_948675265.1,CAPOUD010000310.1,Adapter,2609,2629,2647,1.0,0.007933509633547412,TruSeq,4,technical_match,0.02054927424322106
GCA_948675265.1,CAPOUD010000316.1,Adapter,1463,1483,2571,1.0,0.008168028004667444,TruSeq,4,technical_match,0.0029051405573659594
GCA_948675265.1,CAPOUD010000323.1,Adapter,2503,2523,2536,1.0,0.008280757097791799,TruSeq,4,technical_match,0.0024897246549126506
GCA_948675265.1,CAPOUD010000328.1,Adapter,2490,2510,2512,1.0,0.008359872611464968,TruSeq,4,technical_match,0.04119710851432923
GCA_948675265.1,CAPOUD010000329.1,Adapter,14,34,2512,1.0,0.008359872611464968,TruSeq_R2,4,technical_match,0.02328633657673168
GCA_948675265.1,CAPOUD010000329.1,Adapter,2479,2499,2512,1.0,0.008359872611464968,TruSeq,4,technical_match,0.02328633657673168
GCA_948675265.1,CAPOUD010000331.1,Adapter,1412,1432,2506,1.0,0.008379888268156424,TruSeq,4,technical_match,0.02110891645161489
GCA_948675265.1,CAPOUD010000333.1,Adapter,18,38,2503,1.0,0.008389932081502197,TruSeq_R2,4,technical_match,0.00855475068130851
GCA_948675265.1,CAPOUD010000334.1,Adapter,1708,1728,2495,1.0,0.008416833667334669,TruSeq,4,technical_match,0.030689476736400545
GCA_948675265.1,CAPOUD010000336.1,Adapter,2440,2460,2474,1.0,0.008488278092158448,TruSeq,4,technical_match,0.0068063233292966485
GCA_948675265.1,CAPOUD010000338.1,Adapter,2449,2469,2472,1.0,0.00849514563106796,TruSeq_R2,4,technical_match,0.022051402194140646
GCA_948675265.1,CAPOUD010000343.1,Adapter,2413,2433,2448,1.0,0.00857843137254902,TruSeq,4,technical_match,0.001515517937525357
GCA_948675265.1,CAPOUD010000351.1,Adapter,2359,2379,2405,1.0,0.008731808731808732,TruSeq_R2,4,technical_match,0.024850686164157032
GCA_948675265.1,CAPOUD010000358.1,Adapter,2350,2370,2375,1.0,0.008842105263157894,TruSeq_R2,4,technical_match,0.017676508649599687
GCA_948675265.1,CAPOUD010000365.1,Adapter,2313,2333,2340,1.0,0.008974358974358974,TruSeq,4,technical_match,0.046412451069752614
GCA_948675265.1,CAPOUD010000368.1,Adapter,2293,2313,2316,1.0,0.009067357512953367,TruSeq_R2,4,technical_match,0.0521606464552537
GCA_948675265.1,CAPOUD010000374.1,Adapter,871,891,2282,1.0,0.009202453987730062,TruSeq,4,technical_match,0.05919802804424762
GCA_948675265.1,CAPOUD010000375.1,Adapter,2261,2281,2281,1.0,0.00920648838228847,TruSeq_R2,4,technical_match,0.055864745572463625
GCA_948675265.1,CAPOUD010000376.1,Adapter,8,28,2278,1.0,0.009218612818261633,TruSeq,4,technical_match,0.06213680866475735
GCA_948675265.1,CAPOUD010000382.1,Adapter,25,45,2183,1.0,0.00961978928080623,TruSeq_R2,4,technical_match,0.008049968639473604
GCA_948675265.1,CAPOUD010000383.1,Adapter,2156,2176,2179,1.0,0.009637448370812299,TruSeq_R2,4,technical_match,0.006550207352529536
GCA_948675265.1,CAPOUD010000386.1,Adapter,2145,2165,2168,1.0,0.009686346863468635,TruSeq,4,technical_match,0.011670937456440322
GCA_948675265.1,CAPOUD010000394.1,Adapter,2086,2106,2107,1.0,0.009966777408637873,TruSeq_R2,4,technical_match,0.005282550126909702
GCA_948675265.1,CAPOUD010000397.1,Adapter,23,43,2092,1.0,0.010038240917782026,TruSeq_R2,4,technical_match,0.021991399169661696
GCA_948675265.1,CAPOUD010000401.1,Adapter,2048,2068,2072,1.0,0.010135135135135136,TruSeq_R2,4,technical_match,0.0021751475178459767
GCA_948675265.1,CAPOUD010000409.1,Adapter,2,22,2040,1.0,0.010294117647058823,TruSeq,4,technical_match,0.00347630225125084
GCA_948675265.1,CAPOUD010000422.1,Adapter,1,21,1967,1.0,0.010676156583629894,TruSeq,4,technical_match,0.023052083509078447
GCA_948675265.1,CAPOUD010000423.1,Adapter,1928,1948,1963,1.0,0.010697911360163017,TruSeq_R2,4,technical_match,0.006654710649760531
GCA_948675265.1,CAPOUD010000424.1,Adapter,1942,1962,1963,1.0,0.010697911360163017,TruSeq_R2,4,technical_match,0.0035981645468568524
GCA_948675265.1,CAPOUD010000427.1,Adapter,1926,1946,1946,1.0,0.01079136690647482,TruSeq_R2,4,technical_match,0.04597254203466494
GCA_948675265.1,CAPOUD010000432.1,Adapter,17,37,1910,1.0,0.01099476439790576,TruSeq_R2,4,technical_match,0.0037508818160933433
GCA_948675265.1,CAPOUD010000434.1,Adapter,1879,1899,1906,1.0,0.011017838405036727,TruSeq_R2,4,technical_match,0.01069893814104983
GCA_948675265.1,CAPOUD010000441.1,Adapter,13,33,1868,1.0,0.011241970021413276,TruSeq,4,technical_match,0.0017044586101541692
GCA_948675265.1,CAPOUD010000449.1,Adapter,1812,1832,1837,1.0,0.011431682090364725,TruSeq,4,technical_match,0.018566976517691236
GCA_948675265.1,CAPOUD010000466.1,Adapter,24,44,1753,1.0,0.011979463776383342,TruSeq_R2,4,technical_match,0.05259340458185319
GCA_948675265.1,CAPOUD010000468.1,Adapter,1718,1738,1751,1.0,0.011993146773272416,TruSeq,4,technical_match,0.005113855606883766
GCA_948675265.1,CAPOUD010000474.1,Adapter,1686,1706,1707,1.0,0.012302284710017574,TruSeq,4,technical_match,0.020004865259690252
GCA_948675265.1,CAPOUD010000481.1,Adapter,8,28,1683,1.0,0.012477718360071301,TruSeq_R2,4,technical_match,0.04988079816467306
GCA_948675265.1,CAPOUD010000485.1,Adapter,5,25,1670,1.0,0.012574850299401197,TruSeq,4,technical_match,0.02764968107621185
GCA_948675265.1,CAPOUD010000485.1,Adapter,1645,1665,1670,1.0,0.012574850299401197,TruSeq_R2,4,technical_match,0.02764968107621185
GCA_948675265.1,CAPOUD010000490.1,Adapter,24,44,1642,1.0,0.012789281364190013,TruSeq_R2,4,technical_match,0.015666123368491935
GCA_948675265.1,CAPOUD010000496.1,Adapter,8,28,1610,1.0,0.013043478260869565,TruSeq_R2,4,technical_match,0.01160103303068799
GCA_948675265.1,CAPOUD010000508.1,Adapter,9,29,1549,1.0,0.01355713363460297,TruSeq,4,technical_match,0.004845322073107672
GCA_948675265.1,CAPOUD010000519.1,Adapter,1483,1503,1509,1.0,0.013916500994035786,TruSeq_R2,4,technical_match,0.014915308866357224
GCA_948675265.1,CAPOUD010000520.1,Adapter,1472,1492,1509,1.0,0.013916500994035786,TruSeq,4,technical_match,0.03479602457212261
GCA_948675265.1,CAPOUD010000525.1,Adapter,1464,1484,1487,1.0,0.014122394082044385,TruSeq_R2,4,technical_match,0.03137739713031751
GCA_948675265.1,CAPOUD010000528.1,Adapter,1457,1477,1484,1.0,0.014150943396226415,TruSeq_R2,4,technical_match,0.01255614846488462
GCA_948675265.1,CAPOUD010000533.1,Adapter,10,30,1472,1.0,0.014266304347826086,TruSeq,4,technical_match,0.0037134079631008232
GCA_948675265.1,CAPOUD010000535.1,Adapter,465,485,1456,1.0,0.014423076923076924,TruSeq,4,technical_match,0.04148342437799002
GCA_948675265.1,CAPOUD010000548.1,Adapter,17,37,1423,1.0,0.014757554462403373,TruSeq_R2,4,technical_match,0.027730896018077933
GCA_948675265.1,CAPOUD010000565.1,Adapter,1346,1366,1373,1.0,0.01529497450837582,TruSeq_R2,4,technical_match,0.022369491273733777
GCA_948675265.1,CAPOUD010000583.1,Adapter,561,581,1327,1.0,0.015825169555388093,TruSeq,4,technical_match,0.05701152043875368
GCA_948675265.1,CAPOUD010000590.1,Adapter,1,21,1299,1.0,0.016166281755196306,TruSeq_R2,4,technical_match,0.012907341275443907
GCA_948675265.1,CAPOUD010000592.1,Adapter,6,26,1294,1.0,0.01622874806800618,TruSeq,4,technical_match,0.04065543974859909
GCA_948675265.1,CAPOUD010000594.1,Adapter,3,23,1292,1.0,0.016253869969040248,TruSeq,4,technical_match,0.014673412674367503
GCA_948675265.1,CAPOUD010000598.1,Adapter,1236,1256,1279,1.0,0.01641907740422205,TruSeq_R2,4,technical_match,0.014282669985024421
GCA_948675265.1,CAPOUD010000604.1,Adapter,1237,1257,1264,1.0,0.01661392405063291,TruSeq,4,technical_match,0.04181708160096542
GCA_948675265.1,CAPOUD010000608.1,Adapter,1234,1254,1258,1.0,0.016693163751987282,TruSeq,4,technical_match,0.05397974687234253
GCA_948675265.1,CAPOUD010000609.1,Adapter,21,41,1255,1.0,0.016733067729083666,TruSeq,4,technical_match,0.022365428863505787
GCA_948675265.1,CAPOUD010000638.1,Adapter,1152,1172,1178,1.0,0.017826825127334467,TruSeq,4,technical_match,0.03234046927909301
GCA_948675265.1,CAPOUD010000641.1,Adapter,1147,1167,1169,1.0,0.017964071856287425,TruSeq,4,technical_match,0.026511711410600547
GCA_948675265.1,CAPOUD010000645.1,Adapter,24,44,1166,1.0,0.018010291595197257,TruSeq_R2,4,technical_match,0.05644295957112516
GCA_948675265.1,CAPOUD010000653.1,Adapter,9,29,1149,1.0,0.018276762402088774,TruSeq_R2,4,technical_match,0.04310128439698546
GCA_948675265.1,CAPOUD010000656.1,Adapter,1114,1134,1141,1.0,0.018404907975460124,TruSeq,4,technical_match,0.01763692831705005
GCA_948675265.1,CAPOUD010000662.1,Adapter,18,38,1135,1.0,0.018502202643171806,TruSeq,4,technical_match,0.020329519636975768
GCA_948675265.1,CAPOUD010000663.1,Adapter,7,27,1131,1.0,0.01856763925729443,TruSeq,4,technical_match,0.02774021618636291
GCA_948675265.1,CAPOUD010000663.1,Adapter,1105,1125,1131,1.0,0.01856763925729443,TruSeq,4,technical_match,0.02774021618636291
GCA_948675265.1,CAPOUD010000666.1,Adapter,9,29,1118,1.0,0.018783542039355994,TruSeq,4,technical_match,0.013774804478617675
GCA_948675265.1,CAPOUD010000674.1,Adapter,6,26,1100,1.0,0.019090909090909092,TruSeq_R2,4,technical_match,0.023136888479586948
GCA_948675265.1,CAPOUD010000676.1,Adapter,4,24,1087,1.0,0.019319227230910764,TruSeq_R2,4,technical_match,0.004301896424723672
GCA_948675265.1,CAPOUD010000694.1,Adapter,12,32,1030,1.0,0.020388349514563107,TruSeq,4,technical_match,0.026015803488639022
GCA_948675265.1,CAPOUD010000695.1,Adapter,1009,1029,1029,1.0,0.02040816326530612,TruSeq_R2,4,technical_match,0.063681989636933
GCA_948686155.1,CAPQJS010000017.1,Adapter,5694,5714,12764,1.0,0.0016452522720150423,TruSeq_R2,4,technical_match,0.008346320313287248
GCA_948686155.1,CAPQJS010000022.1,Adapter,12393,12413,12441,1.0,0.0016879672052085846,TruSeq_R2,4,technical_match,0.007174214349175534
GCA_948686155.1,CAPQJS010000025.1,Adapter,29,49,11923,1.0,0.001761301685817328,TruSeq,4,technical_match,0.013833933049083147
GCA_948686155.1,CAPQJS010000029.1,Adapter,11247,11267,11294,1.0,0.0018593943686913406,TruSeq_R2,4,technical_match,0.0049907872456728675
GCA_948686155.1,CAPQJS010000032.1,Adapter,10496,10516,10542,1.0,0.00199203187250996,TruSeq,4,technical_match,0.015808708489920498
GCA_948686155.1,CAPQJS010000037.1,Adapter,10038,10058,10084,1.0,0.0020825069416898056,TruSeq,4,technical_match,0.027441386707745652
GCA_948686155.1,CAPQJS010000039.1,Adapter,9981,10001,10029,1.0,0.0020939276099311995,TruSeq_R2,4,technical_match,0.011412804444141555
GCA_948686155.1,CAPQJS010000041.1,Adapter,9875,9895,9916,1.0,0.0021177894312222672,TruSeq_R2,4,technical_match,0.0243781496787418
GCA_948686155.1,CAPQJS010000051.1,Adapter,29,49,8482,1.0,0.0024758311718934213,TruSeq,4,technical_match,0.018637223311960882
GCA_948686155.1,CAPQJS010000053.1,Adapter,7,27,8428,1.0,0.0024916943521594683,TruSeq,4,technical_match,0.012641500719199894
GCA_948686155.1,CAPQJS010000071.1,Adapter,6941,6961,6968,1.0,0.003013777267508611,TruSeq_R2,4,technical_match,0.004553336342296488
GCA_948686155.1,CAPQJS010000084.1,Adapter,18,38,6400,1.0,0.00328125,TruSeq,4,technical_match,0.02413051056732518
GCA_948686155.1,CAPQJS010000085.1,Adapter,6329,6349,6376,1.0,0.0032936010037641155,TruSeq,4,technical_match,0.01083514513445194
GCA_948686155.1,CAPQJS010000089.1,Adapter,6232,6252,6279,1.0,0.0033444816053511705,TruSeq,4,technical_match,0.011155240818957635
GCA_948686155.1,CAPQJS010000091.1,Adapter,26,46,6058,1.0,0.0034664905909541103,TruSeq,4,technical_match,0.04148360506489668
GCA_948686155.1,CAPQJS010000096.1,Adapter,7,27,5554,1.0,0.003781058696435002,TruSeq,4,technical_match,0.01371964275157811
GCA_948686155.1,CAPQJS010000098.1,Adapter,5456,5476,5484,1.0,0.0038293216630196935,TruSeq_R2,4,technical_match,0.01904406547206211
GCA_948686155.1,CAPQJS010000099.1,Adapter,19,39,5462,1.0,0.0038447455144635665,TruSeq_R2,4,technical_match,0.006585625712938914
GCA_948686155.1,CAPQJS010000108.1,Adapter,28,48,5079,1.0,0.004134672179562906,TruSeq_R2,4,technical_match,0.021761103449782382
GCA_948686155.1,CAPQJS010000110.1,Adapter,4994,5014,5017,1.0,0.004185768387482559,TruSeq,4,technical_match,0.00688506044749293
GCA_948686155.1,CAPQJS010000121.1,Adapter,23,43,4586,1.0,0.004579153946794592,TruSeq_R2,4,technical_match,0.0009163124644032683
GCA_948686155.1,CAPQJS010000133.1,Adapter,27,47,4081,1.0,0.005145797598627788,TruSeq_R2,4,technical_match,0.0014200974331649019
GCA_948686155.1,CAPQJS010000137.1,Adapter,3910,3930,3956,1.0,0.005308392315470172,TruSeq,4,technical_match,0.03191473073921597
GCA_948686155.1,CAPQJS010000139.1,Adapter,19,39,3858,1.0,0.005443234836702955,TruSeq,4,technical_match,0.004776063434748401
GCA_948686155.1,CAPQJS010000143.1,Adapter,3784,3804,3813,1.0,0.0055074744295830055,TruSeq_R2,4,technical_match,0.034410705338785486
GCA_948686155.1,CAPQJS010000149.1,Adapter,3601,3621,3628,1.0,0.005788313120176406,TruSeq,4,technical_match,0.01971716721657779
GCA_948686155.1,CAPQJS010000172.1,Adapter,3188,3208,3235,1.0,0.006491499227202473,TruSeq_R2,4,technical_match,0.008932424131283756
GCA_948686155.1,CAPQJS010000174.1,Adapter,28,48,3186,1.0,0.006591337099811676,TruSeq,4,technical_match,0.04012278617935833
GCA_948686155.1,CAPQJS010000176.1,Adapter,24,44,3085,1.0,0.006807131280388979,TruSeq_R2,4,technical_match,0.01388534235001676
GCA_948686155.1,CAPQJS010000178.1,Adapter,3023,3043,3070,1.0,0.0068403908794788275,TruSeq,4,technical_match,0.0005113126845890381
GCA_948686155.1,CAPQJS010000181.1,Adapter,18,38,3003,1.0,0.006993006993006993,TruSeq,4,technical_match,0.0010933801253155129
GCA_948686155.1,CAPQJS010000184.1,Adapter,6,26,2922,1.0,0.007186858316221766,TruSeq,4,technical_match,0.009893579526941865
GCA_948686155.1,CAPQJS010000195.1,Adapter,28,48,2751,1.0,0.007633587786259542,TruSeq_R2,4,technical_match,0.01655309553642731
GCA_948686155.1,CAPQJS010000202.1,Adapter,7,27,2612,1.0,0.008039816232771823,TruSeq,4,technical_match,0.0006252942579836884
GCA_948686155.1,CAPQJS010000206.1,Adapter,2530,2550,2565,1.0,0.008187134502923977,TruSeq,4,technical_match,0.03603426769778201
GCA_948686155.1,CAPQJS010000208.1,Adapter,2504,2524,2524,1.0,0.00832012678288431,TruSeq,4,technical_match,0.01610596922665264
GCA_948686155.1,CAPQJS010000210.1,Adapter,2434,2454,2480,1.0,0.008467741935483872,TruSeq_R2,4,technical_match,0.008147647664099367
GCA_948686155.1,CAPQJS010000211.1,Adapter,13,33,2462,1.0,0.008529650690495532,TruSeq,4,technical_match,0.016122412476342274
GCA_948686155.1,CAPQJS010000213.1,Adapter,2333,2353,2376,1.0,0.008838383838383838,TruSeq_R2,4,technical_match,0.02075427478621017
GCA_948686155.1,CAPQJS010000221.1,Adapter,1298,1318,2212,1.0,0.00949367088607595,TruSeq_R2,4,technical_match,0.032516997379995416
GCA_948686155.1,CAPQJS010000230.1,Adapter,12,32,2099,1.0,0.010004764173415913,TruSeq,4,technical_match,0.014063291058035055
GCA_948686155.1,CAPQJS010000231.1,Adapter,2062,2082,2094,1.0,0.01002865329512894,TruSeq_R2,4,technical_match,0.026896299726828554
GCA_948686155.1,CAPQJS010000243.1,Adapter,20,40,1834,1.0,0.011450381679389313,TruSeq,4,technical_match,0.03818159426416268
GCA_948686155.1,CAPQJS010000247.1,Adapter,11,31,1729,1.0,0.012145748987854251,TruSeq_R2,4,technical_match,0.013804003193120473
GCA_948686155.1,CAPQJS010000252.1,Adapter,27,47,1662,1.0,0.01263537906137184,TruSeq,4,technical_match,0.0042033868454305345
GCA_948686155.1,CAPQJS010000282.1,Adapter,3,23,1045,1.0,0.020095693779904306,TruSeq_R2,4,technical_match,0.00441987818865569
GCA_948686545.1,CAPQLC010000036.1,Adapter,13002,13022,13022,1.0,0.0016126555060666564,TruSeq,4,technical_match,0.011368195029245742
GCA_948686545.1,CAPQLC010000040.1,Adapter,5,25,7346,1.0,0.0028586986114892458,TruSeq,4,technical_match,0.007440892341921912
GCA_948686545.1,CAPQLC010000043.1,Adapter,5225,5245,5257,1.0,0.0039946737683089215,TruSeq_R2,4,technical_match,0.002173571122515039
GCA_948698075.1,CAPSDQ010000001.1,Adapter,83900,83920,83936,1.0,0.00025019062142584824,TruSeq,4,technical_match,0.018391960909201255
GCA_948698075.1,CAPSDQ010000010.1,Adapter,36139,36159,36185,1.0,0.0005803509741605637,TruSeq,4,technical_match,0.0038654884760018215
GCA_948698075.1,CAPSDQ010000011.1,Adapter,28,48,35342,1.0,0.0005941938769735726,TruSeq,4,technical_match,0.0009041841506609583
GCA_948698075.1,CAPSDQ010000017.1,Adapter,26303,26323,26332,1.0,0.0007975087346194744,TruSeq_R2,4,technical_match,0.014701014430064163
GCA_948698075.1,CAPSDQ010000020.1,Adapter,29,49,23937,1.0,0.0008773029201654342,TruSeq_R2,4,technical_match,0.017558941276356987
GCA_948698075.1,CAPSDQ010000024.1,Adapter,17,37,21100,1.0,0.000995260663507109,TruSeq,4,technical_match,0.018042738508196765
GCA_948698075.1,CAPSDQ010000034.1,Adapter,12,32,17362,1.0,0.0012095380716507314,TruSeq,4,technical_match,0.00548804276444953
GCA_948698075.1,CAPSDQ010000034.1,Adapter,8996,9016,17362,1.0,0.0012095380716507314,TruSeq,4,technical_match,0.00548804276444953
GCA_948698075.1,CAPSDQ010000039.1,Adapter,14,34,14396,1.0,0.001458738538482912,TruSeq,4,technical_match,0.003487703661706698
GCA_948698075.1,CAPSDQ010000057.1,Adapter,8398,8418,8444,1.0,0.0024869729985788724,TruSeq_R2,4,technical_match,0.007798963605617104
GCA_948698075.1,CAPSDQ010000061.1,Adapter,7444,7464,7492,1.0,0.002802989855846236,TruSeq,4,technical_match,0.007182119643010909
GCA_948698075.1,CAPSDQ010000077.1,Adapter,16,36,5423,1.0,0.0038723953531255764,TruSeq,4,technical_match,0.007529235243557031
GCA_948698075.1,CAPSDQ010000081.1,Adapter,27,47,5022,1.0,0.004181600955794504,TruSeq,4,technical_match,0.039529647035286386
GCA_948698075.1,CAPSDQ010000092.1,Adapter,3888,3908,3934,1.0,0.005338078291814947,TruSeq_R2,4,technical_match,0.0018999963493467331
GCA_948698075.1,CAPSDQ010000105.1,Adapter,2762,2782,2798,1.0,0.007505360972122945,TruSeq_R2,4,technical_match,0.04265755685538036
GCA_948698075.1,CAPSDQ010000107.1,Adapter,2685,2705,2731,1.0,0.007689491028927133,TruSeq_R2,4,technical_match,0.00017525593211836776
GCA_948698075.1,CAPSDQ010000112.1,Adapter,28,48,2553,1.0,0.008225616921269096,TruSeq,4,technical_match,0.04433997395875028
GCA_948698075.1,CAPSDQ010000120.1,Adapter,1989,2009,2026,1.0,0.010365251727541954,TruSeq,4,technical_match,0.04724869408709359
GCA_948698075.1,CAPSDQ010000122.1,Adapter,28,48,1994,1.0,0.01053159478435306,TruSeq_R2,4,technical_match,0.05684163876515541
GCA_948698075.1,CAPSDQ010000134.1,Adapter,28,48,1567,1.0,0.013401403956604978,TruSeq,4,technical_match,0.03410463387684659
GCA_948701025.1,CAPSPG010000005.1,Adapter,12788,12808,15363,1.0,0.0013669205233352861,TruSeq,4,technical_match,0.0019318807301143548
GCA_948701025.1,CAPSPG010000015.1,Adapter,8,28,10657,1.0,0.001970535798066998,TruSeq_R2,4,technical_match,0.014372970820231867
GCA_948701025.1,CAPSPG010000016.1,Adapter,13,33,10571,1.0,0.0019865670229874182,TruSeq_R2,4,technical_match,0.009381647333166876
GCA_948701025.1,CAPSPG010000017.1,Adapter,10465,10485,10503,1.0,0.001999428734647244,TruSeq_R2,4,technical_match,0.0043137726671604315
GCA_948701025.1,CAPSPG010000018.1,Adapter,10427,10447,10474,1.0,0.0020049646744319267,TruSeq_R2,4,technical_match,0.0027936876740090044
GCA_948701025.1,CAPSPG010000022.1,Adapter,6,26,9827,1.0,0.0021369695736236896,TruSeq,4,technical_match,0.0017365031213084636
GCA_948701025.1,CAPSPG010000024.1,Adapter,6,26,9484,1.0,0.002214255588359342,TruSeq_R2,4,technical_match,0.018321094405711225
GCA_948701025.1,CAPSPG010000024.1,Adapter,708,728,9484,1.0,0.002214255588359342,TruSeq,4,technical_match,0.018321094405711225
GCA_948701025.1,CAPSPG010000026.1,Adapter,9299,9319,9326,1.0,0.0022517692472657086,TruSeq,4,technical_match,0.003413638724648893
GCA_948701025.1,CAPSPG010000032.1,Adapter,15,35,8843,1.0,0.0023747596969354292,TruSeq_R2,4,technical_match,0.03026245413643147
GCA_948701025.1,CAPSPG010000032.1,Adapter,5990,6010,8843,1.0,0.0023747596969354292,TruSeq_R2,4,technical_match,0.03026245413643147
GCA_948701025.1,CAPSPG010000033.1,Adapter,3659,3679,8726,1.0,0.002406600962640385,TruSeq_R2,4,technical_match,0.049642743340414186
GCA_948701025.1,CAPSPG010000035.1,Adapter,8584,8604,8606,1.0,0.0024401580292818963,TruSeq,4,technical_match,0.021998531308434988
GCA_948701025.1,CAPSPG010000043.1,Adapter,7,27,7686,1.0,0.00273224043715847,TruSeq_R2,4,technical_match,0.004950187521223504
GCA_948701025.1,CAPSPG010000044.1,Adapter,5863,5883,7619,1.0,0.0027562672266701668,TruSeq,4,technical_match,0.017303911134121497
GCA_948701025.1,CAPSPG010000048.1,Adapter,6971,6991,7288,1.0,0.002881448957189901,TruSeq,4,technical_match,0.02551690657425132
GCA_948701025.1,CAPSPG010000055.1,Adapter,21,41,6771,1.0,0.0031014621178555605,TruSeq_R2,4,technical_match,0.04050492188456445
GCA_948701025.1,CAPSPG010000060.1,Adapter,5,25,6518,1.0,0.0032218471923903037,TruSeq_R2,4,technical_match,0.007963338505200201
GCA_948701025.1,CAPSPG010000065.1,Adapter,6307,6327,6353,1.0,0.0033055249488430664,TruSeq_R2,4,technical_match,0.018755198549701146
GCA_948701025.1,CAPSPG010000066.1,Adapter,6,26,6321,1.0,0.0033222591362126247,TruSeq_R2,4,technical_match,0.04470153721347103
GCA_948701025.1,CAPSPG010000067.1,Adapter,1,21,6271,1.0,0.003348748206027747,TruSeq_R2,4,technical_match,0.002946993057692693
GCA_948701025.1,CAPSPG010000078.1,Adapter,5580,5600,5606,1.0,0.003745986443096682,TruSeq_R2,4,technical_match,0.03579121371495714
GCA_948701025.1,CAPSPG010000080.1,Adapter,5,25,5531,1.0,0.003796781775447478,TruSeq_R2,4,technical_match,0.028832252902963207
GCA_948701025.1,CAPSPG010000081.1,Adapter,5129,5149,5524,1.0,0.0038015930485155685,TruSeq,4,technical_match,0.01250229429002897
GCA_948701025.1,CAPSPG010000083.1,Adapter,5463,5483,5495,1.0,0.003821656050955414,TruSeq_R2,4,technical_match,0.0236492768781415
GCA_948701025.1,CAPSPG010000085.1,Adapter,5384,5404,5414,1.0,0.003878832656076838,TruSeq_R2,4,technical_match,0.010360786338813932
GCA_948701025.1,CAPSPG010000086.1,Adapter,5388,5408,5412,1.0,0.003880266075388027,TruSeq_R2,4,technical_match,0.019080485925942137
GCA_948701025.1,CAPSPG010000087.1,Adapter,5347,5367,5376,1.0,0.00390625,TruSeq_R2,4,technical_match,0.010288772864048334
GCA_948701025.1,CAPSPG010000089.1,Adapter,1309,1329,5280,1.0,0.003977272727272727,TruSeq_R2,4,technical_match,0.01908967206230927
GCA_948701025.1,CAPSPG010000093.1,Adapter,5134,5154,5162,1.0,0.004068190623789229,TruSeq,4,technical_match,0.011017914281945262
GCA_948701025.1,CAPSPG010000095.1,Adapter,5070,5090,5105,1.0,0.004113614103819784,TruSeq,4,technical_match,0.002223786134035677
GCA_948701025.1,CAPSPG010000099.1,Adapter,5052,5072,5078,1.0,0.0041354864119732175,TruSeq,4,technical_match,0.052159064679791534
GCA_948701025.1,CAPSPG010000102.1,Adapter,1069,1089,4857,1.0,0.004323656578134651,TruSeq,4,technical_match,0.023378276844633727
GCA_948701025.1,CAPSPG010000104.1,Adapter,4795,4815,4824,1.0,0.004353233830845771,TruSeq_R2,4,technical_match,0.010533087007616238
GCA_948701025.1,CAPSPG010000105.1,Adapter,4788,4808,4813,1.0,0.004363183045917307,TruSeq_R2,4,technical_match,0.005745120955270355
GCA_948701025.1,CAPSPG010000114.1,Adapter,26,46,4620,1.0,0.004545454545454545,TruSeq_R2,4,technical_match,0.01398070765543219
GCA_948701025.1,CAPSPG010000116.1,Adapter,28,48,4557,1.0,0.004608294930875576,TruSeq_R2,4,technical_match,0.01587290148310988
GCA_948701025.1,CAPSPG010000126.1,Adapter,4302,4322,4330,1.0,0.004849884526558892,TruSeq,4,technical_match,0.009621363868117405
GCA_948701025.1,CAPSPG010000129.1,Adapter,15,35,4298,1.0,0.004885993485342019,TruSeq,4,technical_match,1.1560624395889896e-05
GCA_948701025.1,CAPSPG010000131.1,Adapter,4265,4285,4289,1.0,0.00489624621123805,TruSeq,4,technical_match,0.0182223547159181
GCA_948701025.1,CAPSPG010000133.1,Adapter,2681,2701,4260,1.0,0.004929577464788733,TruSeq,4,technical_match,0.0036200053570455415
GCA_948701025.1,CAPSPG010000135.1,Adapter,3650,3670,4223,1.0,0.0049727681742836845,TruSeq_R2,4,technical_match,0.0060010947023492744
GCA_948701025.1,CAPSPG010000142.1,Adapter,3974,3994,4002,1.0,0.005247376311844078,TruSeq,4,technical_match,0.042261625723332974
GCA_948701025.1,CAPSPG010000145.1,Adapter,3938,3958,3971,1.0,0.00528834046839587,TruSeq,4,technical_match,0.026335481246972325
GCA_948701025.1,CAPSPG010000150.1,Adapter,21,41,3888,1.0,0.005401234567901234,TruSeq_R2,4,technical_match,0.04274988086904985
GCA_948701025.1,CAPSPG010000151.1,Adapter,3864,3884,3885,1.0,0.005405405405405406,TruSeq_R2,4,technical_match,0.011646555321279839
GCA_948701025.1,CAPSPG010000158.1,Adapter,3759,3779,3786,1.0,0.005546751188589541,TruSeq,4,technical_match,0.06323633844830545
GCA_948701025.1,CAPSPG010000159.1,Adapter,18,38,3786,1.0,0.005546751188589541,TruSeq_R2,4,technical_match,0.029873619514572958
GCA_948701025.1,CAPSPG010000161.1,Adapter,5,25,3769,1.0,0.005571769700185725,TruSeq_R2,4,technical_match,0.023097289080298733
GCA_948701025.1,CAPSPG010000163.1,Adapter,1,21,3698,1.0,0.005678745267712277,TruSeq,4,technical_match,0.014030338446473833
GCA_948701025.1,CAPSPG010000163.1,Adapter,3667,3687,3698,1.0,0.005678745267712277,TruSeq_R2,4,technical_match,0.014030338446473833
GCA_948701025.1,CAPSPG010000170.1,Adapter,7,27,3602,1.0,0.005830094392004442,TruSeq_R2,4,technical_match,0.0015973382113421697
GCA_948701025.1,CAPSPG010000172.1,Adapter,1550,1570,3596,1.0,0.005839822024471635,TruSeq_R2,4,technical_match,0.07783086567736933
GCA_948701025.1,CAPSPG010000173.1,Adapter,3542,3562,3583,1.0,0.005861010326542004,TruSeq_R2,4,technical_match,0.05390366031910493
GCA_948701025.1,CAPSPG010000178.1,Adapter,3509,3529,3535,1.0,0.005940594059405941,TruSeq,4,technical_match,0.017737511907285952
GCA_948701025.1,CAPSPG010000185.1,Adapter,3392,3412,3416,1.0,0.006147540983606557,TruSeq,4,technical_match,0.00481173455203282
GCA_948701025.1,CAPSPG010000188.1,Adapter,10,30,3386,1.0,0.0062020082693443595,TruSeq,4,technical_match,0.023230264626630137
GCA_948701025.1,CAPSPG010000188.1,Adapter,2925,2945,3386,1.0,0.0062020082693443595,TruSeq_R2,4,technical_match,0.023230264626630137
GCA_948701025.1,CAPSPG010000193.1,Adapter,25,45,3326,1.0,0.006313890559230307,TruSeq_R2,4,technical_match,0.013787322464829554
GCA_948701025.1,CAPSPG010000194.1,Adapter,3300,3320,3324,1.0,0.00631768953068592,TruSeq_R2,4,technical_match,0.05079834248750742
GCA_948701025.1,CAPSPG010000197.1,Adapter,17,37,3316,1.0,0.006332931242460796,TruSeq,4,technical_match,0.02632124207075548
GCA_948701025.1,CAPSPG010000200.1,Adapter,28,48,3309,1.0,0.006346328195829556,TruSeq_R2,4,technical_match,0.027034016733041843
GCA_948701025.1,CAPSPG010000201.1,Adapter,5,25,3303,1.0,0.006357856494096276,TruSeq,4,technical_match,0.012382378244438497
GCA_948701025.1,CAPSPG010000203.1,Adapter,2,22,3291,1.0,0.006381039197812215,TruSeq_R2,4,technical_match,0.008581685528971594
GCA_948701025.1,CAPSPG010000204.1,Adapter,24,44,3285,1.0,0.006392694063926941,TruSeq_R2,4,technical_match,0.00964597008083462
GCA_948701025.1,CAPSPG010000209.1,Adapter,2173,2193,3241,1.0,0.0064794816414686825,TruSeq,4,technical_match,0.0080312408424556
GCA_948701025.1,CAPSPG010000215.1,Adapter,6,26,3148,1.0,0.006670902160101652,TruSeq,4,technical_match,0.0016708235539343308
GCA_948701025.1,CAPSPG010000218.1,Adapter,3093,3113,3121,1.0,0.0067286126241589235,TruSeq,4,technical_match,0.023575049018437433
GCA_948701025.1,CAPSPG010000222.1,Adapter,3053,3073,3078,1.0,0.00682261208576998,TruSeq_R2,4,technical_match,0.06489629629031907
GCA_948701025.1,CAPSPG010000236.1,Adapter,2893,2913,2929,1.0,0.007169682485489928,TruSeq,4,technical_match,0.015077198135146908
GCA_948701025.1,CAPSPG010000243.1,Adapter,2861,2881,2889,1.0,0.007268951194184839,TruSeq,4,technical_match,0.01835353823021557
GCA_948701025.1,CAPSPG010000244.1,Adapter,2844,2864,2886,1.0,0.007276507276507277,TruSeq,4,technical_match,0.02788720653515242
GCA_948701025.1,CAPSPG010000245.1,Adapter,2835,2855,2874,1.0,0.007306889352818371,TruSeq_R2,4,technical_match,0.04354672271205268
GCA_948701025.1,CAPSPG010000250.1,Adapter,10,30,2851,1.0,0.0073658365485794455,TruSeq_R2,4,technical_match,0.053580316511442294
GCA_948701025.1,CAPSPG010000250.1,Adapter,2817,2837,2851,1.0,0.0073658365485794455,TruSeq,4,technical_match,0.053580316511442294
GCA_948701025.1,CAPSPG010000251.1,Adapter,2827,2847,2851,1.0,0.0073658365485794455,TruSeq,4,technical_match,0.02587074092392916
GCA_948701025.1,CAPSPG010000253.1,Adapter,3,23,2835,1.0,0.007407407407407408,TruSeq,4,technical_match,0.007623484631542499
GCA_948701025.1,CAPSPG010000258.1,Adapter,2754,2774,2775,1.0,0.0075675675675675675,TruSeq_R2,4,technical_match,0.003579158638611357
GCA_948701025.1,CAPSPG010000260.1,Adapter,2704,2724,2742,1.0,0.007658643326039387,TruSeq_R2,4,technical_match,0.0015653436674243904
GCA_948701025.1,CAPSPG010000261.1,Adapter,2715,2735,2739,1.0,0.007667031763417305,TruSeq,4,technical_match,0.0035571954246910176
GCA_948701025.1,CAPSPG010000268.1,Adapter,11,31,2645,1.0,0.007939508506616257,TruSeq_R2,4,technical_match,0.004354196800187837
GCA_948701025.1,CAPSPG010000272.1,Adapter,2550,2570,2596,1.0,0.008089368258859784,TruSeq_R2,4,technical_match,0.012550263307093301
GCA_948701025.1,CAPSPG010000277.1,Adapter,13,33,2555,1.0,0.00821917808219178,TruSeq_R2,4,technical_match,0.025997350815776976
GCA_948701025.1,CAPSPG010000277.1,Adapter,2511,2531,2555,1.0,0.00821917808219178,TruSeq_R2,4,technical_match,0.025997350815776976
GCA_948701025.1,CAPSPG010000280.1,Adapter,10,30,2543,1.0,0.008257963035784506,TruSeq_R2,4,technical_match,0.01006611668748375
GCA_948701025.1,CAPSPG010000280.1,Adapter,2523,2543,2543,1.0,0.008257963035784506,TruSeq_R2,4,technical_match,0.01006611668748375
GCA_948701025.1,CAPSPG010000282.1,Adapter,6,26,2524,1.0,0.00832012678288431,TruSeq_R2,4,technical_match,0.034710189478416364
GCA_948701025.1,CAPSPG010000284.1,Adapter,12,32,2522,1.0,0.008326724821570182,TruSeq_R2,4,technical_match,0.003978824221625488
GCA_948701025.1,CAPSPG010000311.1,Adapter,17,37,2295,1.0,0.009150326797385621,TruSeq,4,technical_match,0.032231846494806315
GCA_948701025.1,CAPSPG010000313.1,Adapter,2249,2269,2273,1.0,0.009238891333040036,TruSeq,4,technical_match,0.03216108866234302
GCA_948701025.1,CAPSPG010000314.1,Adapter,8,28,2273,1.0,0.009238891333040036,TruSeq,4,technical_match,0.010513790352175256
GCA_948701025.1,CAPSPG010000325.1,Adapter,2203,2223,2223,1.0,0.009446693657219974,TruSeq_R2,4,technical_match,0.002330174444923616
GCA_948701025.1,CAPSPG010000333.1,Adapter,10,30,2169,1.0,0.009681881051175657,TruSeq_R2,4,technical_match,0.02879482392183058
GCA_948701025.1,CAPSPG010000340.1,Adapter,19,39,2078,1.0,0.01010587102983638,TruSeq,4,technical_match,0.008568655076798715
GCA_948701025.1,CAPSPG010000341.1,Adapter,7,27,2061,1.0,0.010189228529839884,TruSeq,4,technical_match,0.004719978089025745
GCA_948701025.1,CAPSPG010000347.1,Adapter,6,26,2017,1.0,0.010411502231036193,TruSeq,4,technical_match,0.038462761711110405
GCA_948701025.1,CAPSPG010000353.1,Adapter,1910,1930,1950,1.0,0.010769230769230769,TruSeq,4,technical_match,0.014853791179066655
GCA_948701025.1,CAPSPG010000357.1,Adapter,17,37,1931,1.0,0.010875194199896427,TruSeq_R2,4,technical_match,0.0004793031390095126
GCA_948701025.1,CAPSPG010000360.1,Adapter,2,22,1923,1.0,0.0109204368174727,TruSeq_R2,4,technical_match,0.020984442350274524
GCA_948701025.1,CAPSPG010000365.1,Adapter,1430,1450,1878,1.0,0.011182108626198083,TruSeq,4,technical_match,0.0008926536680206043
GCA_948701025.1,CAPSPG010000366.1,Adapter,1838,1858,1865,1.0,0.011260053619302948,TruSeq_R2,4,technical_match,0.03508310116447422
GCA_948701025.1,CAPSPG010000367.1,Adapter,23,43,1847,1.0,0.01136978884677856,TruSeq,4,technical_match,0.024409966820786444
GCA_948701025.1,CAPSPG010000369.1,Adapter,28,48,1845,1.0,0.011382113821138212,TruSeq_R2,4,technical_match,0.012860878942251963
GCA_948701025.1,CAPSPG010000370.1,Adapter,29,49,1843,1.0,0.011394465545306565,TruSeq_R2,4,technical_match,0.022142389105962446
GCA_948701025.1,CAPSPG010000370.1,Adapter,1823,1843,1843,1.0,0.011394465545306565,TruSeq,4,technical_match,0.022142389105962446
GCA_948701025.1,CAPSPG010000390.1,Adapter,23,43,1773,1.0,0.011844331641285956,TruSeq,4,technical_match,0.04336175247890611
GCA_948701025.1,CAPSPG010000391.1,Adapter,23,43,1773,1.0,0.011844331641285956,TruSeq,4,technical_match,0.02531324712075611
GCA_948701025.1,CAPSPG010000392.1,Adapter,7,27,1766,1.0,0.01189127972819932,TruSeq_R2,4,technical_match,0.018194384145933717
GCA_948701025.1,CAPSPG010000402.1,Adapter,517,537,1698,1.0,0.012367491166077738,TruSeq,4,technical_match,0.016121259887293682
GCA_948701025.1,CAPSPG010000411.1,Adapter,1609,1629,1646,1.0,0.01275820170109356,TruSeq_R2,4,technical_match,0.005031556361201894
GCA_948701025.1,CAPSPG010000421.1,Adapter,11,31,1626,1.0,0.012915129151291513,TruSeq,4,technical_match,0.038837138704849616
GCA_948701025.1,CAPSPG010000422.1,Adapter,1584,1604,1620,1.0,0.012962962962962963,TruSeq_R2,4,technical_match,0.011062638070695907
GCA_948701025.1,CAPSPG010000429.1,Adapter,21,41,1584,1.0,0.013257575757575758,TruSeq_R2,4,technical_match,0.022314040988765493
GCA_948701025.1,CAPSPG010000441.1,Adapter,1507,1527,1540,1.0,0.013636363636363636,TruSeq,4,technical_match,0.059868153542878055
GCA_948701025.1,CAPSPG010000442.1,Adapter,1019,1039,1538,1.0,0.013654096228868661,TruSeq_R2,4,technical_match,0.005668665658862593
GCA_948701025.1,CAPSPG010000445.1,Adapter,1498,1518,1529,1.0,0.013734466971877043,TruSeq_R2,4,technical_match,0.0008764974895427713
GCA_948701025.1,CAPSPG010000455.1,Adapter,1,21,1489,1.0,0.014103425117528543,TruSeq,4,technical_match,0.01665384602366793
GCA_948701025.1,CAPSPG010000460.1,Adapter,17,37,1481,1.0,0.014179608372721135,TruSeq_R2,4,technical_match,0.002725737834860742
GCA_948701025.1,CAPSPG010000463.1,Adapter,485,505,1470,1.0,0.014285714285714285,TruSeq_R2,4,technical_match,0.030498329289358195
GCA_948701025.1,CAPSPG010000464.1,Adapter,28,48,1463,1.0,0.014354066985645933,TruSeq,4,technical_match,0.012688237434565541
GCA_948701025.1,CAPSPG010000466.1,Adapter,898,918,1460,1.0,0.014383561643835616,TruSeq_R2,4,technical_match,0.029478017527430955
GCA_948701025.1,CAPSPG010000485.1,Adapter,1333,1353,1375,1.0,0.015272727272727273,TruSeq_R2,4,technical_match,0.0028071711324466064
GCA_948701025.1,CAPSPG010000499.1,Adapter,7,27,1309,1.0,0.016042780748663103,TruSeq,4,technical_match,0.03444047900104863
GCA_948701025.1,CAPSPG010000499.1,Adapter,1279,1299,1309,1.0,0.016042780748663103,TruSeq,4,technical_match,0.03444047900104863
GCA_948701025.1,CAPSPG010000511.1,Adapter,1213,1233,1242,1.0,0.016908212560386472,TruSeq,4,technical_match,0.0021150323533513093
GCA_948701025.1,CAPSPG010000515.1,Adapter,1197,1217,1227,1.0,0.017114914425427872,TruSeq,4,technical_match,0.028212175995363964
GCA_948701025.1,CAPSPG010000519.1,Adapter,1174,1194,1215,1.0,0.01728395061728395,TruSeq_R2,4,technical_match,0.036468226126834924
GCA_948701025.1,CAPSPG010000527.1,Adapter,1172,1192,1196,1.0,0.017558528428093644,TruSeq,4,technical_match,0.030450223732020942
GCA_948701025.1,CAPSPG010000537.1,Adapter,1112,1132,1140,1.0,0.018421052631578946,TruSeq_R2,4,technical_match,0.010022482137231281
GCA_948701025.1,CAPSPG010000552.1,Adapter,1060,1080,1083,1.0,0.019390581717451522,TruSeq_R2,4,technical_match,0.02285720051211587
GCA_948701025.1,CAPSPG010000553.1,Adapter,6,26,1080,1.0,0.019444444444444445,TruSeq_R2,4,technical_match,0.028910824488436404
GCA_948701025.1,CAPSPG010000571.1,Adapter,14,34,1025,1.0,0.02048780487804878,TruSeq,4,technical_match,0.021068660353140978
GCA_948701025.1,CAPSPG010000579.1,Adapter,980,1000,1017,1.0,0.02064896755162242,TruSeq_R2,4,technical_match,0.022592993962517238
GCA_948701025.1,CAPSPG010000585.1,Adapter,981,1001,1001,1.0,0.02097902097902098,TruSeq,4,technical_match,0.037084893410168907
GCA_948701955.1,CAPSSR010000001.1,Adapter,7,27,159459,1.0,0.00013169529471525595,TruSeq_R2,4,technical_match,0.006396547828919463
GCA_948701955.1,CAPSSR010000006.1,Adapter,25907,25927,84548,1.0,0.0002483796186781473,TruSeq,4,technical_match,0.015672435410103713
GCA_948701955.1,CAPSSR010000014.1,Adapter,28722,28742,59499,1.0,0.0003529471083547623,TruSeq,4,technical_match,0.0023065275864942447
GCA_948701955.1,CAPSSR010000014.1,Adapter,28784,28804,59499,1.0,0.0003529471083547623,TruSeq,4,technical_match,0.0023065275864942447
GCA_948701955.1,CAPSSR010000016.1,Adapter,6,26,52566,1.0,0.00039949777422668647,TruSeq_R2,4,technical_match,0.04138690961102143
GCA_948701955.1,CAPSSR010000020.1,Adapter,14292,14312,42333,1.0,0.0004960668981645525,TruSeq_R2,4,technical_match,0.011344462842394598
GCA_948701955.1,CAPSSR010000022.1,Adapter,5,25,40541,1.0,0.0005179941293998668,TruSeq_R2,4,technical_match,0.0012742493009476608
GCA_948701955.1,CAPSSR010000039.1,Adapter,13856,13876,18492,1.0,0.0011356262167423752,TruSeq,4,technical_match,0.011484885863222383
GCA_948701955.1,CAPSSR010000044.1,Adapter,21,41,14347,1.0,0.0014637206384610023,TruSeq,4,technical_match,0.017458177590535473
GCA_948701955.1,CAPSSR010000053.1,Adapter,9495,9515,9540,1.0,0.00220125786163522,TruSeq_R2,4,technical_match,0.06506373650748759
GCA_948701955.1,CAPSSR010000054.1,Adapter,1393,1413,9266,1.0,0.0022663500971292897,TruSeq_R2,4,technical_match,0.03850310251995359
GCA_948701955.1,CAPSSR010000057.1,Adapter,1,21,8319,1.0,0.0025243418680129825,TruSeq_R2,4,technical_match,0.0040289204894828345
GCA_948706885.1,CAPTLL010000232.1,Adapter,25,45,2269,1.0,0.009255178492728075,TruSeq,4,technical_match,0.027284091760569118
GCA_948712325.1,CAPUGN010000005.1,Adapter,104058,104078,104106,1.0,0.00020171748026050372,TruSeq_R2,4,technical_match,0.0010535056641734486
GCA_948712325.1,CAPUGN010000038.1,Adapter,2386,2406,2833,1.0,0.007412636780797741,TruSeq,4,technical_match,0.03195949800215864
GCA_948712325.1,CAPUGN010000038.1,Adapter,2441,2461,2833,1.0,0.007412636780797741,TruSeq_R2,4,technical_match,0.03195949800215864
GCA_948712325.1,CAPUGN010000048.1,Adapter,520,540,1253,1.0,0.01675977653631285,TruSeq,4,technical_match,0.01739031727333351
GCA_948712325.1,CAPUGN010000050.1,Adapter,855,875,1136,1.0,0.018485915492957746,TruSeq,4,technical_match,0.0322407979044772
GCA_948713925.1,CAPUMQ010000004.1,Adapter,7377,7397,38435,1.0,0.0005463770001300897,TruSeq,4,technical_match,0.01621002414338446
GCA_948713925.1,CAPUMQ010000005.1,Adapter,7612,7632,37079,1.0,0.0005663583160279403,TruSeq_R2,4,technical_match,0.0021268667776967454
GCA_948713925.1,CAPUMQ010000015.1,Adapter,13728,13748,23024,1.0,0.0009120917303683114,TruSeq,4,technical_match,0.002001408913006375
GCA_948713925.1,CAPUMQ010000018.1,Adapter,28,48,21631,1.0,0.0009708289029633397,TruSeq,4,technical_match,0.0022463186658312484
GCA_948713925.1,CAPUMQ010000038.1,Adapter,13493,13513,13525,1.0,0.0015526802218114603,TruSeq_R2,4,technical_match,0.00814005763548109
GCA_948713925.1,CAPUMQ010000041.1,Adapter,30,50,12678,1.0,0.001656412683388547,TruSeq_R2,4,technical_match,0.014280978820177759
GCA_948713925.1,CAPUMQ010000046.1,Adapter,11816,11836,11850,1.0,0.0017721518987341772,TruSeq,4,technical_match,0.01586149863004499
GCA_948713925.1,CAPUMQ010000106.1,Adapter,5040,5060,5076,1.0,0.004137115839243499,TruSeq_R2,4,technical_match,0.010451278283115761
GCA_948713925.1,CAPUMQ010000126.1,Adapter,3628,3648,3666,1.0,0.0057283142389525366,TruSeq_R2,4,technical_match,0.0006719562443740501
GCA_948713925.1,CAPUMQ010000128.1,Adapter,3566,3586,3605,1.0,0.005825242718446602,TruSeq,4,technical_match,0.0223324069277539
GCA_948713925.1,CAPUMQ010000136.1,Adapter,984,1004,3290,1.0,0.006382978723404255,TruSeq,4,technical_match,0.013882506721400956
GCA_948713925.1,CAPUMQ010000148.1,Adapter,10,30,2874,1.0,0.007306889352818371,TruSeq,4,technical_match,0.013363768496440387
GCA_948713925.1,CAPUMQ010000168.1,Adapter,14,34,2213,1.0,0.009489380930863081,TruSeq_R2,4,technical_match,0.018753253858605712
GCA_948713925.1,CAPUMQ010000178.1,Adapter,1778,1798,1827,1.0,0.011494252873563218,TruSeq_R2,4,technical_match,0.0193912527403316
GCA_948716105.1,CAPUVA010000014.1,Adapter,29,49,53760,1.0,0.000390625,TruSeq,4,technical_match,0.005227728932099551
GCA_948716105.1,CAPUVA010000016.1,Adapter,47941,47961,47971,1.0,0.00043776448270830295,TruSeq_R2,4,technical_match,0.009291750175937918
GCA_948716105.1,CAPUVA010000022.1,Adapter,32571,32591,32600,1.0,0.0006441717791411043,TruSeq,4,technical_match,0.0002430435318658275
GCA_948716105.1,CAPUVA010000050.1,Adapter,1611,1631,3467,1.0,0.006057109893279493,TruSeq_R2,4,technical_match,0.013712961601076323
GCA_948716105.1,CAPUVA010000050.1,Adapter,1674,1694,3467,1.0,0.006057109893279493,TruSeq,4,technical_match,0.013712961601076323
GCA_948716105.1,CAPUVA010000050.1,Adapter,3440,3460,3467,1.0,0.006057109893279493,TruSeq,4,technical_match,0.013712961601076323
GCA_948716105.1,CAPUVA010000067.1,Adapter,1383,1403,2118,1.0,0.009915014164305949,TruSeq,4,technical_match,0.0070791645914389245
GCA_948716105.1,CAPUVA010000096.1,Adapter,340,360,1374,1.0,0.015283842794759825,TruSeq,4,technical_match,0.025394528698193697
GCA_948716105.1,CAPUVA010000102.1,Adapter,709,729,1336,1.0,0.015718562874251496,TruSeq_R2,4,technical_match,0.037086949343056674
GCA_948716105.1,CAPUVA010000102.1,Adapter,772,792,1336,1.0,0.015718562874251496,TruSeq_R2,4,technical_match,0.037086949343056674
GCA_948739915.1,CAPYIM010000022.1,Adapter,29,49,27101,1.0,0.0007748791557507103,TruSeq,4,technical_match,0.008497582298083783
GCA_948739915.1,CAPYIM010000042.1,Adapter,23,43,17415,1.0,0.0012058570198105081,TruSeq,4,technical_match,0.013498981334773896
GCA_948739915.1,CAPYIM010000078.1,Adapter,607,627,7523,1.0,0.002791439585271833,TruSeq_R2,4,technical_match,0.058476607621386845
GCA_948739915.1,CAPYIM010000087.1,Adapter,6437,6457,6461,1.0,0.0032502708559046588,TruSeq,4,technical_match,0.005739539974950858
GCA_948739915.1,CAPYIM010000118.1,Adapter,26,46,3729,1.0,0.0056315366049879325,TruSeq,4,technical_match,0.02231707663956184
GCA_948739915.1,CAPYIM010000148.1,Adapter,2000,2020,2038,1.0,0.010304219823356232,TruSeq_R2,4,technical_match,0.012869206183588666
GCA_948751235.1,CAPZZR010000230.1,Adapter,1627,1647,1666,1.0,0.012605042016806723,TruSeq,4,technical_match,0.009848012665150008
GCA_948753955.1,CAQAKT010000001.1,Adapter,23552,23572,23577,1.0,0.0008906985621580354,TruSeq,4,technical_match,0.0050905177997842554
GCA_948753955.1,CAQAKT010000002.1,Adapter,18657,18677,18691,1.0,0.001123535391364828,TruSeq_R2,4,technical_match,0.010279339389073272
GCA_948753955.1,CAQAKT010000006.1,Adapter,9909,9929,14173,1.0,0.0014816905383475622,TruSeq_R2,4,technical_match,0.01062036682987727
GCA_948753955.1,CAQAKT010000006.1,Adapter,14150,14170,14173,1.0,0.0014816905383475622,TruSeq,4,technical_match,0.01062036682987727
GCA_948753955.1,CAQAKT010000010.1,Adapter,5,25,11386,1.0,0.0018443702792903566,TruSeq_R2,4,technical_match,0.007902667517690753
GCA_948753955.1,CAQAKT010000010.1,Adapter,11353,11373,11386,1.0,0.0018443702792903566,TruSeq,4,technical_match,0.007902667517690753
GCA_948753955.1,CAQAKT010000012.1,Adapter,9,29,10777,1.0,0.0019485942284494758,TruSeq_R2,4,technical_match,0.00010401248450458978
GCA_948753955.1,CAQAKT010000015.1,Adapter,2939,2959,9665,1.0,0.002172788411795137,TruSeq,4,technical_match,0.0024798864486592076
GCA_948753955.1,CAQAKT010000018.1,Adapter,2,22,9134,1.0,0.0022991022553098314,TruSeq,4,technical_match,0.019871351861885322
GCA_948753955.1,CAQAKT010000018.1,Adapter,4269,4289,9134,1.0,0.0022991022553098314,TruSeq,4,technical_match,0.019871351861885322
GCA_948753955.1,CAQAKT010000022.1,Adapter,16,36,8692,1.0,0.0024160147261849977,TruSeq_R2,4,technical_match,0.022817113413170442
GCA_948753955.1,CAQAKT010000024.1,Adapter,3,23,8612,1.0,0.0024384579656293545,TruSeq_R2,4,technical_match,0.0009766212466082447
GCA_948753955.1,CAQAKT010000030.1,Adapter,7385,7405,8193,1.0,0.002563163676309044,TruSeq,4,technical_match,0.024633338772120317
GCA_948753955.1,CAQAKT010000031.1,Adapter,12,32,8090,1.0,0.002595797280593325,TruSeq_R2,4,technical_match,0.00700313161498084
GCA_948753955.1,CAQAKT010000032.1,Adapter,15,35,8028,1.0,0.002615844544095665,TruSeq,4,technical_match,0.003056619606082056
GCA_948753955.1,CAQAKT010000033.1,Adapter,24,44,7909,1.0,0.00265520293336705,TruSeq_R2,4,technical_match,0.004245120091192989
GCA_948753955.1,CAQAKT010000034.1,Adapter,5361,5381,7867,1.0,0.0026693784161688065,TruSeq,4,technical_match,0.013197949271065434
GCA_948753955.1,CAQAKT010000036.1,Adapter,7702,7722,7730,1.0,0.0027166882276843467,TruSeq_R2,4,technical_match,0.019813870513403442
GCA_948753955.1,CAQAKT010000039.1,Adapter,20,40,7653,1.0,0.0027440219521756176,TruSeq,4,technical_match,0.006019457326138622
GCA_948753955.1,CAQAKT010000045.1,Adapter,7129,7149,7157,1.0,0.0029341903031996647,TruSeq_R2,4,technical_match,0.016837022111789723
GCA_948753955.1,CAQAKT010000046.1,Adapter,6938,6958,6965,1.0,0.003015075376884422,TruSeq,4,technical_match,0.027031069054621826
GCA_948753955.1,CAQAKT010000054.1,Adapter,6480,6500,6513,1.0,0.0032243205895900505,TruSeq_R2,4,technical_match,0.017455168671391352
GCA_948753955.1,CAQAKT010000055.1,Adapter,6468,6488,6489,1.0,0.003236245954692557,TruSeq_R2,4,technical_match,0.050176203244615136
GCA_948753955.1,CAQAKT010000064.1,Adapter,24,44,5810,1.0,0.0036144578313253013,TruSeq_R2,4,technical_match,0.0003701366295650321
GCA_948753955.1,CAQAKT010000069.1,Adapter,5527,5547,5551,1.0,0.0037831021437578815,TruSeq,4,technical_match,0.026873190850776052
GCA_948753955.1,CAQAKT010000070.1,Adapter,25,45,5541,1.0,0.003789929615592853,TruSeq_R2,4,technical_match,0.007148491444136151
GCA_948753955.1,CAQAKT010000075.1,Adapter,12,32,5382,1.0,0.0039018952062430325,TruSeq_R2,4,technical_match,0.017566428871170214
GCA_948753955.1,CAQAKT010000076.1,Adapter,5333,5353,5354,1.0,0.003922301083302204,TruSeq,4,technical_match,0.00718145790591862
GCA_948753955.1,CAQAKT010000077.1,Adapter,11,31,5350,1.0,0.003925233644859813,TruSeq_R2,4,technical_match,0.006385546734604675
GCA_948753955.1,CAQAKT010000078.1,Adapter,4484,4504,5318,1.0,0.003948852952237684,TruSeq_R2,4,technical_match,0.029832188442063923
GCA_948753955.1,CAQAKT010000080.1,Adapter,5232,5252,5265,1.0,0.003988603988603989,TruSeq_R2,4,technical_match,0.014279753120726324
GCA_948753955.1,CAQAKT010000081.1,Adapter,8,28,5265,1.0,0.003988603988603989,TruSeq_R2,4,technical_match,0.011050883225189767
GCA_948753955.1,CAQAKT010000082.1,Adapter,23,43,5207,1.0,0.004033032456308815,TruSeq_R2,4,technical_match,0.016930625340148275
GCA_948753955.1,CAQAKT010000086.1,Adapter,16,36,5120,1.0,0.0041015625,TruSeq_R2,4,technical_match,0.007974850461657024
GCA_948753955.1,CAQAKT010000087.1,Adapter,5081,5101,5109,1.0,0.004110393423370522,TruSeq_R2,4,technical_match,0.011033484734508825
GCA_948753955.1,CAQAKT010000092.1,Adapter,913,933,4913,1.0,0.0042743741095053935,TruSeq_R2,4,technical_match,0.000788883263618978
GCA_948753955.1,CAQAKT010000096.1,Adapter,2160,2180,4812,1.0,0.004364089775561097,TruSeq_R2,4,technical_match,0.00981588024091562
GCA_948753955.1,CAQAKT010000096.1,Adapter,4771,4791,4812,1.0,0.004364089775561097,TruSeq_R2,4,technical_match,0.00981588024091562
GCA_948753955.1,CAQAKT010000101.1,Adapter,4642,4662,4672,1.0,0.00449486301369863,TruSeq_R2,4,technical_match,0.02012874542875398
GCA_948753955.1,CAQAKT010000102.1,Adapter,4627,4647,4656,1.0,0.004510309278350515,TruSeq,4,technical_match,0.0058217147228253885
GCA_948753955.1,CAQAKT010000108.1,Adapter,16,36,4566,1.0,0.0045992115637319315,TruSeq_R2,4,technical_match,0.007743013323816772
GCA_948753955.1,CAQAKT010000117.1,Adapter,2,22,4411,1.0,0.004760825209703015,TruSeq,4,technical_match,0.0011166408719948118
GCA_948753955.1,CAQAKT010000117.1,Adapter,4391,4411,4411,1.0,0.004760825209703015,TruSeq_R2,4,technical_match,0.0011166408719948118
GCA_948753955.1,CAQAKT010000127.1,Adapter,4061,4081,4108,1.0,0.005111976630963973,TruSeq_R2,4,technical_match,0.020349455770085956
GCA_948753955.1,CAQAKT010000131.1,Adapter,12,32,4055,1.0,0.005178791615289766,TruSeq_R2,4,technical_match,0.028247791338589623
GCA_948753955.1,CAQAKT010000132.1,Adapter,3990,4010,4015,1.0,0.00523038605230386,TruSeq,4,technical_match,0.02150030189378649
GCA_948753955.1,CAQAKT010000133.1,Adapter,3978,3998,4013,1.0,0.00523299277348617,TruSeq_R2,4,technical_match,0.014710406827154354
GCA_948753955.1,CAQAKT010000136.1,Adapter,29,49,3958,1.0,0.005305709954522486,TruSeq,4,technical_match,0.02871686031511833
GCA_948753955.1,CAQAKT010000140.1,Adapter,3894,3914,3936,1.0,0.005335365853658537,TruSeq,4,technical_match,0.005777187860031008
GCA_948753955.1,CAQAKT010000151.1,Adapter,13,33,3807,1.0,0.005516154452324665,TruSeq,4,technical_match,0.015154840741924747
GCA_948753955.1,CAQAKT010000151.1,Adapter,3770,3790,3807,1.0,0.005516154452324665,TruSeq_R2,4,technical_match,0.015154840741924747
GCA_948753955.1,CAQAKT010000152.1,Adapter,3764,3784,3789,1.0,0.0055423594615993665,TruSeq,4,technical_match,0.04044511679399637
GCA_948753955.1,CAQAKT010000155.1,Adapter,15,35,3748,1.0,0.005602988260405549,TruSeq,4,technical_match,0.010998129543834168
GCA_948753955.1,CAQAKT010000157.1,Adapter,21,41,3720,1.0,0.00564516129032258,TruSeq_R2,4,technical_match,0.018218025882429045
GCA_948753955.1,CAQAKT010000169.1,Adapter,12,32,3531,1.0,0.00594732370433305,TruSeq,4,technical_match,0.00848693444346904
GCA_948753955.1,CAQAKT010000174.1,Adapter,3456,3476,3486,1.0,0.006024096385542169,TruSeq_R2,4,technical_match,0.013887563232244049
GCA_948753955.1,CAQAKT010000178.1,Adapter,7,27,3456,1.0,0.006076388888888889,TruSeq,4,technical_match,0.01789320509389858
GCA_948753955.1,CAQAKT010000183.1,Adapter,3373,3393,3407,1.0,0.006163780452010567,TruSeq_R2,4,technical_match,0.033776048422992255
GCA_948753955.1,CAQAKT010000187.1,Adapter,3327,3347,3357,1.0,0.006255585344057194,TruSeq_R2,4,technical_match,0.0032799033362473917
GCA_948753955.1,CAQAKT010000191.1,Adapter,3247,3267,3277,1.0,0.00640830027464144,TruSeq_R2,4,technical_match,0.017011793549847443
GCA_948753955.1,CAQAKT010000193.1,Adapter,28,48,3246,1.0,0.006469500924214418,TruSeq_R2,4,technical_match,0.02455968564341915
GCA_948753955.1,CAQAKT010000196.1,Adapter,1,21,3186,1.0,0.006591337099811676,TruSeq_R2,4,technical_match,0.006270088333069912
GCA_948753955.1,CAQAKT010000203.1,Adapter,18,38,3107,1.0,0.0067589314451239136,TruSeq,4,technical_match,0.006900160246014919
GCA_948753955.1,CAQAKT010000203.1,Adapter,3086,3106,3107,1.0,0.0067589314451239136,TruSeq,4,technical_match,0.006900160246014919
GCA_948753955.1,CAQAKT010000204.1,Adapter,9,29,3098,1.0,0.006778566817301485,TruSeq,4,technical_match,0.026253780416466532
GCA_948753955.1,CAQAKT010000206.1,Adapter,2,22,3092,1.0,0.006791720569210867,TruSeq_R2,4,technical_match,0.010910579680645738
GCA_948753955.1,CAQAKT010000210.1,Adapter,13,33,3020,1.0,0.00695364238410596,TruSeq_R2,4,technical_match,0.02365158887225305
GCA_948753955.1,CAQAKT010000212.1,Adapter,1,21,2994,1.0,0.0070140280561122245,TruSeq,4,technical_match,0.012061175007511915
GCA_948753955.1,CAQAKT010000215.1,Adapter,30,50,2969,1.0,0.007073088582014146,TruSeq,4,technical_match,0.022174181044344765
GCA_948753955.1,CAQAKT010000220.1,Adapter,23,43,2876,1.0,0.007301808066759388,TruSeq_R2,4,technical_match,0.013597887795920804
GCA_948753955.1,CAQAKT010000226.1,Adapter,13,33,2780,1.0,0.007553956834532374,TruSeq_R2,4,technical_match,0.0026479013369041238
GCA_948753955.1,CAQAKT010000226.1,Adapter,2759,2779,2780,1.0,0.007553956834532374,TruSeq_R2,4,technical_match,0.0026479013369041238
GCA_948753955.1,CAQAKT010000237.1,Adapter,2690,2710,2724,1.0,0.007709251101321586,TruSeq_R2,4,technical_match,0.022520285368005266
GCA_948753955.1,CAQAKT010000243.1,Adapter,13,33,2665,1.0,0.007879924953095686,TruSeq_R2,4,technical_match,0.011120371099555715
GCA_948753955.1,CAQAKT010000244.1,Adapter,19,39,2638,1.0,0.00796057619408643,TruSeq,4,technical_match,0.03499697896810128
GCA_948753955.1,CAQAKT010000247.1,Adapter,2590,2610,2630,1.0,0.007984790874524715,TruSeq,4,technical_match,0.022853333948989363
GCA_948753955.1,CAQAKT010000257.1,Adapter,23,43,2543,1.0,0.008257963035784506,TruSeq,4,technical_match,0.025605689255212838
GCA_948753955.1,CAQAKT010000266.1,Adapter,2399,2419,2446,1.0,0.008585445625511038,TruSeq,4,technical_match,0.012302068368443608
GCA_948753955.1,CAQAKT010000272.1,Adapter,2368,2388,2400,1.0,0.00875,TruSeq_R2,4,technical_match,0.02495401712832368
GCA_948753955.1,CAQAKT010000274.1,Adapter,2341,2361,2390,1.0,0.008786610878661089,TruSeq_R2,4,technical_match,0.009578758324953862
GCA_948753955.1,CAQAKT010000283.1,Adapter,2275,2295,2317,1.0,0.00906344410876133,TruSeq,4,technical_match,0.0015501903408110529
GCA_948753955.1,CAQAKT010000284.1,Adapter,2273,2293,2308,1.0,0.009098786828422877,TruSeq,4,technical_match,0.008010054101171726
GCA_948753955.1,CAQAKT010000286.1,Adapter,20,40,2307,1.0,0.009102730819245773,TruSeq,4,technical_match,0.02218945924792254
GCA_948753955.1,CAQAKT010000288.1,Adapter,7,27,2299,1.0,0.009134406263592866,TruSeq,4,technical_match,0.02603745967965615
GCA_948753955.1,CAQAKT010000289.1,Adapter,2245,2265,2277,1.0,0.00922266139657444,TruSeq_R2,4,technical_match,0.032296751426792725
GCA_948753955.1,CAQAKT010000291.1,Adapter,5,25,2259,1.0,0.009296148738379814,TruSeq_R2,4,technical_match,0.007193946300523779
GCA_948753955.1,CAQAKT010000292.1,Adapter,12,32,2248,1.0,0.009341637010676156,TruSeq,4,technical_match,0.011659268755424834
GCA_948753955.1,CAQAKT010000300.1,Adapter,2173,2193,2194,1.0,0.009571558796718322,TruSeq_R2,4,technical_match,0.019217159030481046
GCA_948753955.1,CAQAKT010000305.1,Adapter,2126,2146,2146,1.0,0.0097856477166822,TruSeq_R2,4,technical_match,0.003543641235189132
GCA_948753955.1,CAQAKT010000311.1,Adapter,5,25,2120,1.0,0.00990566037735849,TruSeq,4,technical_match,0.025486234444003386
GCA_948753955.1,CAQAKT010000326.1,Adapter,1963,1983,1989,1.0,0.010558069381598794,TruSeq,4,technical_match,0.00999822017685481
GCA_948753955.1,CAQAKT010000327.1,Adapter,23,43,1979,1.0,0.010611419909044972,TruSeq_R2,4,technical_match,0.00875728477191473
GCA_948753955.1,CAQAKT010000331.1,Adapter,1914,1934,1955,1.0,0.010741687979539642,TruSeq_R2,4,technical_match,0.020945386111233033
GCA_948753955.1,CAQAKT010000336.1,Adapter,10,30,1931,1.0,0.010875194199896427,TruSeq,4,technical_match,0.034061560715411554
GCA_948753955.1,CAQAKT010000343.1,Adapter,1837,1857,1864,1.0,0.011266094420600859,TruSeq,4,technical_match,0.023965868422463177
GCA_948753955.1,CAQAKT010000349.1,Adapter,1798,1818,1822,1.0,0.011525795828759604,TruSeq,4,technical_match,0.037006997260774
GCA_948753955.1,CAQAKT010000352.1,Adapter,29,49,1810,1.0,0.011602209944751382,TruSeq,4,technical_match,0.022486245489281298
GCA_948753955.1,CAQAKT010000354.1,Adapter,17,37,1806,1.0,0.011627906976744186,TruSeq,4,technical_match,0.009959554226884049
GCA_948753955.1,CAQAKT010000368.1,Adapter,12,32,1755,1.0,0.011965811965811967,TruSeq,4,technical_match,0.012190484364790921
GCA_948753955.1,CAQAKT010000369.1,Adapter,1722,1742,1747,1.0,0.012020606754436176,TruSeq_R2,4,technical_match,0.027457356185755455
GCA_948753955.1,CAQAKT010000372.1,Adapter,1709,1729,1734,1.0,0.012110726643598616,TruSeq_R2,4,technical_match,0.04197644558926722
GCA_948753955.1,CAQAKT010000374.1,Adapter,894,914,1726,1.0,0.01216685979142526,TruSeq_R2,4,technical_match,0.01984784767354114
GCA_948753955.1,CAQAKT010000383.1,Adapter,1615,1635,1636,1.0,0.012836185819070905,TruSeq,4,technical_match,0.01792291848699823
GCA_948753955.1,CAQAKT010000385.1,Adapter,8,28,1634,1.0,0.012851897184822521,TruSeq_R2,4,technical_match,0.02856699470358165
GCA_948753955.1,CAQAKT010000388.1,Adapter,7,27,1621,1.0,0.012954966070326958,TruSeq_R2,4,technical_match,0.016345592166350398
GCA_948753955.1,CAQAKT010000388.1,Adapter,1598,1618,1621,1.0,0.012954966070326958,TruSeq_R2,4,technical_match,0.016345592166350398
GCA_948753955.1,CAQAKT010000389.1,Adapter,1579,1599,1614,1.0,0.013011152416356878,TruSeq_R2,4,technical_match,0.009142369049017607
GCA_948753955.1,CAQAKT010000398.1,Adapter,1521,1541,1555,1.0,0.013504823151125401,TruSeq_R2,4,technical_match,0.044203749175483364
GCA_948753955.1,CAQAKT010000401.1,Adapter,11,31,1547,1.0,0.013574660633484163,TruSeq_R2,4,technical_match,0.020885928354352545
GCA_948753955.1,CAQAKT010000402.1,Adapter,8,28,1541,1.0,0.0136275146009085,TruSeq,4,technical_match,0.02935808375172838
GCA_948753955.1,CAQAKT010000405.1,Adapter,16,36,1522,1.0,0.013797634691195795,TruSeq_R2,4,technical_match,0.02651336885850325
GCA_948753955.1,CAQAKT010000406.1,Adapter,1475,1495,1507,1.0,0.013934970139349702,TruSeq,4,technical_match,0.0025354763465712526
GCA_948754035.1,CAQAKW010000010.1,Adapter,9416,9436,67889,1.0,0.0003093284626375407,TruSeq,4,technical_match,0.004319596419373739
GCA_948754035.1,CAQAKW010000010.1,Adapter,67850,67870,67889,1.0,0.0003093284626375407,TruSeq_R2,4,technical_match,0.004319596419373739
GCA_948754035.1,CAQAKW010000015.1,Adapter,33225,33245,54157,1.0,0.0003877615082076186,TruSeq,4,technical_match,0.0064692031824452045
GCA_948754035.1,CAQAKW010000015.1,Adapter,52436,52456,54157,1.0,0.0003877615082076186,TruSeq_R2,4,technical_match,0.0064692031824452045
GCA_948754035.1,CAQAKW010000025.1,Adapter,32410,32430,32433,1.0,0.0006474886689482935,TruSeq_R2,4,technical_match,0.012680202004235197
GCA_948754035.1,CAQAKW010000028.1,Adapter,29,49,27553,1.0,0.0007621674590788662,TruSeq,4,technical_match,0.005923927292300457
GCA_948754035.1,CAQAKW010000038.1,Adapter,6454,6474,6501,1.0,0.003230272265805261,TruSeq,4,technical_match,0.016697503006062486
GCA_948758705.1,CAQBCX010000004.1,Adapter,19792,19812,27660,1.0,0.0007592190889370933,TruSeq_R2,4,technical_match,0.00277867308790386
GCA_948758705.1,CAQBCX010000032.1,Adapter,16,36,13312,1.0,0.0015775240384615385,TruSeq_R2,4,technical_match,0.008084746017326117
GCA_948758705.1,CAQBCX010000034.1,Adapter,28,48,12193,1.0,0.0017222996801443452,TruSeq_R2,4,technical_match,0.0036077461085153306
GCA_948758705.1,CAQBCX010000034.1,Adapter,12146,12166,12193,1.0,0.0017222996801443452,TruSeq_R2,4,technical_match,0.0036077461085153306
GCA_948758705.1,CAQBCX010000053.1,Adapter,8797,8817,8843,1.0,0.0023747596969354292,TruSeq_R2,4,technical_match,0.01858089197643692
GCA_948758705.1,CAQBCX010000059.1,Adapter,28,48,7960,1.0,0.0026381909547738692,TruSeq,4,technical_match,0.007787436150685223
GCA_948758705.1,CAQBCX010000063.1,Adapter,18,38,7689,1.0,0.0027311744049941474,TruSeq_R2,4,technical_match,0.02789922318318011
GCA_948758705.1,CAQBCX010000093.1,Adapter,11,31,5610,1.0,0.0037433155080213902,TruSeq,4,technical_match,0.037706969926044276
GCA_948758705.1,CAQBCX010000096.1,Adapter,5438,5458,5463,1.0,0.003844041735310269,TruSeq_R2,4,technical_match,0.02536585542994807
GCA_948758705.1,CAQBCX010000105.1,Adapter,4853,4873,4898,1.0,0.004287464271131074,TruSeq_R2,4,technical_match,0.01566188476996544
GCA_948758705.1,CAQBCX010000121.1,Adapter,4295,4315,4338,1.0,0.004840940525587829,TruSeq_R2,4,technical_match,0.013877017977957096
GCA_948758705.1,CAQBCX010000124.1,Adapter,3760,3780,4189,1.0,0.00501312962520888,TruSeq_R2,4,technical_match,0.04058236316671776
GCA_948758705.1,CAQBCX010000135.1,Adapter,34,54,3836,1.0,0.005474452554744526,TruSeq,4,technical_match,0.04749300256461092
GCA_948758705.1,CAQBCX010000136.1,Adapter,3785,3805,3833,1.0,0.0054787372815027395,TruSeq_R2,4,technical_match,0.013854360912768482
GCA_948758705.1,CAQBCX010000137.1,Adapter,3802,3822,3830,1.0,0.005483028720626632,TruSeq_R2,4,technical_match,0.011233517733534149
GCA_948758705.1,CAQBCX010000139.1,Adapter,27,47,3743,1.0,0.0056104728827144,TruSeq_R2,4,technical_match,0.01690569286602539
GCA_948758705.1,CAQBCX010000142.1,Adapter,24,44,3557,1.0,0.005903851560303626,TruSeq_R2,4,technical_match,0.030700123943855517
GCA_948758705.1,CAQBCX010000158.1,Adapter,3060,3080,3104,1.0,0.0067654639175257734,TruSeq_R2,4,technical_match,0.0215242905256528
GCA_948758705.1,CAQBCX010000170.1,Adapter,27,47,2648,1.0,0.007930513595166163,TruSeq_R2,4,technical_match,0.0055678791511861725
GCA_948758705.1,CAQBCX010000194.1,Adapter,4,24,2249,1.0,0.009337483325922631,TruSeq,4,technical_match,0.032419192520744544
GCA_948758705.1,CAQBCX010000200.1,Adapter,2044,2064,2076,1.0,0.010115606936416185,TruSeq,4,technical_match,0.05536588717265439
GCA_948758705.1,CAQBCX010000204.1,Adapter,26,46,1998,1.0,0.010510510510510511,TruSeq,4,technical_match,0.0539624763415793
GCA_948758705.1,CAQBCX010000205.1,Adapter,11,31,1978,1.0,0.010616784630940344,TruSeq_R2,4,technical_match,0.003376859506087071
GCA_948758705.1,CAQBCX010000206.1,Adapter,20,40,1964,1.0,0.010692464358452138,TruSeq,4,technical_match,0.010001152389721546
GCA_948760705.1,CAQBKO010000202.1,Adapter,22,42,2462,1.0,0.008529650690495532,TruSeq_R2,4,technical_match,0.002460794715830994
GCA_948760705.1,CAQBKO010000207.1,Adapter,2373,2393,2416,1.0,0.00869205298013245,TruSeq_R2,4,technical_match,0.004486284141861641
GCA_948774875.1,CAQDNA010000002.1,Adapter,50705,50725,50753,1.0,0.00041376864421807576,TruSeq_R2,4,technical_match,0.014636536049043025
GCA_948774875.1,CAQDNA010000035.1,Adapter,15079,15099,15120,1.0,0.001388888888888889,TruSeq,4,technical_match,0.019167807051794827
GCA_948774875.1,CAQDNA010000042.1,Adapter,13178,13198,13202,1.0,0.0015906680805938495,TruSeq,4,technical_match,0.018577408290664343
GCA_948774875.1,CAQDNA010000160.1,Adapter,28,48,2619,1.0,0.008018327605956471,TruSeq,4,technical_match,0.032475404642963224
GCA_948774875.1,CAQDNA010000164.1,Adapter,6,26,2520,1.0,0.008333333333333333,TruSeq_R2,4,technical_match,0.022498859614871802
GCA_948774875.1,CAQDNA010000174.1,Adapter,28,48,2121,1.0,0.009900990099009901,TruSeq,4,technical_match,0.029064868186479742
GCA_948774875.1,CAQDNA010000182.1,Adapter,15,35,1934,1.0,0.010858324715615306,TruSeq,4,technical_match,0.0017161073095056656
GCA_948778155.1,CAQDZR010000014.1,Adapter,26,46,13805,1.0,0.0015211879753712423,TruSeq_R2,4,technical_match,0.013571983155018785
GCA_948778155.1,CAQDZR010000014.1,Adapter,13773,13793,13805,1.0,0.0015211879753712423,TruSeq_R2,4,technical_match,0.013571983155018785
GCA_948778155.1,CAQDZR010000028.1,Adapter,10897,10917,10917,1.0,0.0019236053860950811,TruSeq_R2,4,technical_match,0.015957325227877683
GCA_948778155.1,CAQDZR010000033.1,Adapter,1957,1977,9972,1.0,0.00210589651022864,TruSeq,4,technical_match,0.011291728182501348
GCA_948778155.1,CAQDZR010000041.1,Adapter,22,42,8785,1.0,0.002390438247011952,TruSeq,4,technical_match,0.009308517536971539
GCA_948778155.1,CAQDZR010000043.1,Adapter,27,47,8473,1.0,0.0024784609937448365,TruSeq,4,technical_match,0.008823255465795043
GCA_948778155.1,CAQDZR010000044.1,Adapter,8309,8329,8356,1.0,0.0025131641933939684,TruSeq_R2,4,technical_match,0.006281056056774925
GCA_948778155.1,CAQDZR010000046.1,Adapter,8012,8032,8048,1.0,0.0026093439363817097,TruSeq_R2,4,technical_match,0.012217811913003307
GCA_948778155.1,CAQDZR010000054.1,Adapter,19,39,7675,1.0,0.002736156351791531,TruSeq,4,technical_match,0.023435132780220247
GCA_948778155.1,CAQDZR010000058.1,Adapter,7154,7174,7180,1.0,0.002924791086350975,TruSeq_R2,4,technical_match,0.00843459675476721
GCA_948778155.1,CAQDZR010000059.1,Adapter,6704,6724,7097,1.0,0.0029589967591940255,TruSeq,4,technical_match,0.00760657864846731
GCA_948778155.1,CAQDZR010000086.1,Adapter,14,34,5692,1.0,0.0036893886156008433,TruSeq_R2,4,technical_match,0.006916853041751658
GCA_948778155.1,CAQDZR010000092.1,Adapter,1,21,5372,1.0,0.00390915860014892,TruSeq_R2,4,technical_match,0.01772168735349744
GCA_948778155.1,CAQDZR010000122.1,Adapter,4269,4289,4317,1.0,0.004864489228630994,TruSeq,4,technical_match,0.012092545539225619
GCA_948778155.1,CAQDZR010000129.1,Adapter,27,47,4107,1.0,0.005113221329437546,TruSeq,4,technical_match,0.009487965112208452
GCA_948778155.1,CAQDZR010000161.1,Adapter,27,47,3317,1.0,0.006331022007838408,TruSeq,4,technical_match,0.03642664393743794
GCA_948778155.1,CAQDZR010000174.1,Adapter,15,35,3061,1.0,0.006860503103560928,TruSeq_R2,4,technical_match,0.018736057112240134
GCA_948778155.1,CAQDZR010000182.1,Adapter,837,857,2688,1.0,0.0078125,TruSeq_R2,4,technical_match,0.013743014691849298
GCA_948778155.1,CAQDZR010000188.1,Adapter,2485,2505,2531,1.0,0.008297115764519953,TruSeq,4,technical_match,0.036811262666404665
GCA_948778155.1,CAQDZR010000192.1,Adapter,2444,2464,2483,1.0,0.008457511075312122,TruSeq,4,technical_match,0.002655972318272082
GCA_948778155.1,CAQDZR010000193.1,Adapter,21,41,2482,1.0,0.008460918614020952,TruSeq_R2,4,technical_match,0.02727017923396602
GCA_948778155.1,CAQDZR010000216.1,Adapter,25,45,2101,1.0,0.009995240361732508,TruSeq,4,technical_match,0.018908850293670953
GCA_948778155.1,CAQDZR010000232.1,Adapter,1627,1647,1671,1.0,0.012567324955116697,TruSeq,4,technical_match,0.004413946892474208
GCA_948778155.1,CAQDZR010000241.1,Adapter,1476,1496,1524,1.0,0.013779527559055118,TruSeq_R2,4,technical_match,0.002794476560877779
GCA_948778485.1,CAQEAU010000001.1,Adapter,12700,12720,93311,1.0,0.00022505385217176966,TruSeq,4,technical_match,0.014779987317307564
GCA_948778485.1,CAQEAU010000001.1,Adapter,93261,93281,93311,1.0,0.00022505385217176966,TruSeq_R2,4,technical_match,0.014779987317307564
GCA_948778485.1,CAQEAU010000006.1,Adapter,12210,12230,49209,1.0,0.00042675120404804,TruSeq,4,technical_match,0.0014270016221868964
GCA_948778485.1,CAQEAU010000007.1,Adapter,20524,20544,48591,1.0,0.0004321787985429401,TruSeq,4,technical_match,0.0006768129159325786
GCA_948778485.1,CAQEAU010000010.1,Adapter,3108,3128,47823,1.0,0.00043911925224264476,TruSeq,4,technical_match,0.004929308928423637
GCA_948778485.1,CAQEAU010000010.1,Adapter,47209,47229,47823,1.0,0.00043911925224264476,TruSeq_R2,4,technical_match,0.004929308928423637
GCA_948778485.1,CAQEAU010000011.1,Adapter,29,49,44403,1.0,0.00047294101749881766,TruSeq_R2,4,technical_match,0.00843519727670905
GCA_948778485.1,CAQEAU010000013.1,Adapter,41696,41716,43933,1.0,0.0004780005918102565,TruSeq,4,technical_match,0.004682098192963502
GCA_948778485.1,CAQEAU010000014.1,Adapter,28,48,42568,1.0,0.0004933283217440331,TruSeq_R2,4,technical_match,0.00341033043966138
GCA_948778485.1,CAQEAU010000016.1,Adapter,32,52,40543,1.0,0.0005179685765730213,TruSeq,4,technical_match,0.0165515789486676
GCA_948778485.1,CAQEAU010000016.1,Adapter,10261,10281,40543,1.0,0.0005179685765730213,TruSeq_R2,4,technical_match,0.0165515789486676
GCA_948778485.1,CAQEAU010000017.1,Adapter,15,35,38351,1.0,0.000547573726891085,TruSeq,4,technical_match,0.008007973344489494
GCA_948778485.1,CAQEAU010000017.1,Adapter,25864,25884,38351,1.0,0.000547573726891085,TruSeq_R2,4,technical_match,0.008007973344489494
GCA_948778485.1,CAQEAU010000019.1,Adapter,6,26,36119,1.0,0.0005814114454995986,TruSeq,4,technical_match,0.015305624144228258
GCA_948778485.1,CAQEAU010000019.1,Adapter,22260,22280,36119,1.0,0.0005814114454995986,TruSeq,4,technical_match,0.015305624144228258
GCA_948778485.1,CAQEAU010000020.1,Adapter,35857,35877,35907,1.0,0.0005848441808004011,TruSeq,4,technical_match,0.002930910433167677
GCA_948778485.1,CAQEAU010000021.1,Adapter,24606,24626,35789,1.0,0.0005867724719885998,TruSeq_R2,4,technical_match,0.004431315130073998
GCA_948778485.1,CAQEAU010000022.1,Adapter,31,51,34955,1.0,0.0006007724216850236,TruSeq_R2,4,technical_match,0.009058024750886295
GCA_948778485.1,CAQEAU010000022.1,Adapter,34905,34925,34955,1.0,0.0006007724216850236,TruSeq_R2,4,technical_match,0.009058024750886295
GCA_948778485.1,CAQEAU010000024.1,Adapter,17863,17883,32172,1.0,0.0006527415143603133,TruSeq_R2,4,technical_match,0.009269910938938364
GCA_948778485.1,CAQEAU010000025.1,Adapter,23,43,31571,1.0,0.0006651674004624497,TruSeq_R2,4,technical_match,0.01350585293814427
GCA_948778485.1,CAQEAU010000026.1,Adapter,13,33,29241,1.0,0.0007181696932389454,TruSeq,4,technical_match,0.0034541599309040882
GCA_948778485.1,CAQEAU010000031.1,Adapter,18529,18549,18553,1.0,0.0011318924163208107,TruSeq_R2,4,technical_match,0.0033129138224458066
GCA_948778485.1,CAQEAU010000033.1,Adapter,10133,10153,17612,1.0,0.0011923688394276629,TruSeq_R2,4,technical_match,0.0008619317040873264
GCA_948778485.1,CAQEAU010000036.1,Adapter,15567,15587,15591,1.0,0.0013469309216855877,TruSeq_R2,4,technical_match,0.00994859553628119
GCA_948778485.1,CAQEAU010000038.1,Adapter,14972,14992,15000,1.0,0.0014,TruSeq,4,technical_match,0.013444130696626089
GCA_948778485.1,CAQEAU010000042.1,Adapter,5,25,13747,1.0,0.0015276060231323198,TruSeq_R2,4,technical_match,0.0093498510205971
GCA_948778485.1,CAQEAU010000042.1,Adapter,13700,13720,13747,1.0,0.0015276060231323198,TruSeq_R2,4,technical_match,0.0093498510205971
GCA_948778485.1,CAQEAU010000044.1,Adapter,12987,13007,13037,1.0,0.0016108000306819053,TruSeq_R2,4,technical_match,0.0004370945341274357
GCA_948778485.1,CAQEAU010000045.1,Adapter,21,41,12228,1.0,0.0017173699705593719,TruSeq_R2,4,technical_match,0.002784102215960038
GCA_948778485.1,CAQEAU010000054.1,Adapter,1814,1834,9690,1.0,0.0021671826625387,TruSeq_R2,4,technical_match,0.016016307005165986
GCA_948778485.1,CAQEAU010000054.1,Adapter,9641,9661,9690,1.0,0.0021671826625387,TruSeq_R2,4,technical_match,0.016016307005165986
GCA_948778485.1,CAQEAU010000055.1,Adapter,4,24,8331,1.0,0.0025207057976233344,TruSeq,4,technical_match,0.0035429249120649264
GCA_948778485.1,CAQEAU010000056.1,Adapter,7565,7585,7612,1.0,0.002758801891749869,TruSeq_R2,4,technical_match,0.020935515476083688
GCA_948778485.1,CAQEAU010000060.1,Adapter,27,47,6292,1.0,0.003337571519389701,TruSeq,4,technical_match,0.002109884984662358
GCA_948778485.1,CAQEAU010000062.1,Adapter,6059,6079,6086,1.0,0.0034505422280644103,TruSeq,4,technical_match,0.012314171226804616
GCA_948778485.1,CAQEAU010000063.1,Adapter,5936,5956,5986,1.0,0.0035081857667891747,TruSeq,4,technical_match,0.017952564431565843
GCA_948778485.1,CAQEAU010000064.1,Adapter,6,26,5591,1.0,0.00375603648721159,TruSeq_R2,4,technical_match,0.0015160438904494589
GCA_948778485.1,CAQEAU010000066.1,Adapter,15,35,4979,1.0,0.004217714400482024,TruSeq,4,technical_match,0.0038320131362056253
GCA_948778485.1,CAQEAU010000067.1,Adapter,30,50,4785,1.0,0.00438871473354232,TruSeq_R2,4,technical_match,0.00037843983628932376
GCA_948778485.1,CAQEAU010000073.1,Adapter,2526,2546,2554,1.0,0.00822239624119029,TruSeq,4,technical_match,0.006244809370601512
GCA_948778485.1,CAQEAU010000074.1,Adapter,4,24,2392,1.0,0.008779264214046822,TruSeq_R2,4,technical_match,0.022756059347685154
GCA_948783575.1,CAQEUN010000006.1,Adapter,11494,11514,11528,1.0,0.0018216516308119362,TruSeq_R2,4,technical_match,0.026202810732290915
GCA_948783575.1,CAQEUN010000065.1,Adapter,3833,3853,3864,1.0,0.005434782608695652,TruSeq_R2,4,technical_match,0.0016913969653074012
GCA_948783575.1,CAQEUN010000067.1,Adapter,23,43,3811,1.0,0.005510364733665705,TruSeq_R2,4,technical_match,0.008307785416736935
GCA_948783575.1,CAQEUN010000103.1,Adapter,2800,2820,3163,1.0,0.006639266519127411,TruSeq,4,technical_match,0.0017848119553675046
GCA_948783575.1,CAQEUN010000115.1,Adapter,24,44,2975,1.0,0.007058823529411765,TruSeq_R2,4,technical_match,0.02127521837794849
GCA_948783575.1,CAQEUN010000135.1,Adapter,8,28,2749,1.0,0.007639141506002182,TruSeq,4,technical_match,0.006298992161700601
GCA_948783575.1,CAQEUN010000136.1,Adapter,2696,2716,2745,1.0,0.007650273224043716,TruSeq,4,technical_match,0.004821594161791121
GCA_948783575.1,CAQEUN010000167.1,Adapter,30,50,2539,1.0,0.008270972823946435,TruSeq_R2,4,technical_match,0.013839608150343574
GCA_948783575.1,CAQEUN010000182.1,Adapter,2410,2430,2459,1.0,0.00854005693371289,TruSeq,4,technical_match,0.004736260259565084
GCA_948783575.1,CAQEUN010000210.1,Adapter,20,40,2203,1.0,0.009532455742169769,TruSeq_R2,4,technical_match,0.011313486737488943
GCA_948783575.1,CAQEUN010000235.1,Adapter,1550,1570,2055,1.0,0.010218978102189781,TruSeq_R2,4,technical_match,0.0013184477430969732
GCA_948783575.1,CAQEUN010000289.1,Adapter,1730,1750,1755,1.0,0.011965811965811967,TruSeq,4,technical_match,0.00379408493756056
GCA_948783575.1,CAQEUN010000299.1,Adapter,8,28,1721,1.0,0.01220220801859384,TruSeq,4,technical_match,0.024604221494356038
GCA_948783575.1,CAQEUN010000301.1,Adapter,13,33,1717,1.0,0.0122306348281887,TruSeq,4,technical_match,0.007632457415015559
GCA_948783575.1,CAQEUN010000308.1,Adapter,1664,1684,1697,1.0,0.012374779021803181,TruSeq_R2,4,technical_match,0.014937479227120853
GCA_948783575.1,CAQEUN010000319.1,Adapter,9,29,1657,1.0,0.012673506336753168,TruSeq,4,technical_match,0.0025124634990290606
GCA_948783575.1,CAQEUN010000342.1,Adapter,9,29,1537,1.0,0.013662979830839297,TruSeq,4,technical_match,0.011256138700821816
GCA_948790595.1,CAQFVP010000005.1,Adapter,26,46,8982,1.0,0.002338009352037408,TruSeq,4,technical_match,0.047940838713025125
GCA_948790595.1,CAQFVP010000006.1,Adapter,8768,8788,8807,1.0,0.002384466901328489,TruSeq_R2,4,technical_match,0.016331455165068287
GCA_948790595.1,CAQFVP010000017.1,Adapter,7498,7518,7544,1.0,0.0027836691410392366,TruSeq_R2,4,technical_match,0.018575810704579976
GCA_948790595.1,CAQFVP010000020.1,Adapter,27,47,7235,1.0,0.002902557014512785,TruSeq,4,technical_match,0.007078741332361915
GCA_948790595.1,CAQFVP010000024.1,Adapter,28,48,6709,1.0,0.0031301237144134744,TruSeq,4,technical_match,0.011713368121222922
GCA_948790595.1,CAQFVP010000024.1,Adapter,151,171,6709,1.0,0.0031301237144134744,TruSeq_R2,4,technical_match,0.011713368121222922
GCA_948790595.1,CAQFVP010000024.1,Adapter,268,288,6709,1.0,0.0031301237144134744,TruSeq,4,technical_match,0.011713368121222922
GCA_948790595.1,CAQFVP010000025.1,Adapter,27,47,6662,1.0,0.003152206544581207,TruSeq_R2,4,technical_match,0.008920438260363595
GCA_948790595.1,CAQFVP010000031.1,Adapter,29,49,6299,1.0,0.003333862517859978,TruSeq_R2,4,technical_match,0.006725529860680035
GCA_948790595.1,CAQFVP010000034.1,Adapter,5825,5845,5850,1.0,0.0035897435897435897,TruSeq_R2,4,technical_match,0.021954507535026535
GCA_948790595.1,CAQFVP010000038.1,Adapter,17,37,5718,1.0,0.0036726128016789086,TruSeq_R2,4,technical_match,0.008394099203926475
GCA_948790595.1,CAQFVP010000039.1,Adapter,5635,5655,5682,1.0,0.003695881731784583,TruSeq,4,technical_match,0.020347092305647185
GCA_948790595.1,CAQFVP010000052.1,Adapter,27,47,5098,1.0,0.004119262455865045,TruSeq_R2,4,technical_match,0.023549175826640345
GCA_948790595.1,CAQFVP010000063.1,Adapter,4813,4833,4861,1.0,0.004320098745114174,TruSeq,4,technical_match,0.0011568778680683955
GCA_948790595.1,CAQFVP010000072.1,Adapter,4594,4614,4642,1.0,0.004523912106850495,TruSeq,4,technical_match,0.012709669783179223
GCA_948790595.1,CAQFVP010000075.1,Adapter,25,45,4574,1.0,0.004591167468299082,TruSeq_R2,4,technical_match,0.009167255919615758
GCA_948790595.1,CAQFVP010000093.1,Adapter,3979,3999,4013,1.0,0.00523299277348617,TruSeq_R2,4,technical_match,0.018900544027536992
GCA_948790595.1,CAQFVP010000095.1,Adapter,27,47,3999,1.0,0.005251312828207052,TruSeq_R2,4,technical_match,0.007411167216994807
GCA_948790595.1,CAQFVP010000097.1,Adapter,29,49,3984,1.0,0.005271084337349397,TruSeq,4,technical_match,0.001957808395361693
GCA_948790595.1,CAQFVP010000099.1,Adapter,22,42,3975,1.0,0.005283018867924529,TruSeq_R2,4,technical_match,0.015068553261619155
GCA_948790595.1,CAQFVP010000101.1,Adapter,3931,3951,3957,1.0,0.00530705079605762,TruSeq,4,technical_match,0.05081947949218263
GCA_948790595.1,CAQFVP010000111.1,Adapter,3742,3762,3790,1.0,0.00554089709762533,TruSeq,4,technical_match,0.013657820346518745
GCA_948790595.1,CAQFVP010000113.1,Adapter,29,49,3761,1.0,0.005583621377293273,TruSeq_R2,4,technical_match,0.02449224867952121
GCA_948790595.1,CAQFVP010000120.1,Adapter,3650,3670,3670,1.0,0.005722070844686649,TruSeq_R2,4,technical_match,0.0014882647254594872
GCA_948790595.1,CAQFVP010000133.1,Adapter,3514,3534,3561,1.0,0.005897219882055603,TruSeq_R2,4,technical_match,0.01898717626103985
GCA_948790595.1,CAQFVP010000135.1,Adapter,3487,3507,3532,1.0,0.00594563986409966,TruSeq_R2,4,technical_match,0.041346109049848256
GCA_948790595.1,CAQFVP010000140.1,Adapter,3425,3445,3472,1.0,0.006048387096774193,TruSeq,4,technical_match,0.024678877001583832
GCA_948790595.1,CAQFVP010000144.1,Adapter,21,41,3424,1.0,0.006133177570093458,TruSeq_R2,4,technical_match,0.02564090421207743
GCA_948790595.1,CAQFVP010000150.1,Adapter,3265,3285,3309,1.0,0.006346328195829556,TruSeq,4,technical_match,0.025349289442954392
GCA_948790595.1,CAQFVP010000156.1,Adapter,27,47,3259,1.0,0.006443694384780607,TruSeq_R2,4,technical_match,0.027924300586746553
GCA_948790595.1,CAQFVP010000162.1,Adapter,29,49,3152,1.0,0.00666243654822335,TruSeq_R2,4,technical_match,0.006817348076930574
GCA_948790595.1,CAQFVP010000170.1,Adapter,2930,2950,2979,1.0,0.007049345417925478,TruSeq,4,technical_match,0.021920939223512625
GCA_948790595.1,CAQFVP010000179.1,Adapter,2831,2851,2856,1.0,0.007352941176470588,TruSeq,4,technical_match,0.02487088929037029
GCA_948790595.1,CAQFVP010000185.1,Adapter,2778,2798,2823,1.0,0.007438894792773645,TruSeq_R2,4,technical_match,0.07779344955887824
GCA_948790595.1,CAQFVP010000187.1,Adapter,2770,2790,2817,1.0,0.007454739084132056,TruSeq,4,technical_match,0.008713470971306259
GCA_948790595.1,CAQFVP010000189.1,Adapter,20,40,2801,1.0,0.007497322384862549,TruSeq_R2,4,technical_match,0.005607171266233668
GCA_948790595.1,CAQFVP010000200.1,Adapter,2678,2698,2706,1.0,0.007760532150776054,TruSeq_R2,4,technical_match,0.026111518579780058
GCA_948790595.1,CAQFVP010000214.1,Adapter,13,33,2638,1.0,0.00796057619408643,TruSeq,4,technical_match,0.0073053625598770155
GCA_948790595.1,CAQFVP010000215.1,Adapter,30,50,2637,1.0,0.007963594994311717,TruSeq,4,technical_match,0.014256365707191854
GCA_948790595.1,CAQFVP010000217.1,Adapter,2603,2623,2631,1.0,0.00798175598631699,TruSeq_R2,4,technical_match,0.005902309384766824
GCA_948790595.1,CAQFVP010000224.1,Adapter,2535,2555,2583,1.0,0.008130081300813009,TruSeq,4,technical_match,0.006191059634930884
GCA_948790595.1,CAQFVP010000229.1,Adapter,2466,2486,2510,1.0,0.008366533864541833,TruSeq,4,technical_match,0.013724996670374079
GCA_948790595.1,CAQFVP010000231.1,Adapter,2478,2498,2504,1.0,0.008386581469648562,TruSeq_R2,4,technical_match,0.016966932100166754
GCA_948790595.1,CAQFVP010000234.1,Adapter,8,28,2499,1.0,0.008403361344537815,TruSeq_R2,4,technical_match,0.015567167801774862
GCA_948790595.1,CAQFVP010000252.1,Adapter,22,42,2382,1.0,0.008816120906801008,TruSeq,4,technical_match,0.0016074602358381873
GCA_948790595.1,CAQFVP010000252.1,Adapter,2359,2379,2382,1.0,0.008816120906801008,TruSeq,4,technical_match,0.0016074602358381873
GCA_948790595.1,CAQFVP010000259.1,Adapter,2302,2322,2349,1.0,0.008939974457215836,TruSeq_R2,4,technical_match,0.014249100979045248
GCA_948790595.1,CAQFVP010000260.1,Adapter,26,46,2343,1.0,0.008962868117797696,TruSeq,4,technical_match,0.02372766631616141
GCA_948790595.1,CAQFVP010000263.1,Adapter,27,47,2327,1.0,0.009024495058014611,TruSeq_R2,4,technical_match,0.03327635719304489
GCA_948790595.1,CAQFVP010000272.1,Adapter,1,21,2286,1.0,0.009186351706036745,TruSeq,4,technical_match,0.04733683104765063
GCA_948790595.1,CAQFVP010000279.1,Adapter,29,49,2222,1.0,0.009450945094509451,TruSeq_R2,4,technical_match,0.0033426463489079072
GCA_948790595.1,CAQFVP010000281.1,Adapter,2170,2190,2216,1.0,0.00947653429602888,TruSeq_R2,4,technical_match,0.021824142512964773
GCA_948790595.1,CAQFVP010000299.1,Adapter,2098,2118,2146,1.0,0.0097856477166822,TruSeq,4,technical_match,0.01301798480540034
GCA_948790595.1,CAQFVP010000300.1,Adapter,14,34,2134,1.0,0.009840674789128397,TruSeq_R2,4,technical_match,0.02211505406030828
GCA_948790595.1,CAQFVP010000310.1,Adapter,14,34,2077,1.0,0.010110736639383727,TruSeq_R2,4,technical_match,0.025126818025584474
GCA_948790595.1,CAQFVP010000317.1,Adapter,24,44,2042,1.0,0.01028403525954946,TruSeq_R2,4,technical_match,0.0007465480749418996
GCA_948790595.1,CAQFVP010000320.1,Adapter,28,48,2034,1.0,0.01032448377581121,TruSeq,4,technical_match,0.009368470170228127
GCA_948790595.1,CAQFVP010000327.1,Adapter,26,46,2005,1.0,0.010473815461346634,TruSeq,4,technical_match,0.02663724513546989
GCA_948790595.1,CAQFVP010000332.1,Adapter,1941,1961,1987,1.0,0.010568696527428284,TruSeq_R2,4,technical_match,0.03181303239103506
GCA_948790595.1,CAQFVP010000333.1,Adapter,1937,1957,1983,1.0,0.01059001512859304,TruSeq_R2,4,technical_match,0.004287672772881612
GCA_948790595.1,CAQFVP010000334.1,Adapter,1935,1955,1983,1.0,0.01059001512859304,TruSeq,4,technical_match,0.019413789657778957
GCA_948790595.1,CAQFVP010000335.1,Adapter,30,50,1976,1.0,0.01062753036437247,TruSeq_R2,4,technical_match,0.01732799358957987
GCA_948790595.1,CAQFVP010000337.1,Adapter,28,48,1964,1.0,0.010692464358452138,TruSeq_R2,4,technical_match,0.02106427499495761
GCA_948790595.1,CAQFVP010000340.1,Adapter,27,47,1947,1.0,0.01078582434514638,TruSeq,4,technical_match,0.006220900275995533
GCA_948790595.1,CAQFVP010000343.1,Adapter,1912,1932,1940,1.0,0.010824742268041237,TruSeq_R2,4,technical_match,0.032283751342407574
GCA_948790595.1,CAQFVP010000347.1,Adapter,1839,1859,1887,1.0,0.011128775834658187,TruSeq_R2,4,technical_match,0.027312406437769776
GCA_948790595.1,CAQFVP010000354.1,Adapter,1795,1815,1832,1.0,0.01146288209606987,TruSeq_R2,4,technical_match,0.04759739933512358
GCA_948790595.1,CAQFVP010000358.1,Adapter,28,48,1811,1.0,0.011595803423522915,TruSeq_R2,4,technical_match,0.008266551218688134
GCA_948790595.1,CAQFVP010000359.1,Adapter,1,21,1808,1.0,0.011615044247787611,TruSeq_R2,4,technical_match,0.03764480416605509
GCA_948790595.1,CAQFVP010000365.1,Adapter,15,35,1772,1.0,0.011851015801354402,TruSeq,4,technical_match,0.014417512300514357
GCA_948790595.1,CAQFVP010000367.1,Adapter,1723,1743,1759,1.0,0.011938601478112564,TruSeq_R2,4,technical_match,0.014928822639946604
GCA_948790595.1,CAQFVP010000369.1,Adapter,1702,1722,1745,1.0,0.012034383954154728,TruSeq_R2,4,technical_match,0.011315151809131396
GCA_948790595.1,CAQFVP010000378.1,Adapter,1665,1685,1711,1.0,0.012273524254821741,TruSeq_R2,4,technical_match,0.005388496755105776
GCA_948790595.1,CAQFVP010000380.1,Adapter,28,48,1706,1.0,0.0123094958968347,TruSeq,4,technical_match,9.837770660431344e-05
GCA_948790595.1,CAQFVP010000385.1,Adapter,1666,1686,1689,1.0,0.012433392539964476,TruSeq_R2,4,technical_match,0.007510659230317851
GCA_948790595.1,CAQFVP010000388.1,Adapter,1643,1663,1678,1.0,0.012514898688915376,TruSeq,4,technical_match,0.008260957011917036
GCA_948790595.1,CAQFVP010000398.1,Adapter,1,21,1640,1.0,0.012804878048780487,TruSeq_R2,4,technical_match,0.0255387173972228
GCA_948790595.1,CAQFVP010000401.1,Adapter,20,40,1633,1.0,0.012859767299448868,TruSeq_R2,4,technical_match,0.00022898531960841018
GCA_948790595.1,CAQFVP010000416.1,Adapter,1526,1546,1562,1.0,0.013444302176696543,TruSeq,4,technical_match,0.009776388314653772
GCA_948790595.1,CAQFVP010000437.1,Adapter,1447,1467,1493,1.0,0.01406563965170797,TruSeq,4,technical_match,0.023792715468344994
GCA_948790595.1,CAQFVP010000458.1,Adapter,1353,1373,1400,1.0,0.015,TruSeq_R2,4,technical_match,0.0010613654808464545
GCA_948790595.1,CAQFVP010000462.1,Adapter,1321,1341,1367,1.0,0.015362106803218726,TruSeq_R2,4,technical_match,0.021328643924525048
GCA_948790595.1,CAQFVP010000469.1,Adapter,1294,1314,1340,1.0,0.015671641791044775,TruSeq,4,technical_match,0.005325757804940268
GCA_948790595.1,CAQFVP010000471.1,Adapter,1304,1324,1338,1.0,0.01569506726457399,TruSeq_R2,4,technical_match,0.005611707335724081
GCA_948790595.1,CAQFVP010000483.1,Adapter,1258,1278,1300,1.0,0.016153846153846154,TruSeq_R2,4,technical_match,0.044433140013659
GCA_948790595.1,CAQFVP010000485.1,Adapter,1243,1263,1288,1.0,0.016304347826086956,TruSeq,4,technical_match,0.013690187314184588
GCA_948790595.1,CAQFVP010000493.1,Adapter,1237,1257,1257,1.0,0.016706443914081145,TruSeq_R2,4,technical_match,0.06334936301102762
GCA_948790595.1,CAQFVP010000495.1,Adapter,1212,1232,1254,1.0,0.01674641148325359,TruSeq_R2,4,technical_match,0.06427242353715307
GCA_948790595.1,CAQFVP010000499.1,Adapter,16,36,1223,1.0,0.017170891251022075,TruSeq_R2,4,technical_match,0.004574658348145466
GCA_948790595.1,CAQFVP010000510.1,Adapter,1128,1148,1177,1.0,0.01784197111299915,TruSeq_R2,4,technical_match,0.019056367253708684
GCA_948790595.1,CAQFVP010000511.1,Adapter,1127,1147,1173,1.0,0.017902813299232736,TruSeq,4,technical_match,0.04920656777941412
GCA_948790595.1,CAQFVP010000514.1,Adapter,9,29,1155,1.0,0.01818181818181818,TruSeq_R2,4,technical_match,0.008204222623703628
GCA_948790595.1,CAQFVP010000519.1,Adapter,13,33,1141,1.0,0.018404907975460124,TruSeq,4,technical_match,0.0026634373237109377
GCA_948790595.1,CAQFVP010000523.1,Adapter,1,21,1124,1.0,0.018683274021352312,TruSeq,4,technical_match,0.03605098835748599
GCA_948790595.1,CAQFVP010000525.1,Adapter,28,48,1116,1.0,0.01881720430107527,TruSeq,4,technical_match,0.009051281728574945
GCA_948790595.1,CAQFVP010000539.1,Adapter,26,46,1064,1.0,0.019736842105263157,TruSeq,4,technical_match,0.026437305330470562
GCA_948790595.1,CAQFVP010000541.1,Adapter,1013,1033,1061,1.0,0.019792648444863337,TruSeq,4,technical_match,0.019640129066076928
GCA_948790595.1,CAQFVP010000543.1,Adapter,1035,1055,1055,1.0,0.01990521327014218,TruSeq,4,technical_match,0.025807472454441593
GCA_948795835.1,CAQGPQ010000194.1,Adapter,1,21,2790,1.0,0.007526881720430108,TruSeq,4,technical_match,0.015460681882777494
GCA_948799375.1,CAQHDI010000008.1,Adapter,5,25,33426,1.0,0.0006282534553940047,TruSeq,4,technical_match,0.003307994916349255
GCA_948799375.1,CAQHDI010000056.1,Adapter,11888,11908,11908,1.0,0.0017635203224722876,TruSeq_R2,4,technical_match,0.0024372838742867664
GCA_948799375.1,CAQHDI010000058.1,Adapter,22,42,11255,1.0,0.0018658374055975121,TruSeq_R2,4,technical_match,0.018154695977554758
GCA_948799375.1,CAQHDI010000060.1,Adapter,10639,10659,10686,1.0,0.0019651880965749578,TruSeq_R2,4,technical_match,0.014677768193130547
GCA_948799375.1,CAQHDI010000078.1,Adapter,7836,7856,7866,1.0,0.002669717772692601,TruSeq,4,technical_match,0.006395806547617511
GCA_948799375.1,CAQHDI010000083.1,Adapter,7018,7038,7065,1.0,0.0029723991507431,TruSeq_R2,4,technical_match,0.026643555061336976
GCA_948799375.1,CAQHDI010000096.1,Adapter,6046,6066,6079,1.0,0.003454515545319954,TruSeq,4,technical_match,0.008647290513214778
GCA_948799375.1,CAQHDI010000100.1,Adapter,26,46,5982,1.0,0.003510531594784353,TruSeq,4,technical_match,0.005379408765407434
GCA_948799375.1,CAQHDI010000100.1,Adapter,5941,5961,5982,1.0,0.003510531594784353,TruSeq,4,technical_match,0.005379408765407434
GCA_948799375.1,CAQHDI010000102.1,Adapter,5761,5781,5807,1.0,0.0036163251248493198,TruSeq,4,technical_match,0.026470368378765374
GCA_948799375.1,CAQHDI010000123.1,Adapter,3812,3832,3843,1.0,0.00546448087431694,TruSeq,4,technical_match,0.040183708972884424
GCA_948799375.1,CAQHDI010000131.1,Adapter,3027,3047,3072,1.0,0.0068359375,TruSeq_R2,4,technical_match,0.003116761448456573
GCA_948802625.1,CAQHPP010000010.1,Adapter,20,40,22232,1.0,0.0009445843828715365,TruSeq,4,technical_match,0.0038538397180181705
GCA_948802625.1,CAQHPP010000037.1,Adapter,12,32,11437,1.0,0.0018361458424411997,TruSeq_R2,4,technical_match,0.021658792259018178
GCA_948802625.1,CAQHPP010000061.1,Adapter,1280,1300,8363,1.0,0.0025110606241779266,TruSeq_R2,4,technical_match,0.010989209860904514
GCA_948802625.1,CAQHPP010000064.1,Adapter,8129,8149,8168,1.0,0.002571008814887365,TruSeq,4,technical_match,0.007508829044450105
GCA_948802625.1,CAQHPP010000067.1,Adapter,7878,7898,7906,1.0,0.0026562104730584366,TruSeq_R2,4,technical_match,0.007436210775788321
GCA_948802625.1,CAQHPP010000081.1,Adapter,9,29,6538,1.0,0.0032119914346895075,TruSeq,4,technical_match,0.006919702835325114
GCA_948802625.1,CAQHPP010000085.1,Adapter,27,47,6282,1.0,0.0033428844317096467,TruSeq,4,technical_match,0.012542449659106836
GCA_948802625.1,CAQHPP010000091.1,Adapter,7,27,5619,1.0,0.0037373198077949813,TruSeq,4,technical_match,0.00594221478525947
GCA_948802625.1,CAQHPP010000094.1,Adapter,27,47,5368,1.0,0.003912071535022355,TruSeq_R2,4,technical_match,0.005506777641377025
GCA_948802625.1,CAQHPP010000109.1,Adapter,28,48,4432,1.0,0.00473826714801444,TruSeq_R2,4,technical_match,0.007328889140513217
GCA_948802625.1,CAQHPP010000109.1,Adapter,4397,4417,4432,1.0,0.00473826714801444,TruSeq_R2,4,technical_match,0.007328889140513217
GCA_948802625.1,CAQHPP010000117.1,Adapter,3852,3872,3897,1.0,0.005388760585065435,TruSeq_R2,4,technical_match,0.0028192991642363996
GCA_948802625.1,CAQHPP010000141.1,Adapter,1614,1634,1661,1.0,0.012642986152919929,TruSeq_R2,4,technical_match,0.01944021690865627
GCA_948810425.1,CAQITU010000003.1,Adapter,9734,9754,30812,1.0,0.0006815526418278593,TruSeq,4,technical_match,0.006946269043800468
GCA_948810425.1,CAQITU010000003.1,Adapter,30780,30800,30812,1.0,0.0006815526418278593,TruSeq_R2,4,technical_match,0.006946269043800468
GCA_948810425.1,CAQITU010000007.1,Adapter,25,45,23053,1.0,0.0009109443456383117,TruSeq,4,technical_match,0.007575703671413303
GCA_948810425.1,CAQITU010000009.1,Adapter,19,39,19093,1.0,0.0010998795370030902,TruSeq,4,technical_match,0.0037741667272471746
GCA_948810425.1,CAQITU010000013.1,Adapter,21,41,18734,1.0,0.0011209565495889826,TruSeq_R2,4,technical_match,0.023716892720307525
GCA_948810425.1,CAQITU010000022.1,Adapter,16129,16149,16176,1.0,0.0012982195845697329,TruSeq_R2,4,technical_match,0.0038851905661674846
GCA_948810425.1,CAQITU010000026.1,Adapter,14678,14698,14726,1.0,0.001426049164742632,TruSeq_R2,4,technical_match,0.013864120858493978
GCA_948810425.1,CAQITU010000029.1,Adapter,14265,14285,14294,1.0,0.0014691478942213516,TruSeq_R2,4,technical_match,0.00745107981825488
GCA_948810425.1,CAQITU010000031.1,Adapter,13906,13926,13951,1.0,0.0015052684395383843,TruSeq,4,technical_match,0.008747071666327655
GCA_948810425.1,CAQITU010000052.1,Adapter,3861,3881,10249,1.0,0.002048980388330569,TruSeq,4,technical_match,0.008483669704088648
GCA_948810425.1,CAQITU010000053.1,Adapter,27,47,10155,1.0,0.00206794682422452,TruSeq_R2,4,technical_match,0.013082014437052425
GCA_948810425.1,CAQITU010000059.1,Adapter,5,25,9424,1.0,0.0022283531409168084,TruSeq_R2,4,technical_match,0.021784060574510877
GCA_948810425.1,CAQITU010000060.1,Adapter,9263,9283,9308,1.0,0.0022561237645036527,TruSeq,4,technical_match,0.002764694645791932
GCA_948810425.1,CAQITU010000062.1,Adapter,26,46,8882,1.0,0.0023643323575771222,TruSeq,4,technical_match,0.002242908116840081
GCA_948810425.1,CAQITU010000065.1,Adapter,8532,8552,8564,1.0,0.0024521251751517983,TruSeq,4,technical_match,0.022474727149043083
GCA_948810425.1,CAQITU010000087.1,Adapter,22,42,6493,1.0,0.0032342522716771907,TruSeq_R2,4,technical_match,0.0037906277995694015
GCA_948810425.1,CAQITU010000093.1,Adapter,27,47,5862,1.0,0.0035823950870010235,TruSeq_R2,4,technical_match,0.01685620373824448
GCA_948810425.1,CAQITU010000095.1,Adapter,5757,5777,5789,1.0,0.0036275695284159614,TruSeq,4,technical_match,0.006199720976051093
GCA_948810425.1,CAQITU010000100.1,Adapter,5462,5482,5486,1.0,0.003827925628873496,TruSeq_R2,4,technical_match,0.009321252017832904
GCA_948810425.1,CAQITU010000103.1,Adapter,26,46,5163,1.0,0.004067402672864613,TruSeq_R2,4,technical_match,0.023925538709878513
GCA_948810425.1,CAQITU010000108.1,Adapter,26,46,4957,1.0,0.004236433326608836,TruSeq,4,technical_match,0.014952730490628174
GCA_948810425.1,CAQITU010000111.1,Adapter,4394,4414,4419,1.0,0.0047522063815342835,TruSeq,4,technical_match,0.03243272579580603
GCA_948810425.1,CAQITU010000114.1,Adapter,13,33,4345,1.0,0.0048331415420023015,TruSeq,4,technical_match,0.018355945202745028
GCA_948810425.1,CAQITU010000114.1,Adapter,4303,4323,4345,1.0,0.0048331415420023015,TruSeq,4,technical_match,0.018355945202745028
GCA_948810425.1,CAQITU010000118.1,Adapter,28,48,4115,1.0,0.005103280680437424,TruSeq,4,technical_match,0.0005045765908557875
GCA_948810425.1,CAQITU010000123.1,Adapter,21,41,3901,1.0,0.0053832350679313,TruSeq_R2,4,technical_match,0.012863720491804287
GCA_948810425.1,CAQITU010000126.1,Adapter,16,36,3696,1.0,0.005681818181818182,TruSeq,4,technical_match,0.009634919393111618
GCA_948810425.1,CAQITU010000135.1,Adapter,2918,2938,2955,1.0,0.007106598984771574,TruSeq,4,technical_match,0.02053076940201881
GCA_948810425.1,CAQITU010000138.1,Adapter,11,31,2613,1.0,0.008036739380022962,TruSeq,4,technical_match,0.004779770394712501
GCA_948810425.1,CAQITU010000138.1,Adapter,2574,2594,2613,1.0,0.008036739380022962,TruSeq_R2,4,technical_match,0.004779770394712501
GCA_948810425.1,CAQITU010000139.1,Adapter,2304,2324,2327,1.0,0.009024495058014611,TruSeq,4,technical_match,0.034242992883866674
GCA_948810425.1,CAQITU010000141.1,Adapter,18,38,2067,1.0,0.010159651669085631,TruSeq,4,technical_match,0.013820984899931832
GCA_948810425.1,CAQITU010000142.1,Adapter,2008,2028,2032,1.0,0.01033464566929134,TruSeq_R2,4,technical_match,0.02021243243125459
GCA_948810425.1,CAQITU010000145.1,Adapter,2,22,1897,1.0,0.01107011070110701,TruSeq_R2,4,technical_match,0.03442286207773326
GCA_948810425.1,CAQITU010000148.1,Adapter,28,48,1707,1.0,0.012302284710017574,TruSeq_R2,4,technical_match,0.003032997589080877
GCA_948817715.1,CAQJWB010000010.1,Adapter,28,48,19290,1.0,0.001088646967340591,TruSeq_R2,4,technical_match,0.021268168371210594
GCA_948817715.1,CAQJWB010000011.1,Adapter,18920,18940,18958,1.0,0.001107711783943454,TruSeq_R2,4,technical_match,0.008523691245893639
GCA_948817715.1,CAQJWB010000020.1,Adapter,2,22,16038,1.0,0.001309390198279087,TruSeq_R2,4,technical_match,0.014816752536694677
GCA_948817715.1,CAQJWB010000028.1,Adapter,13348,13368,13379,1.0,0.001569624037670977,TruSeq_R2,4,technical_match,0.030487759643767376
GCA_948817715.1,CAQJWB010000029.1,Adapter,19,39,13237,1.0,0.0015864621893178213,TruSeq,4,technical_match,0.0028753520987833125
GCA_948817715.1,CAQJWB010000030.1,Adapter,13182,13202,13218,1.0,0.0015887426236949613,TruSeq_R2,4,technical_match,0.01787690619721216
GCA_948817715.1,CAQJWB010000034.1,Adapter,11017,11037,11043,1.0,0.0019016571583808748,TruSeq_R2,4,technical_match,0.025694341246394248
GCA_948817715.1,CAQJWB010000040.1,Adapter,19,39,10265,1.0,0.002045786653677545,TruSeq_R2,4,technical_match,0.008423716230645306
GCA_948817715.1,CAQJWB010000056.1,Adapter,26,46,8271,1.0,0.0025389916575988395,TruSeq_R2,4,technical_match,0.013689533056192693
GCA_948817715.1,CAQJWB010000064.1,Adapter,7591,7611,7637,1.0,0.002749770852428964,TruSeq,4,technical_match,0.007103403546229903
GCA_948817715.1,CAQJWB010000079.1,Adapter,6292,6312,6330,1.0,0.0033175355450236967,TruSeq,4,technical_match,0.019408065416401277
GCA_948817715.1,CAQJWB010000080.1,Adapter,6263,6283,6303,1.0,0.0033317467872441696,TruSeq_R2,4,technical_match,0.0007372752337379551
GCA_948817715.1,CAQJWB010000089.1,Adapter,27,47,5351,1.0,0.0039245000934404785,TruSeq,4,technical_match,0.007844503601170172
GCA_948817715.1,CAQJWB010000089.1,Adapter,5306,5326,5351,1.0,0.0039245000934404785,TruSeq,4,technical_match,0.007844503601170172
GCA_948817715.1,CAQJWB010000096.1,Adapter,27,47,5135,1.0,0.004089581304771178,TruSeq,4,technical_match,0.005973150444147479
GCA_948817715.1,CAQJWB010000098.1,Adapter,11,31,4882,1.0,0.0043015157722244984,TruSeq_R2,4,technical_match,0.011286604305430381
GCA_948817715.1,CAQJWB010000099.1,Adapter,25,45,4723,1.0,0.004446326487402075,TruSeq,4,technical_match,0.009692341984397834
GCA_948817715.1,CAQJWB010000101.1,Adapter,4611,4631,4657,1.0,0.004509340777324458,TruSeq_R2,4,technical_match,0.013467425343074046
GCA_948817715.1,CAQJWB010000108.1,Adapter,4316,4336,4351,1.0,0.004826476672029419,TruSeq,4,technical_match,0.0009845156139804967
GCA_948817715.1,CAQJWB010000120.1,Adapter,3438,3458,3467,1.0,0.006057109893279493,TruSeq,4,technical_match,0.01395411480738673
GCA_948817715.1,CAQJWB010000126.1,Adapter,3048,3068,3095,1.0,0.00678513731825525,TruSeq_R2,4,technical_match,0.024658596900959506
GCA_948817715.1,CAQJWB010000136.1,Adapter,2239,2259,2262,1.0,0.009283819628647215,TruSeq,4,technical_match,0.013917391139977697
GCA_948817715.1,CAQJWB010000137.1,Adapter,2091,2111,2126,1.0,0.009877704609595485,TruSeq_R2,4,technical_match,0.017961506230209756
GCA_948818885.1,CAQKAH010000041.1,Adapter,7784,7804,7831,1.0,0.002681649853147746,TruSeq,4,technical_match,0.016899338714816137
GCA_948818885.1,CAQKAH010000059.1,Adapter,1,21,6693,1.0,0.0031376064545047063,TruSeq_R2,4,technical_match,0.021134421038487283
GCA_948818885.1,CAQKAH010000066.1,Adapter,29,49,6121,1.0,0.0034308119588302567,TruSeq,4,technical_match,0.018224397343190812
GCA_948818885.1,CAQKAH010000124.1,Adapter,29,49,4355,1.0,0.004822043628013777,TruSeq_R2,4,technical_match,0.017892176240685453
GCA_948818885.1,CAQKAH010000125.1,Adapter,4320,4340,4347,1.0,0.004830917874396135,TruSeq,4,technical_match,0.006826561651316565
GCA_948818885.1,CAQKAH010000157.1,Adapter,3551,3571,3583,1.0,0.005861010326542004,TruSeq_R2,4,technical_match,0.0016932877045122696
GCA_948818885.1,CAQKAH010000196.1,Adapter,2982,3002,3021,1.0,0.006951340615690168,TruSeq,4,technical_match,0.008565938806262996
GCA_948818885.1,CAQKAH010000223.1,Adapter,2658,2678,2707,1.0,0.007757665312153676,TruSeq_R2,4,technical_match,0.016900895427486184
GCA_948818885.1,CAQKAH010000227.1,Adapter,18,38,2639,1.0,0.007957559681697613,TruSeq_R2,4,technical_match,0.007886471256953298
GCA_948818885.1,CAQKAH010000228.1,Adapter,2611,2631,2638,1.0,0.00796057619408643,TruSeq_R2,4,technical_match,0.010286896901215703
GCA_948818885.1,CAQKAH010000236.1,Adapter,2495,2515,2516,1.0,0.008346581875993641,TruSeq_R2,4,technical_match,0.014593828369989958
GCA_948820955.1,CAQKIL010000001.1,Adapter,384,404,25983,1.0,0.0008082207597275141,TruSeq,4,technical_match,0.0001805376587338814
GCA_948820955.1,CAQKIL010000002.1,Adapter,6130,6150,22766,1.0,0.0009224281823772292,TruSeq_R2,4,technical_match,0.019415122947210095
GCA_948820955.1,CAQKIL010000002.1,Adapter,12935,12955,22766,1.0,0.0009224281823772292,TruSeq,4,technical_match,0.019415122947210095
GCA_948820955.1,CAQKIL010000002.1,Adapter,13002,13022,22766,1.0,0.0009224281823772292,TruSeq,4,technical_match,0.019415122947210095
GCA_948820955.1,CAQKIL010000004.1,Adapter,14825,14845,19871,1.0,0.0010568164662070354,TruSeq,4,technical_match,0.0008533833191897156
GCA_948820955.1,CAQKIL010000005.1,Adapter,26,46,15084,1.0,0.0013922036595067622,TruSeq,4,technical_match,0.017660978722843168
GCA_948820955.1,CAQKIL010000005.1,Adapter,7841,7861,15084,1.0,0.0013922036595067622,TruSeq,4,technical_match,0.017660978722843168
GCA_948820955.1,CAQKIL010000008.1,Adapter,10,30,12607,1.0,0.001665741254858412,TruSeq,4,technical_match,0.0011945642931549538
GCA_948820955.1,CAQKIL010000008.1,Adapter,12561,12581,12607,1.0,0.001665741254858412,TruSeq_R2,4,technical_match,0.0011945642931549538
GCA_948820955.1,CAQKIL010000010.1,Adapter,7660,7680,12078,1.0,0.0017386984600099354,TruSeq,4,technical_match,0.002553976512266687
GCA_948820955.1,CAQKIL010000011.1,Adapter,11,31,10839,1.0,0.0019374481040686411,TruSeq_R2,4,technical_match,0.0011409727773681877
GCA_948820955.1,CAQKIL010000011.1,Adapter,6179,6199,10839,1.0,0.0019374481040686411,TruSeq,4,technical_match,0.0011409727773681877
GCA_948820955.1,CAQKIL010000012.1,Adapter,10668,10688,10705,1.0,0.0019617001401214386,TruSeq,4,technical_match,0.03558069843916645
GCA_948820955.1,CAQKIL010000013.1,Adapter,15,35,10695,1.0,0.0019635343618513326,TruSeq_R2,4,technical_match,0.03998862021981914
GCA_948820955.1,CAQKIL010000014.1,Adapter,10420,10440,10445,1.0,0.0020105313547151746,TruSeq,4,technical_match,0.010616897955582294
GCA_948820955.1,CAQKIL010000015.1,Adapter,10,30,10289,1.0,0.0020410146758674313,TruSeq,4,technical_match,0.01254620108286908
GCA_948820955.1,CAQKIL010000016.1,Adapter,384,404,10227,1.0,0.002053388090349076,TruSeq_R2,4,technical_match,0.013326496039066382
GCA_948820955.1,CAQKIL010000017.1,Adapter,6,26,10165,1.0,0.0020659124446630595,TruSeq_R2,4,technical_match,0.008737505700834536
GCA_948820955.1,CAQKIL010000017.1,Adapter,10132,10152,10165,1.0,0.0020659124446630595,TruSeq,4,technical_match,0.008737505700834536
GCA_948820955.1,CAQKIL010000020.1,Adapter,9901,9921,9930,1.0,0.0021148036253776435,TruSeq_R2,4,technical_match,0.0019046919301650145
GCA_948820955.1,CAQKIL010000022.1,Adapter,5718,5738,9189,1.0,0.002285341168788769,TruSeq,4,technical_match,0.00823345325751157
GCA_948820955.1,CAQKIL010000023.1,Adapter,5616,5636,9074,1.0,0.0023143046065682168,TruSeq_R2,4,technical_match,0.013360375392117319
GCA_948820955.1,CAQKIL010000023.1,Adapter,9033,9053,9074,1.0,0.0023143046065682168,TruSeq_R2,4,technical_match,0.013360375392117319
GCA_948820955.1,CAQKIL010000025.1,Adapter,5,25,8902,1.0,0.002359020444843855,TruSeq,4,technical_match,0.03726503470387915
GCA_948820955.1,CAQKIL010000025.1,Adapter,8189,8209,8902,1.0,0.002359020444843855,TruSeq,4,technical_match,0.03726503470387915
GCA_948820955.1,CAQKIL010000026.1,Adapter,9,29,8716,1.0,0.0024093620927030748,TruSeq_R2,4,technical_match,0.001969293575043718
GCA_948820955.1,CAQKIL010000026.1,Adapter,5730,5750,8716,1.0,0.0024093620927030748,TruSeq_R2,4,technical_match,0.001969293575043718
GCA_948820955.1,CAQKIL010000027.1,Adapter,4832,4852,8659,1.0,0.002425222312045271,TruSeq_R2,4,technical_match,0.004761788779038656
GCA_948820955.1,CAQKIL010000027.1,Adapter,8615,8635,8659,1.0,0.002425222312045271,TruSeq,4,technical_match,0.004761788779038656
GCA_948820955.1,CAQKIL010000028.1,Adapter,7753,7773,8599,1.0,0.002442144435399465,TruSeq,4,technical_match,0.015301304814612116
GCA_948820955.1,CAQKIL010000029.1,Adapter,19,39,8502,1.0,0.0024700070571630206,TruSeq,4,technical_match,0.0060036050628303195
GCA_948820955.1,CAQKIL010000029.1,Adapter,2232,2252,8502,1.0,0.0024700070571630206,TruSeq,4,technical_match,0.0060036050628303195
GCA_948820955.1,CAQKIL010000031.1,Adapter,8317,8337,8364,1.0,0.002510760401721664,TruSeq,4,technical_match,0.01084517803806212
GCA_948820955.1,CAQKIL010000033.1,Adapter,29,49,8074,1.0,0.0026009412930393856,TruSeq_R2,4,technical_match,0.009681296643022697
GCA_948820955.1,CAQKIL010000035.1,Adapter,1918,1938,7960,1.0,0.0026381909547738692,TruSeq_R2,4,technical_match,0.014082212853216924
GCA_948820955.1,CAQKIL010000035.1,Adapter,1995,2015,7960,1.0,0.0026381909547738692,TruSeq,4,technical_match,0.014082212853216924
GCA_948820955.1,CAQKIL010000037.1,Adapter,23,43,7497,1.0,0.0028011204481792717,TruSeq,4,technical_match,0.04068889501839529
GCA_948820955.1,CAQKIL010000037.1,Adapter,5126,5146,7497,1.0,0.0028011204481792717,TruSeq_R2,4,technical_match,0.04068889501839529
GCA_948820955.1,CAQKIL010000041.1,Adapter,6997,7017,7024,1.0,0.002989749430523918,TruSeq,4,technical_match,0.012267778857933398
GCA_948820955.1,CAQKIL010000042.1,Adapter,9,29,6936,1.0,0.003027681660899654,TruSeq_R2,4,technical_match,0.004287704383199031
GCA_948820955.1,CAQKIL010000042.1,Adapter,6912,6932,6936,1.0,0.003027681660899654,TruSeq,4,technical_match,0.004287704383199031
GCA_948820955.1,CAQKIL010000045.1,Adapter,479,499,6861,1.0,0.003060778312199388,TruSeq_R2,4,technical_match,0.0218937227264549
GCA_948820955.1,CAQKIL010000047.1,Adapter,23,43,6629,1.0,0.0031678986272439284,TruSeq_R2,4,technical_match,0.03240712138237645
GCA_948820955.1,CAQKIL010000049.1,Adapter,5599,5619,6562,1.0,0.0032002438281011885,TruSeq_R2,4,technical_match,0.017988584919406192
GCA_948820955.1,CAQKIL010000052.1,Adapter,1064,1084,6403,1.0,0.003279712634702483,TruSeq,4,technical_match,0.0019858984413188563
GCA_948820955.1,CAQKIL010000053.1,Adapter,4075,4095,6314,1.0,0.0033259423503325942,TruSeq_R2,4,technical_match,0.00493457895762367
GCA_948820955.1,CAQKIL010000054.1,Adapter,28,48,6293,1.0,0.0033370411568409346,TruSeq_R2,4,technical_match,0.007457644162723376
GCA_948820955.1,CAQKIL010000056.1,Adapter,6167,6187,6192,1.0,0.003391472868217054,TruSeq,4,technical_match,0.0114930265138109
GCA_948820955.1,CAQKIL010000062.1,Adapter,5933,5953,5981,1.0,0.0035111185420498244,TruSeq_R2,4,technical_match,0.02213165585796656
GCA_948820955.1,CAQKIL010000063.1,Adapter,3181,3201,5970,1.0,0.0035175879396984926,TruSeq,4,technical_match,0.01754971745422279
GCA_948820955.1,CAQKIL010000063.1,Adapter,3628,3648,5970,1.0,0.0035175879396984926,TruSeq_R2,4,technical_match,0.01754971745422279
GCA_948820955.1,CAQKIL010000064.1,Adapter,19,39,5940,1.0,0.0035353535353535356,TruSeq,4,technical_match,0.02142177132627665
GCA_948820955.1,CAQKIL010000065.1,Adapter,5673,5693,5713,1.0,0.003675827061088745,TruSeq_R2,4,technical_match,0.0007995653085265952
GCA_948820955.1,CAQKIL010000066.1,Adapter,4214,4234,5655,1.0,0.003713527851458886,TruSeq_R2,4,technical_match,0.02717261307711838
GCA_948820955.1,CAQKIL010000066.1,Adapter,5136,5156,5655,1.0,0.003713527851458886,TruSeq,4,technical_match,0.02717261307711838
GCA_948820955.1,CAQKIL010000068.1,Adapter,4895,4915,5564,1.0,0.0037742631200575125,TruSeq,4,technical_match,0.007977807882313226
GCA_948820955.1,CAQKIL010000070.1,Adapter,2,22,5538,1.0,0.003791982665222102,TruSeq_R2,4,technical_match,0.003463933650129092
GCA_948820955.1,CAQKIL010000071.1,Adapter,1129,1149,5501,1.0,0.0038174877295037266,TruSeq,4,technical_match,0.02704814955743734
GCA_948820955.1,CAQKIL010000074.1,Adapter,4994,5014,5455,1.0,0.00384967919340055,TruSeq,4,technical_match,0.040491254032123
GCA_948820955.1,CAQKIL010000075.1,Adapter,5340,5360,5382,1.0,0.0039018952062430325,TruSeq,4,technical_match,0.0029719441807973257
GCA_948820955.1,CAQKIL010000077.1,Adapter,2549,2569,5365,1.0,0.00391425908667288,TruSeq,4,technical_match,0.011590925016634834
GCA_948820955.1,CAQKIL010000077.1,Adapter,5334,5354,5365,1.0,0.00391425908667288,TruSeq_R2,4,technical_match,0.011590925016634834
GCA_948820955.1,CAQKIL010000078.1,Adapter,795,815,5301,1.0,0.003961516694963215,TruSeq_R2,4,technical_match,0.02311714851144797
GCA_948820955.1,CAQKIL010000078.1,Adapter,3460,3480,5301,1.0,0.003961516694963215,TruSeq_R2,4,technical_match,0.02311714851144797
GCA_948820955.1,CAQKIL010000079.1,Adapter,2250,2270,5275,1.0,0.003981042654028436,TruSeq,4,technical_match,0.014531107632568263
GCA_948820955.1,CAQKIL010000079.1,Adapter,2306,2326,5275,1.0,0.003981042654028436,TruSeq_R2,4,technical_match,0.014531107632568263
GCA_948820955.1,CAQKIL010000080.1,Adapter,5240,5260,5260,1.0,0.0039923954372623575,TruSeq,4,technical_match,0.007617057521562831
GCA_948820955.1,CAQKIL010000082.1,Adapter,5161,5181,5196,1.0,0.0040415704387990765,TruSeq,4,technical_match,0.014130440553879797
GCA_948820955.1,CAQKIL010000083.1,Adapter,5143,5163,5164,1.0,0.004066615027110767,TruSeq_R2,4,technical_match,0.0028602416635361005
GCA_948820955.1,CAQKIL010000084.1,Adapter,12,32,5161,1.0,0.004068978880062003,TruSeq,4,technical_match,0.005869823974678723
GCA_948820955.1,CAQKIL010000087.1,Adapter,2523,2543,4900,1.0,0.004285714285714286,TruSeq,4,technical_match,0.009662047296613963
GCA_948820955.1,CAQKIL010000090.1,Adapter,4808,4828,4843,1.0,0.0043361552756555856,TruSeq_R2,4,technical_match,0.0077547132445995315
GCA_948820955.1,CAQKIL010000092.1,Adapter,18,38,4794,1.0,0.004380475594493116,TruSeq,4,technical_match,0.008731884723346572
GCA_948820955.1,CAQKIL010000092.1,Adapter,1808,1828,4794,1.0,0.004380475594493116,TruSeq_R2,4,technical_match,0.008731884723346572
GCA_948820955.1,CAQKIL010000098.1,Adapter,1662,1682,4658,1.0,0.004508372692142551,TruSeq,4,technical_match,0.028432384516665132
GCA_948820955.1,CAQKIL010000099.1,Adapter,28,48,4645,1.0,0.004520990312163617,TruSeq_R2,4,technical_match,0.02433754550146955
GCA_948820955.1,CAQKIL010000100.1,Adapter,1670,1690,4643,1.0,0.004522937755761361,TruSeq_R2,4,technical_match,0.0703510037545409
GCA_948820955.1,CAQKIL010000100.1,Adapter,2682,2702,4643,1.0,0.004522937755761361,TruSeq,4,technical_match,0.0703510037545409
GCA_948820955.1,CAQKIL010000101.1,Adapter,2185,2205,4623,1.0,0.004542504866969501,TruSeq,4,technical_match,0.02156315189254343
GCA_948820955.1,CAQKIL010000101.1,Adapter,2243,2263,4623,1.0,0.004542504866969501,TruSeq_R2,4,technical_match,0.02156315189254343
GCA_948820955.1,CAQKIL010000102.1,Adapter,4576,4596,4622,1.0,0.004543487667676331,TruSeq_R2,4,technical_match,0.008628910658307565
GCA_948820955.1,CAQKIL010000107.1,Adapter,1923,1943,4490,1.0,0.004677060133630289,TruSeq_R2,4,technical_match,0.007859132954627646
GCA_948820955.1,CAQKIL010000108.1,Adapter,5,25,4488,1.0,0.004679144385026738,TruSeq_R2,4,technical_match,0.022768572673078025
GCA_948820955.1,CAQKIL010000113.1,Adapter,17,37,4434,1.0,0.004736129905277402,TruSeq,4,technical_match,0.025309404202367214
GCA_948820955.1,CAQKIL010000113.1,Adapter,1821,1841,4434,1.0,0.004736129905277402,TruSeq,4,technical_match,0.025309404202367214
GCA_948820955.1,CAQKIL010000113.1,Adapter,1865,1885,4434,1.0,0.004736129905277402,TruSeq_R2,4,technical_match,0.025309404202367214
GCA_948820955.1,CAQKIL010000115.1,Adapter,2082,2102,4389,1.0,0.004784688995215311,TruSeq,4,technical_match,0.012830031820010357
GCA_948820955.1,CAQKIL010000118.1,Adapter,16,36,4341,1.0,0.0048375950241879755,TruSeq_R2,4,technical_match,0.005083079175559613
GCA_948820955.1,CAQKIL010000119.1,Adapter,4300,4320,4323,1.0,0.004857737682165163,TruSeq,4,technical_match,0.006448944487865982
GCA_948820955.1,CAQKIL010000120.1,Adapter,11,31,4314,1.0,0.004867872044506259,TruSeq,4,technical_match,0.0012531572310048311
GCA_948820955.1,CAQKIL010000120.1,Adapter,2690,2710,4314,1.0,0.004867872044506259,TruSeq_R2,4,technical_match,0.0012531572310048311
GCA_948820955.1,CAQKIL010000120.1,Adapter,4017,4037,4314,1.0,0.004867872044506259,TruSeq_R2,4,technical_match,0.0012531572310048311
GCA_948820955.1,CAQKIL010000122.1,Adapter,4231,4251,4269,1.0,0.004919184820801124,TruSeq,4,technical_match,0.021437624399051725
GCA_948820955.1,CAQKIL010000123.1,Adapter,4199,4219,4245,1.0,0.0049469964664310955,TruSeq,4,technical_match,0.023164760701774867
GCA_948820955.1,CAQKIL010000126.1,Adapter,23,43,4184,1.0,0.005019120458891013,TruSeq,4,technical_match,0.017378949506068497
GCA_948820955.1,CAQKIL010000126.1,Adapter,3813,3833,4184,1.0,0.005019120458891013,TruSeq_R2,4,technical_match,0.017378949506068497
GCA_948820955.1,CAQKIL010000126.1,Adapter,4147,4167,4184,1.0,0.005019120458891013,TruSeq_R2,4,technical_match,0.017378949506068497
GCA_948820955.1,CAQKIL010000129.1,Adapter,1926,1946,4080,1.0,0.005147058823529412,TruSeq_R2,4,technical_match,0.0368453005429093
GCA_948820955.1,CAQKIL010000130.1,Adapter,11,31,3999,1.0,0.005251312828207052,TruSeq,4,technical_match,0.005616557396531607
GCA_948820955.1,CAQKIL010000133.1,Adapter,8,28,3988,1.0,0.00526579739217653,TruSeq,4,technical_match,0.0022458645780693565
GCA_948820955.1,CAQKIL010000138.1,Adapter,3810,3830,3841,1.0,0.005467326217130955,TruSeq_R2,4,technical_match,0.024489442086894464
GCA_948820955.1,CAQKIL010000139.1,Adapter,2792,2812,3800,1.0,0.005526315789473684,TruSeq_R2,4,technical_match,0.02784572946527436
GCA_948820955.1,CAQKIL010000142.1,Adapter,3697,3717,3734,1.0,0.005623995715050884,TruSeq,4,technical_match,0.0004604869049315008
GCA_948820955.1,CAQKIL010000143.1,Adapter,20,40,3703,1.0,0.005671077504725898,TruSeq_R2,4,technical_match,0.046880528954002576
GCA_948820955.1,CAQKIL010000145.1,Adapter,3640,3660,3682,1.0,0.005703422053231939,TruSeq_R2,4,technical_match,0.004423500146371218
GCA_948820955.1,CAQKIL010000146.1,Adapter,1386,1406,3621,1.0,0.00579950289975145,TruSeq,4,technical_match,0.009190694474261185
GCA_948820955.1,CAQKIL010000146.1,Adapter,1835,1855,3621,1.0,0.00579950289975145,TruSeq_R2,4,technical_match,0.009190694474261185
GCA_948820955.1,CAQKIL010000146.1,Adapter,3597,3617,3621,1.0,0.00579950289975145,TruSeq_R2,4,technical_match,0.009190694474261185
GCA_948820955.1,CAQKIL010000149.1,Adapter,13,33,3578,1.0,0.005869200670765791,TruSeq_R2,4,technical_match,0.01318114371508694
GCA_948820955.1,CAQKIL010000152.1,Adapter,3491,3511,3534,1.0,0.005942275042444821,TruSeq_R2,4,technical_match,0.03171514394985764
GCA_948820955.1,CAQKIL010000153.1,Adapter,20,40,3518,1.0,0.005969300739056282,TruSeq_R2,4,technical_match,0.01481811873058314
GCA_948820955.1,CAQKIL010000155.1,Adapter,3419,3439,3456,1.0,0.006076388888888889,TruSeq,4,technical_match,0.015531090626585309
GCA_948820955.1,CAQKIL010000160.1,Adapter,246,266,3381,1.0,0.006211180124223602,TruSeq_R2,4,technical_match,0.01542878500104472
GCA_948820955.1,CAQKIL010000163.1,Adapter,1974,1994,3335,1.0,0.006296851574212893,TruSeq,4,technical_match,0.022398354655801145
GCA_948820955.1,CAQKIL010000163.1,Adapter,3295,3315,3335,1.0,0.006296851574212893,TruSeq_R2,4,technical_match,0.022398354655801145
GCA_948820955.1,CAQKIL010000164.1,Adapter,2363,2383,3333,1.0,0.0063006300630063005,TruSeq_R2,4,technical_match,0.022754811078934956
GCA_948820955.1,CAQKIL010000168.1,Adapter,2630,2650,3303,1.0,0.006357856494096276,TruSeq_R2,4,technical_match,0.003517672714290987
GCA_948820955.1,CAQKIL010000169.1,Adapter,2,22,3298,1.0,0.006367495451788963,TruSeq_R2,4,technical_match,0.0006219237016115153
GCA_948820955.1,CAQKIL010000170.1,Adapter,27,47,3295,1.0,0.006373292867981791,TruSeq_R2,4,technical_match,0.021011273655505036
GCA_948820955.1,CAQKIL010000171.1,Adapter,13,33,3294,1.0,0.006375227686703097,TruSeq_R2,4,technical_match,0.011068133445233164
GCA_948820955.1,CAQKIL010000173.1,Adapter,28,48,3282,1.0,0.006398537477148081,TruSeq_R2,4,technical_match,0.0009143257813012395
GCA_948820955.1,CAQKIL010000174.1,Adapter,15,35,3266,1.0,0.006429883649724434,TruSeq_R2,4,technical_match,0.0034325300669802994
GCA_948820955.1,CAQKIL010000175.1,Adapter,991,1011,3262,1.0,0.006437768240343348,TruSeq,4,technical_match,0.0027674787729055628
GCA_948820955.1,CAQKIL010000179.1,Adapter,3116,3136,3139,1.0,0.00669002867155145,TruSeq_R2,4,technical_match,0.0026834628140005035
GCA_948820955.1,CAQKIL010000181.1,Adapter,15,35,3121,1.0,0.0067286126241589235,TruSeq_R2,4,technical_match,0.019404196350059466
GCA_948820955.1,CAQKIL010000185.1,Adapter,247,267,3082,1.0,0.00681375730045425,TruSeq,4,technical_match,0.0034506508117704837
GCA_948820955.1,CAQKIL010000188.1,Adapter,3000,3020,3038,1.0,0.0069124423963133645,TruSeq_R2,4,technical_match,0.020564171851165658
GCA_948820955.1,CAQKIL010000189.1,Adapter,2989,3009,3031,1.0,0.006928406466512702,TruSeq,4,technical_match,0.0054896846754825535
GCA_948820955.1,CAQKIL010000194.1,Adapter,6,26,2997,1.0,0.007007007007007007,TruSeq,4,technical_match,0.03130741454525321
GCA_948820955.1,CAQKIL010000198.1,Adapter,2908,2928,2945,1.0,0.007130730050933786,TruSeq_R2,4,technical_match,0.007051126565139509
GCA_948820955.1,CAQKIL010000199.1,Adapter,2535,2555,2940,1.0,0.007142857142857143,TruSeq_R2,4,technical_match,0.001484193900507691
GCA_948820955.1,CAQKIL010000206.1,Adapter,2047,2067,2821,1.0,0.007444168734491315,TruSeq,4,technical_match,0.027608457175569145
GCA_948820955.1,CAQKIL010000208.1,Adapter,2362,2382,2800,1.0,0.0075,TruSeq_R2,4,technical_match,0.009175810519164773
GCA_948820955.1,CAQKIL010000216.1,Adapter,2663,2683,2692,1.0,0.007800891530460624,TruSeq_R2,4,technical_match,0.0025022870624810123
GCA_948820955.1,CAQKIL010000217.1,Adapter,806,826,2680,1.0,0.007835820895522387,TruSeq_R2,4,technical_match,0.0008754844878549606
GCA_948820955.1,CAQKIL010000218.1,Adapter,2639,2659,2674,1.0,0.007853403141361256,TruSeq_R2,4,technical_match,0.031400643799803396
GCA_948820955.1,CAQKIL010000219.1,Adapter,2621,2641,2668,1.0,0.007871064467766116,TruSeq,4,technical_match,0.00187819485225027
GCA_948820955.1,CAQKIL010000220.1,Adapter,2638,2658,2661,1.0,0.007891770011273957,TruSeq,4,technical_match,0.007742796236513194
GCA_948820955.1,CAQKIL010000224.1,Adapter,2623,2643,2652,1.0,0.007918552036199095,TruSeq_R2,4,technical_match,0.03313489806763725
GCA_948820955.1,CAQKIL010000231.1,Adapter,2514,2534,2551,1.0,0.008232065856526851,TruSeq_R2,4,technical_match,0.032966593651185205
GCA_948820955.1,CAQKIL010000232.1,Adapter,2515,2535,2548,1.0,0.008241758241758242,TruSeq_R2,4,technical_match,0.039531951138584154
GCA_948820955.1,CAQKIL010000238.1,Adapter,1717,1737,2530,1.0,0.008300395256916997,TruSeq_R2,4,technical_match,0.009446434541929227
GCA_948820955.1,CAQKIL010000239.1,Adapter,10,30,2499,1.0,0.008403361344537815,TruSeq,4,technical_match,0.04880551150604817
GCA_948820955.1,CAQKIL010000242.1,Adapter,2445,2465,2474,1.0,0.008488278092158448,TruSeq_R2,4,technical_match,0.0045181623450605835
GCA_948820955.1,CAQKIL010000243.1,Adapter,2430,2450,2455,1.0,0.008553971486761711,TruSeq_R2,4,technical_match,0.0038152924163354363
GCA_948820955.1,CAQKIL010000244.1,Adapter,2402,2422,2449,1.0,0.008574928542262147,TruSeq,4,technical_match,0.020516741890987844
GCA_948820955.1,CAQKIL010000249.1,Adapter,338,358,2406,1.0,0.008728179551122194,TruSeq_R2,4,technical_match,0.04740559397120114
GCA_948820955.1,CAQKIL010000250.1,Adapter,2376,2396,2406,1.0,0.008728179551122194,TruSeq,4,technical_match,0.0155139818773401
GCA_948820955.1,CAQKIL010000254.1,Adapter,655,675,2387,1.0,0.008797653958944282,TruSeq,4,technical_match,0.009351109635918564
GCA_948820955.1,CAQKIL010000254.1,Adapter,2357,2377,2387,1.0,0.008797653958944282,TruSeq,4,technical_match,0.009351109635918564
GCA_948820955.1,CAQKIL010000256.1,Adapter,29,49,2374,1.0,0.008845829823083403,TruSeq,4,technical_match,0.02432620507183192
GCA_948820955.1,CAQKIL010000256.1,Adapter,1871,1891,2374,1.0,0.008845829823083403,TruSeq_R2,4,technical_match,0.02432620507183192
GCA_948820955.1,CAQKIL010000258.1,Adapter,7,27,2356,1.0,0.008913412563667233,TruSeq_R2,4,technical_match,0.015444628952687278
GCA_948820955.1,CAQKIL010000263.1,Adapter,1925,1945,2271,1.0,0.009247027741083224,TruSeq_R2,4,technical_match,0.026291242640607282
GCA_948820955.1,CAQKIL010000268.1,Adapter,24,44,2227,1.0,0.009429726088908847,TruSeq_R2,4,technical_match,0.0018552022889919417
GCA_948820955.1,CAQKIL010000268.1,Adapter,762,782,2227,1.0,0.009429726088908847,TruSeq_R2,4,technical_match,0.0018552022889919417
GCA_948820955.1,CAQKIL010000269.1,Adapter,2180,2200,2227,1.0,0.009429726088908847,TruSeq,4,technical_match,0.024757337178757277
GCA_948820955.1,CAQKIL010000274.1,Adapter,13,33,2188,1.0,0.009597806215722121,TruSeq_R2,4,technical_match,0.012035095303403187
GCA_948820955.1,CAQKIL010000275.1,Adapter,5,25,2168,1.0,0.009686346863468635,TruSeq,4,technical_match,0.028066012011107755
GCA_948820955.1,CAQKIL010000275.1,Adapter,2120,2140,2168,1.0,0.009686346863468635,TruSeq_R2,4,technical_match,0.028066012011107755
GCA_948820955.1,CAQKIL010000286.1,Adapter,17,37,2069,1.0,0.01014983083615273,TruSeq_R2,4,technical_match,0.004304966000267363
GCA_948820955.1,CAQKIL010000287.1,Adapter,1991,2011,2030,1.0,0.010344827586206896,TruSeq,4,technical_match,0.0015783447772877435
GCA_948820955.1,CAQKIL010000289.1,Adapter,2,22,2010,1.0,0.010447761194029851,TruSeq_R2,4,technical_match,0.006124520208130035
GCA_948820955.1,CAQKIL010000292.1,Adapter,1225,1245,1949,1.0,0.0107747562852745,TruSeq_R2,4,technical_match,0.015696823724072717
GCA_948820955.1,CAQKIL010000297.1,Adapter,25,45,1909,1.0,0.011000523834468309,TruSeq,4,technical_match,0.0007713492540536437
GCA_948820955.1,CAQKIL010000297.1,Adapter,1315,1335,1909,1.0,0.011000523834468309,TruSeq_R2,4,technical_match,0.0007713492540536437
GCA_948820955.1,CAQKIL010000297.1,Adapter,1881,1901,1909,1.0,0.011000523834468309,TruSeq_R2,4,technical_match,0.0007713492540536437
GCA_948820955.1,CAQKIL010000301.1,Adapter,1823,1843,1859,1.0,0.011296395911780527,TruSeq_R2,4,technical_match,0.0008033584001714278
GCA_948820955.1,CAQKIL010000303.1,Adapter,1815,1835,1848,1.0,0.011363636363636364,TruSeq,4,technical_match,0.01835696845246315
GCA_948820955.1,CAQKIL010000304.1,Adapter,713,733,1844,1.0,0.0113882863340564,TruSeq_R2,4,technical_match,0.021323197872440025
GCA_948820955.1,CAQKIL010000307.1,Adapter,19,39,1828,1.0,0.011487964989059081,TruSeq,4,technical_match,0.052839522875319234
GCA_948820955.1,CAQKIL010000307.1,Adapter,1801,1821,1828,1.0,0.011487964989059081,TruSeq_R2,4,technical_match,0.052839522875319234
GCA_948820955.1,CAQKIL010000308.1,Adapter,1326,1346,1825,1.0,0.011506849315068493,TruSeq_R2,4,technical_match,0.010371878458201977
GCA_948820955.1,CAQKIL010000308.1,Adapter,1805,1825,1825,1.0,0.011506849315068493,TruSeq_R2,4,technical_match,0.010371878458201977
GCA_948820955.1,CAQKIL010000311.1,Adapter,20,40,1812,1.0,0.011589403973509934,TruSeq_R2,4,technical_match,0.001697708649938734
GCA_948820955.1,CAQKIL010000311.1,Adapter,245,265,1812,1.0,0.011589403973509934,TruSeq,4,technical_match,0.001697708649938734
GCA_948820955.1,CAQKIL010000313.1,Adapter,26,46,1783,1.0,0.011777902411665733,TruSeq_R2,4,technical_match,0.017769341785522252
GCA_948820955.1,CAQKIL010000314.1,Adapter,27,47,1776,1.0,0.011824324324324325,TruSeq,4,technical_match,0.026761201665707002
GCA_948820955.1,CAQKIL010000315.1,Adapter,1721,1741,1761,1.0,0.01192504258943782,TruSeq,4,technical_match,0.04339218528987632
GCA_948820955.1,CAQKIL010000318.1,Adapter,1046,1066,1732,1.0,0.01212471131639723,TruSeq_R2,4,technical_match,0.038395222446069244
GCA_948820955.1,CAQKIL010000320.1,Adapter,2,22,1716,1.0,0.012237762237762238,TruSeq_R2,4,technical_match,0.008398612816599982
GCA_948820955.1,CAQKIL010000323.1,Adapter,11,31,1699,1.0,0.012360211889346674,TruSeq,4,technical_match,0.026255472275339586
GCA_948820955.1,CAQKIL010000326.1,Adapter,13,33,1638,1.0,0.01282051282051282,TruSeq,4,technical_match,0.029623479718974388
GCA_948820955.1,CAQKIL010000328.1,Adapter,20,40,1632,1.0,0.012867647058823529,TruSeq,4,technical_match,0.023548430070582438
GCA_948820955.1,CAQKIL010000333.1,Adapter,1547,1567,1596,1.0,0.013157894736842105,TruSeq_R2,4,technical_match,0.021401518674445064
GCA_948820955.1,CAQKIL010000334.1,Adapter,1562,1582,1590,1.0,0.013207547169811321,TruSeq_R2,4,technical_match,0.010621936189128989
GCA_948820955.1,CAQKIL010000335.1,Adapter,1552,1572,1586,1.0,0.013240857503152586,TruSeq_R2,4,technical_match,0.030634308598655735
GCA_948820955.1,CAQKIL010000338.1,Adapter,352,372,1572,1.0,0.013358778625954198,TruSeq_R2,4,technical_match,0.004195657255069429
GCA_948820955.1,CAQKIL010000344.1,Adapter,24,44,1525,1.0,0.01377049180327869,TruSeq_R2,4,technical_match,0.0041197897620000035
GCA_948820955.1,CAQKIL010000346.1,Adapter,1457,1477,1503,1.0,0.013972055888223553,TruSeq_R2,4,technical_match,0.023585121393818353
GCA_948820955.1,CAQKIL010000347.1,Adapter,9,29,1501,1.0,0.013990672884743505,TruSeq_R2,4,technical_match,0.00592946701763325
GCA_948820955.1,CAQKIL010000350.1,Adapter,967,987,1466,1.0,0.01432469304229195,TruSeq_R2,4,technical_match,0.0022272648227594782
GCA_948820955.1,CAQKIL010000351.1,Adapter,10,30,1451,1.0,0.014472777394900068,TruSeq,4,technical_match,0.009225143898773991
GCA_948820955.1,CAQKIL010000352.1,Adapter,1397,1417,1436,1.0,0.014623955431754874,TruSeq,4,technical_match,0.016524075254667425
GCA_948820955.1,CAQKIL010000363.1,Adapter,1345,1365,1371,1.0,0.015317286652078774,TruSeq,4,technical_match,0.012076596745395574
GCA_948820955.1,CAQKIL010000371.1,Adapter,1267,1287,1296,1.0,0.016203703703703703,TruSeq_R2,4,technical_match,0.025561954824116162
GCA_948820955.1,CAQKIL010000376.1,Adapter,1214,1234,1251,1.0,0.016786570743405275,TruSeq_R2,4,technical_match,0.02680170979974028
GCA_948820955.1,CAQKIL010000380.1,Adapter,546,566,1166,1.0,0.018010291595197257,TruSeq_R2,4,technical_match,0.006676824696847661
GCA_948820955.1,CAQKIL010000380.1,Adapter,1138,1158,1166,1.0,0.018010291595197257,TruSeq,4,technical_match,0.006676824696847661
GCA_948820955.1,CAQKIL010000381.1,Adapter,1110,1130,1158,1.0,0.018134715025906734,TruSeq,4,technical_match,0.05683985544902398
GCA_948820955.1,CAQKIL010000382.1,Adapter,15,35,1141,1.0,0.018404907975460124,TruSeq_R2,4,technical_match,0.006448491935819367
GCA_948820955.1,CAQKIL010000386.1,Adapter,11,31,1093,1.0,0.0192131747483989,TruSeq,4,technical_match,0.013716478076610139
GCA_948820955.1,CAQKIL010000388.1,Adapter,29,49,1043,1.0,0.020134228187919462,TruSeq_R2,4,technical_match,0.0012252390492074605
GCA_948824975.1,CAQKXP010000059.1,Adapter,378,398,2153,1.0,0.009753831862517418,TruSeq_R2,4,technical_match,0.008467831500657386
GCA_948824975.1,CAQKXP010000059.1,Adapter,428,448,2153,1.0,0.009753831862517418,TruSeq,4,technical_match,0.008467831500657386
GCA_948824975.1,CAQKXP010000069.1,Adapter,1693,1713,1773,1.0,0.011844331641285956,TruSeq,4,technical_match,0.030657704518317508
GCA_948824975.1,CAQKXP010000097.1,Adapter,750,770,1315,1.0,0.01596958174904943,TruSeq_R2,4,technical_match,0.014934220331440318
GCA_948824975.1,CAQKXP010000097.1,Adapter,798,818,1315,1.0,0.01596958174904943,TruSeq,4,technical_match,0.014934220331440318
GCA_948824975.1,CAQKXP010000098.1,Adapter,491,511,1292,1.0,0.016253869969040248,TruSeq,4,technical_match,0.028813874419935936
GCA_948824975.1,CAQKXP010000098.1,Adapter,541,561,1292,1.0,0.016253869969040248,TruSeq_R2,4,technical_match,0.028813874419935936
GCA_948824975.1,CAQKXP010000114.1,Adapter,841,861,1109,1.0,0.018935978358881875,TruSeq,4,technical_match,0.03089648487705654
GCA_948824975.1,CAQKXP010000114.1,Adapter,898,918,1109,1.0,0.018935978358881875,TruSeq_R2,4,technical_match,0.03089648487705654
GCA_948824975.1,CAQKXP010000115.1,Adapter,559,579,1098,1.0,0.01912568306010929,TruSeq_R2,4,technical_match,0.061210979127653664
GCA_948824975.1,CAQKXP010000115.1,Adapter,615,635,1098,1.0,0.01912568306010929,TruSeq,4,technical_match,0.061210979127653664
GCA_948831065.1,CAQLVF010000108.1,Adapter,478,498,1053,1.0,0.019943019943019943,TruSeq_R2,4,technical_match,0.011438520734802393
GCA_948831665.1,CAQLXS010000001.1,Adapter,13816,13836,13847,1.0,0.00151657398714523,TruSeq,4,technical_match,0.06298403624730431
GCA_948831665.1,CAQLXS010000006.1,Adapter,28,48,7044,1.0,0.002981260647359455,TruSeq_R2,4,technical_match,0.01855811248922834
GCA_948831665.1,CAQLXS010000012.1,Adapter,6117,6137,6163,1.0,0.003407431445724485,TruSeq_R2,4,technical_match,0.030241749570397936
GCA_948831665.1,CAQLXS010000016.1,Adapter,7,27,5855,1.0,0.0035866780529461998,TruSeq,4,technical_match,0.01311081211313636
GCA_948831665.1,CAQLXS010000016.1,Adapter,5809,5829,5855,1.0,0.0035866780529461998,TruSeq_R2,4,technical_match,0.01311081211313636
GCA_948831665.1,CAQLXS010000019.1,Adapter,5734,5754,5781,1.0,0.0036325895173845357,TruSeq_R2,4,technical_match,0.02070017808438024
GCA_948831665.1,CAQLXS010000043.1,Adapter,4166,4186,4208,1.0,0.004990494296577947,TruSeq,4,technical_match,0.0009386411760736735
GCA_948831665.1,CAQLXS010000052.1,Adapter,3965,3985,4005,1.0,0.0052434456928838954,TruSeq_R2,4,technical_match,0.017981332372769165
GCA_948831665.1,CAQLXS010000055.1,Adapter,3878,3898,3917,1.0,0.005361245851416901,TruSeq_R2,4,technical_match,0.017276295955722887
GCA_948831665.1,CAQLXS010000061.1,Adapter,3820,3840,3872,1.0,0.005423553719008265,TruSeq,4,technical_match,0.01948851076724989
GCA_948831665.1,CAQLXS010000062.1,Adapter,15,35,3868,1.0,0.005429162357807653,TruSeq,4,technical_match,0.030519367895455896
GCA_948831665.1,CAQLXS010000067.1,Adapter,27,47,3702,1.0,0.005672609400324149,TruSeq,4,technical_match,0.006885718485644454
GCA_948831665.1,CAQLXS010000070.1,Adapter,2,22,3663,1.0,0.005733005733005733,TruSeq_R2,4,technical_match,0.02081470567233018
GCA_948831665.1,CAQLXS010000081.1,Adapter,3464,3484,3510,1.0,0.005982905982905983,TruSeq,4,technical_match,0.009059924202299674
GCA_948831665.1,CAQLXS010000083.1,Adapter,3458,3478,3500,1.0,0.006,TruSeq,4,technical_match,0.006778903636528166
GCA_948831665.1,CAQLXS010000089.1,Adapter,3398,3418,3425,1.0,0.006131386861313868,TruSeq_R2,4,technical_match,0.008404504975160265
GCA_948831665.1,CAQLXS010000093.1,Adapter,3328,3348,3375,1.0,0.006222222222222222,TruSeq_R2,4,technical_match,0.04539040853278403
GCA_948831665.1,CAQLXS010000094.1,Adapter,29,49,3375,1.0,0.006222222222222222,TruSeq,4,technical_match,0.02464966779204325
GCA_948831665.1,CAQLXS010000097.1,Adapter,27,47,3358,1.0,0.006253722453841573,TruSeq,4,technical_match,0.0039301919135441565
GCA_948831665.1,CAQLXS010000098.1,Adapter,3312,3332,3332,1.0,0.0063025210084033615,TruSeq,4,technical_match,0.0030098118496663107
GCA_948831665.1,CAQLXS010000104.1,Adapter,3210,3230,3257,1.0,0.00644765121277249,TruSeq,4,technical_match,0.040964087197210675
GCA_948831665.1,CAQLXS010000109.1,Adapter,6,26,3224,1.0,0.006513647642679901,TruSeq,4,technical_match,0.013355294987113075
GCA_948831665.1,CAQLXS010000114.1,Adapter,23,43,3160,1.0,0.006645569620253164,TruSeq_R2,4,technical_match,0.015940807032549575
GCA_948831665.1,CAQLXS010000120.1,Adapter,28,48,3005,1.0,0.006988352745424293,TruSeq,4,technical_match,0.02771638878033611
GCA_948831665.1,CAQLXS010000123.1,Adapter,2959,2979,2979,1.0,0.007049345417925478,TruSeq_R2,4,technical_match,0.004881960507719663
GCA_948831665.1,CAQLXS010000124.1,Adapter,2947,2967,2968,1.0,0.007075471698113208,TruSeq,4,technical_match,0.05817527426104596
GCA_948831665.1,CAQLXS010000132.1,Adapter,18,38,2840,1.0,0.007394366197183098,TruSeq,4,technical_match,0.030466569200493954
GCA_948831665.1,CAQLXS010000136.1,Adapter,2759,2779,2807,1.0,0.007481296758104738,TruSeq_R2,4,technical_match,0.014922556997600811
GCA_948831665.1,CAQLXS010000140.1,Adapter,28,48,2781,1.0,0.007551240560949299,TruSeq_R2,4,technical_match,0.004573436220666083
GCA_948831665.1,CAQLXS010000142.1,Adapter,2741,2761,2763,1.0,0.00760043431053203,TruSeq,4,technical_match,0.03099130216814494
GCA_948831665.1,CAQLXS010000151.1,Adapter,2601,2621,2646,1.0,0.007936507936507936,TruSeq,4,technical_match,0.006088821231196695
GCA_948831665.1,CAQLXS010000152.1,Adapter,2570,2590,2617,1.0,0.008024455483377914,TruSeq,4,technical_match,0.016475284443340787
GCA_948831665.1,CAQLXS010000154.1,Adapter,14,34,2606,1.0,0.008058326937835763,TruSeq,4,technical_match,0.016882181785853878
GCA_948831665.1,CAQLXS010000173.1,Adapter,19,39,2448,1.0,0.00857843137254902,TruSeq_R2,4,technical_match,0.03197973315152036
GCA_948831665.1,CAQLXS010000180.1,Adapter,27,47,2411,1.0,0.008710078805474907,TruSeq_R2,4,technical_match,0.01566223598232419
GCA_948831665.1,CAQLXS010000182.1,Adapter,2372,2392,2397,1.0,0.008760951188986232,TruSeq,4,technical_match,0.008469442510441239
GCA_948831665.1,CAQLXS010000185.1,Adapter,1,21,2393,1.0,0.008775595486836606,TruSeq_R2,4,technical_match,0.015833955297266833
GCA_948831665.1,CAQLXS010000201.1,Adapter,2266,2286,2297,1.0,0.00914235959947758,TruSeq_R2,4,technical_match,0.010028858040193045
GCA_948831665.1,CAQLXS010000205.1,Adapter,7,27,2276,1.0,0.00922671353251318,TruSeq,4,technical_match,0.017851776755136384
GCA_948831665.1,CAQLXS010000215.1,Adapter,19,39,2222,1.0,0.009450945094509451,TruSeq,4,technical_match,0.021672212858951323
GCA_948831665.1,CAQLXS010000218.1,Adapter,2127,2147,2174,1.0,0.009659613615455382,TruSeq,4,technical_match,0.010883338445217161
GCA_948831665.1,CAQLXS010000222.1,Adapter,2111,2131,2155,1.0,0.00974477958236659,TruSeq,4,technical_match,0.010227362370369752
GCA_948831665.1,CAQLXS010000226.1,Adapter,15,35,2124,1.0,0.009887005649717515,TruSeq,4,technical_match,0.038593270061064056
GCA_948831665.1,CAQLXS010000231.1,Adapter,2042,2062,2088,1.0,0.010057471264367816,TruSeq,4,technical_match,0.02075311606790531
GCA_948831665.1,CAQLXS010000250.1,Adapter,1950,1970,1991,1.0,0.01054746358613762,TruSeq_R2,4,technical_match,0.005964094136635789
GCA_948831665.1,CAQLXS010000252.1,Adapter,26,46,1984,1.0,0.010584677419354838,TruSeq,4,technical_match,0.012773719304730924
GCA_948831665.1,CAQLXS010000254.1,Adapter,14,34,1975,1.0,0.010632911392405063,TruSeq,4,technical_match,0.007839541209764767
GCA_948831665.1,CAQLXS010000259.1,Adapter,1913,1933,1960,1.0,0.010714285714285714,TruSeq_R2,4,technical_match,0.014384361669594281
GCA_948831665.1,CAQLXS010000264.1,Adapter,1931,1951,1951,1.0,0.010763710917478216,TruSeq,4,technical_match,9.99582894739559e-06
GCA_948831665.1,CAQLXS010000272.1,Adapter,1861,1881,1908,1.0,0.0110062893081761,TruSeq,4,technical_match,0.003220353172317336
GCA_948831665.1,CAQLXS010000289.1,Adapter,15,35,1812,1.0,0.011589403973509934,TruSeq,4,technical_match,0.015451877461819863
GCA_948831665.1,CAQLXS010000291.1,Adapter,25,45,1805,1.0,0.011634349030470914,TruSeq_R2,4,technical_match,0.016361579149383965
GCA_948831665.1,CAQLXS010000293.1,Adapter,1751,1771,1799,1.0,0.011673151750972763,TruSeq,4,technical_match,0.037011254942809435
GCA_948831665.1,CAQLXS010000300.1,Adapter,15,35,1752,1.0,0.011986301369863013,TruSeq_R2,4,technical_match,0.012076359605217024
GCA_948831665.1,CAQLXS010000301.1,Adapter,16,36,1750,1.0,0.012,TruSeq,4,technical_match,0.025636046493671016
GCA_948831665.1,CAQLXS010000313.1,Adapter,27,47,1696,1.0,0.012382075471698114,TruSeq_R2,4,technical_match,0.03355316239663597
GCA_948831665.1,CAQLXS010000344.1,Adapter,1,21,1581,1.0,0.013282732447817837,TruSeq,4,technical_match,0.033231577975471494
GCA_948831665.1,CAQLXS010000346.1,Adapter,6,26,1579,1.0,0.013299556681443952,TruSeq_R2,4,technical_match,0.05267015488053434
GCA_948831665.1,CAQLXS010000350.1,Adapter,1523,1543,1569,1.0,0.01338432122370937,TruSeq_R2,4,technical_match,0.0042655648402065705
GCA_948831665.1,CAQLXS010000352.1,Adapter,29,49,1565,1.0,0.0134185303514377,TruSeq,4,technical_match,0.023069182048212344
GCA_948831665.1,CAQLXS010000355.1,Adapter,26,46,1552,1.0,0.013530927835051547,TruSeq_R2,4,technical_match,0.030484719338434996
GCA_948831665.1,CAQLXS010000356.1,Adapter,7,27,1551,1.0,0.013539651837524178,TruSeq_R2,4,technical_match,0.05805310461285679
GCA_948831665.1,CAQLXS010000363.1,Adapter,12,32,1523,1.0,0.013788575180564675,TruSeq_R2,4,technical_match,0.015157875277269806
GCA_948831665.1,CAQLXS010000365.1,Adapter,3,23,1522,1.0,0.013797634691195795,TruSeq_R2,4,technical_match,0.023828650210584834
GCA_948831665.1,CAQLXS010000366.1,Adapter,21,41,1519,1.0,0.013824884792626729,TruSeq_R2,4,technical_match,0.026547172234289873
GCA_948831665.1,CAQLXS010000368.1,Adapter,1496,1516,1516,1.0,0.013852242744063324,TruSeq_R2,4,technical_match,0.02004162508394619
GCA_948831665.1,CAQLXS010000370.1,Adapter,29,49,1512,1.0,0.013888888888888888,TruSeq_R2,4,technical_match,0.03160959146721598
GCA_948839245.1,CAQNAR010000006.1,Adapter,1,21,40380,1.0,0.0005200594353640416,TruSeq_R2,4,technical_match,0.020515804551578865
GCA_948839245.1,CAQNAR010000010.1,Adapter,27,47,28914,1.0,0.0007262917617763021,TruSeq_R2,4,technical_match,0.0019688070357270493
GCA_948839245.1,CAQNAR010000012.1,Adapter,10324,10344,28073,1.0,0.0007480497274961707,TruSeq_R2,4,technical_match,0.027854750364686542
GCA_948839245.1,CAQNAR010000013.1,Adapter,27,47,27579,1.0,0.0007614489285325791,TruSeq,4,technical_match,0.0052414290915350215
GCA_948839245.1,CAQNAR010000017.1,Adapter,18,38,23969,1.0,0.0008761316700738454,TruSeq_R2,4,technical_match,0.018722328989378867
GCA_948839245.1,CAQNAR010000019.1,Adapter,22775,22795,22822,1.0,0.0009201647533082114,TruSeq,4,technical_match,0.007748508069789717
GCA_948839245.1,CAQNAR010000027.1,Adapter,20066,20086,20722,1.0,0.0010134156934658817,TruSeq_R2,4,technical_match,0.01390412248371492
GCA_948839245.1,CAQNAR010000030.1,Adapter,22,42,17921,1.0,0.0011718096088387925,TruSeq_R2,4,technical_match,0.007982988617555087
GCA_948839245.1,CAQNAR010000033.1,Adapter,21,41,16917,1.0,0.001241354850150736,TruSeq_R2,4,technical_match,0.012069497211160352
GCA_948839245.1,CAQNAR010000034.1,Adapter,9,29,16843,1.0,0.0012468087632844505,TruSeq_R2,4,technical_match,0.010496705457372801
GCA_948839245.1,CAQNAR010000039.1,Adapter,1376,1396,14022,1.0,0.0014976465554129225,TruSeq_R2,4,technical_match,0.007408740457784613
GCA_948839245.1,CAQNAR010000039.1,Adapter,5419,5439,14022,1.0,0.0014976465554129225,TruSeq_R2,4,technical_match,0.007408740457784613
GCA_948839245.1,CAQNAR010000058.1,Adapter,9160,9180,9207,1.0,0.002280873248615184,TruSeq_R2,4,technical_match,0.019374769049391116
GCA_948839245.1,CAQNAR010000061.1,Adapter,29,49,8007,1.0,0.0026227051330086175,TruSeq_R2,4,technical_match,0.0063357955221609585
GCA_948839245.1,CAQNAR010000062.1,Adapter,1,21,7715,1.0,0.002721970187945561,TruSeq_R2,4,technical_match,0.023490632032563297
GCA_948839245.1,CAQNAR010000065.1,Adapter,7381,7401,7408,1.0,0.002834773218142549,TruSeq,4,technical_match,0.007034949783319477
GCA_948839245.1,CAQNAR010000079.1,Adapter,2086,2106,5387,1.0,0.0038982736216818265,TruSeq,4,technical_match,0.01387988386982747
GCA_948839245.1,CAQNAR010000090.1,Adapter,19,39,3605,1.0,0.005825242718446602,TruSeq_R2,4,technical_match,0.019153385301543202
GCA_948844575.1,CAQNVI010000001.1,Adapter,17,37,11314,1.0,0.0018561074774615521,TruSeq_R2,4,technical_match,0.0027508365543151836
GCA_948844575.1,CAQNVI010000016.1,Adapter,20,40,6676,1.0,0.003145596165368484,TruSeq_R2,4,technical_match,0.005337439810375377
GCA_948844575.1,CAQNVI010000016.1,Adapter,6636,6656,6676,1.0,0.003145596165368484,TruSeq_R2,4,technical_match,0.005337439810375377
GCA_948844575.1,CAQNVI010000020.1,Adapter,27,47,5790,1.0,0.003626943005181347,TruSeq,4,technical_match,0.015522578961271793
GCA_948844575.1,CAQNVI010000029.1,Adapter,5,25,5329,1.0,0.003940701820228936,TruSeq,4,technical_match,0.008218731578930716
GCA_948844575.1,CAQNVI010000031.1,Adapter,27,47,5271,1.0,0.00398406374501992,TruSeq,4,technical_match,0.005239966710961552
GCA_948844575.1,CAQNVI010000047.1,Adapter,623,643,4639,1.0,0.004526837680534598,TruSeq_R2,4,technical_match,0.009839212854244439
GCA_948844575.1,CAQNVI010000095.1,Adapter,3427,3447,3461,1.0,0.006067610517191563,TruSeq,4,technical_match,0.0019438954820565346
GCA_948844575.1,CAQNVI010000132.1,Adapter,1000,1020,2887,1.0,0.007273986837547627,TruSeq,4,technical_match,0.011647644471005025
GCA_948844575.1,CAQNVI010000140.1,Adapter,2767,2787,2799,1.0,0.007502679528403001,TruSeq,4,technical_match,0.016437762167221537
GCA_948844575.1,CAQNVI010000145.1,Adapter,28,48,2768,1.0,0.007586705202312138,TruSeq,4,technical_match,0.031679967785660845
GCA_948844575.1,CAQNVI010000146.1,Adapter,2711,2731,2743,1.0,0.007655851257746992,TruSeq,4,technical_match,0.02312730306036026
GCA_948844575.1,CAQNVI010000149.1,Adapter,28,48,2713,1.0,0.007740508661997788,TruSeq_R2,4,technical_match,0.015336452618908591
GCA_948844575.1,CAQNVI010000154.1,Adapter,2631,2651,2671,1.0,0.00786222388618495,TruSeq,4,technical_match,0.024607944775502433
GCA_948844575.1,CAQNVI010000156.1,Adapter,1,21,2643,1.0,0.007945516458569807,TruSeq,4,technical_match,0.02423323314578979
GCA_948844575.1,CAQNVI010000160.1,Adapter,2258,2278,2608,1.0,0.008052147239263804,TruSeq_R2,4,technical_match,0.03872879814427371
GCA_948844575.1,CAQNVI010000160.1,Adapter,2566,2586,2608,1.0,0.008052147239263804,TruSeq_R2,4,technical_match,0.03872879814427371
GCA_948844575.1,CAQNVI010000167.1,Adapter,2485,2505,2513,1.0,0.008356545961002786,TruSeq,4,technical_match,0.037970134917278076
GCA_948844575.1,CAQNVI010000200.1,Adapter,944,964,2300,1.0,0.009130434782608696,TruSeq_R2,4,technical_match,0.008665401626460234
GCA_948844575.1,CAQNVI010000203.1,Adapter,26,46,2287,1.0,0.009182334936598164,TruSeq,4,technical_match,0.01484003974622966
GCA_948844575.1,CAQNVI010000211.1,Adapter,28,48,2233,1.0,0.009404388714733543,TruSeq_R2,4,technical_match,0.03911491623366492
GCA_948844575.1,CAQNVI010000213.1,Adapter,25,45,2229,1.0,0.009421265141318977,TruSeq_R2,4,technical_match,0.028316252557321953
GCA_948844575.1,CAQNVI010000231.1,Adapter,1,21,2107,1.0,0.009966777408637873,TruSeq_R2,4,technical_match,0.011230774276992983
GCA_948844575.1,CAQNVI010000236.1,Adapter,2029,2049,2076,1.0,0.010115606936416185,TruSeq_R2,4,technical_match,0.017332556299117563
GCA_948844575.1,CAQNVI010000266.1,Adapter,28,48,1937,1.0,0.010841507485802787,TruSeq_R2,4,technical_match,0.024644282216577273
GCA_948844575.1,CAQNVI010000271.1,Adapter,1857,1877,1899,1.0,0.011058451816745656,TruSeq,4,technical_match,0.01822593796942168
GCA_948844575.1,CAQNVI010000273.1,Adapter,1872,1892,1893,1.0,0.011093502377179081,TruSeq_R2,4,technical_match,0.0006329326180674055
GCA_948844575.1,CAQNVI010000298.1,Adapter,26,46,1738,1.0,0.012082853855005753,TruSeq_R2,4,technical_match,0.011023682396313017
GCA_948844575.1,CAQNVI010000314.1,Adapter,17,37,1641,1.0,0.012797074954296161,TruSeq,4,technical_match,0.0011063724904291083
GCA_948844575.1,CAQNVI010000314.1,Adapter,1609,1629,1641,1.0,0.012797074954296161,TruSeq,4,technical_match,0.0011063724904291083
GCA_948844575.1,CAQNVI010000316.1,Adapter,1591,1611,1638,1.0,0.01282051282051282,TruSeq,4,technical_match,0.007271647394278047
GCA_948844575.1,CAQNVI010000325.1,Adapter,1568,1588,1599,1.0,0.013133208255159476,TruSeq_R2,4,technical_match,0.016354705257823732
GCA_948844575.1,CAQNVI010000327.1,Adapter,1555,1575,1586,1.0,0.013240857503152586,TruSeq,4,technical_match,0.02263424472408848
GCA_948844575.1,CAQNVI010000333.1,Adapter,22,42,1560,1.0,0.013461538461538462,TruSeq,4,technical_match,0.016415776293145667
GCA_948844575.1,CAQNVI010000346.1,Adapter,26,46,1505,1.0,0.013953488372093023,TruSeq,4,technical_match,0.039517437779603315
GCA_948844575.1,CAQNVI010000374.1,Adapter,1180,1200,1202,1.0,0.01747088186356073,TruSeq,4,technical_match,0.010906208433165199
GCA_948852795.1,CAQPAQ010000021.1,Adapter,28,48,21410,1.0,0.0009808500700607193,TruSeq_R2,4,technical_match,0.003237215480934308
GCA_948852795.1,CAQPAQ010000021.1,Adapter,21361,21381,21410,1.0,0.0009808500700607193,TruSeq_R2,4,technical_match,0.003237215480934308
GCA_948852795.1,CAQPAQ010000025.1,Adapter,30,50,17755,1.0,0.0011827654181920586,TruSeq,4,technical_match,0.002486560219527534
GCA_948852795.1,CAQPAQ010000081.1,Adapter,30,50,5715,1.0,0.003674540682414698,TruSeq,4,technical_match,0.002865769894375758
GCA_948852795.1,CAQPAQ010000090.1,Adapter,5018,5038,5059,1.0,0.004151017987744613,TruSeq_R2,4,technical_match,0.01952625404664582
GCA_948852795.1,CAQPAQ010000092.1,Adapter,4860,4880,4906,1.0,0.004280472890338361,TruSeq_R2,4,technical_match,0.026856391123795065
GCA_948852795.1,CAQPAQ010000097.1,Adapter,4608,4628,4650,1.0,0.004516129032258065,TruSeq_R2,4,technical_match,0.007173054064499695
GCA_948852795.1,CAQPAQ010000104.1,Adapter,26,46,4533,1.0,0.004632693580410324,TruSeq,4,technical_match,0.00964568735149629
GCA_948852795.1,CAQPAQ010000130.1,Adapter,2537,2557,2585,1.0,0.008123791102514507,TruSeq_R2,4,technical_match,0.023347010512992872
GCA_948852795.1,CAQPAQ010000139.1,Adapter,1828,1848,1874,1.0,0.011205976520811099,TruSeq_R2,4,technical_match,0.007814084119238562
GCA_948859535.1,CAQQAO010000002.1,Adapter,6,26,161797,1.0,0.00012979227056125886,TruSeq,4,technical_match,0.002071696816798252
GCA_948859535.1,CAQQAO010000007.1,Adapter,101222,101242,101268,1.0,0.00020737054153335704,TruSeq,4,technical_match,0.000495357705090349
GCA_948859535.1,CAQQAO010000010.1,Adapter,19,39,60342,1.0,0.00034801630704981606,TruSeq,4,technical_match,0.019352174157076074
GCA_948859535.1,CAQQAO010000014.1,Adapter,28,48,52656,1.0,0.00039881494986326345,TruSeq,4,technical_match,0.002373859528329303
GCA_948859535.1,CAQQAO010000014.1,Adapter,43446,43466,52656,1.0,0.00039881494986326345,TruSeq,4,technical_match,0.002373859528329303
GCA_948860765.1,CAQQFQ010000006.1,Adapter,6,26,5189,1.0,0.004047022547697052,TruSeq,4,technical_match,0.01807288221633968
GCA_948860765.1,CAQQFQ010000012.1,Adapter,28,48,4776,1.0,0.0043969849246231155,TruSeq,4,technical_match,0.01913862316281756
GCA_948860765.1,CAQQFQ010000021.1,Adapter,3941,3961,3972,1.0,0.005287009063444109,TruSeq_R2,4,technical_match,0.008874681021750763
GCA_948860765.1,CAQQFQ010000022.1,Adapter,3932,3952,3956,1.0,0.005308392315470172,TruSeq,4,technical_match,0.020499024123157294
GCA_948860765.1,CAQQFQ010000040.1,Adapter,18,38,3318,1.0,0.006329113924050633,TruSeq_R2,4,technical_match,0.0189512032422382
GCA_948860765.1,CAQQFQ010000061.1,Adapter,20,40,2884,1.0,0.007281553398058253,TruSeq,4,technical_match,0.009582478879990086
GCA_948860765.1,CAQQFQ010000065.1,Adapter,2743,2763,2768,1.0,0.007586705202312138,TruSeq,4,technical_match,0.002888659471528776
GCA_948860765.1,CAQQFQ010000077.1,Adapter,1870,1890,2591,1.0,0.008104978772674644,TruSeq_R2,4,technical_match,0.00724337590755636
GCA_948860765.1,CAQQFQ010000088.1,Adapter,9,29,2526,1.0,0.00831353919239905,TruSeq,4,technical_match,0.004594902978364013
GCA_948860765.1,CAQQFQ010000107.1,Adapter,2374,2394,2422,1.0,0.008670520231213872,TruSeq_R2,4,technical_match,0.005523809562327564
GCA_948860765.1,CAQQFQ010000120.1,Adapter,27,47,2293,1.0,0.009158307893589184,TruSeq,4,technical_match,0.013303461747367018
GCA_948860765.1,CAQQFQ010000149.1,Adapter,21,41,2072,1.0,0.010135135135135136,TruSeq,4,technical_match,0.003964343407485693
GCA_948860765.1,CAQQFQ010000181.1,Adapter,1835,1855,1872,1.0,0.011217948717948718,TruSeq_R2,4,technical_match,0.01015864189501725
GCA_948860765.1,CAQQFQ010000245.1,Adapter,1587,1607,1630,1.0,0.012883435582822086,TruSeq_R2,4,technical_match,0.011869917672174157
GCA_948860765.1,CAQQFQ010000255.1,Adapter,1559,1579,1591,1.0,0.013199245757385292,TruSeq_R2,4,technical_match,0.00635037330257987
GCA_948860765.1,CAQQFQ010000265.1,Adapter,5,25,1540,1.0,0.013636363636363636,TruSeq_R2,4,technical_match,0.02693246248932024
GCA_948860765.1,CAQQFQ010000272.1,Adapter,4,24,1507,1.0,0.013934970139349702,TruSeq,4,technical_match,0.04152426326667563
GCA_948860765.1,CAQQFQ010000273.1,Adapter,1476,1496,1502,1.0,0.013981358189081226,TruSeq,4,technical_match,0.0023946168462815054
GCA_948872145.1,CAQROP010000001.1,Adapter,17504,17524,91715,1.0,0.00022897017935997384,TruSeq_R2,4,technical_match,0.00022739769019664013
GCA_948872145.1,CAQROP010000002.1,Adapter,7556,7576,83151,1.0,0.00025255258505610276,TruSeq,4,technical_match,0.02175583007568055
GCA_948872145.1,CAQROP010000002.1,Adapter,7611,7631,83151,1.0,0.00025255258505610276,TruSeq_R2,4,technical_match,0.02175583007568055
GCA_948872145.1,CAQROP010000002.1,Adapter,68796,68816,83151,1.0,0.00025255258505610276,TruSeq,4,technical_match,0.02175583007568055
GCA_948872145.1,CAQROP010000004.1,Adapter,46318,46338,46365,1.0,0.00045292785506308636,TruSeq,4,technical_match,0.016123557491416363
GCA_948872145.1,CAQROP010000005.1,Adapter,14,34,43545,1.0,0.00048225973131243543,TruSeq_R2,4,technical_match,0.0005036010964512005
GCA_948872145.1,CAQROP010000005.1,Adapter,43504,43524,43545,1.0,0.00048225973131243543,TruSeq,4,technical_match,0.0005036010964512005
GCA_948872145.1,CAQROP010000007.1,Adapter,39172,39192,39219,1.0,0.0005354547540732808,TruSeq,4,technical_match,0.001291662316880604
GCA_948872145.1,CAQROP010000009.1,Adapter,26,46,33732,1.0,0.0006225542511561721,TruSeq,4,technical_match,0.0002649283060806584
GCA_948872145.1,CAQROP010000015.1,Adapter,14091,14111,29086,1.0,0.0007219968369662381,TruSeq_R2,4,technical_match,0.006726852186960175
GCA_948872145.1,CAQROP010000016.1,Adapter,20,40,29060,1.0,0.0007226428079834824,TruSeq,4,technical_match,0.005269255986463384
GCA_948872145.1,CAQROP010000017.1,Adapter,28929,28949,28950,1.0,0.0007253886010362695,TruSeq_R2,4,technical_match,0.011513136351207098
GCA_948872145.1,CAQROP010000021.1,Adapter,20052,20072,23861,1.0,0.0008800972297891957,TruSeq,4,technical_match,0.01802931749531972
GCA_948872145.1,CAQROP010000024.1,Adapter,27,47,19659,1.0,0.0010682130321989928,TruSeq,4,technical_match,0.0062220581834731
GCA_948872145.1,CAQROP010000026.1,Adapter,6,26,19439,1.0,0.0010803024846957148,TruSeq_R2,4,technical_match,0.023095014436688932
GCA_948872145.1,CAQROP010000026.1,Adapter,3448,3468,19439,1.0,0.0010803024846957148,TruSeq,4,technical_match,0.023095014436688932
GCA_948872145.1,CAQROP010000027.1,Adapter,18888,18908,18930,1.0,0.0011093502377179081,TruSeq_R2,4,technical_match,0.009165392945438056
GCA_948872145.1,CAQROP010000028.1,Adapter,25,45,17251,1.0,0.0012173207350298534,TruSeq_R2,4,technical_match,0.0015854453186070483
GCA_948872145.1,CAQROP010000028.1,Adapter,16859,16879,17251,1.0,0.0012173207350298534,TruSeq_R2,4,technical_match,0.0015854453186070483
GCA_948872145.1,CAQROP010000032.1,Adapter,503,523,16314,1.0,0.0012872379551305626,TruSeq,4,technical_match,0.011642784436549314
GCA_948872145.1,CAQROP010000036.1,Adapter,1574,1594,12618,1.0,0.0016642891107941037,TruSeq,4,technical_match,0.018645674948298163
GCA_948872145.1,CAQROP010000038.1,Adapter,11756,11776,11798,1.0,0.0017799627055433125,TruSeq,4,technical_match,0.025753505536464605
GCA_948872145.1,CAQROP010000040.1,Adapter,11422,11442,11468,1.0,0.0018311824206487617,TruSeq,4,technical_match,0.0012368821742316238
GCA_948872145.1,CAQROP010000042.1,Adapter,3179,3199,11157,1.0,0.0018822264049475664,TruSeq,4,technical_match,0.004757864783331511
GCA_948872145.1,CAQROP010000042.1,Adapter,11109,11129,11157,1.0,0.0018822264049475664,TruSeq_R2,4,technical_match,0.004757864783331511
GCA_948872145.1,CAQROP010000048.1,Adapter,10122,10142,10170,1.0,0.002064896755162242,TruSeq_R2,4,technical_match,0.0032724972333122992
GCA_948872145.1,CAQROP010000053.1,Adapter,9232,9252,9263,1.0,0.002267084098024398,TruSeq_R2,4,technical_match,0.0008476159986315901
GCA_948872145.1,CAQROP010000059.1,Adapter,8511,8531,8538,1.0,0.002459592410400562,TruSeq_R2,4,technical_match,0.02053596267958724
GCA_948872145.1,CAQROP010000060.1,Adapter,1669,1689,7803,1.0,0.002691272587466359,TruSeq_R2,4,technical_match,0.014009223545364102
GCA_948872145.1,CAQROP010000060.1,Adapter,6881,6901,7803,1.0,0.002691272587466359,TruSeq_R2,4,technical_match,0.014009223545364102
GCA_948872145.1,CAQROP010000062.1,Adapter,7503,7523,7531,1.0,0.002788474306201036,TruSeq_R2,4,technical_match,0.005201926707666005
GCA_948872145.1,CAQROP010000066.1,Adapter,5,25,7348,1.0,0.002857920522591181,TruSeq_R2,4,technical_match,0.02352687312583507
GCA_948872145.1,CAQROP010000069.1,Adapter,9,29,6863,1.0,0.0030598863470785373,TruSeq,4,technical_match,9.362264025714051e-05
GCA_948872145.1,CAQROP010000073.1,Adapter,28,48,6439,1.0,0.003261375990060568,TruSeq_R2,4,technical_match,0.012670156356405338
GCA_948872145.1,CAQROP010000088.1,Adapter,24,44,4876,1.0,0.004306808859721083,TruSeq,4,technical_match,0.016117188151900885
GCA_948872145.1,CAQROP010000089.1,Adapter,4773,4793,4820,1.0,0.004356846473029046,TruSeq_R2,4,technical_match,0.02934019545296357
GCA_948872145.1,CAQROP010000091.1,Adapter,4497,4517,4545,1.0,0.0046204620462046205,TruSeq,4,technical_match,0.003015841025819588
GCA_948872145.1,CAQROP010000092.1,Adapter,2792,2812,4500,1.0,0.004666666666666667,TruSeq_R2,4,technical_match,0.04564683774205719
GCA_948872145.1,CAQROP010000093.1,Adapter,2056,2076,4349,1.0,0.004828696252011957,TruSeq,4,technical_match,0.014174693716804299
GCA_948872145.1,CAQROP010000097.1,Adapter,3976,3996,4013,1.0,0.00523299277348617,TruSeq,4,technical_match,0.010753455056348005
GCA_948872145.1,CAQROP010000098.1,Adapter,3934,3954,3961,1.0,0.0053016914920474625,TruSeq,4,technical_match,0.01643317364746444
GCA_948872145.1,CAQROP010000104.1,Adapter,27,47,3312,1.0,0.006340579710144928,TruSeq_R2,4,technical_match,0.029730577716880036
GCA_948872145.1,CAQROP010000105.1,Adapter,10,30,3132,1.0,0.006704980842911878,TruSeq,4,technical_match,0.023707980781648486
GCA_948872145.1,CAQROP010000105.1,Adapter,3111,3131,3132,1.0,0.006704980842911878,TruSeq_R2,4,technical_match,0.023707980781648486
GCA_948872145.1,CAQROP010000108.1,Adapter,3000,3020,3028,1.0,0.006935270805812417,TruSeq,4,technical_match,0.021526131004936944
GCA_948872145.1,CAQROP010000109.1,Adapter,2962,2982,2996,1.0,0.007009345794392523,TruSeq_R2,4,technical_match,0.025491390657139068
GCA_948872145.1,CAQROP010000112.1,Adapter,2723,2743,2753,1.0,0.007628042135851798,TruSeq_R2,4,technical_match,0.005123912348752868
GCA_948872145.1,CAQROP010000116.1,Adapter,2542,2562,2565,1.0,0.008187134502923977,TruSeq,4,technical_match,0.022699712985721876
GCA_948872145.1,CAQROP010000118.1,Adapter,6,26,2250,1.0,0.009333333333333334,TruSeq_R2,4,technical_match,0.004128980599200027
GCA_948872145.1,CAQROP010000118.1,Adapter,2038,2058,2250,1.0,0.009333333333333334,TruSeq_R2,4,technical_match,0.004128980599200027
GCA_948872145.1,CAQROP010000122.1,Adapter,15,35,1961,1.0,0.010708822029576747,TruSeq_R2,4,technical_match,0.004215488940425338
GCA_948876195.1,CAQSAL010000002.1,Adapter,83780,83800,83826,1.0,0.000250518932073581,TruSeq,4,technical_match,0.00850879076220007
GCA_948876195.1,CAQSAL010000018.1,Adapter,28,48,31205,1.0,0.0006729690754686749,TruSeq_R2,4,technical_match,0.011740676136526296
GCA_948876195.1,CAQSAL010000026.1,Adapter,28,48,21408,1.0,0.0009809417040358745,TruSeq,4,technical_match,0.005500838063212832
GCA_948876195.1,CAQSAL010000034.1,Adapter,16580,16600,16614,1.0,0.0012639942217407005,TruSeq_R2,4,technical_match,0.008432425557727274
GCA_948876195.1,CAQSAL010000046.1,Adapter,7232,7252,7277,1.0,0.0028858045898034904,TruSeq_R2,4,technical_match,0.014599410826338921
GCA_948907275.1,CAQWKB010000001.1,Adapter,80077,80097,152851,1.0,0.00013738869879817601,TruSeq,4,technical_match,0.011308927634971544
GCA_948907275.1,CAQWKB010000002.1,Adapter,116136,116156,135444,1.0,0.00015504562771329847,TruSeq_R2,4,technical_match,0.003961478173054089
GCA_948907275.1,CAQWKB010000002.1,Adapter,116178,116198,135444,1.0,0.00015504562771329847,TruSeq,4,technical_match,0.003961478173054089
GCA_948907275.1,CAQWKB010000004.1,Adapter,28,48,75264,1.0,0.00027901785714285713,TruSeq_R2,4,technical_match,0.006332564840235144
GCA_948907275.1,CAQWKB010000005.1,Adapter,72040,72060,72072,1.0,0.0002913752913752914,TruSeq,4,technical_match,0.0064581610206873585
GCA_948907275.1,CAQWKB010000007.1,Adapter,60641,60661,63590,1.0,0.0003302406038685328,TruSeq,4,technical_match,0.001221504894076686
GCA_948907275.1,CAQWKB010000008.1,Adapter,53475,53495,53505,1.0,0.00039248668348752455,TruSeq_R2,4,technical_match,0.012730219658400155
GCA_948907275.1,CAQWKB010000009.1,Adapter,11,31,52444,1.0,0.000400427122263748,TruSeq,4,technical_match,0.027656883909827734
GCA_948907275.1,CAQWKB010000012.1,Adapter,34889,34909,46645,1.0,0.0004502090256190374,TruSeq,4,technical_match,0.013812643454987561
GCA_948907275.1,CAQWKB010000014.1,Adapter,29,49,41355,1.0,0.0005077983315197679,TruSeq_R2,4,technical_match,0.023506874361782282
GCA_948907275.1,CAQWKB010000014.1,Adapter,41328,41348,41355,1.0,0.0005077983315197679,TruSeq,4,technical_match,0.023506874361782282
GCA_948907275.1,CAQWKB010000015.1,Adapter,20,40,41333,1.0,0.0005080686134565602,TruSeq_R2,4,technical_match,0.014474407521992583
GCA_948907275.1,CAQWKB010000017.1,Adapter,34960,34980,34981,1.0,0.000600325891198079,TruSeq,4,technical_match,0.008178594758663171
GCA_948907275.1,CAQWKB010000022.1,Adapter,30284,30304,30329,1.0,0.0006924066075373405,TruSeq,4,technical_match,0.0020449375416327076
GCA_948907275.1,CAQWKB010000024.1,Adapter,29760,29780,29786,1.0,0.0007050292083529175,TruSeq_R2,4,technical_match,0.0031039269597488706
GCA_948907275.1,CAQWKB010000025.1,Adapter,16492,16512,26951,1.0,0.0007791918667210864,TruSeq_R2,4,technical_match,0.021109721057179398
GCA_948907275.1,CAQWKB010000028.1,Adapter,14,34,23840,1.0,0.0008808724832214765,TruSeq,4,technical_match,0.007709999345116458
GCA_948907275.1,CAQWKB010000028.1,Adapter,20271,20291,23840,1.0,0.0008808724832214765,TruSeq_R2,4,technical_match,0.007709999345116458
GCA_948907275.1,CAQWKB010000031.1,Adapter,15496,15516,20598,1.0,0.001019516457908535,TruSeq_R2,4,technical_match,0.013598645512352459
GCA_948907275.1,CAQWKB010000032.1,Adapter,26,46,20483,1.0,0.0010252404432944393,TruSeq,4,technical_match,0.007984565547391964
GCA_948907275.1,CAQWKB010000032.1,Adapter,20451,20471,20483,1.0,0.0010252404432944393,TruSeq_R2,4,technical_match,0.007984565547391964
GCA_948907275.1,CAQWKB010000036.1,Adapter,4,24,17427,1.0,0.0012050266827336891,TruSeq_R2,4,technical_match,0.00993586560461851
GCA_948907275.1,CAQWKB010000036.1,Adapter,10441,10461,17427,1.0,0.0012050266827336891,TruSeq_R2,4,technical_match,0.00993586560461851
GCA_948907275.1,CAQWKB010000036.1,Adapter,10505,10525,17427,1.0,0.0012050266827336891,TruSeq,4,technical_match,0.00993586560461851
GCA_948907275.1,CAQWKB010000037.1,Adapter,16658,16678,16706,1.0,0.0012570334011732312,TruSeq_R2,4,technical_match,0.004455308303417116
GCA_948907275.1,CAQWKB010000039.1,Adapter,10240,10260,16526,1.0,0.0012707249183105409,TruSeq,4,technical_match,0.0404945340212276
GCA_948907275.1,CAQWKB010000042.1,Adapter,15672,15692,15710,1.0,0.001336728198599618,TruSeq_R2,4,technical_match,0.027756165933742194
GCA_948907275.1,CAQWKB010000043.1,Adapter,17,37,15551,1.0,0.0013503954729599383,TruSeq,4,technical_match,0.004257041617581725
GCA_948907275.1,CAQWKB010000045.1,Adapter,29,49,14130,1.0,0.00148619957537155,TruSeq_R2,4,technical_match,0.0007242579559103013
GCA_948907275.1,CAQWKB010000045.1,Adapter,14098,14118,14130,1.0,0.00148619957537155,TruSeq,4,technical_match,0.0007242579559103013
GCA_948907275.1,CAQWKB010000046.1,Adapter,11,31,13439,1.0,0.001562616266091227,TruSeq,4,technical_match,0.0008769115865064347
GCA_948907275.1,CAQWKB010000048.1,Adapter,2693,2713,11253,1.0,0.0018661690215942416,TruSeq_R2,4,technical_match,0.023207760430578483
GCA_948907275.1,CAQWKB010000048.1,Adapter,4488,4508,11253,1.0,0.0018661690215942416,TruSeq_R2,4,technical_match,0.023207760430578483
GCA_948907275.1,CAQWKB010000048.1,Adapter,4548,4568,11253,1.0,0.0018661690215942416,TruSeq_R2,4,technical_match,0.023207760430578483
GCA_948907275.1,CAQWKB010000050.1,Adapter,25,45,10790,1.0,0.0019462465245597776,TruSeq,4,technical_match,0.008307328130391478
GCA_948907275.1,CAQWKB010000051.1,Adapter,10585,10605,10633,1.0,0.0019749835418038184,TruSeq,4,technical_match,0.03258041538641776
GCA_948907275.1,CAQWKB010000052.1,Adapter,27,47,10205,1.0,0.0020578147966682997,TruSeq,4,technical_match,0.007197119842784927
GCA_948907275.1,CAQWKB010000053.1,Adapter,28,48,9439,1.0,0.0022248119504184767,TruSeq,4,technical_match,0.003328987002105377
GCA_948907275.1,CAQWKB010000058.1,Adapter,7380,7400,7428,1.0,0.002827140549273021,TruSeq_R2,4,technical_match,0.0030330751130033806
GCA_948907275.1,CAQWKB010000060.1,Adapter,6829,6849,6875,1.0,0.0030545454545454548,TruSeq_R2,4,technical_match,0.05395822686792662
GCA_948907275.1,CAQWKB010000061.1,Adapter,6706,6726,6752,1.0,0.0031101895734597157,TruSeq_R2,4,technical_match,0.03239249266207478
GCA_948907275.1,CAQWKB010000064.1,Adapter,5718,5738,5761,1.0,0.0036452004860267314,TruSeq,4,technical_match,0.003680514628641607
GCA_948907275.1,CAQWKB010000065.1,Adapter,27,47,5527,1.0,0.003799529582051746,TruSeq,4,technical_match,0.001752117415207477
GCA_948907275.1,CAQWKB010000065.1,Adapter,941,961,5527,1.0,0.003799529582051746,TruSeq_R2,4,technical_match,0.001752117415207477
GCA_948907275.1,CAQWKB010000065.1,Adapter,5479,5499,5527,1.0,0.003799529582051746,TruSeq,4,technical_match,0.001752117415207477
GCA_948907275.1,CAQWKB010000066.1,Adapter,17,37,5522,1.0,0.003802969938428106,TruSeq_R2,4,technical_match,0.04978858483749182
GCA_948907275.1,CAQWKB010000069.1,Adapter,6,26,4768,1.0,0.004404362416107382,TruSeq_R2,4,technical_match,0.07064191044903811
GCA_948907275.1,CAQWKB010000069.1,Adapter,1843,1863,4768,1.0,0.004404362416107382,TruSeq_R2,4,technical_match,0.07064191044903811
GCA_948907275.1,CAQWKB010000073.1,Adapter,28,48,3935,1.0,0.005336721728081322,TruSeq_R2,4,technical_match,0.06109551145699277
GCA_948907275.1,CAQWKB010000073.1,Adapter,3897,3917,3935,1.0,0.005336721728081322,TruSeq,4,technical_match,0.06109551145699277
GCA_948907275.1,CAQWKB010000074.1,Adapter,3760,3780,3794,1.0,0.005535055350553505,TruSeq_R2,4,technical_match,0.04393275828477161
GCA_948907275.1,CAQWKB010000075.1,Adapter,28,48,3452,1.0,0.00608342989571263,TruSeq_R2,4,technical_match,0.008096090095087771
GCA_948907275.1,CAQWKB010000076.1,Adapter,3397,3417,3444,1.0,0.006097560975609756,TruSeq_R2,4,technical_match,0.006210600291671309
GCA_948907275.1,CAQWKB010000082.1,Adapter,1685,1705,1732,1.0,0.01212471131639723,TruSeq,4,technical_match,0.02591954284464021
GCA_948907275.1,CAQWKB010000086.1,Adapter,10,30,1039,1.0,0.02021174205967276,TruSeq_R2,4,technical_match,0.0007010307660664794
GCA_948918805.1,CAQYBU010000073.1,Adapter,223,243,1649,1.0,0.012734990903577926,TruSeq,4,technical_match,0.0009974969115524868
GCA_948918805.1,CAQYBU010000073.1,Adapter,993,1013,1649,1.0,0.012734990903577926,TruSeq_R2,4,technical_match,0.0009974969115524868
GCA_948918805.1,CAQYBU010000085.1,Adapter,1062,1082,1354,1.0,0.0155096011816839,TruSeq_R2,4,technical_match,0.003838127485536025
GCA_948918805.1,CAQYBU010000088.1,Adapter,29,49,1290,1.0,0.01627906976744186,TruSeq_R2,4,technical_match,0.012499773954109616
GCA_948918805.1,CAQYBU010000098.1,Adapter,396,416,1196,1.0,0.017558528428093644,TruSeq_R2,4,technical_match,0.07722531330421425
GCA_948922435.1,CAQYHZ010000007.1,Adapter,3733,3753,10726,1.0,0.0019578594070482937,TruSeq,4,technical_match,0.01176904812472157
GCA_948922435.1,CAQYHZ010000018.1,Adapter,23,43,8766,1.0,0.0023956194387405884,TruSeq_R2,4,technical_match,0.0021688397944799043
GCA_948922435.1,CAQYHZ010000025.1,Adapter,7774,7794,7798,1.0,0.0026929982046678637,TruSeq,4,technical_match,0.01128470164082468
GCA_948922435.1,CAQYHZ010000036.1,Adapter,2,22,6900,1.0,0.003043478260869565,TruSeq,4,technical_match,0.001431405636815375
GCA_948922435.1,CAQYHZ010000051.1,Adapter,2,22,6128,1.0,0.003426892950391645,TruSeq_R2,4,technical_match,0.012935245893816172
GCA_948922435.1,CAQYHZ010000074.1,Adapter,10,30,5108,1.0,0.004111198120595145,TruSeq_R2,4,technical_match,0.017698802164530625
GCA_948922435.1,CAQYHZ010000075.1,Adapter,5073,5093,5093,1.0,0.004123306499116434,TruSeq_R2,4,technical_match,0.01881969206192996
GCA_948922435.1,CAQYHZ010000077.1,Adapter,4987,5007,5034,1.0,0.004171632896305125,TruSeq_R2,4,technical_match,0.026670371841549134
GCA_948922435.1,CAQYHZ010000083.1,Adapter,26,46,4887,1.0,0.004297114794352364,TruSeq,4,technical_match,0.017107041530024736
GCA_948922435.1,CAQYHZ010000091.1,Adapter,23,43,4610,1.0,0.00455531453362256,TruSeq_R2,4,technical_match,0.0024121606494557635
GCA_948922435.1,CAQYHZ010000101.1,Adapter,17,37,4352,1.0,0.004825367647058824,TruSeq,4,technical_match,0.009250166293251871
GCA_948922435.1,CAQYHZ010000105.1,Adapter,4206,4226,4230,1.0,0.004964539007092199,TruSeq,4,technical_match,0.017254203457763073
GCA_948922435.1,CAQYHZ010000108.1,Adapter,6,26,4131,1.0,0.005083514887436456,TruSeq,4,technical_match,0.023737616365873515
GCA_948922435.1,CAQYHZ010000114.1,Adapter,3868,3888,3893,1.0,0.005394297456974056,TruSeq,4,technical_match,0.022940022828248252
GCA_948922435.1,CAQYHZ010000124.1,Adapter,3719,3739,3755,1.0,0.00559254327563249,TruSeq,4,technical_match,0.01720824424813555
GCA_948922435.1,CAQYHZ010000132.1,Adapter,3474,3494,3523,1.0,0.005960828839057622,TruSeq,4,technical_match,0.005271462060757903
GCA_948922435.1,CAQYHZ010000135.1,Adapter,29,49,3421,1.0,0.006138555977784273,TruSeq_R2,4,technical_match,0.034321780092966436
GCA_948922435.1,CAQYHZ010000154.1,Adapter,22,42,3096,1.0,0.006782945736434108,TruSeq_R2,4,technical_match,0.04054309161068487
GCA_948922435.1,CAQYHZ010000157.1,Adapter,18,38,2997,1.0,0.007007007007007007,TruSeq_R2,4,technical_match,0.03251471439626119
GCA_948922435.1,CAQYHZ010000160.1,Adapter,4,24,2955,1.0,0.007106598984771574,TruSeq_R2,4,technical_match,0.009031332537244807
GCA_948922435.1,CAQYHZ010000177.1,Adapter,2672,2692,2720,1.0,0.007720588235294118,TruSeq_R2,4,technical_match,0.026089907236159893
GCA_948922435.1,CAQYHZ010000179.1,Adapter,18,38,2650,1.0,0.007924528301886792,TruSeq,4,technical_match,0.008440073717846885
GCA_948922435.1,CAQYHZ010000183.1,Adapter,1,21,2626,1.0,0.007996953541507998,TruSeq,4,technical_match,0.0289700425347576
GCA_948922435.1,CAQYHZ010000189.1,Adapter,2546,2566,2594,1.0,0.008095605242868157,TruSeq_R2,4,technical_match,0.022624330566016093
GCA_948922435.1,CAQYHZ010000196.1,Adapter,29,49,2461,1.0,0.008533116619260463,TruSeq_R2,4,technical_match,0.004856011402328608
GCA_948922435.1,CAQYHZ010000207.1,Adapter,29,49,2247,1.0,0.009345794392523364,TruSeq_R2,4,technical_match,0.025987045040077705
GCA_948922435.1,CAQYHZ010000219.1,Adapter,2129,2149,2176,1.0,0.009650735294117647,TruSeq,4,technical_match,0.0012078868814871524
GCA_948922435.1,CAQYHZ010000224.1,Adapter,2102,2122,2136,1.0,0.009831460674157303,TruSeq_R2,4,technical_match,0.008374000648805835
GCA_948922435.1,CAQYHZ010000232.1,Adapter,8,28,2037,1.0,0.010309278350515464,TruSeq_R2,4,technical_match,0.024453634170232497
GCA_948922435.1,CAQYHZ010000238.1,Adapter,30,50,1963,1.0,0.010697911360163017,TruSeq_R2,4,technical_match,0.0027176652069793583
GCA_948922435.1,CAQYHZ010000242.1,Adapter,1891,1911,1917,1.0,0.010954616588419406,TruSeq,4,technical_match,0.01635771232376615
GCA_948922435.1,CAQYHZ010000246.1,Adapter,1853,1873,1877,1.0,0.011188066062866276,TruSeq_R2,4,technical_match,0.03296375160608689
GCA_948922435.1,CAQYHZ010000253.1,Adapter,19,39,1853,1.0,0.011332973556395036,TruSeq_R2,4,technical_match,0.01910521156733347
GCA_948922435.1,CAQYHZ010000267.1,Adapter,1710,1730,1758,1.0,0.011945392491467578,TruSeq_R2,4,technical_match,0.04098735085524574
GCA_948922435.1,CAQYHZ010000268.1,Adapter,1704,1724,1741,1.0,0.012062033314187249,TruSeq,4,technical_match,0.007596056508045568
GCA_948922435.1,CAQYHZ010000276.1,Adapter,28,48,1689,1.0,0.012433392539964476,TruSeq,4,technical_match,0.04209267601685157
GCA_948922435.1,CAQYHZ010000276.1,Adapter,1660,1680,1689,1.0,0.012433392539964476,TruSeq,4,technical_match,0.04209267601685157
GCA_948922435.1,CAQYHZ010000277.1,Adapter,25,45,1685,1.0,0.012462908011869436,TruSeq_R2,4,technical_match,0.007984538565899812
GCA_948922435.1,CAQYHZ010000283.1,Adapter,1,21,1636,1.0,0.012836185819070905,TruSeq_R2,4,technical_match,0.008968700559036424
GCA_948922435.1,CAQYHZ010000294.1,Adapter,1519,1539,1555,1.0,0.013504823151125401,TruSeq_R2,4,technical_match,0.007896758169552265
GCA_948922435.1,CAQYHZ010000303.1,Adapter,1483,1503,1504,1.0,0.013962765957446808,TruSeq,4,technical_match,0.0034757019795891853
GCA_948932705.1,CAQZLK010000004.1,Adapter,20331,20351,53378,1.0,0.0003934205103226048,TruSeq_R2,4,technical_match,0.008435932980989325
GCA_948932705.1,CAQZLK010000004.1,Adapter,20373,20393,53378,1.0,0.0003934205103226048,TruSeq,4,technical_match,0.008435932980989325
GCA_948932705.1,CAQZLK010000007.1,Adapter,29,49,40272,1.0,0.0005214541120381407,TruSeq,4,technical_match,0.003332828663872911
GCA_948932705.1,CAQZLK010000007.1,Adapter,40236,40256,40272,1.0,0.0005214541120381407,TruSeq_R2,4,technical_match,0.003332828663872911
GCA_948932705.1,CAQZLK010000023.1,Adapter,878,898,25377,1.0,0.0008275209835677976,TruSeq_R2,4,technical_match,0.0012785975696193441
GCA_948932705.1,CAQZLK010000026.1,Adapter,29,49,22094,1.0,0.0009504842943785643,TruSeq_R2,4,technical_match,0.0048071429663373855
GCA_948932705.1,CAQZLK010000029.1,Adapter,30,50,19183,1.0,0.0010947192826982223,TruSeq_R2,4,technical_match,0.008120364571275296
GCA_948932705.1,CAQZLK010000041.1,Adapter,14946,14966,14994,1.0,0.0014005602240896359,TruSeq_R2,4,technical_match,0.002623824955063747
GCA_948932705.1,CAQZLK010000045.1,Adapter,8,28,13090,1.0,0.0016042780748663102,TruSeq,4,technical_match,0.00709030534537447
GCA_948932705.1,CAQZLK010000045.1,Adapter,13042,13062,13090,1.0,0.0016042780748663102,TruSeq_R2,4,technical_match,0.00709030534537447
GCA_948932705.1,CAQZLK010000098.1,Adapter,3991,4011,4017,1.0,0.005227781926811053,TruSeq_R2,4,technical_match,0.01565568002591794
GCA_948932705.1,CAQZLK010000132.1,Adapter,1487,1507,1535,1.0,0.013680781758957655,TruSeq_R2,4,technical_match,0.006405446181187158
GCA_948934675.1,CAQZTD010000011.1,Adapter,13,33,9428,1.0,0.002227407721680102,TruSeq_R2,4,technical_match,0.05884320646582397
GCA_948934675.1,CAQZTD010000021.1,Adapter,13,33,7371,1.0,0.002849002849002849,TruSeq,4,technical_match,0.00569452601165954
GCA_948934675.1,CAQZTD010000037.1,Adapter,6021,6041,6055,1.0,0.003468208092485549,TruSeq_R2,4,technical_match,0.0036657338783248616
GCA_948934675.1,CAQZTD010000092.1,Adapter,23,43,3896,1.0,0.0053901437371663245,TruSeq_R2,4,technical_match,0.014682771403949801
GCA_948934675.1,CAQZTD010000093.1,Adapter,6,26,3887,1.0,0.005402624131721122,TruSeq,4,technical_match,0.007844901898427015
GCA_948934675.1,CAQZTD010000104.1,Adapter,11,31,3813,1.0,0.0055074744295830055,TruSeq,4,technical_match,0.011942429948074484
GCA_948934675.1,CAQZTD010000146.1,Adapter,3166,3186,3212,1.0,0.006537982565379826,TruSeq,4,technical_match,0.013687339903873497
GCA_948934675.1,CAQZTD010000154.1,Adapter,9,29,3109,1.0,0.006754583467352846,TruSeq,4,technical_match,0.010497488108789588
GCA_948934675.1,CAQZTD010000180.1,Adapter,1757,1777,2740,1.0,0.007664233576642336,TruSeq,4,technical_match,0.01197084534206938
GCA_948934675.1,CAQZTD010000184.1,Adapter,2638,2658,2667,1.0,0.007874015748031496,TruSeq,4,technical_match,0.007370458851919115
GCA_948934675.1,CAQZTD010000190.1,Adapter,27,47,2615,1.0,0.00803059273422562,TruSeq,4,technical_match,0.0013971615370280688
GCA_948934675.1,CAQZTD010000213.1,Adapter,4,24,2458,1.0,0.00854353132628153,TruSeq_R2,4,technical_match,0.009470226893525835
GCA_948934675.1,CAQZTD010000227.1,Adapter,2307,2327,2331,1.0,0.009009009009009009,TruSeq_R2,4,technical_match,0.012069678698454656
GCA_948934675.1,CAQZTD010000230.1,Adapter,29,49,2318,1.0,0.0090595340811044,TruSeq_R2,4,technical_match,0.015481138969276442
GCA_948934675.1,CAQZTD010000240.1,Adapter,2216,2236,2244,1.0,0.009358288770053475,TruSeq,4,technical_match,0.027597429520323125
GCA_948934675.1,CAQZTD010000265.1,Adapter,2011,2031,2045,1.0,0.010268948655256724,TruSeq,4,technical_match,0.038461281618174914
GCA_948934675.1,CAQZTD010000280.1,Adapter,15,35,1979,1.0,0.010611419909044972,TruSeq_R2,4,technical_match,0.010496749384241832
GCA_948934675.1,CAQZTD010000324.1,Adapter,1089,1109,1730,1.0,0.012138728323699421,TruSeq_R2,4,technical_match,0.015363254666449222
GCA_948934675.1,CAQZTD010000327.1,Adapter,31,51,1715,1.0,0.012244897959183673,TruSeq_R2,4,technical_match,0.008310234122683557
GCA_948934675.1,CAQZTD010000347.1,Adapter,18,38,1596,1.0,0.013157894736842105,TruSeq_R2,4,technical_match,0.02051421345877885
GCA_948934675.1,CAQZTD010000362.1,Adapter,10,30,1539,1.0,0.01364522417153996,TruSeq,4,technical_match,0.036758527948707376
GCA_948942845.1,CARAYK010000073.1,Adapter,6756,6776,6807,1.0,0.003085059497576025,TruSeq_R2,4,technical_match,0.024592133467219168
GCA_948942845.1,CARAYK010000094.1,Adapter,5463,5483,5513,1.0,0.003809178305822601,TruSeq,4,technical_match,0.01753132222338666
GCA_948942845.1,CARAYK010000195.1,Adapter,29,49,2568,1.0,0.008177570093457943,TruSeq,4,technical_match,0.010350334549392659
GCA_948942845.1,CARAYK010000204.1,Adapter,2303,2323,2353,1.0,0.008924776880577986,TruSeq_R2,4,technical_match,0.0005444865380240804
GCA_948942845.1,CARAYK010000255.1,Adapter,30,50,1564,1.0,0.013427109974424553,TruSeq_R2,4,technical_match,0.010953867307477605
GCA_948945255.1,CARBHR010000008.1,Adapter,77132,77152,77171,1.0,0.0002721229477394358,TruSeq,4,technical_match,0.010232997246604092
GCA_948950295.1,CARCBF010000003.1,Adapter,11611,11631,11650,1.0,0.0018025751072961373,TruSeq,4,technical_match,0.0073038810259302145
GCA_948950295.1,CARCBF010000008.1,Adapter,7,27,9728,1.0,0.002158717105263158,TruSeq,4,technical_match,0.026421147915791032
GCA_948950295.1,CARCBF010000022.1,Adapter,29,49,6593,1.0,0.0031851964204459276,TruSeq_R2,4,technical_match,0.0013078833117871058
GCA_948950295.1,CARCBF010000028.1,Adapter,5933,5953,5979,1.0,0.0035122930255895636,TruSeq_R2,4,technical_match,0.03352528397631377
GCA_948950295.1,CARCBF010000031.1,Adapter,5662,5682,5704,1.0,0.003681626928471248,TruSeq_R2,4,technical_match,0.006381985980923877
GCA_948950295.1,CARCBF010000039.1,Adapter,5175,5195,5205,1.0,0.004034582132564841,TruSeq_R2,4,technical_match,0.00650892074920717
GCA_948950295.1,CARCBF010000049.1,Adapter,2352,2372,4791,1.0,0.004383218534752661,TruSeq,4,technical_match,0.010362060287962827
GCA_948950295.1,CARCBF010000062.1,Adapter,4273,4293,4312,1.0,0.00487012987012987,TruSeq,4,technical_match,0.024379839308633355
GCA_948950295.1,CARCBF010000070.1,Adapter,20,40,4130,1.0,0.005084745762711864,TruSeq_R2,4,technical_match,0.025585406027697044
GCA_948950295.1,CARCBF010000072.1,Adapter,28,48,4049,1.0,0.005186465794023216,TruSeq,4,technical_match,0.008095650676381683
GCA_948950295.1,CARCBF010000086.1,Adapter,3657,3677,3692,1.0,0.005687973997833153,TruSeq_R2,4,technical_match,0.008154298818256966
GCA_948950295.1,CARCBF010000114.1,Adapter,3169,3189,3216,1.0,0.0065298507462686565,TruSeq,4,technical_match,0.0158433724102105
GCA_948950295.1,CARCBF010000116.1,Adapter,6,26,3191,1.0,0.006581009088060169,TruSeq,4,technical_match,0.028838030977114848
GCA_948950295.1,CARCBF010000120.1,Adapter,6,26,3174,1.0,0.006616257088846881,TruSeq_R2,4,technical_match,0.007282678714229163
GCA_948950295.1,CARCBF010000142.1,Adapter,2774,2794,2823,1.0,0.007438894792773645,TruSeq_R2,4,technical_match,0.03465605712690334
GCA_948950295.1,CARCBF010000149.1,Adapter,26,46,2787,1.0,0.007534983853606028,TruSeq,4,technical_match,0.0017333520063096963
GCA_948950295.1,CARCBF010000162.1,Adapter,2613,2633,2643,1.0,0.007945516458569807,TruSeq_R2,4,technical_match,0.016928110093714976
GCA_948950295.1,CARCBF010000166.1,Adapter,15,35,2614,1.0,0.008033664881407804,TruSeq,4,technical_match,0.025521151565168876
GCA_948950295.1,CARCBF010000173.1,Adapter,2541,2561,2589,1.0,0.008111239860950173,TruSeq,4,technical_match,0.00876273955603013
GCA_948950295.1,CARCBF010000186.1,Adapter,26,46,2496,1.0,0.008413461538461538,TruSeq,4,technical_match,0.002849222308503596
GCA_948950295.1,CARCBF010000211.1,Adapter,7,27,2333,1.0,0.009001285897985427,TruSeq,4,technical_match,0.013174014527527922
GCA_948950295.1,CARCBF010000216.1,Adapter,29,49,2265,1.0,0.009271523178807948,TruSeq_R2,4,technical_match,0.01866864999579254
GCA_948950295.1,CARCBF010000219.1,Adapter,2190,2210,2236,1.0,0.009391771019677997,TruSeq_R2,4,technical_match,0.01733190470401874
GCA_948950295.1,CARCBF010000220.1,Adapter,2172,2192,2220,1.0,0.00945945945945946,TruSeq,4,technical_match,0.017328605537886843
GCA_948950295.1,CARCBF010000229.1,Adapter,29,49,2167,1.0,0.009690816797415782,TruSeq_R2,4,technical_match,0.009997543869480874
GCA_948950295.1,CARCBF010000237.1,Adapter,2074,2094,2120,1.0,0.00990566037735849,TruSeq,4,technical_match,0.022814752061769195
GCA_948950295.1,CARCBF010000241.1,Adapter,18,38,2108,1.0,0.009962049335863378,TruSeq_R2,4,technical_match,0.030851521242965696
GCA_948950295.1,CARCBF010000243.1,Adapter,2051,2071,2091,1.0,0.010043041606886656,TruSeq_R2,4,technical_match,0.01965680167707562
GCA_948950295.1,CARCBF010000248.1,Adapter,2026,2046,2051,1.0,0.010238907849829351,TruSeq,4,technical_match,0.023138340187211948
GCA_948950295.1,CARCBF010000260.1,Adapter,29,49,2010,1.0,0.010447761194029851,TruSeq,4,technical_match,0.0026592928082204703
GCA_948950295.1,CARCBF010000266.1,Adapter,18,38,1977,1.0,0.010622154779969651,TruSeq_R2,4,technical_match,0.012776385644494348
GCA_948950295.1,CARCBF010000269.1,Adapter,14,34,1954,1.0,0.010747185261003071,TruSeq,4,technical_match,0.03911851212820283
GCA_948950295.1,CARCBF010000277.1,Adapter,1509,1529,1933,1.0,0.010863942058975685,TruSeq,4,technical_match,0.04276956912237617
GCA_948950295.1,CARCBF010000278.1,Adapter,4,24,1915,1.0,0.010966057441253264,TruSeq_R2,4,technical_match,0.009064074688499568
GCA_948950295.1,CARCBF010000284.1,Adapter,1827,1847,1862,1.0,0.011278195488721804,TruSeq_R2,4,technical_match,0.022973404312995216
GCA_948950295.1,CARCBF010000286.1,Adapter,1,21,1856,1.0,0.011314655172413793,TruSeq_R2,4,technical_match,3.091992123571696e-05
GCA_948950295.1,CARCBF010000292.1,Adapter,1762,1782,1809,1.0,0.011608623548922056,TruSeq_R2,4,technical_match,0.052011796191226756
GCA_948950295.1,CARCBF010000296.1,Adapter,28,48,1781,1.0,0.011791128579449747,TruSeq,4,technical_match,0.01571067654769509
GCA_948950295.1,CARCBF010000301.1,Adapter,1710,1730,1757,1.0,0.01195219123505976,TruSeq,4,technical_match,0.02998509974394592
GCA_948950295.1,CARCBF010000305.1,Adapter,25,45,1737,1.0,0.012089810017271158,TruSeq,4,technical_match,0.00638787205829322
GCA_948950295.1,CARCBF010000318.1,Adapter,1618,1638,1666,1.0,0.012605042016806723,TruSeq_R2,4,technical_match,0.012883043529299587
GCA_948950295.1,CARCBF010000334.1,Adapter,1532,1552,1570,1.0,0.01337579617834395,TruSeq_R2,4,technical_match,0.058085981023196565
GCA_948951755.1,CARCGN010000001.1,Adapter,111826,111846,111874,1.0,0.00018771117507195595,TruSeq_R2,4,technical_match,0.016865553103415754
GCA_948951755.1,CARCGN010000002.1,Adapter,73241,73261,102623,1.0,0.0002046324897927365,TruSeq_R2,4,technical_match,0.017469414103126857
GCA_948951755.1,CARCGN010000003.1,Adapter,1,21,89182,1.0,0.0002354735260478572,TruSeq,4,technical_match,0.018038892995319078
GCA_948951755.1,CARCGN010000004.1,Adapter,28,48,85610,1.0,0.00024529844644317255,TruSeq_R2,4,technical_match,0.00040544824878346875
GCA_948951755.1,CARCGN010000004.1,Adapter,79155,79175,85610,1.0,0.00024529844644317255,TruSeq_R2,4,technical_match,0.00040544824878346875
GCA_948951755.1,CARCGN010000004.1,Adapter,79204,79224,85610,1.0,0.00024529844644317255,TruSeq_R2,4,technical_match,0.00040544824878346875
GCA_948951755.1,CARCGN010000007.1,Adapter,31395,31415,48426,1.0,0.0004336513443191674,TruSeq,4,technical_match,0.009640072662237209
GCA_948951755.1,CARCGN010000008.1,Adapter,42848,42868,48327,1.0,0.00043453969830529516,TruSeq,4,technical_match,0.009370336189081396
GCA_948951755.1,CARCGN010000008.1,Adapter,48298,48318,48327,1.0,0.00043453969830529516,TruSeq_R2,4,technical_match,0.009370336189081396
GCA_948951755.1,CARCGN010000009.1,Adapter,16,36,40263,1.0,0.000521570672826168,TruSeq_R2,4,technical_match,0.017138537712867885
GCA_948951755.1,CARCGN010000009.1,Adapter,23756,23776,40263,1.0,0.000521570672826168,TruSeq,4,technical_match,0.017138537712867885
GCA_948951755.1,CARCGN010000010.1,Adapter,13039,13059,38928,1.0,0.0005394574599260172,TruSeq_R2,4,technical_match,0.0050777963980918606
GCA_948951755.1,CARCGN010000010.1,Adapter,38908,38928,38928,1.0,0.0005394574599260172,TruSeq_R2,4,technical_match,0.0050777963980918606
GCA_948951755.1,CARCGN010000011.1,Adapter,33550,33570,38460,1.0,0.000546021840873635,TruSeq_R2,4,technical_match,0.009498437149133121
GCA_948951755.1,CARCGN010000013.1,Adapter,30790,30810,36048,1.0,0.0005825565912117177,TruSeq_R2,4,technical_match,0.0011479508722216925
GCA_948951755.1,CARCGN010000013.1,Adapter,36004,36024,36048,1.0,0.0005825565912117177,TruSeq,4,technical_match,0.0011479508722216925
GCA_948951755.1,CARCGN010000014.1,Adapter,35881,35901,35929,1.0,0.000584486069748671,TruSeq,4,technical_match,0.005308130473344663
GCA_948951755.1,CARCGN010000015.1,Adapter,18,38,35737,1.0,0.0005876262696924755,TruSeq_R2,4,technical_match,0.0038731106704497087
GCA_948951755.1,CARCGN010000017.1,Adapter,11085,11105,32492,1.0,0.0006463129385694941,TruSeq,4,technical_match,0.010558919866503202
GCA_948951755.1,CARCGN010000017.1,Adapter,31011,31031,32492,1.0,0.0006463129385694941,TruSeq,4,technical_match,0.010558919866503202
GCA_948951755.1,CARCGN010000018.1,Adapter,31946,31966,31971,1.0,0.0006568452660223327,TruSeq,4,technical_match,0.0027941365688867736
GCA_948951755.1,CARCGN010000021.1,Adapter,29390,29410,29419,1.0,0.0007138243991977974,TruSeq_R2,4,technical_match,0.007463402465351099
GCA_948951755.1,CARCGN010000022.1,Adapter,5,25,28645,1.0,0.0007331122359923198,TruSeq_R2,4,technical_match,0.002944861371390217
GCA_948951755.1,CARCGN010000023.1,Adapter,566,586,26438,1.0,0.0007943112187003556,TruSeq_R2,4,technical_match,0.03702098782818214
GCA_948951755.1,CARCGN010000023.1,Adapter,619,639,26438,1.0,0.0007943112187003556,TruSeq,4,technical_match,0.03702098782818214
GCA_948951755.1,CARCGN010000024.1,Adapter,22281,22301,22327,1.0,0.0009405652349173646,TruSeq_R2,4,technical_match,0.012037282057523468
GCA_948951755.1,CARCGN010000028.1,Adapter,19056,19076,19098,1.0,0.0010995915802701854,TruSeq,4,technical_match,0.004489340958415078
GCA_948951755.1,CARCGN010000029.1,Adapter,11429,11449,18801,1.0,0.0011169618637306526,TruSeq_R2,4,technical_match,0.01592591443175173
GCA_948951755.1,CARCGN010000033.1,Adapter,5492,5512,18113,1.0,0.0011593882846574284,TruSeq,4,technical_match,0.011746928964533943
GCA_948951755.1,CARCGN010000034.1,Adapter,17595,17615,17642,1.0,0.0011903412311529305,TruSeq_R2,4,technical_match,0.0017000196402123802
GCA_948951755.1,CARCGN010000035.1,Adapter,5,25,17251,1.0,0.0012173207350298534,TruSeq_R2,4,technical_match,0.0026437194052717494
GCA_948951755.1,CARCGN010000035.1,Adapter,251,271,17251,1.0,0.0012173207350298534,TruSeq,4,technical_match,0.0026437194052717494
GCA_948951755.1,CARCGN010000035.1,Adapter,814,834,17251,1.0,0.0012173207350298534,TruSeq_R2,4,technical_match,0.0026437194052717494
GCA_948951755.1,CARCGN010000035.1,Adapter,851,871,17251,1.0,0.0012173207350298534,TruSeq,4,technical_match,0.0026437194052717494
GCA_948951755.1,CARCGN010000035.1,Adapter,1141,1161,17251,1.0,0.0012173207350298534,TruSeq,4,technical_match,0.0026437194052717494
GCA_948951755.1,CARCGN010000037.1,Adapter,16268,16288,16303,1.0,0.0012881064834693002,TruSeq_R2,4,technical_match,0.0040406528470265934
GCA_948951755.1,CARCGN010000038.1,Adapter,15544,15564,15575,1.0,0.001348314606741573,TruSeq_R2,4,technical_match,0.00874074595734542
GCA_948951755.1,CARCGN010000041.1,Adapter,29,49,14939,1.0,0.0014057165807617644,TruSeq_R2,4,technical_match,0.01163363611299928
GCA_948951755.1,CARCGN010000043.1,Adapter,29,49,14462,1.0,0.001452081316553727,TruSeq,4,technical_match,0.0157455249206937
GCA_948951755.1,CARCGN010000045.1,Adapter,14086,14106,14120,1.0,0.0014872521246458925,TruSeq,4,technical_match,0.010245039718289661
GCA_948951755.1,CARCGN010000046.1,Adapter,29,49,13828,1.0,0.001518657795776685,TruSeq_R2,4,technical_match,0.01679942235357501
GCA_948951755.1,CARCGN010000048.1,Adapter,7900,7920,13404,1.0,0.001566696508504924,TruSeq_R2,4,technical_match,0.012292103722261971
GCA_948951755.1,CARCGN010000049.1,Adapter,12888,12908,12927,1.0,0.0016245068461359943,TruSeq_R2,4,technical_match,0.0004822662191042437
GCA_948951755.1,CARCGN010000050.1,Adapter,6,26,12322,1.0,0.001704268787534491,TruSeq,4,technical_match,0.0317548082766162
GCA_948951755.1,CARCGN010000050.1,Adapter,5386,5406,12322,1.0,0.001704268787534491,TruSeq,4,technical_match,0.0317548082766162
GCA_948951755.1,CARCGN010000050.1,Adapter,12274,12294,12322,1.0,0.001704268787534491,TruSeq_R2,4,technical_match,0.0317548082766162
GCA_948951755.1,CARCGN010000051.1,Adapter,12103,12123,12151,1.0,0.0017282528186980495,TruSeq,4,technical_match,0.011846142695263295
GCA_948951755.1,CARCGN010000053.1,Adapter,3,23,12131,1.0,0.0017311021350259665,TruSeq_R2,4,technical_match,0.0015974164431191706
GCA_948951755.1,CARCGN010000059.1,Adapter,1920,1940,9421,1.0,0.0022290627321940345,TruSeq_R2,4,technical_match,0.021957730350971094
GCA_948951755.1,CARCGN010000061.1,Adapter,4,24,8703,1.0,0.002412961047914512,TruSeq_R2,4,technical_match,0.01499818726045793
GCA_948951755.1,CARCGN010000062.1,Adapter,8556,8576,8600,1.0,0.002441860465116279,TruSeq_R2,4,technical_match,0.012719181624871123
GCA_948951755.1,CARCGN010000063.1,Adapter,18,38,8284,1.0,0.002535007242877837,TruSeq_R2,4,technical_match,0.009089853444132712
GCA_948951755.1,CARCGN010000064.1,Adapter,7903,7923,7924,1.0,0.00265017667844523,TruSeq,4,technical_match,0.011326477497360876
GCA_948951755.1,CARCGN010000065.1,Adapter,11,31,7823,1.0,0.0026843921769142275,TruSeq_R2,4,technical_match,0.0020906236161372105
GCA_948951755.1,CARCGN010000068.1,Adapter,27,47,6076,1.0,0.0034562211981566822,TruSeq_R2,4,technical_match,0.027453973908910245
GCA_948951755.1,CARCGN010000072.1,Adapter,5695,5715,5719,1.0,0.0036719706242350062,TruSeq_R2,4,technical_match,0.0015193216099601003
GCA_948951755.1,CARCGN010000074.1,Adapter,5192,5212,5216,1.0,0.004026073619631902,TruSeq_R2,4,technical_match,0.027310421459369627
GCA_948951755.1,CARCGN010000075.1,Adapter,361,381,5045,1.0,0.004162537165510407,TruSeq_R2,4,technical_match,0.03650300723912736
GCA_948951755.1,CARCGN010000077.1,Adapter,3,23,4620,1.0,0.004545454545454545,TruSeq_R2,4,technical_match,0.030808453530670965
GCA_948951755.1,CARCGN010000082.1,Adapter,11,31,4446,1.0,0.004723346828609987,TruSeq,4,technical_match,0.014771405207082478
GCA_948951755.1,CARCGN010000084.1,Adapter,8,28,3735,1.0,0.005622489959839358,TruSeq_R2,4,technical_match,0.014961639829783824
GCA_948951755.1,CARCGN010000088.1,Adapter,2090,2110,2116,1.0,0.00992438563327032,TruSeq_R2,4,technical_match,0.007989327138565261
GCA_948955705.1,CARCVV010000003.1,Adapter,64851,64871,189273,1.0,0.00011095084877399312,TruSeq,4,technical_match,0.008790891106397358
GCA_948955705.1,CARCVV010000031.1,Adapter,13,33,8360,1.0,0.002511961722488038,TruSeq_R2,4,technical_match,0.03292160475610717
GCA_948955705.1,CARCVV010000095.1,Adapter,865,885,1785,1.0,0.011764705882352941,TruSeq_R2,4,technical_match,0.0003718084175455272
GCA_948955705.1,CARCVV010000098.1,Adapter,11,31,1699,1.0,0.012360211889346674,TruSeq_R2,4,technical_match,0.02416026927521492
GCA_948955705.1,CARCVV010000118.1,Adapter,11,31,1330,1.0,0.015789473684210527,TruSeq_R2,4,technical_match,0.05421465774786799
GCA_948964675.1,CAREEP010000004.1,Adapter,8787,8807,13548,1.0,0.001550044286979628,TruSeq_R2,4,technical_match,0.013004142524880635
GCA_948964675.1,CAREEP010000011.1,Adapter,9130,9150,9177,1.0,0.002288329519450801,TruSeq_R2,4,technical_match,0.012928230334339041
GCA_948964675.1,CAREEP010000013.1,Adapter,26,46,8835,1.0,0.0023769100169779285,TruSeq_R2,4,technical_match,0.00046992142654983526
GCA_948964675.1,CAREEP010000030.1,Adapter,19,39,5995,1.0,0.0035029190992493745,TruSeq_R2,4,technical_match,0.008249182865411597
GCA_948964675.1,CAREEP010000040.1,Adapter,2754,2774,5362,1.0,0.0039164490861618795,TruSeq_R2,4,technical_match,0.00506005291032946
GCA_948964675.1,CAREEP010000041.1,Adapter,5253,5273,5290,1.0,0.003969754253308129,TruSeq_R2,4,technical_match,0.014460956565717387
GCA_948964675.1,CAREEP010000076.1,Adapter,3,23,4185,1.0,0.005017921146953405,TruSeq,4,technical_match,0.01264372511138917
GCA_948964675.1,CAREEP010000081.1,Adapter,4037,4057,4064,1.0,0.00516732283464567,TruSeq_R2,4,technical_match,0.024622612495089846
GCA_948964675.1,CAREEP010000085.1,Adapter,9,29,3957,1.0,0.00530705079605762,TruSeq,4,technical_match,0.01336616797766943
GCA_948964675.1,CAREEP010000115.1,Adapter,2,22,3310,1.0,0.006344410876132931,TruSeq_R2,4,technical_match,0.028156255476273095
GCA_948964675.1,CAREEP010000115.1,Adapter,3284,3304,3310,1.0,0.006344410876132931,TruSeq,4,technical_match,0.028156255476273095
GCA_948964675.1,CAREEP010000116.1,Adapter,29,49,3300,1.0,0.006363636363636364,TruSeq,4,technical_match,0.008135198989959846
GCA_948964675.1,CAREEP010000118.1,Adapter,28,48,3260,1.0,0.006441717791411043,TruSeq,4,technical_match,0.007226392383901492
GCA_948964675.1,CAREEP010000122.1,Adapter,3185,3205,3227,1.0,0.006507592190889371,TruSeq_R2,4,technical_match,0.013096813895622006
GCA_948964675.1,CAREEP010000123.1,Adapter,3169,3189,3217,1.0,0.006527820951196767,TruSeq,4,technical_match,0.00719069017787255
GCA_948964675.1,CAREEP010000128.1,Adapter,28,48,3097,1.0,0.006780755569906361,TruSeq_R2,4,technical_match,0.030648970870861214
GCA_948964675.1,CAREEP010000131.1,Adapter,2297,2317,3054,1.0,0.0068762278978389,TruSeq_R2,4,technical_match,0.021268297207228892
GCA_948964675.1,CAREEP010000146.1,Adapter,2789,2809,2828,1.0,0.007425742574257425,TruSeq_R2,4,technical_match,0.015531596260993819
GCA_948964675.1,CAREEP010000155.1,Adapter,2703,2723,2751,1.0,0.007633587786259542,TruSeq,4,technical_match,0.015931090954192706
GCA_948964675.1,CAREEP010000160.1,Adapter,607,627,2602,1.0,0.008070714834742506,TruSeq,4,technical_match,0.023607982379409864
GCA_948964675.1,CAREEP010000181.1,Adapter,28,48,2397,1.0,0.008760951188986232,TruSeq,4,technical_match,0.04102896771601894
GCA_948964675.1,CAREEP010000184.1,Adapter,14,34,2390,1.0,0.008786610878661089,TruSeq,4,technical_match,0.00045995759682854187
GCA_948964675.1,CAREEP010000186.1,Adapter,2350,2370,2380,1.0,0.008823529411764706,TruSeq_R2,4,technical_match,0.011113591435301162
GCA_948964675.1,CAREEP010000187.1,Adapter,2342,2362,2373,1.0,0.008849557522123894,TruSeq,4,technical_match,0.015635869410984216
GCA_948964675.1,CAREEP010000210.1,Adapter,10,30,2172,1.0,0.009668508287292817,TruSeq,4,technical_match,0.005318676784357934
GCA_948964675.1,CAREEP010000211.1,Adapter,6,26,2166,1.0,0.009695290858725761,TruSeq_R2,4,technical_match,0.0172496746774623
GCA_948964675.1,CAREEP010000229.1,Adapter,2,22,2038,1.0,0.010304219823356232,TruSeq,4,technical_match,0.00522876449176618
GCA_948964675.1,CAREEP010000250.1,Adapter,1838,1858,1883,1.0,0.011152416356877323,TruSeq_R2,4,technical_match,0.006424578283572069
GCA_948964675.1,CAREEP010000258.1,Adapter,2,22,1856,1.0,0.011314655172413793,TruSeq_R2,4,technical_match,0.024377862661032867
GCA_948964675.1,CAREEP010000267.1,Adapter,1779,1799,1814,1.0,0.011576626240352812,TruSeq,4,technical_match,0.029812723964066923
GCA_948964675.1,CAREEP010000276.1,Adapter,1726,1746,1756,1.0,0.011958997722095672,TruSeq,4,technical_match,0.018362299148722838
GCA_948964675.1,CAREEP010000281.1,Adapter,1687,1707,1727,1.0,0.012159814707585408,TruSeq,4,technical_match,0.021323772624393333
GCA_948964675.1,CAREEP010000313.1,Adapter,1487,1507,1507,1.0,0.013934970139349702,TruSeq_R2,4,technical_match,0.01466693975527722
GCA_948964675.1,CAREEP010000342.1,Adapter,2,22,1164,1.0,0.01804123711340206,TruSeq,4,technical_match,0.008816236165842373
GCA_948993095.1,CARIEE010000026.1,Adapter,4866,4886,4906,1.0,0.004280472890338361,TruSeq_R2,4,technical_match,0.0027165021530159983
GCA_948993095.1,CARIEE010000032.1,Adapter,25,45,4570,1.0,0.004595185995623632,TruSeq_R2,4,technical_match,0.0016291897833101698
GCA_948993095.1,CARIEE010000038.1,Adapter,27,47,4339,1.0,0.004839824844434202,TruSeq,4,technical_match,0.02790716426845158
GCA_948993095.1,CARIEE010000045.1,Adapter,628,648,4197,1.0,0.005003573981415297,TruSeq_R2,4,technical_match,0.011144418320670701
GCA_948993095.1,CARIEE010000048.1,Adapter,4087,4107,4120,1.0,0.005097087378640777,TruSeq,4,technical_match,0.038916479197174336
GCA_948993095.1,CARIEE010000058.1,Adapter,19,39,3771,1.0,0.005568814638027049,TruSeq_R2,4,technical_match,0.002709529378295994
GCA_948993095.1,CARIEE010000058.1,Adapter,3741,3761,3771,1.0,0.005568814638027049,TruSeq_R2,4,technical_match,0.002709529378295994
GCA_948993095.1,CARIEE010000075.1,Adapter,3394,3414,3442,1.0,0.00610110400929692,TruSeq,4,technical_match,0.01720775428640653
GCA_948993095.1,CARIEE010000077.1,Adapter,3345,3365,3368,1.0,0.006235154394299287,TruSeq_R2,4,technical_match,0.015405651994259417
GCA_948993095.1,CARIEE010000081.1,Adapter,29,49,3269,1.0,0.006423982869379015,TruSeq_R2,4,technical_match,0.008821613565969888
GCA_948993095.1,CARIEE010000085.1,Adapter,17,37,3210,1.0,0.0065420560747663555,TruSeq,4,technical_match,0.014885084586884922
GCA_948993095.1,CARIEE010000110.1,Adapter,2450,2470,2789,1.0,0.007529580494801004,TruSeq,4,technical_match,0.019176115401008276
GCA_948993095.1,CARIEE010000114.1,Adapter,2728,2748,2760,1.0,0.007608695652173913,TruSeq,4,technical_match,0.025605658879177984
GCA_948993095.1,CARIEE010000115.1,Adapter,2715,2735,2754,1.0,0.007625272331154684,TruSeq_R2,4,technical_match,0.013119041951234645
GCA_948993095.1,CARIEE010000122.1,Adapter,28,48,2677,1.0,0.007844602166604408,TruSeq,4,technical_match,0.02985253843232688
GCA_948993095.1,CARIEE010000135.1,Adapter,16,36,2561,1.0,0.008199921905505662,TruSeq_R2,4,technical_match,0.025220562477749675
GCA_948993095.1,CARIEE010000137.1,Adapter,2516,2536,2549,1.0,0.00823852491173009,TruSeq_R2,4,technical_match,0.0035256729796209196
GCA_948993095.1,CARIEE010000165.1,Adapter,10,30,2344,1.0,0.008959044368600682,TruSeq,4,technical_match,0.018388960061351434
GCA_948993095.1,CARIEE010000170.1,Adapter,2255,2275,2288,1.0,0.009178321678321678,TruSeq,4,technical_match,0.01852122872597045
GCA_948993095.1,CARIEE010000176.1,Adapter,2187,2207,2235,1.0,0.009395973154362415,TruSeq,4,technical_match,0.03491895525112626
GCA_948993095.1,CARIEE010000177.1,Adapter,2182,2202,2230,1.0,0.009417040358744395,TruSeq_R2,4,technical_match,0.000504044116857616
GCA_948993095.1,CARIEE010000235.1,Adapter,1811,1831,1854,1.0,0.011326860841423949,TruSeq_R2,4,technical_match,0.02068438380174692
GCA_948993095.1,CARIEE010000253.1,Adapter,1743,1763,1771,1.0,0.011857707509881422,TruSeq_R2,4,technical_match,0.010200049995308269
GCA_948993095.1,CARIEE010000294.1,Adapter,8,28,1615,1.0,0.013003095975232198,TruSeq_R2,4,technical_match,0.031099893186173122
GCA_948993095.1,CARIEE010000301.1,Adapter,22,42,1581,1.0,0.013282732447817837,TruSeq_R2,4,technical_match,0.014747172295367539
GCA_948993095.1,CARIEE010000361.1,Adapter,1,21,1173,1.0,0.017902813299232736,TruSeq,4,technical_match,0.041931319578240256
GCA_948993095.1,CARIEE010000373.1,Adapter,2,22,1109,1.0,0.018935978358881875,TruSeq,4,technical_match,0.012296240549569126
GCA_948996125.1,CARIPT010000002.1,Adapter,16896,16916,19231,1.0,0.0010919868961572462,TruSeq_R2,4,technical_match,0.0070728245966312775
GCA_948996125.1,CARIPT010000003.1,Adapter,689,709,18797,1.0,0.0011171995531201787,TruSeq,4,technical_match,0.023761280603572132
GCA_948996125.1,CARIPT010000003.1,Adapter,18757,18777,18797,1.0,0.0011171995531201787,TruSeq,4,technical_match,0.023761280603572132
GCA_948996125.1,CARIPT010000004.1,Adapter,10929,10949,17844,1.0,0.0011768661735036988,TruSeq_R2,4,technical_match,0.005681178906329742
GCA_948996125.1,CARIPT010000005.1,Adapter,2387,2407,16204,1.0,0.0012959763021476178,TruSeq,4,technical_match,0.0081307585894837
GCA_948996125.1,CARIPT010000005.1,Adapter,4389,4409,16204,1.0,0.0012959763021476178,TruSeq_R2,4,technical_match,0.0081307585894837
GCA_948996125.1,CARIPT010000007.1,Adapter,10,30,14000,1.0,0.0015,TruSeq_R2,4,technical_match,0.0070925451254732486
GCA_948996125.1,CARIPT010000008.1,Adapter,10710,10730,13493,1.0,0.001556362558363596,TruSeq_R2,4,technical_match,0.004205012098446814
GCA_948996125.1,CARIPT010000009.1,Adapter,11,31,12862,1.0,0.0016327165293111491,TruSeq,4,technical_match,0.007763352789248168
GCA_948996125.1,CARIPT010000009.1,Adapter,3357,3377,12862,1.0,0.0016327165293111491,TruSeq_R2,4,technical_match,0.007763352789248168
GCA_948996125.1,CARIPT010000009.1,Adapter,12832,12852,12862,1.0,0.0016327165293111491,TruSeq_R2,4,technical_match,0.007763352789248168
GCA_948996125.1,CARIPT010000010.1,Adapter,5,25,12098,1.0,0.0017358241031575467,TruSeq,4,technical_match,0.013194028341710573
GCA_948996125.1,CARIPT010000010.1,Adapter,5466,5486,12098,1.0,0.0017358241031575467,TruSeq,4,technical_match,0.013194028341710573
GCA_948996125.1,CARIPT010000010.1,Adapter,6048,6068,12098,1.0,0.0017358241031575467,TruSeq,4,technical_match,0.013194028341710573
GCA_948996125.1,CARIPT010000011.1,Adapter,676,696,12079,1.0,0.0017385545161023263,TruSeq_R2,4,technical_match,0.009399666030152132
GCA_948996125.1,CARIPT010000011.1,Adapter,5427,5447,12079,1.0,0.0017385545161023263,TruSeq_R2,4,technical_match,0.009399666030152132
GCA_948996125.1,CARIPT010000013.1,Adapter,2680,2700,11272,1.0,0.0018630234208658622,TruSeq,4,technical_match,0.0013206184220397321
GCA_948996125.1,CARIPT010000014.1,Adapter,3373,3393,11062,1.0,0.001898390887723739,TruSeq,4,technical_match,0.010259509897228458
GCA_948996125.1,CARIPT010000014.1,Adapter,6339,6359,11062,1.0,0.001898390887723739,TruSeq,4,technical_match,0.010259509897228458
GCA_948996125.1,CARIPT010000016.1,Adapter,10713,10733,10733,1.0,0.001956582502562191,TruSeq,4,technical_match,0.006332752230396643
GCA_948996125.1,CARIPT010000017.1,Adapter,10590,10610,10623,1.0,0.001976842699802316,TruSeq,4,technical_match,0.00189083993054584
GCA_948996125.1,CARIPT010000020.1,Adapter,27,47,9952,1.0,0.0021101286173633442,TruSeq,4,technical_match,0.0126047851041442
GCA_948996125.1,CARIPT010000022.1,Adapter,7330,7350,9927,1.0,0.0021154427319431852,TruSeq,4,technical_match,0.010729465606530375
GCA_948996125.1,CARIPT010000023.1,Adapter,9718,9738,9749,1.0,0.002154067083803467,TruSeq_R2,4,technical_match,0.020467752318936938
GCA_948996125.1,CARIPT010000025.1,Adapter,4135,4155,9553,1.0,0.002198262325970899,TruSeq,4,technical_match,0.018989545656921736
GCA_948996125.1,CARIPT010000025.1,Adapter,9531,9551,9553,1.0,0.002198262325970899,TruSeq_R2,4,technical_match,0.018989545656921736
GCA_948996125.1,CARIPT010000028.1,Adapter,7095,7115,9215,1.0,0.002278893109061313,TruSeq_R2,4,technical_match,0.008031181447355096
GCA_948996125.1,CARIPT010000030.1,Adapter,1128,1148,8848,1.0,0.0023734177215189874,TruSeq,4,technical_match,0.009112999523816223
GCA_948996125.1,CARIPT010000032.1,Adapter,29,49,8704,1.0,0.002412683823529412,TruSeq,4,technical_match,0.01610331193219594
GCA_948996125.1,CARIPT010000033.1,Adapter,16,36,8389,1.0,0.002503278102276791,TruSeq_R2,4,technical_match,0.0008506461861391146
GCA_948996125.1,CARIPT010000034.1,Adapter,4341,4361,8274,1.0,0.0025380710659898475,TruSeq_R2,4,technical_match,0.011782299294385679
GCA_948996125.1,CARIPT010000035.1,Adapter,3554,3574,8062,1.0,0.002604812701562888,TruSeq_R2,4,technical_match,0.00776900317452317
GCA_948996125.1,CARIPT010000035.1,Adapter,8036,8056,8062,1.0,0.002604812701562888,TruSeq,4,technical_match,0.00776900317452317
GCA_948996125.1,CARIPT010000038.1,Adapter,12,32,7911,1.0,0.0026545316647705727,TruSeq,4,technical_match,0.002167078499841879
GCA_948996125.1,CARIPT010000038.1,Adapter,6307,6327,7911,1.0,0.0026545316647705727,TruSeq,4,technical_match,0.002167078499841879
GCA_948996125.1,CARIPT010000042.1,Adapter,3350,3370,7500,1.0,0.0028,TruSeq,4,technical_match,0.009981730706247638
GCA_948996125.1,CARIPT010000047.1,Adapter,6425,6445,6815,1.0,0.0030814380044020544,TruSeq,4,technical_match,0.003244046906483
GCA_948996125.1,CARIPT010000048.1,Adapter,2466,2486,6810,1.0,0.0030837004405286344,TruSeq,4,technical_match,0.013336026303098159
GCA_948996125.1,CARIPT010000050.1,Adapter,5,25,6646,1.0,0.0031597953656334636,TruSeq_R2,4,technical_match,0.026395739821073017
GCA_948996125.1,CARIPT010000050.1,Adapter,5805,5825,6646,1.0,0.0031597953656334636,TruSeq,4,technical_match,0.026395739821073017
GCA_948996125.1,CARIPT010000050.1,Adapter,6621,6641,6646,1.0,0.0031597953656334636,TruSeq_R2,4,technical_match,0.026395739821073017
GCA_948996125.1,CARIPT010000052.1,Adapter,6572,6592,6597,1.0,0.0031832651205093224,TruSeq,4,technical_match,0.006566053551160245
GCA_948996125.1,CARIPT010000053.1,Adapter,9,29,6595,1.0,0.003184230477634572,TruSeq_R2,4,technical_match,0.019503245872792674
GCA_948996125.1,CARIPT010000054.1,Adapter,12,32,6530,1.0,0.003215926493108729,TruSeq_R2,4,technical_match,0.017286093512570044
GCA_948996125.1,CARIPT010000054.1,Adapter,5184,5204,6530,1.0,0.003215926493108729,TruSeq,4,technical_match,0.017286093512570044
GCA_948996125.1,CARIPT010000057.1,Adapter,1,21,6395,1.0,0.0032838154808444097,TruSeq,4,technical_match,0.005049431085486666
GCA_948996125.1,CARIPT010000057.1,Adapter,6370,6390,6395,1.0,0.0032838154808444097,TruSeq,4,technical_match,0.005049431085486666
GCA_948996125.1,CARIPT010000058.1,Adapter,6335,6355,6382,1.0,0.0032905045440300845,TruSeq,4,technical_match,0.007407450590960318
GCA_948996125.1,CARIPT010000061.1,Adapter,14,34,6316,1.0,0.003324889170360988,TruSeq_R2,4,technical_match,0.021648115783803212
GCA_948996125.1,CARIPT010000061.1,Adapter,414,434,6316,1.0,0.003324889170360988,TruSeq,4,technical_match,0.021648115783803212
GCA_948996125.1,CARIPT010000064.1,Adapter,5940,5960,6152,1.0,0.0034135240572171653,TruSeq,4,technical_match,0.009649322611494093
GCA_948996125.1,CARIPT010000067.1,Adapter,20,40,5919,1.0,0.0035478966041561076,TruSeq_R2,4,technical_match,0.008011647185003912
GCA_948996125.1,CARIPT010000068.1,Adapter,24,44,5916,1.0,0.0035496957403651115,TruSeq,4,technical_match,0.003645041986286568
GCA_948996125.1,CARIPT010000068.1,Adapter,5881,5901,5916,1.0,0.0035496957403651115,TruSeq_R2,4,technical_match,0.003645041986286568
GCA_948996125.1,CARIPT010000069.1,Adapter,5853,5873,5895,1.0,0.0035623409669211198,TruSeq_R2,4,technical_match,0.005311387390608768
GCA_948996125.1,CARIPT010000074.1,Adapter,2032,2052,5736,1.0,0.0036610878661087866,TruSeq,4,technical_match,0.009837521632521162
GCA_948996125.1,CARIPT010000075.1,Adapter,11,31,5662,1.0,0.0037089367714588485,TruSeq,4,technical_match,0.01906771795688067
GCA_948996125.1,CARIPT010000076.1,Adapter,27,47,5652,1.0,0.0037154989384288748,TruSeq,4,technical_match,0.013564009145324407
GCA_948996125.1,CARIPT010000077.1,Adapter,2632,2652,5645,1.0,0.003720106288751107,TruSeq,4,technical_match,0.016375084808012974
GCA_948996125.1,CARIPT010000078.1,Adapter,5597,5617,5644,1.0,0.0037207654145995747,TruSeq_R2,4,technical_match,0.011813333583103824
GCA_948996125.1,CARIPT010000079.1,Adapter,17,37,5622,1.0,0.003735325506937033,TruSeq,4,technical_match,0.008165268565638206
GCA_948996125.1,CARIPT010000081.1,Adapter,26,46,5573,1.0,0.0037681679526287456,TruSeq,4,technical_match,0.005170765222890006
GCA_948996125.1,CARIPT010000082.1,Adapter,30,50,5554,1.0,0.003781058696435002,TruSeq,4,technical_match,0.010158752234892487
GCA_948996125.1,CARIPT010000083.1,Adapter,12,32,5547,1.0,0.0037858301784748512,TruSeq,4,technical_match,0.010326291311210656
GCA_948996125.1,CARIPT010000086.1,Adapter,7,27,5423,1.0,0.0038723953531255764,TruSeq_R2,4,technical_match,0.002132817746948401
GCA_948996125.1,CARIPT010000087.1,Adapter,16,36,5418,1.0,0.003875968992248062,TruSeq,4,technical_match,0.027063381980925505
GCA_948996125.1,CARIPT010000090.1,Adapter,258,278,5346,1.0,0.003928170594837262,TruSeq_R2,4,technical_match,0.019115248059720424
GCA_948996125.1,CARIPT010000090.1,Adapter,5307,5327,5346,1.0,0.003928170594837262,TruSeq_R2,4,technical_match,0.019115248059720424
GCA_948996125.1,CARIPT010000091.1,Adapter,11,31,5235,1.0,0.0040114613180515755,TruSeq_R2,4,technical_match,0.008314691400251095
GCA_948996125.1,CARIPT010000092.1,Adapter,5197,5217,5232,1.0,0.0040137614678899085,TruSeq_R2,4,technical_match,0.011982138903634365
GCA_948996125.1,CARIPT010000095.1,Adapter,27,47,5076,1.0,0.004137115839243499,TruSeq,4,technical_match,0.006626018422877522
GCA_948996125.1,CARIPT010000095.1,Adapter,5055,5075,5076,1.0,0.004137115839243499,TruSeq_R2,4,technical_match,0.006626018422877522
GCA_948996125.1,CARIPT010000096.1,Adapter,5017,5037,5066,1.0,0.0041452822739834186,TruSeq,4,technical_match,0.021149733190572728
GCA_948996125.1,CARIPT010000099.1,Adapter,3389,3409,4847,1.0,0.004332576851660821,TruSeq_R2,4,technical_match,0.0249821461178239
GCA_948996125.1,CARIPT010000099.1,Adapter,4811,4831,4847,1.0,0.004332576851660821,TruSeq,4,technical_match,0.0249821461178239
GCA_948996125.1,CARIPT010000100.1,Adapter,2670,2690,4844,1.0,0.004335260115606936,TruSeq_R2,4,technical_match,0.002050785838753233
GCA_948996125.1,CARIPT010000103.1,Adapter,19,39,4798,1.0,0.004376823676531888,TruSeq_R2,4,technical_match,0.0017183897705728146
GCA_948996125.1,CARIPT010000105.1,Adapter,242,262,4692,1.0,0.004475703324808184,TruSeq,4,technical_match,0.0306000160510691
GCA_948996125.1,CARIPT010000107.1,Adapter,28,48,4659,1.0,0.004507405022537025,TruSeq_R2,4,technical_match,0.004423706972875141
GCA_948996125.1,CARIPT010000111.1,Adapter,4439,4459,4487,1.0,0.0046801872074883,TruSeq_R2,4,technical_match,0.0022829841814133167
GCA_948996125.1,CARIPT010000114.1,Adapter,3944,3964,4316,1.0,0.004865616311399444,TruSeq_R2,4,technical_match,0.008867875229646827
GCA_948996125.1,CARIPT010000115.1,Adapter,4232,4252,4279,1.0,0.004907688712315962,TruSeq,4,technical_match,0.006064467527683359
GCA_948996125.1,CARIPT010000117.1,Adapter,17,37,4172,1.0,0.0050335570469798654,TruSeq,4,technical_match,0.008912295844552831
GCA_948996125.1,CARIPT010000117.1,Adapter,4145,4165,4172,1.0,0.0050335570469798654,TruSeq_R2,4,technical_match,0.008912295844552831
GCA_948996125.1,CARIPT010000120.1,Adapter,4068,4088,4115,1.0,0.005103280680437424,TruSeq_R2,4,technical_match,0.04468949010030404
GCA_948996125.1,CARIPT010000124.1,Adapter,26,46,4021,1.0,0.005222581447401144,TruSeq_R2,4,technical_match,0.00018921617389761058
GCA_948996125.1,CARIPT010000127.1,Adapter,3942,3962,3975,1.0,0.005283018867924529,TruSeq,4,technical_match,0.01210961120875853
GCA_948996125.1,CARIPT010000128.1,Adapter,3597,3617,3952,1.0,0.005313765182186235,TruSeq_R2,4,technical_match,0.033979119030915106
GCA_948996125.1,CARIPT010000129.1,Adapter,29,49,3951,1.0,0.005315110098709187,TruSeq_R2,4,technical_match,0.0031019083582740636
GCA_948996125.1,CARIPT010000136.1,Adapter,3754,3774,3801,1.0,0.0055248618784530384,TruSeq,4,technical_match,0.0038512257466241095
GCA_948996125.1,CARIPT010000138.1,Adapter,30,50,3745,1.0,0.005607476635514018,TruSeq_R2,4,technical_match,0.00838957382652522
GCA_948996125.1,CARIPT010000139.1,Adapter,3690,3710,3732,1.0,0.005627009646302251,TruSeq_R2,4,technical_match,0.0182518296883043
GCA_948996125.1,CARIPT010000143.1,Adapter,3564,3584,3590,1.0,0.00584958217270195,TruSeq_R2,4,technical_match,0.0350212630719004
GCA_948996125.1,CARIPT010000145.1,Adapter,20,40,3573,1.0,0.005877413937867338,TruSeq,4,technical_match,0.022414050440061395
GCA_948996125.1,CARIPT010000146.1,Adapter,3550,3570,3571,1.0,0.005880705684682162,TruSeq_R2,4,technical_match,0.0011486259075467187
GCA_948996125.1,CARIPT010000148.1,Adapter,10,30,3537,1.0,0.005937234944868533,TruSeq_R2,4,technical_match,0.004049908123850199
GCA_948996125.1,CARIPT010000148.1,Adapter,3509,3529,3537,1.0,0.005937234944868533,TruSeq_R2,4,technical_match,0.004049908123850199
GCA_948996125.1,CARIPT010000150.1,Adapter,3443,3463,3467,1.0,0.006057109893279493,TruSeq,4,technical_match,0.006091305446864426
GCA_948996125.1,CARIPT010000153.1,Adapter,3222,3242,3431,1.0,0.0061206645292917515,TruSeq,4,technical_match,0.0029451229200035955
GCA_948996125.1,CARIPT010000155.1,Adapter,3353,3373,3401,1.0,0.006174654513378418,TruSeq,4,technical_match,0.03949696399387331
GCA_948996125.1,CARIPT010000161.1,Adapter,641,661,3247,1.0,0.006467508469356329,TruSeq,4,technical_match,0.043613309501659314
GCA_948996125.1,CARIPT010000161.1,Adapter,3212,3232,3247,1.0,0.006467508469356329,TruSeq,4,technical_match,0.043613309501659314
GCA_948996125.1,CARIPT010000163.1,Adapter,1306,1326,3228,1.0,0.006505576208178439,TruSeq,4,technical_match,0.010125957937653807
GCA_948996125.1,CARIPT010000163.1,Adapter,3204,3224,3228,1.0,0.006505576208178439,TruSeq_R2,4,technical_match,0.010125957937653807
GCA_948996125.1,CARIPT010000165.1,Adapter,6,26,3185,1.0,0.006593406593406593,TruSeq,4,technical_match,0.02127166209587683
GCA_948996125.1,CARIPT010000170.1,Adapter,3041,3061,3087,1.0,0.006802721088435374,TruSeq_R2,4,technical_match,0.004997307030235154
GCA_948996125.1,CARIPT010000173.1,Adapter,2964,2984,3013,1.0,0.0069697975439761035,TruSeq_R2,4,technical_match,0.022974720941792814
GCA_948996125.1,CARIPT010000175.1,Adapter,2919,2939,2968,1.0,0.007075471698113208,TruSeq,4,technical_match,0.02240610716563185
GCA_948996125.1,CARIPT010000178.1,Adapter,950,970,2955,1.0,0.007106598984771574,TruSeq,4,technical_match,0.01115115318408133
GCA_948996125.1,CARIPT010000178.1,Adapter,2621,2641,2955,1.0,0.007106598984771574,TruSeq_R2,4,technical_match,0.01115115318408133
GCA_948996125.1,CARIPT010000180.1,Adapter,18,38,2911,1.0,0.007214015802129852,TruSeq,4,technical_match,0.02361351682360835
GCA_948996125.1,CARIPT010000185.1,Adapter,1,21,2776,1.0,0.007564841498559078,TruSeq,4,technical_match,0.008612636025173703
GCA_948996125.1,CARIPT010000186.1,Adapter,16,36,2776,1.0,0.007564841498559078,TruSeq_R2,4,technical_match,0.018177524862175998
GCA_948996125.1,CARIPT010000187.1,Adapter,2717,2737,2741,1.0,0.007661437431594309,TruSeq_R2,4,technical_match,0.0015797554618230958
GCA_948996125.1,CARIPT010000189.1,Adapter,5,25,2736,1.0,0.007675438596491228,TruSeq_R2,4,technical_match,0.0025840086948810126
GCA_948996125.1,CARIPT010000189.1,Adapter,1251,1271,2736,1.0,0.007675438596491228,TruSeq,4,technical_match,0.0025840086948810126
GCA_948996125.1,CARIPT010000190.1,Adapter,8,28,2735,1.0,0.007678244972577696,TruSeq,4,technical_match,0.0021630494824840807
GCA_948996125.1,CARIPT010000191.1,Adapter,27,47,2732,1.0,0.0076866764275256225,TruSeq,4,technical_match,0.017198380724720297
GCA_948996125.1,CARIPT010000192.1,Adapter,15,35,2731,1.0,0.007689491028927133,TruSeq,4,technical_match,0.0034105866591866985
GCA_948996125.1,CARIPT010000196.1,Adapter,27,47,2674,1.0,0.007853403141361256,TruSeq_R2,4,technical_match,0.012942725588005966
GCA_948996125.1,CARIPT010000197.1,Adapter,2621,2641,2646,1.0,0.007936507936507936,TruSeq,4,technical_match,0.010119850944065645
GCA_948996125.1,CARIPT010000199.1,Adapter,2580,2600,2622,1.0,0.008009153318077803,TruSeq_R2,4,technical_match,0.0001478940644362714
GCA_948996125.1,CARIPT010000200.1,Adapter,1742,1762,2603,1.0,0.008067614291202459,TruSeq_R2,4,technical_match,0.006315201004216564
GCA_948996125.1,CARIPT010000202.1,Adapter,2556,2576,2593,1.0,0.008098727342846125,TruSeq_R2,4,technical_match,0.02019873359195279
GCA_948996125.1,CARIPT010000203.1,Adapter,2552,2572,2583,1.0,0.008130081300813009,TruSeq_R2,4,technical_match,0.014360029400271979
GCA_948996125.1,CARIPT010000205.1,Adapter,2518,2538,2560,1.0,0.008203125,TruSeq_R2,4,technical_match,0.002913973696901828
GCA_948996125.1,CARIPT010000208.1,Adapter,2490,2510,2538,1.0,0.008274231678486997,TruSeq,4,technical_match,0.008399068068267568
GCA_948996125.1,CARIPT010000209.1,Adapter,1007,1027,2520,1.0,0.008333333333333333,TruSeq,4,technical_match,0.023456802382160802
GCA_948996125.1,CARIPT010000210.1,Adapter,1509,1529,2520,1.0,0.008333333333333333,TruSeq,4,technical_match,0.011669359636431509
GCA_948996125.1,CARIPT010000210.1,Adapter,2474,2494,2520,1.0,0.008333333333333333,TruSeq_R2,4,technical_match,0.011669359636431509
GCA_948996125.1,CARIPT010000211.1,Adapter,2265,2285,2486,1.0,0.008447304907481898,TruSeq_R2,4,technical_match,0.011324716830989068
GCA_948996125.1,CARIPT010000215.1,Adapter,6,26,2360,1.0,0.008898305084745763,TruSeq_R2,4,technical_match,0.011663973696901864
GCA_948996125.1,CARIPT010000222.1,Adapter,776,796,2262,1.0,0.009283819628647215,TruSeq,4,technical_match,0.009141771210223304
GCA_948996125.1,CARIPT010000222.1,Adapter,2226,2246,2262,1.0,0.009283819628647215,TruSeq,4,technical_match,0.009141771210223304
GCA_948996125.1,CARIPT010000227.1,Adapter,5,25,2223,1.0,0.009446693657219974,TruSeq,4,technical_match,0.003647779364918058
GCA_948996125.1,CARIPT010000231.1,Adapter,10,30,2202,1.0,0.009536784741144414,TruSeq,4,technical_match,0.027241135792149263
GCA_948996125.1,CARIPT010000231.1,Adapter,2169,2189,2202,1.0,0.009536784741144414,TruSeq_R2,4,technical_match,0.027241135792149263
GCA_948996125.1,CARIPT010000238.1,Adapter,1075,1095,2058,1.0,0.01020408163265306,TruSeq_R2,4,technical_match,0.01834366119690184
GCA_948996125.1,CARIPT010000238.1,Adapter,2027,2047,2058,1.0,0.01020408163265306,TruSeq,4,technical_match,0.01834366119690184
GCA_948996125.1,CARIPT010000241.1,Adapter,1975,1995,2006,1.0,0.010468594217347957,TruSeq,4,technical_match,0.0031694572462537818
GCA_948996125.1,CARIPT010000246.1,Adapter,1917,1937,1945,1.0,0.010796915167095116,TruSeq_R2,4,technical_match,0.006882482694331171
GCA_948996125.1,CARIPT010000247.1,Adapter,1,21,1943,1.0,0.01080802882141019,TruSeq,4,technical_match,0.027814256764323364
GCA_948996125.1,CARIPT010000249.1,Adapter,1902,1922,1922,1.0,0.010926118626430802,TruSeq_R2,4,technical_match,0.009917712047114835
GCA_948996125.1,CARIPT010000250.1,Adapter,1877,1897,1915,1.0,0.010966057441253264,TruSeq,4,technical_match,0.009000788318311748
GCA_948996125.1,CARIPT010000258.1,Adapter,29,49,1866,1.0,0.011254019292604502,TruSeq,4,technical_match,0.014643609281039027
GCA_948996125.1,CARIPT010000259.1,Adapter,1834,1854,1857,1.0,0.011308562197092083,TruSeq,4,technical_match,0.014854705241917843
GCA_948996125.1,CARIPT010000262.1,Adapter,12,32,1823,1.0,0.01151947339550192,TruSeq_R2,4,technical_match,0.0041451321725441415
GCA_948996125.1,CARIPT010000263.1,Adapter,29,49,1798,1.0,0.01167964404894327,TruSeq_R2,4,technical_match,0.012985636981629856
GCA_948996125.1,CARIPT010000264.1,Adapter,1741,1761,1795,1.0,0.0116991643454039,TruSeq,4,technical_match,0.017624976482417176
GCA_948996125.1,CARIPT010000266.1,Adapter,1739,1759,1764,1.0,0.011904761904761904,TruSeq,4,technical_match,0.026281989660413785
GCA_948996125.1,CARIPT010000267.1,Adapter,1535,1555,1755,1.0,0.011965811965811967,TruSeq,4,technical_match,0.02976869105954516
GCA_948996125.1,CARIPT010000267.1,Adapter,1732,1752,1755,1.0,0.011965811965811967,TruSeq_R2,4,technical_match,0.02976869105954516
GCA_948996125.1,CARIPT010000269.1,Adapter,3,23,1725,1.0,0.01217391304347826,TruSeq_R2,4,technical_match,0.02979375225062003
GCA_948996125.1,CARIPT010000275.1,Adapter,586,606,1650,1.0,0.012727272727272728,TruSeq_R2,4,technical_match,0.002761534672511612
GCA_948996125.1,CARIPT010000281.1,Adapter,453,473,1614,1.0,0.013011152416356878,TruSeq_R2,4,technical_match,0.022981414098407482
GCA_948996125.1,CARIPT010000284.1,Adapter,1559,1579,1603,1.0,0.013100436681222707,TruSeq_R2,4,technical_match,0.022574205963066307
GCA_948996125.1,CARIPT010000287.1,Adapter,29,49,1579,1.0,0.013299556681443952,TruSeq_R2,4,technical_match,0.0231522574207777
GCA_948996125.1,CARIPT010000290.1,Adapter,14,34,1568,1.0,0.013392857142857142,TruSeq,4,technical_match,0.012485539807299773
GCA_948996125.1,CARIPT010000291.1,Adapter,17,37,1558,1.0,0.013478818998716302,TruSeq,4,technical_match,0.017039492285126412
GCA_948996125.1,CARIPT010000299.1,Adapter,13,33,1518,1.0,0.01383399209486166,TruSeq_R2,4,technical_match,0.018172537596770066
GCA_948996125.1,CARIPT010000300.1,Adapter,422,442,1512,1.0,0.013888888888888888,TruSeq,4,technical_match,0.012146547423443399
GCA_948996125.1,CARIPT010000303.1,Adapter,12,32,1499,1.0,0.014009339559706471,TruSeq,4,technical_match,0.025233019727588957
GCA_948996125.1,CARIPT010000308.1,Adapter,7,27,1435,1.0,0.014634146341463415,TruSeq_R2,4,technical_match,0.0012806984355778206
GCA_948996125.1,CARIPT010000309.1,Adapter,1401,1421,1426,1.0,0.014726507713884993,TruSeq,4,technical_match,0.034507134297488085
GCA_948996125.1,CARIPT010000312.1,Adapter,4,24,1397,1.0,0.015032211882605583,TruSeq,4,technical_match,0.004520093954596904
GCA_948996125.1,CARIPT010000313.1,Adapter,1330,1350,1374,1.0,0.015283842794759825,TruSeq_R2,4,technical_match,0.03556499261975482
GCA_948996125.1,CARIPT010000314.1,Adapter,14,34,1369,1.0,0.015339663988312637,TruSeq_R2,4,technical_match,0.006203082548532801
GCA_948996125.1,CARIPT010000315.1,Adapter,1322,1342,1356,1.0,0.015486725663716814,TruSeq_R2,4,technical_match,0.0005725282691732003
GCA_948996125.1,CARIPT010000322.1,Adapter,1205,1225,1230,1.0,0.01707317073170732,TruSeq,4,technical_match,0.004758790530740464
GCA_948996125.1,CARIPT010000329.1,Adapter,19,39,1161,1.0,0.01808785529715762,TruSeq,4,technical_match,0.052370261379933725
GCA_948996125.1,CARIPT010000331.1,Adapter,21,41,1143,1.0,0.01837270341207349,TruSeq_R2,4,technical_match,0.027744463635659522
GCA_948996125.1,CARIPT010000333.1,Adapter,15,35,1120,1.0,0.01875,TruSeq,4,technical_match,0.04309254512547328
GCA_948996125.1,CARIPT010000338.1,Adapter,1044,1064,1078,1.0,0.01948051948051948,TruSeq_R2,4,technical_match,0.012937139475639903
GCA_948996125.1,CARIPT010000341.1,Adapter,989,1009,1020,1.0,0.020588235294117647,TruSeq,4,technical_match,0.006317439043436512
GCA_949011645.1,CARKWY010000055.1,Adapter,416,436,2947,1.0,0.007125890736342043,TruSeq_R2,4,technical_match,0.05135091466976288
GCA_949011645.1,CARKWY010000055.1,Adapter,480,500,2947,1.0,0.007125890736342043,TruSeq,4,technical_match,0.05135091466976288
GCA_949011645.1,CARKWY010000094.1,Adapter,701,721,1056,1.0,0.019886363636363636,TruSeq,4,technical_match,0.022669249803166647
GCA_949019015.1,CARLZX010000001.1,Adapter,17038,17058,17070,1.0,0.0012302284710017574,TruSeq_R2,4,technical_match,0.0041851200641436215
GCA_949019015.1,CARLZX010000003.1,Adapter,13607,13627,13657,1.0,0.0015376729882111738,TruSeq,4,technical_match,0.0028163059498648724
GCA_949019015.1,CARLZX010000004.1,Adapter,19,39,13003,1.0,0.0016150119203260785,TruSeq,4,technical_match,0.01896581264034025
GCA_949019015.1,CARLZX010000004.1,Adapter,5389,5409,13003,1.0,0.0016150119203260785,TruSeq,4,technical_match,0.01896581264034025
GCA_949019015.1,CARLZX010000005.1,Adapter,11292,11312,11330,1.0,0.001853486319505737,TruSeq,4,technical_match,0.049084817014124205
GCA_949019015.1,CARLZX010000007.1,Adapter,5375,5395,11026,1.0,0.0019045891529113005,TruSeq_R2,4,technical_match,0.0035124666560079065
GCA_949019015.1,CARLZX010000009.1,Adapter,862,882,10531,1.0,0.0019941126198841515,TruSeq_R2,4,technical_match,0.010168422698347057
GCA_949019015.1,CARLZX010000009.1,Adapter,928,948,10531,1.0,0.0019941126198841515,TruSeq,4,technical_match,0.010168422698347057
GCA_949019015.1,CARLZX010000010.1,Adapter,231,251,9975,1.0,0.002105263157894737,TruSeq,4,technical_match,0.003139672140104466
GCA_949019015.1,CARLZX010000011.1,Adapter,253,273,9643,1.0,0.002177745514881261,TruSeq,4,technical_match,0.014909466024221607
GCA_949019015.1,CARLZX010000011.1,Adapter,6243,6263,9643,1.0,0.002177745514881261,TruSeq,4,technical_match,0.014909466024221607
GCA_949019015.1,CARLZX010000013.1,Adapter,2882,2902,9060,1.0,0.002317880794701987,TruSeq,4,technical_match,0.01160232913359499
GCA_949019015.1,CARLZX010000014.1,Adapter,7898,7918,9047,1.0,0.0023212114513098264,TruSeq_R2,4,technical_match,0.01727406005895804
GCA_949019015.1,CARLZX010000015.1,Adapter,1386,1406,8811,1.0,0.002383384405856316,TruSeq,4,technical_match,0.01008090313807164
GCA_949019015.1,CARLZX010000022.1,Adapter,7001,7021,7371,1.0,0.002849002849002849,TruSeq_R2,4,technical_match,0.008533519768209097
GCA_949019015.1,CARLZX010000023.1,Adapter,7287,7307,7314,1.0,0.002871205906480722,TruSeq_R2,4,technical_match,0.01911374953805095
GCA_949019015.1,CARLZX010000024.1,Adapter,2621,2641,7168,1.0,0.0029296875,TruSeq,4,technical_match,0.011337296773430594
GCA_949019015.1,CARLZX010000024.1,Adapter,3145,3165,7168,1.0,0.0029296875,TruSeq,4,technical_match,0.011337296773430594
GCA_949019015.1,CARLZX010000031.1,Adapter,29,49,6701,1.0,0.0031338606178182363,TruSeq_R2,4,technical_match,0.004130466178392578
GCA_949019015.1,CARLZX010000032.1,Adapter,1004,1024,6573,1.0,0.003194888178913738,TruSeq_R2,4,technical_match,0.009766651070268528
GCA_949019015.1,CARLZX010000032.1,Adapter,1825,1845,6573,1.0,0.003194888178913738,TruSeq,4,technical_match,0.009766651070268528
GCA_949019015.1,CARLZX010000033.1,Adapter,1,21,6379,1.0,0.0032920520457751998,TruSeq_R2,4,technical_match,0.02515233332208905
GCA_949019015.1,CARLZX010000034.1,Adapter,10,30,6361,1.0,0.0033013677094796416,TruSeq,4,technical_match,0.011402376028327554
GCA_949019015.1,CARLZX010000035.1,Adapter,31,51,6284,1.0,0.003341820496499045,TruSeq_R2,4,technical_match,0.004827917963671213
GCA_949019015.1,CARLZX010000038.1,Adapter,2147,2167,6019,1.0,0.0034889516530985216,TruSeq,4,technical_match,0.01733777622164734
GCA_949019015.1,CARLZX010000040.1,Adapter,3798,3818,5961,1.0,0.0035228988424760945,TruSeq_R2,4,technical_match,0.008719731926034258
GCA_949019015.1,CARLZX010000041.1,Adapter,5850,5870,5891,1.0,0.0035647598030894585,TruSeq,4,technical_match,0.005073420473345913
GCA_949019015.1,CARLZX010000042.1,Adapter,5839,5859,5863,1.0,0.0035817840695889476,TruSeq,4,technical_match,0.044827640407686775
GCA_949019015.1,CARLZX010000045.1,Adapter,7,27,5598,1.0,0.0037513397642015005,TruSeq_R2,4,technical_match,0.00012548940153273014
GCA_949019015.1,CARLZX010000049.1,Adapter,1405,1425,5537,1.0,0.0037926675094816687,TruSeq_R2,4,technical_match,0.03121661612084431
GCA_949019015.1,CARLZX010000051.1,Adapter,371,391,5503,1.0,0.003816100308922406,TruSeq_R2,4,technical_match,0.0008302236964391474
GCA_949019015.1,CARLZX010000053.1,Adapter,5399,5419,5433,1.0,0.003865267807840972,TruSeq,4,technical_match,0.01046840788053871
GCA_949019015.1,CARLZX010000054.1,Adapter,2,22,5406,1.0,0.00388457269700333,TruSeq_R2,4,technical_match,0.009258289723829582
GCA_949019015.1,CARLZX010000057.1,Adapter,1874,1894,5241,1.0,0.004006868918145392,TruSeq,4,technical_match,0.002092423409766453
GCA_949019015.1,CARLZX010000060.1,Adapter,19,39,5087,1.0,0.0041281698447021824,TruSeq,4,technical_match,0.022222068942516215
GCA_949019015.1,CARLZX010000063.1,Adapter,2897,2917,4979,1.0,0.004217714400482024,TruSeq_R2,4,technical_match,0.019925747460997234
GCA_949019015.1,CARLZX010000065.1,Adapter,28,48,4958,1.0,0.0042355788624445345,TruSeq,4,technical_match,0.025988738335521233
GCA_949019015.1,CARLZX010000065.1,Adapter,3704,3724,4958,1.0,0.0042355788624445345,TruSeq,4,technical_match,0.025988738335521233
GCA_949019015.1,CARLZX010000070.1,Adapter,13,33,4820,1.0,0.004356846473029046,TruSeq_R2,4,technical_match,0.00418451165100675
GCA_949019015.1,CARLZX010000070.1,Adapter,4799,4819,4820,1.0,0.004356846473029046,TruSeq,4,technical_match,0.00418451165100675
GCA_949019015.1,CARLZX010000071.1,Adapter,4768,4788,4815,1.0,0.004361370716510903,TruSeq,4,technical_match,0.05487000763735128
GCA_949019015.1,CARLZX010000072.1,Adapter,4712,4732,4741,1.0,0.004429445264712086,TruSeq_R2,4,technical_match,0.005262203298251
GCA_949019015.1,CARLZX010000073.1,Adapter,4690,4710,4727,1.0,0.0044425639940765815,TruSeq,4,technical_match,0.029726357865083763
GCA_949019015.1,CARLZX010000074.1,Adapter,28,48,4720,1.0,0.0044491525423728815,TruSeq_R2,4,technical_match,0.0034105778472344195
GCA_949019015.1,CARLZX010000074.1,Adapter,4684,4704,4720,1.0,0.0044491525423728815,TruSeq,4,technical_match,0.0034105778472344195
GCA_949019015.1,CARLZX010000077.1,Adapter,182,202,4628,1.0,0.004537597234226448,TruSeq,4,technical_match,0.03181363020415501
GCA_949019015.1,CARLZX010000082.1,Adapter,12,32,4505,1.0,0.004661487236403996,TruSeq_R2,4,technical_match,0.0073158871167179895
GCA_949019015.1,CARLZX010000086.1,Adapter,23,43,4435,1.0,0.004735062006764375,TruSeq,4,technical_match,0.04040586010890007
GCA_949019015.1,CARLZX010000086.1,Adapter,4390,4410,4435,1.0,0.004735062006764375,TruSeq_R2,4,technical_match,0.04040586010890007
GCA_949019015.1,CARLZX010000087.1,Adapter,18,38,4425,1.0,0.0047457627118644066,TruSeq_R2,4,technical_match,0.009505795379351478
GCA_949019015.1,CARLZX010000089.1,Adapter,4349,4369,4390,1.0,0.004783599088838269,TruSeq_R2,4,technical_match,0.03157657155493343
GCA_949019015.1,CARLZX010000091.1,Adapter,15,35,4350,1.0,0.004827586206896552,TruSeq_R2,4,technical_match,0.009262722415956937
GCA_949019015.1,CARLZX010000091.1,Adapter,2472,2492,4350,1.0,0.004827586206896552,TruSeq_R2,4,technical_match,0.009262722415956937
GCA_949019015.1,CARLZX010000093.1,Adapter,6,26,4322,1.0,0.004858861638130495,TruSeq,4,technical_match,0.017508890828466073
GCA_949019015.1,CARLZX010000096.1,Adapter,760,780,4272,1.0,0.0049157303370786515,TruSeq,4,technical_match,0.03067756194738569
GCA_949019015.1,CARLZX010000096.1,Adapter,4246,4266,4272,1.0,0.0049157303370786515,TruSeq_R2,4,technical_match,0.03067756194738569
GCA_949019015.1,CARLZX010000100.1,Adapter,3596,3616,4183,1.0,0.005020320344250538,TruSeq_R2,4,technical_match,0.007266941230627599
GCA_949019015.1,CARLZX010000100.1,Adapter,3968,3988,4183,1.0,0.005020320344250538,TruSeq,4,technical_match,0.007266941230627599
GCA_949019015.1,CARLZX010000101.1,Adapter,4138,4158,4171,1.0,0.005034763845600575,TruSeq,4,technical_match,0.030435567399501373
GCA_949019015.1,CARLZX010000105.1,Adapter,1427,1447,4100,1.0,0.005121951219512195,TruSeq_R2,4,technical_match,0.023379428330123186
GCA_949019015.1,CARLZX010000108.1,Adapter,2,22,4037,1.0,0.005201882586078771,TruSeq,4,technical_match,0.018856688152567302
GCA_949019015.1,CARLZX010000109.1,Adapter,1000,1020,4021,1.0,0.005222581447401144,TruSeq_R2,4,technical_match,0.06303742263551443
GCA_949019015.1,CARLZX010000109.1,Adapter,4000,4020,4021,1.0,0.005222581447401144,TruSeq_R2,4,technical_match,0.06303742263551443
GCA_949019015.1,CARLZX010000110.1,Adapter,970,990,3999,1.0,0.005251312828207052,TruSeq_R2,4,technical_match,0.014122785888562528
GCA_949019015.1,CARLZX010000112.1,Adapter,3934,3954,3980,1.0,0.0052763819095477385,TruSeq,4,technical_match,0.004668954097989841
GCA_949019015.1,CARLZX010000116.1,Adapter,3822,3842,3872,1.0,0.005423553719008265,TruSeq,4,technical_match,0.015509655831386526
GCA_949019015.1,CARLZX010000120.1,Adapter,3741,3761,3775,1.0,0.005562913907284768,TruSeq,4,technical_match,0.020300132156536532
GCA_949019015.1,CARLZX010000124.1,Adapter,930,950,3733,1.0,0.005625502276989017,TruSeq_R2,4,technical_match,0.004871114945766364
GCA_949019015.1,CARLZX010000126.1,Adapter,887,907,3714,1.0,0.005654281098546042,TruSeq,4,technical_match,0.007919847678896308
GCA_949019015.1,CARLZX010000127.1,Adapter,3645,3665,3673,1.0,0.0057173972229784915,TruSeq_R2,4,technical_match,0.010295922949140057
GCA_949019015.1,CARLZX010000130.1,Adapter,5,25,3628,1.0,0.005788313120176406,TruSeq_R2,4,technical_match,0.009231086063407667
GCA_949019015.1,CARLZX010000134.1,Adapter,16,36,3604,1.0,0.005826859045504994,TruSeq,4,technical_match,0.030948689845646526
GCA_949019015.1,CARLZX010000135.1,Adapter,3552,3572,3573,1.0,0.005877413937867338,TruSeq,4,technical_match,0.026331422611843736
GCA_949019015.1,CARLZX010000137.1,Adapter,1648,1668,3543,1.0,0.0059271803556308214,TruSeq,4,technical_match,0.019208969844742296
GCA_949019015.1,CARLZX010000138.1,Adapter,3492,3512,3532,1.0,0.00594563986409966,TruSeq,4,technical_match,0.006664489537886231
GCA_949019015.1,CARLZX010000143.1,Adapter,3103,3123,3421,1.0,0.006138555977784273,TruSeq,4,technical_match,0.015644833914046308
GCA_949019015.1,CARLZX010000144.1,Adapter,3378,3398,3412,1.0,0.00615474794841735,TruSeq_R2,4,technical_match,0.004214937693021892
GCA_949019015.1,CARLZX010000150.1,Adapter,3327,3347,3352,1.0,0.0062649164677804296,TruSeq,4,technical_match,0.013925621918724373
GCA_949019015.1,CARLZX010000151.1,Adapter,8,28,3337,1.0,0.006293077614623914,TruSeq,4,technical_match,0.028146897279072436
GCA_949019015.1,CARLZX010000152.1,Adapter,2872,2892,3326,1.0,0.006313890559230307,TruSeq_R2,4,technical_match,0.04111923890291502
GCA_949019015.1,CARLZX010000153.1,Adapter,30,50,3317,1.0,0.006331022007838408,TruSeq_R2,4,technical_match,0.045696540361133964
GCA_949019015.1,CARLZX010000154.1,Adapter,2715,2735,3264,1.0,0.006433823529411764,TruSeq_R2,4,technical_match,0.020480667720814527
GCA_949019015.1,CARLZX010000155.1,Adapter,21,41,3251,1.0,0.0064595509074131035,TruSeq_R2,4,technical_match,0.013447014400708723
GCA_949019015.1,CARLZX010000156.1,Adapter,1815,1835,3241,1.0,0.0064794816414686825,TruSeq_R2,4,technical_match,0.011971946909286546
GCA_949019015.1,CARLZX010000161.1,Adapter,1,21,3150,1.0,0.006666666666666667,TruSeq,4,technical_match,0.0024280633417252395
GCA_949019015.1,CARLZX010000162.1,Adapter,13,33,3125,1.0,0.00672,TruSeq_R2,4,technical_match,0.01815341366019657
GCA_949019015.1,CARLZX010000162.1,Adapter,3076,3096,3125,1.0,0.00672,TruSeq,4,technical_match,0.01815341366019657
GCA_949019015.1,CARLZX010000163.1,Adapter,3085,3105,3112,1.0,0.006748071979434447,TruSeq,4,technical_match,0.013789745591898883
GCA_949019015.1,CARLZX010000164.1,Adapter,16,36,3112,1.0,0.006748071979434447,TruSeq_R2,4,technical_match,0.008421385822339034
GCA_949019015.1,CARLZX010000165.1,Adapter,3044,3064,3091,1.0,0.006793917825946296,TruSeq,4,technical_match,0.030852552046694404
GCA_949019015.1,CARLZX010000169.1,Adapter,3009,3029,3034,1.0,0.006921555702043507,TruSeq,4,technical_match,0.010988173641390764
GCA_949019015.1,CARLZX010000170.1,Adapter,5,25,3031,1.0,0.006928406466512702,TruSeq_R2,4,technical_match,0.028067799625108858
GCA_949019015.1,CARLZX010000170.1,Adapter,1467,1487,3031,1.0,0.006928406466512702,TruSeq,4,technical_match,0.028067799625108858
GCA_949019015.1,CARLZX010000172.1,Adapter,10,30,3027,1.0,0.006937561942517344,TruSeq_R2,4,technical_match,0.04468097021823092
GCA_949019015.1,CARLZX010000173.1,Adapter,2997,3017,3025,1.0,0.006942148760330578,TruSeq_R2,4,technical_match,0.01748823923236542
GCA_949019015.1,CARLZX010000174.1,Adapter,2998,3018,3021,1.0,0.006951340615690168,TruSeq_R2,4,technical_match,0.019461377910444833
GCA_949019015.1,CARLZX010000181.1,Adapter,11,31,2912,1.0,0.007211538461538462,TruSeq,4,technical_match,0.03582409594827374
GCA_949019015.1,CARLZX010000181.1,Adapter,2488,2508,2912,1.0,0.007211538461538462,TruSeq,4,technical_match,0.03582409594827374
GCA_949019015.1,CARLZX010000182.1,Adapter,2875,2895,2903,1.0,0.007233895969686531,TruSeq_R2,4,technical_match,0.008082946303792693
GCA_949019015.1,CARLZX010000183.1,Adapter,10,30,2903,1.0,0.007233895969686531,TruSeq_R2,4,technical_match,0.03455765443520614
GCA_949019015.1,CARLZX010000183.1,Adapter,1542,1562,2903,1.0,0.007233895969686531,TruSeq,4,technical_match,0.03455765443520614
GCA_949019015.1,CARLZX010000184.1,Adapter,2848,2868,2883,1.0,0.007284079084287201,TruSeq,4,technical_match,0.013610276939872823
GCA_949019015.1,CARLZX010000190.1,Adapter,2795,2815,2825,1.0,0.007433628318584071,TruSeq,4,technical_match,0.001474196959272478
GCA_949019015.1,CARLZX010000191.1,Adapter,1766,1786,2807,1.0,0.007481296758104738,TruSeq_R2,4,technical_match,0.0047555888424848924
GCA_949019015.1,CARLZX010000192.1,Adapter,2767,2787,2798,1.0,0.007505360972122945,TruSeq_R2,4,technical_match,0.011070431943806303
GCA_949019015.1,CARLZX010000193.1,Adapter,33,53,2790,1.0,0.007526881720430108,TruSeq_R2,4,technical_match,0.01771126312256216
GCA_949019015.1,CARLZX010000205.1,Adapter,18,38,2659,1.0,0.007897705904475368,TruSeq,4,technical_match,0.016834944210698144
GCA_949019015.1,CARLZX010000205.1,Adapter,279,299,2659,1.0,0.007897705904475368,TruSeq_R2,4,technical_match,0.016834944210698144
GCA_949019015.1,CARLZX010000206.1,Adapter,5,25,2658,1.0,0.007900677200902935,TruSeq_R2,4,technical_match,0.02794838238242142
GCA_949019015.1,CARLZX010000207.1,Adapter,1535,1555,2651,1.0,0.007921539041870993,TruSeq,4,technical_match,0.026961860857031783
GCA_949019015.1,CARLZX010000208.1,Adapter,2176,2196,2644,1.0,0.00794251134644478,TruSeq_R2,4,technical_match,0.00323064980294524
GCA_949019015.1,CARLZX010000214.1,Adapter,255,275,2587,1.0,0.008117510630073444,TruSeq_R2,4,technical_match,0.027586469925368062
GCA_949019015.1,CARLZX010000215.1,Adapter,1,21,2566,1.0,0.00818394388152767,TruSeq_R2,4,technical_match,0.022669371942307337
GCA_949019015.1,CARLZX010000222.1,Adapter,4,24,2447,1.0,0.00858193706579485,TruSeq,4,technical_match,0.008382131905802614
GCA_949019015.1,CARLZX010000228.1,Adapter,1081,1101,2425,1.0,0.00865979381443299,TruSeq,4,technical_match,0.014098092749223468
GCA_949019015.1,CARLZX010000231.1,Adapter,573,593,2404,1.0,0.008735440931780365,TruSeq_R2,4,technical_match,0.017169118358183133
GCA_949019015.1,CARLZX010000231.1,Adapter,1475,1495,2404,1.0,0.008735440931780365,TruSeq,4,technical_match,0.017169118358183133
GCA_949019015.1,CARLZX010000231.1,Adapter,2364,2384,2404,1.0,0.008735440931780365,TruSeq,4,technical_match,0.017169118358183133
GCA_949019015.1,CARLZX010000232.1,Adapter,2344,2364,2393,1.0,0.008775595486836606,TruSeq,4,technical_match,0.03223234480198478
GCA_949019015.1,CARLZX010000237.1,Adapter,2309,2329,2351,1.0,0.00893236920459379,TruSeq,4,technical_match,0.0026058516110550323
GCA_949019015.1,CARLZX010000238.1,Adapter,2300,2320,2328,1.0,0.00902061855670103,TruSeq,4,technical_match,0.013463218642208952
GCA_949019015.1,CARLZX010000240.1,Adapter,12,32,2307,1.0,0.009102730819245773,TruSeq,4,technical_match,0.001649347773763965
GCA_949019015.1,CARLZX010000244.1,Adapter,30,50,2294,1.0,0.009154315605928508,TruSeq_R2,4,technical_match,0.024166098109637768
GCA_949019015.1,CARLZX010000245.1,Adapter,1524,1544,2278,1.0,0.009218612818261633,TruSeq,4,technical_match,0.02842529315999831
GCA_949019015.1,CARLZX010000248.1,Adapter,11,31,2260,1.0,0.009292035398230088,TruSeq,4,technical_match,0.0067578581046410235
GCA_949019015.1,CARLZX010000252.1,Adapter,25,45,2236,1.0,0.009391771019677997,TruSeq_R2,4,technical_match,0.02744329474767465
GCA_949019015.1,CARLZX010000252.1,Adapter,2188,2208,2236,1.0,0.009391771019677997,TruSeq_R2,4,technical_match,0.02744329474767465
GCA_949019015.1,CARLZX010000253.1,Adapter,7,27,2229,1.0,0.009421265141318977,TruSeq_R2,4,technical_match,0.0010554504479937665
GCA_949019015.1,CARLZX010000255.1,Adapter,26,46,2217,1.0,0.009472259810554804,TruSeq,4,technical_match,0.03588775909577996
GCA_949019015.1,CARLZX010000256.1,Adapter,843,863,2204,1.0,0.009528130671506351,TruSeq,4,technical_match,0.015009858509786367
GCA_949019015.1,CARLZX010000257.1,Adapter,2172,2192,2201,1.0,0.009541117673784643,TruSeq_R2,4,technical_match,0.023527567711907005
GCA_949019015.1,CARLZX010000258.1,Adapter,2153,2173,2200,1.0,0.009545454545454546,TruSeq_R2,4,technical_match,0.04277749543071252
GCA_949019015.1,CARLZX010000259.1,Adapter,22,42,2186,1.0,0.00960658737419945,TruSeq,4,technical_match,0.009917144436784209
GCA_949019015.1,CARLZX010000259.1,Adapter,2164,2184,2186,1.0,0.00960658737419945,TruSeq_R2,4,technical_match,0.009917144436784209
GCA_949019015.1,CARLZX010000262.1,Adapter,22,42,2164,1.0,0.009704251386321626,TruSeq_R2,4,technical_match,0.028839789682421846
GCA_949019015.1,CARLZX010000265.1,Adapter,2087,2107,2119,1.0,0.009910335063709298,TruSeq,4,technical_match,0.03706553867581097
GCA_949019015.1,CARLZX010000267.1,Adapter,2073,2093,2093,1.0,0.010033444816053512,TruSeq,4,technical_match,0.004287613373526733
GCA_949019015.1,CARLZX010000271.1,Adapter,1107,1127,2069,1.0,0.01014983083615273,TruSeq,4,technical_match,0.005886683474334742
GCA_949019015.1,CARLZX010000273.1,Adapter,5,25,2031,1.0,0.0103397341211226,TruSeq_R2,4,technical_match,0.013913075753885173
GCA_949019015.1,CARLZX010000276.1,Adapter,1984,2004,2011,1.0,0.0104425658876181,TruSeq_R2,4,technical_match,0.012517171047449593
GCA_949019015.1,CARLZX010000279.1,Adapter,1961,1981,1994,1.0,0.01053159478435306,TruSeq,4,technical_match,0.0023414979129548485
GCA_949019015.1,CARLZX010000280.1,Adapter,182,202,1968,1.0,0.010670731707317074,TruSeq,4,technical_match,0.011118341791613418
GCA_949019015.1,CARLZX010000281.1,Adapter,1661,1681,1956,1.0,0.010736196319018405,TruSeq_R2,4,technical_match,0.019524201961591714
GCA_949019015.1,CARLZX010000282.1,Adapter,29,49,1952,1.0,0.010758196721311475,TruSeq,4,technical_match,0.050735766667672266
GCA_949019015.1,CARLZX010000285.1,Adapter,1904,1924,1931,1.0,0.010875194199896427,TruSeq_R2,4,technical_match,0.005805274523041359
GCA_949019015.1,CARLZX010000287.1,Adapter,734,754,1921,1.0,0.010931806350858927,TruSeq_R2,4,technical_match,0.024288365513011168
GCA_949019015.1,CARLZX010000287.1,Adapter,1876,1896,1921,1.0,0.010931806350858927,TruSeq,4,technical_match,0.024288365513011168
GCA_949019015.1,CARLZX010000291.1,Adapter,1881,1901,1907,1.0,0.01101206082852648,TruSeq,4,technical_match,0.002117314556348393
GCA_949019015.1,CARLZX010000297.1,Adapter,1806,1826,1852,1.0,0.011339092872570195,TruSeq_R2,4,technical_match,0.019617949297345616
GCA_949019015.1,CARLZX010000300.1,Adapter,498,518,1821,1.0,0.011532125205930808,TruSeq,4,technical_match,0.041439209200101634
GCA_949019015.1,CARLZX010000306.1,Adapter,23,43,1783,1.0,0.011777902411665733,TruSeq_R2,4,technical_match,0.07000382308251851
GCA_949019015.1,CARLZX010000310.1,Adapter,1189,1209,1760,1.0,0.011931818181818182,TruSeq,4,technical_match,0.014313413660196561
GCA_949019015.1,CARLZX010000311.1,Adapter,1729,1749,1760,1.0,0.011931818181818182,TruSeq_R2,4,technical_match,0.009170556517339445
GCA_949019015.1,CARLZX010000312.1,Adapter,20,40,1757,1.0,0.01195219123505976,TruSeq,4,technical_match,0.013777638044855989
GCA_949019015.1,CARLZX010000313.1,Adapter,29,49,1745,1.0,0.012034383954154728,TruSeq_R2,4,technical_match,0.01259148547525013
GCA_949019015.1,CARLZX010000322.1,Adapter,1657,1677,1705,1.0,0.012316715542521995,TruSeq_R2,4,technical_match,0.04612060393511136
GCA_949019015.1,CARLZX010000324.1,Adapter,28,48,1671,1.0,0.012567324955116697,TruSeq_R2,4,technical_match,0.033949901719815434
GCA_949019015.1,CARLZX010000324.1,Adapter,1636,1656,1671,1.0,0.012567324955116697,TruSeq,4,technical_match,0.033949901719815434
GCA_949019015.1,CARLZX010000326.1,Adapter,787,807,1668,1.0,0.012589928057553957,TruSeq,4,technical_match,0.010873124154768321
GCA_949019015.1,CARLZX010000327.1,Adapter,1628,1648,1665,1.0,0.012612612612612612,TruSeq,4,technical_match,0.013025925679142791
GCA_949019015.1,CARLZX010000330.1,Adapter,21,41,1659,1.0,0.012658227848101266,TruSeq_R2,4,technical_match,0.012871581231022333
GCA_949019015.1,CARLZX010000334.1,Adapter,1564,1584,1606,1.0,0.013075965130759652,TruSeq,4,technical_match,0.04300083582707076
GCA_949019015.1,CARLZX010000335.1,Adapter,1567,1587,1595,1.0,0.013166144200626959,TruSeq_R2,4,technical_match,0.007818115854553942
GCA_949019015.1,CARLZX010000344.1,Adapter,14,34,1547,1.0,0.013574660633484163,TruSeq_R2,4,technical_match,0.026378475468914864
GCA_949019015.1,CARLZX010000345.1,Adapter,19,39,1540,1.0,0.013636363636363636,TruSeq_R2,4,technical_match,0.04251775517097228
GCA_949019015.1,CARLZX010000347.1,Adapter,1505,1525,1532,1.0,0.01370757180156658,TruSeq_R2,4,technical_match,0.009848466235364783
GCA_949019015.1,CARLZX010000349.1,Adapter,13,33,1525,1.0,0.01377049180327869,TruSeq_R2,4,technical_match,0.002378987430688373
GCA_949019015.1,CARLZX010000350.1,Adapter,18,38,1522,1.0,0.013797634691195795,TruSeq_R2,4,technical_match,0.017509208666766862
GCA_949019015.1,CARLZX010000354.1,Adapter,24,44,1500,1.0,0.014,TruSeq,4,technical_match,0.023351015870004765
GCA_949019015.1,CARLZX010000355.1,Adapter,16,36,1464,1.0,0.014344262295081968,TruSeq_R2,4,technical_match,0.013167460656743346
GCA_949019015.1,CARLZX010000356.1,Adapter,570,590,1459,1.0,0.01439342015078821,TruSeq,4,technical_match,0.03600542691951358
GCA_949019015.1,CARLZX010000357.1,Adapter,715,735,1452,1.0,0.014462809917355372,TruSeq_R2,4,technical_match,0.003844620317616787
GCA_949019015.1,CARLZX010000362.1,Adapter,5,25,1423,1.0,0.014757554462403373,TruSeq_R2,4,technical_match,0.06441040924914987
GCA_949019015.1,CARLZX010000370.1,Adapter,1350,1370,1389,1.0,0.01511879049676026,TruSeq_R2,4,technical_match,0.03869738547587254
GCA_949019015.1,CARLZX010000373.1,Adapter,1331,1351,1375,1.0,0.015272727272727273,TruSeq_R2,4,technical_match,0.023767959114742
GCA_949019015.1,CARLZX010000374.1,Adapter,1347,1367,1367,1.0,0.015362106803218726,TruSeq_R2,4,technical_match,0.008098344164951476
GCA_949019015.1,CARLZX010000384.1,Adapter,898,918,1333,1.0,0.015753938484621154,TruSeq,4,technical_match,0.03423080402687828
GCA_949019015.1,CARLZX010000386.1,Adapter,1295,1315,1323,1.0,0.015873015873015872,TruSeq_R2,4,technical_match,0.010043351267996936
GCA_949019015.1,CARLZX010000395.1,Adapter,1227,1247,1259,1.0,0.016679904686258934,TruSeq_R2,4,technical_match,0.042086031754672126
GCA_949019015.1,CARLZX010000396.1,Adapter,613,633,1258,1.0,0.016693163751987282,TruSeq_R2,4,technical_match,0.02262751622429915
GCA_949019015.1,CARLZX010000397.1,Adapter,24,44,1229,1.0,0.01708706265256306,TruSeq,4,technical_match,0.04227893784509229
GCA_949019015.1,CARLZX010000402.1,Adapter,1159,1179,1206,1.0,0.017412935323383085,TruSeq_R2,4,technical_match,0.016140981033004098
GCA_949019015.1,CARLZX010000403.1,Adapter,13,33,1205,1.0,0.017427385892116183,TruSeq,4,technical_match,0.0014874162153221127
GCA_949019015.1,CARLZX010000405.1,Adapter,1165,1185,1188,1.0,0.017676767676767676,TruSeq_R2,4,technical_match,0.015437428090645189
GCA_949019015.1,CARLZX010000406.1,Adapter,1145,1165,1183,1.0,0.01775147928994083,TruSeq_R2,4,technical_match,0.005892841622981815
GCA_949019015.1,CARLZX010000407.1,Adapter,687,707,1182,1.0,0.017766497461928935,TruSeq_R2,4,technical_match,0.002184879855161803
GCA_949019015.1,CARLZX010000408.1,Adapter,14,34,1177,1.0,0.01784197111299915,TruSeq,4,technical_match,0.020330596535215517
GCA_949019015.1,CARLZX010000408.1,Adapter,1144,1164,1177,1.0,0.01784197111299915,TruSeq_R2,4,technical_match,0.020330596535215517
GCA_949019015.1,CARLZX010000412.1,Adapter,3,23,1144,1.0,0.018356643356643356,TruSeq,4,technical_match,0.007602670255887345
GCA_949019015.1,CARLZX010000417.1,Adapter,1074,1094,1124,1.0,0.018683274021352312,TruSeq,4,technical_match,0.01759455245023217
GCA_949019015.1,CARLZX010000420.1,Adapter,1061,1081,1109,1.0,0.018935978358881875,TruSeq,4,technical_match,0.0016966417936501443
GCA_949019015.1,CARLZX010000421.1,Adapter,1057,1077,1095,1.0,0.019178082191780823,TruSeq_R2,4,technical_match,0.02802448588318246
GCA_949019015.1,CARLZX010000422.1,Adapter,1,21,1046,1.0,0.020076481835564052,TruSeq_R2,4,technical_match,0.023590984045348373
GCA_949019015.1,CARLZX010000424.1,Adapter,1016,1036,1038,1.0,0.02023121387283237,TruSeq,4,technical_match,0.04266539173479378
GCA_949019015.1,CARLZX010000428.1,Adapter,982,1002,1010,1.0,0.020792079207920793,TruSeq_R2,4,technical_match,0.045125294848315345
GCA_949019015.1,CARLZX010000429.1,Adapter,24,44,1006,1.0,0.020874751491053677,TruSeq_R2,4,technical_match,0.006688574411373993
GCA_949026995.1,CARNES010000004.1,Adapter,7337,7357,7363,1.0,0.002852098329485264,TruSeq,4,technical_match,0.009915696754028203
GCA_949026995.1,CARNES010000005.1,Adapter,1461,1481,7125,1.0,0.0029473684210526317,TruSeq,4,technical_match,0.008164749153627138
GCA_949026995.1,CARNES010000005.1,Adapter,5748,5768,7125,1.0,0.0029473684210526317,TruSeq_R2,4,technical_match,0.008164749153627138
GCA_949026995.1,CARNES010000006.1,Adapter,6967,6987,7010,1.0,0.0029957203994293866,TruSeq_R2,4,technical_match,0.01285423398072666
GCA_949026995.1,CARNES010000007.1,Adapter,5844,5864,6928,1.0,0.0030311778290993074,TruSeq_R2,4,technical_match,0.0033029890473161294
GCA_949026995.1,CARNES010000008.1,Adapter,237,257,6827,1.0,0.0030760216786289733,TruSeq,4,technical_match,0.010802593551125339
GCA_949026995.1,CARNES010000008.1,Adapter,282,302,6827,1.0,0.0030760216786289733,TruSeq_R2,4,technical_match,0.010802593551125339
GCA_949026995.1,CARNES010000011.1,Adapter,2478,2498,5882,1.0,0.0035702142128527714,TruSeq,4,technical_match,0.02816760157027981
GCA_949026995.1,CARNES010000016.1,Adapter,1635,1655,5391,1.0,0.0038953811908736783,TruSeq,4,technical_match,0.009816554443326908
GCA_949026995.1,CARNES010000016.1,Adapter,3355,3375,5391,1.0,0.0038953811908736783,TruSeq,4,technical_match,0.009816554443326908
GCA_949026995.1,CARNES010000020.1,Adapter,5,25,5198,1.0,0.004040015390534821,TruSeq,4,technical_match,0.009006096915771977
GCA_949026995.1,CARNES010000027.1,Adapter,7,27,4760,1.0,0.004411764705882353,TruSeq_R2,4,technical_match,0.027935239703483883
GCA_949026995.1,CARNES010000027.1,Adapter,2632,2652,4760,1.0,0.004411764705882353,TruSeq_R2,4,technical_match,0.027935239703483883
GCA_949026995.1,CARNES010000030.1,Adapter,6,26,4572,1.0,0.004593175853018373,TruSeq,4,technical_match,0.0039480407349338775
GCA_949026995.1,CARNES010000032.1,Adapter,4363,4383,4409,1.0,0.004762984803810388,TruSeq,4,technical_match,0.028916008704689522
GCA_949026995.1,CARNES010000034.1,Adapter,2937,2957,4298,1.0,0.004885993485342019,TruSeq,4,technical_match,0.00984454992946976
GCA_949026995.1,CARNES010000046.1,Adapter,3235,3255,3720,1.0,0.00564516129032258,TruSeq,4,technical_match,0.009072989738949877
GCA_949026995.1,CARNES010000054.1,Adapter,3445,3465,3488,1.0,0.006020642201834863,TruSeq_R2,4,technical_match,0.04201707801742394
GCA_949026995.1,CARNES010000065.1,Adapter,13,33,3271,1.0,0.0064200550290431065,TruSeq,4,technical_match,0.016994436150731596
GCA_949026995.1,CARNES010000067.1,Adapter,3,23,3223,1.0,0.006515668631709587,TruSeq,4,technical_match,0.058012964139456835
GCA_949026995.1,CARNES010000067.1,Adapter,1318,1338,3223,1.0,0.006515668631709587,TruSeq,4,technical_match,0.058012964139456835
GCA_949026995.1,CARNES010000068.1,Adapter,776,796,3223,1.0,0.006515668631709587,TruSeq_R2,4,technical_match,0.0006609776585287386
GCA_949026995.1,CARNES010000070.1,Adapter,4,24,3182,1.0,0.006599622878692646,TruSeq_R2,4,technical_match,0.026782355039995265
GCA_949026995.1,CARNES010000084.1,Adapter,17,37,2982,1.0,0.007042253521126761,TruSeq,4,technical_match,0.011850662062197537
GCA_949026995.1,CARNES010000090.1,Adapter,2869,2889,2916,1.0,0.00720164609053498,TruSeq_R2,4,technical_match,0.01370955202750379
GCA_949026995.1,CARNES010000091.1,Adapter,4,24,2914,1.0,0.007206588881262869,TruSeq,4,technical_match,0.009955683374645252
GCA_949026995.1,CARNES010000092.1,Adapter,4,24,2872,1.0,0.007311977715877437,TruSeq_R2,4,technical_match,0.016114910479301414
GCA_949026995.1,CARNES010000097.1,Adapter,577,597,2820,1.0,0.007446808510638298,TruSeq_R2,4,technical_match,0.022516155688911688
GCA_949026995.1,CARNES010000101.1,Adapter,2397,2417,2777,1.0,0.007562117392870004,TruSeq,4,technical_match,0.027404168621369462
GCA_949026995.1,CARNES010000103.1,Adapter,25,45,2729,1.0,0.007695126419934042,TruSeq_R2,4,technical_match,0.0360153153047259
GCA_949026995.1,CARNES010000107.1,Adapter,6,26,2710,1.0,0.007749077490774908,TruSeq_R2,4,technical_match,0.03191327457113258
GCA_949026995.1,CARNES010000135.1,Adapter,2394,2414,2433,1.0,0.008631319358816275,TruSeq_R2,4,technical_match,0.012194554572588556
GCA_949026995.1,CARNES010000139.1,Adapter,1584,1604,2395,1.0,0.008768267223382045,TruSeq,4,technical_match,0.0015326581968632125
GCA_949026995.1,CARNES010000154.1,Adapter,2272,2292,2292,1.0,0.009162303664921465,TruSeq_R2,4,technical_match,0.020749605460809117
GCA_949026995.1,CARNES010000155.1,Adapter,2254,2274,2290,1.0,0.009170305676855894,TruSeq,4,technical_match,0.030224368639360677
GCA_949026995.1,CARNES010000156.1,Adapter,11,31,2274,1.0,0.009234828496042216,TruSeq_R2,4,technical_match,0.026386048704785725
GCA_949026995.1,CARNES010000160.1,Adapter,10,30,2248,1.0,0.009341637010676156,TruSeq,4,technical_match,0.013075167270390431
GCA_949026995.1,CARNES010000164.1,Adapter,1608,1628,2213,1.0,0.009489380930863081,TruSeq,4,technical_match,0.02212306969607769
GCA_949026995.1,CARNES010000168.1,Adapter,16,36,2204,1.0,0.009528130671506351,TruSeq,4,technical_match,0.04518635739270488
GCA_949026995.1,CARNES010000171.1,Adapter,8,28,2181,1.0,0.009628610729023384,TruSeq_R2,4,technical_match,0.014384365742903027
GCA_949026995.1,CARNES010000173.1,Adapter,1936,1956,2171,1.0,0.009672961768770152,TruSeq,4,technical_match,0.00022813495249901505
GCA_949026995.1,CARNES010000174.1,Adapter,2139,2159,2168,1.0,0.009686346863468635,TruSeq_R2,4,technical_match,0.013474179303406164
GCA_949026995.1,CARNES010000184.1,Adapter,2003,2023,2050,1.0,0.01024390243902439,TruSeq,4,technical_match,0.019950644068053802
GCA_949026995.1,CARNES010000186.1,Adapter,2004,2024,2045,1.0,0.010268948655256724,TruSeq_R2,4,technical_match,0.04427290538357653
GCA_949026995.1,CARNES010000189.1,Adapter,769,789,2033,1.0,0.010329562223315297,TruSeq_R2,4,technical_match,0.03823674764192886
GCA_949026995.1,CARNES010000195.1,Adapter,8,28,2016,1.0,0.010416666666666666,TruSeq,4,technical_match,0.0023308042698592657
GCA_949026995.1,CARNES010000196.1,Adapter,5,25,2005,1.0,0.010473815461346634,TruSeq_R2,4,technical_match,0.02975175105667982
GCA_949026995.1,CARNES010000199.1,Adapter,29,49,1994,1.0,0.01053159478435306,TruSeq,4,technical_match,0.01636229849685572
GCA_949026995.1,CARNES010000199.1,Adapter,1161,1181,1994,1.0,0.01053159478435306,TruSeq,4,technical_match,0.01636229849685572
GCA_949026995.1,CARNES010000213.1,Adapter,1887,1907,1921,1.0,0.010931806350858927,TruSeq,4,technical_match,0.026648629111412858
GCA_949026995.1,CARNES010000216.1,Adapter,376,396,1896,1.0,0.011075949367088608,TruSeq_R2,4,technical_match,0.01466962604048222
GCA_949026995.1,CARNES010000226.1,Adapter,1821,1841,1841,1.0,0.011406844106463879,TruSeq,4,technical_match,0.04051039910837467
GCA_949026995.1,CARNES010000228.1,Adapter,18,38,1829,1.0,0.011481683980317113,TruSeq,4,technical_match,0.021675994505603646
GCA_949026995.1,CARNES010000241.1,Adapter,993,1013,1789,1.0,0.011738401341531582,TruSeq,4,technical_match,0.02571518704232001
GCA_949026995.1,CARNES010000247.1,Adapter,16,36,1752,1.0,0.011986301369863013,TruSeq_R2,4,technical_match,0.019540146220911436
GCA_949026995.1,CARNES010000253.1,Adapter,527,547,1732,1.0,0.01212471131639723,TruSeq,4,technical_match,0.01194250343484976
GCA_949026995.1,CARNES010000255.1,Adapter,27,47,1727,1.0,0.012159814707585408,TruSeq,4,technical_match,0.024201353743650844
GCA_949026995.1,CARNES010000256.1,Adapter,1704,1724,1727,1.0,0.012159814707585408,TruSeq_R2,4,technical_match,0.012856307661672894
GCA_949026995.1,CARNES010000259.1,Adapter,12,32,1724,1.0,0.012180974477958236,TruSeq,4,technical_match,0.027970920095079066
GCA_949026995.1,CARNES010000263.1,Adapter,1677,1697,1719,1.0,0.012216404886561954,TruSeq,4,technical_match,0.013041635710954569
GCA_949026995.1,CARNES010000266.1,Adapter,29,49,1709,1.0,0.012287887653598596,TruSeq,4,technical_match,0.0005742533647706827
GCA_949026995.1,CARNES010000266.1,Adapter,559,579,1709,1.0,0.012287887653598596,TruSeq_R2,4,technical_match,0.0005742533647706827
GCA_949026995.1,CARNES010000271.1,Adapter,24,44,1697,1.0,0.012374779021803181,TruSeq_R2,4,technical_match,0.021585954587334644
GCA_949026995.1,CARNES010000279.1,Adapter,1608,1628,1651,1.0,0.012719563900666263,TruSeq,4,technical_match,0.0167853783754211
GCA_949026995.1,CARNES010000292.1,Adapter,1591,1611,1623,1.0,0.012939001848428836,TruSeq_R2,4,technical_match,0.02581181654299486
GCA_949026995.1,CARNES010000297.1,Adapter,21,41,1616,1.0,0.012995049504950494,TruSeq,4,technical_match,0.023630914534124803
GCA_949026995.1,CARNES010000303.1,Adapter,8,28,1593,1.0,0.013182674199623353,TruSeq,4,technical_match,0.011756563257189212
GCA_949026995.1,CARNES010000303.1,Adapter,1548,1568,1593,1.0,0.013182674199623353,TruSeq,4,technical_match,0.011756563257189212
GCA_949026995.1,CARNES010000307.1,Adapter,3,23,1583,1.0,0.013265950726468731,TruSeq_R2,4,technical_match,0.023369079211301547
GCA_949026995.1,CARNES010000308.1,Adapter,1548,1568,1582,1.0,0.01327433628318584,TruSeq,4,technical_match,0.023599621897907985
GCA_949026995.1,CARNES010000312.1,Adapter,4,24,1576,1.0,0.0133248730964467,TruSeq_R2,4,technical_match,0.03216895479290938
GCA_949026995.1,CARNES010000321.1,Adapter,29,49,1548,1.0,0.013565891472868217,TruSeq_R2,4,technical_match,0.004210823128013463
GCA_949026995.1,CARNES010000322.1,Adapter,11,31,1546,1.0,0.013583441138421734,TruSeq,4,technical_match,0.0016823589807266615
GCA_949026995.1,CARNES010000322.1,Adapter,393,413,1546,1.0,0.013583441138421734,TruSeq,4,technical_match,0.0016823589807266615
GCA_949026995.1,CARNES010000326.1,Adapter,19,39,1535,1.0,0.013680781758957655,TruSeq,4,technical_match,0.01155944680103227
GCA_949026995.1,CARNES010000338.1,Adapter,1482,1502,1516,1.0,0.013852242744063324,TruSeq,4,technical_match,0.009252650867270173
GCA_949026995.1,CARNES010000350.1,Adapter,22,42,1464,1.0,0.014344262295081968,TruSeq,4,technical_match,0.0034299190247378264
GCA_949026995.1,CARNES010000360.1,Adapter,9,29,1439,1.0,0.014593467685892982,TruSeq,4,technical_match,0.004320887631504067
GCA_949026995.1,CARNES010000365.1,Adapter,1,21,1413,1.0,0.014861995753715499,TruSeq,4,technical_match,0.022829463987803778
GCA_949026995.1,CARNES010000368.1,Adapter,1151,1171,1410,1.0,0.014893617021276596,TruSeq,4,technical_match,0.030002908876416212
GCA_949026995.1,CARNES010000378.1,Adapter,1337,1357,1379,1.0,0.015228426395939087,TruSeq,4,technical_match,0.023124736287583714
GCA_949026995.1,CARNES010000387.1,Adapter,1315,1335,1348,1.0,0.015578635014836795,TruSeq_R2,4,technical_match,0.03045437136051965
GCA_949026995.1,CARNES010000389.1,Adapter,29,49,1342,1.0,0.01564828614008942,TruSeq,4,technical_match,0.010734354607861929
GCA_949026995.1,CARNES010000401.1,Adapter,12,32,1306,1.0,0.016079632465543645,TruSeq_R2,4,technical_match,0.007792978238000792
GCA_949026995.1,CARNES010000408.1,Adapter,1272,1292,1292,1.0,0.016253869969040248,TruSeq_R2,4,technical_match,0.019259650574655562
GCA_949026995.1,CARNES010000421.1,Adapter,1228,1248,1255,1.0,0.016733067729083666,TruSeq,4,technical_match,0.0235401883300303
GCA_949026995.1,CARNES010000422.1,Adapter,803,823,1254,1.0,0.01674641148325359,TruSeq,4,technical_match,0.011133976745999974
GCA_949026995.1,CARNES010000425.1,Adapter,19,39,1250,1.0,0.0168,TruSeq_R2,4,technical_match,0.005273588819436348
GCA_949026995.1,CARNES010000429.1,Adapter,1209,1229,1248,1.0,0.016826923076923076,TruSeq,4,technical_match,0.012950387826880516
GCA_949026995.1,CARNES010000446.1,Adapter,1188,1208,1211,1.0,0.017341040462427744,TruSeq_R2,4,technical_match,0.02474692208863749
GCA_949026995.1,CARNES010000460.1,Adapter,18,38,1155,1.0,0.01818181818181818,TruSeq_R2,4,technical_match,0.034050527924035234
GCA_949026995.1,CARNES010000467.1,Adapter,20,40,1126,1.0,0.018650088809946713,TruSeq,4,technical_match,0.02590041515301794
GCA_949026995.1,CARNES010000488.1,Adapter,1060,1080,1093,1.0,0.0192131747483989,TruSeq_R2,4,technical_match,0.025302216156510293
GCA_949026995.1,CARNES010000493.1,Adapter,1065,1085,1086,1.0,0.019337016574585635,TruSeq_R2,4,technical_match,0.029511692544262558
GCA_949026995.1,CARNES010000509.1,Adapter,4,24,1058,1.0,0.01984877126654064,TruSeq_R2,4,technical_match,0.006739338798101291
GCA_949026995.1,CARNES010000509.1,Adapter,1038,1058,1058,1.0,0.01984877126654064,TruSeq,4,technical_match,0.006739338798101291
GCA_949026995.1,CARNES010000513.1,Adapter,28,48,1052,1.0,0.019961977186311788,TruSeq,4,technical_match,0.02385679263524293
GCA_949026995.1,CARNES010000520.1,Adapter,1005,1025,1039,1.0,0.02021174205967276,TruSeq,4,technical_match,0.033340278254066436
GCA_949026995.1,CARNES010000522.1,Adapter,15,35,1035,1.0,0.020289855072463767,TruSeq_R2,4,technical_match,0.017511619677809898
GCA_949026995.1,CARNES010000523.1,Adapter,273,293,1034,1.0,0.020309477756286266,TruSeq_R2,4,technical_match,0.02468482851927334
GCA_949026995.1,CARNES010000532.1,Adapter,984,1004,1018,1.0,0.0206286836935167,TruSeq_R2,4,technical_match,0.031194116102534142
GCA_949026995.1,CARNES010000533.1,Adapter,18,38,1015,1.0,0.020689655172413793,TruSeq,4,technical_match,0.006671967970874437
GCA_949026995.1,CARNES010000535.1,Adapter,987,1007,1014,1.0,0.020710059171597635,TruSeq,4,technical_match,0.013368645703691506
GCA_949026995.1,CARNES010000538.1,Adapter,6,26,1007,1.0,0.020854021847070508,TruSeq,4,technical_match,0.03758767267269936
GCA_949036705.1,CAROOW010000001.1,Adapter,17037,17057,63627,1.0,0.00033004856428874534,TruSeq,4,technical_match,0.007059801772083707
GCA_949036705.1,CAROOW010000001.1,Adapter,42610,42630,63627,1.0,0.00033004856428874534,TruSeq_R2,4,technical_match,0.007059801772083707
GCA_949036705.1,CAROOW010000001.1,Adapter,51620,51640,63627,1.0,0.00033004856428874534,TruSeq,4,technical_match,0.007059801772083707
GCA_949036705.1,CAROOW010000002.1,Adapter,52955,52975,54884,1.0,0.0003826251730923402,TruSeq,4,technical_match,0.005948802307802592
GCA_949036705.1,CAROOW010000002.1,Adapter,54861,54881,54884,1.0,0.0003826251730923402,TruSeq_R2,4,technical_match,0.005948802307802592
GCA_949036705.1,CAROOW010000003.1,Adapter,4628,4648,53554,1.0,0.00039212757217014604,TruSeq_R2,4,technical_match,0.0008382008712198297
GCA_949036705.1,CAROOW010000003.1,Adapter,53509,53529,53554,1.0,0.00039212757217014604,TruSeq,4,technical_match,0.0008382008712198297
GCA_949036705.1,CAROOW010000006.1,Adapter,42265,42285,46968,1.0,0.0004471129279509453,TruSeq_R2,4,technical_match,0.008073102097493567
GCA_949036705.1,CAROOW010000009.1,Adapter,29,49,38592,1.0,0.0005441542288557214,TruSeq_R2,4,technical_match,0.001232043858003018
GCA_949036705.1,CAROOW010000009.1,Adapter,15428,15448,38592,1.0,0.0005441542288557214,TruSeq_R2,4,technical_match,0.001232043858003018
GCA_949036705.1,CAROOW010000010.1,Adapter,35405,35425,35426,1.0,0.0005927849601987241,TruSeq,4,technical_match,0.0037184012426693114
GCA_949036705.1,CAROOW010000013.1,Adapter,3939,3959,32493,1.0,0.000646293047733358,TruSeq,4,technical_match,0.0063817552210025386
GCA_949036705.1,CAROOW010000017.1,Adapter,7693,7713,25378,1.0,0.000827488375758531,TruSeq,4,technical_match,0.006367442352338937
GCA_949036705.1,CAROOW010000017.1,Adapter,18794,18814,25378,1.0,0.000827488375758531,TruSeq,4,technical_match,0.006367442352338937
GCA_949036705.1,CAROOW010000018.1,Adapter,12769,12789,25126,1.0,0.0008357876303430709,TruSeq_R2,4,technical_match,0.003488377520438679
GCA_949036705.1,CAROOW010000021.1,Adapter,20912,20932,21533,1.0,0.0009752472948497655,TruSeq_R2,4,technical_match,0.018179709762070673
GCA_949036705.1,CAROOW010000023.1,Adapter,5164,5184,20931,1.0,0.001003296545793321,TruSeq,4,technical_match,0.001220047493088905
GCA_949036705.1,CAROOW010000025.1,Adapter,867,887,18954,1.0,0.0011079455523899967,TruSeq_R2,4,technical_match,0.005053536535365721
GCA_949036705.1,CAROOW010000029.1,Adapter,9198,9218,16899,1.0,0.0012426770814841115,TruSeq,4,technical_match,0.010825886664926954
GCA_949036705.1,CAROOW010000029.1,Adapter,9259,9279,16899,1.0,0.0012426770814841115,TruSeq,4,technical_match,0.010825886664926954
GCA_949036705.1,CAROOW010000031.1,Adapter,24,44,16355,1.0,0.0012840110058086212,TruSeq_R2,4,technical_match,0.004205290871185041
GCA_949036705.1,CAROOW010000031.1,Adapter,16307,16327,16355,1.0,0.0012840110058086212,TruSeq,4,technical_match,0.004205290871185041
GCA_949036705.1,CAROOW010000032.1,Adapter,28,48,16192,1.0,0.0012969367588932807,TruSeq_R2,4,technical_match,0.0053040437382788075
GCA_949036705.1,CAROOW010000033.1,Adapter,1465,1485,16116,1.0,0.0013030528667163069,TruSeq_R2,4,technical_match,0.011929624734767108
GCA_949036705.1,CAROOW010000035.1,Adapter,13833,13853,13870,1.0,0.0015140591204037491,TruSeq_R2,4,technical_match,0.002383926415987614
GCA_949036705.1,CAROOW010000036.1,Adapter,29,49,13499,1.0,0.0015556707904289208,TruSeq,4,technical_match,0.0036606871230764892
GCA_949036705.1,CAROOW010000037.1,Adapter,28,48,13148,1.0,0.0015972010952236082,TruSeq_R2,4,technical_match,0.009434768620465328
GCA_949036705.1,CAROOW010000038.1,Adapter,930,950,13062,1.0,0.001607717041800643,TruSeq_R2,4,technical_match,0.0054815157463415365
GCA_949036705.1,CAROOW010000038.1,Adapter,9915,9935,13062,1.0,0.001607717041800643,TruSeq,4,technical_match,0.0054815157463415365
GCA_949036705.1,CAROOW010000039.1,Adapter,7182,7202,12968,1.0,0.0016193707587908697,TruSeq,4,technical_match,0.0048747453005154595
GCA_949036705.1,CAROOW010000040.1,Adapter,3,23,12918,1.0,0.001625638643752903,TruSeq_R2,4,technical_match,0.007810278924525238
GCA_949036705.1,CAROOW010000044.1,Adapter,11477,11497,12013,1.0,0.0017481062182635478,TruSeq_R2,4,technical_match,0.04865701104084591
GCA_949036705.1,CAROOW010000044.1,Adapter,11966,11986,12013,1.0,0.0017481062182635478,TruSeq_R2,4,technical_match,0.04865701104084591
GCA_949036705.1,CAROOW010000047.1,Adapter,5061,5081,11660,1.0,0.0018010291595197256,TruSeq_R2,4,technical_match,0.0038206620315709983
GCA_949036705.1,CAROOW010000048.1,Adapter,24,44,11342,1.0,0.001851525304179157,TruSeq_R2,4,technical_match,0.009677360142298586
GCA_949036705.1,CAROOW010000051.1,Adapter,10612,10632,10969,1.0,0.0019144862795149968,TruSeq,4,technical_match,0.02091426609928676
GCA_949036705.1,CAROOW010000055.1,Adapter,9828,9848,9869,1.0,0.0021278751646570068,TruSeq_R2,4,technical_match,0.008356282378200519
GCA_949036705.1,CAROOW010000056.1,Adapter,9743,9763,9790,1.0,0.0021450459652706845,TruSeq_R2,4,technical_match,0.006098548535517667
GCA_949036705.1,CAROOW010000057.1,Adapter,11,31,8395,1.0,0.002501488981536629,TruSeq_R2,4,technical_match,0.006665809377934262
GCA_949036705.1,CAROOW010000066.1,Adapter,5911,5931,5945,1.0,0.003532380151387721,TruSeq_R2,4,technical_match,0.006547451522959713
GCA_949036705.1,CAROOW010000070.1,Adapter,5302,5322,5343,1.0,0.0039303761931499155,TruSeq,4,technical_match,0.0012499134406095402
GCA_949036705.1,CAROOW010000074.1,Adapter,13,33,4628,1.0,0.004537597234226448,TruSeq,4,technical_match,0.04300913246021737
GCA_949036705.1,CAROOW010000074.1,Adapter,4582,4602,4628,1.0,0.004537597234226448,TruSeq_R2,4,technical_match,0.04300913246021737
GCA_949036705.1,CAROOW010000076.1,Adapter,28,48,4348,1.0,0.004829806807727691,TruSeq,4,technical_match,0.016623601883169026
GCA_949036705.1,CAROOW010000078.1,Adapter,6,26,4226,1.0,0.0049692380501656416,TruSeq_R2,4,technical_match,0.019159723054538613
GCA_949036705.1,CAROOW010000080.1,Adapter,30,50,4188,1.0,0.00501432664756447,TruSeq,4,technical_match,0.017017588043108434
GCA_949036705.1,CAROOW010000080.1,Adapter,2213,2233,4188,1.0,0.00501432664756447,TruSeq,4,technical_match,0.017017588043108434
GCA_949036705.1,CAROOW010000081.1,Adapter,1,21,4107,1.0,0.005113221329437546,TruSeq_R2,4,technical_match,0.004622057931639223
GCA_949036705.1,CAROOW010000081.1,Adapter,4064,4084,4107,1.0,0.005113221329437546,TruSeq,4,technical_match,0.004622057931639223
GCA_949036705.1,CAROOW010000083.1,Adapter,3635,3655,3656,1.0,0.0057439824945295405,TruSeq_R2,4,technical_match,0.007865330769812273
GCA_949036705.1,CAROOW010000086.1,Adapter,14,34,3344,1.0,0.0062799043062200955,TruSeq,4,technical_match,0.012983089608923193
GCA_949036705.1,CAROOW010000088.1,Adapter,973,993,3025,1.0,0.006942148760330578,TruSeq,4,technical_match,0.012068189085324865
GCA_949036705.1,CAROOW010000091.1,Adapter,2581,2601,2609,1.0,0.008049060942889995,TruSeq_R2,4,technical_match,0.0034869735328331153
GCA_949044655.1,CARPTY010000017.1,Adapter,26459,26479,26509,1.0,0.0007921837866385001,TruSeq_R2,4,technical_match,0.008201061145268751
GCA_949045935.1,CARPZI010000317.1,Adapter,1489,1509,1535,1.0,0.013680781758957655,TruSeq_R2,4,technical_match,0.008929142537862478
GCA_949046325.1,CARQAQ010000003.1,Adapter,6727,6747,12990,1.0,0.0016166281755196305,TruSeq,4,technical_match,0.003512675847109903
GCA_949046325.1,CARQAQ010000006.1,Adapter,9647,9667,10486,1.0,0.0020026702269692926,TruSeq_R2,4,technical_match,0.017247222895648784
GCA_949046325.1,CARQAQ010000009.1,Adapter,9193,9213,9219,1.0,0.002277904328018223,TruSeq,4,technical_match,0.005631851317116243
GCA_949046325.1,CARQAQ010000010.1,Adapter,7436,7456,8923,1.0,0.0023534685643841757,TruSeq,4,technical_match,0.00018461695010979495
GCA_949046325.1,CARQAQ010000013.1,Adapter,7839,7859,7862,1.0,0.0026710760620707198,TruSeq,4,technical_match,0.00023684553844272038
GCA_949046325.1,CARQAQ010000022.1,Adapter,7172,7192,7202,1.0,0.002915856706470425,TruSeq,4,technical_match,0.02455759162121307
GCA_949046325.1,CARQAQ010000023.1,Adapter,7081,7101,7102,1.0,0.0029569135454801465,TruSeq_R2,4,technical_match,0.003505795173356918
GCA_949046325.1,CARQAQ010000024.1,Adapter,10,30,6885,1.0,0.0030501089324618735,TruSeq,4,technical_match,0.03158018828840803
GCA_949046325.1,CARQAQ010000026.1,Adapter,11,31,6758,1.0,0.0031074282332050904,TruSeq,4,technical_match,0.023686999295792044
GCA_949046325.1,CARQAQ010000039.1,Adapter,4690,4710,5638,1.0,0.0037247250798155373,TruSeq_R2,4,technical_match,0.010880810449415246
GCA_949046325.1,CARQAQ010000045.1,Adapter,2075,2095,5381,1.0,0.0039026203307935326,TruSeq_R2,4,technical_match,0.011781173376676668
GCA_949046325.1,CARQAQ010000055.1,Adapter,3371,3391,5105,1.0,0.004113614103819784,TruSeq,4,technical_match,0.004534207380209265
GCA_949046325.1,CARQAQ010000061.1,Adapter,2549,2569,4687,1.0,0.004480477917644549,TruSeq,4,technical_match,0.009319072723675714
GCA_949046325.1,CARQAQ010000064.1,Adapter,4540,4560,4588,1.0,0.004577157802964254,TruSeq,4,technical_match,0.008852978967650305
GCA_949046325.1,CARQAQ010000067.1,Adapter,29,49,4416,1.0,0.004755434782608696,TruSeq_R2,4,technical_match,0.011374376407630338
GCA_949046325.1,CARQAQ010000068.1,Adapter,4386,4406,4412,1.0,0.004759746146872167,TruSeq,4,technical_match,0.0005614130473299284
GCA_949046325.1,CARQAQ010000085.1,Adapter,4013,4033,4049,1.0,0.005186465794023216,TruSeq_R2,4,technical_match,0.01763334089771984
GCA_949046325.1,CARQAQ010000090.1,Adapter,28,48,3885,1.0,0.005405405405405406,TruSeq_R2,4,technical_match,0.0027321084238887128
GCA_949046325.1,CARQAQ010000098.1,Adapter,1,21,3715,1.0,0.005652759084791386,TruSeq,4,technical_match,0.0032913347462570353
GCA_949046325.1,CARQAQ010000099.1,Adapter,3672,3692,3695,1.0,0.005683355886332882,TruSeq_R2,4,technical_match,0.004527274398159142
GCA_949046325.1,CARQAQ010000103.1,Adapter,3605,3625,3629,1.0,0.005786718104160926,TruSeq_R2,4,technical_match,0.03660837208738643
GCA_949046325.1,CARQAQ010000108.1,Adapter,3549,3569,3575,1.0,0.005874125874125874,TruSeq,4,technical_match,0.0058799515717318784
GCA_949046325.1,CARQAQ010000114.1,Adapter,3437,3457,3461,1.0,0.006067610517191563,TruSeq_R2,4,technical_match,0.0046411297809925145
GCA_949046325.1,CARQAQ010000115.1,Adapter,14,34,3453,1.0,0.006081668114682885,TruSeq_R2,4,technical_match,0.0030863234745893697
GCA_949046325.1,CARQAQ010000119.1,Adapter,1149,1169,3327,1.0,0.0063119927862939585,TruSeq_R2,4,technical_match,0.0014729785023384068
GCA_949046325.1,CARQAQ010000127.1,Adapter,3205,3225,3253,1.0,0.00645557946510913,TruSeq_R2,4,technical_match,0.00021430054067839155
GCA_949046325.1,CARQAQ010000147.1,Adapter,27,47,2996,1.0,0.007009345794392523,TruSeq,4,technical_match,0.013532036306431516
GCA_949046325.1,CARQAQ010000150.1,Adapter,29,49,2958,1.0,0.007099391480730223,TruSeq,4,technical_match,0.021583153035582392
GCA_949046325.1,CARQAQ010000150.1,Adapter,2932,2952,2958,1.0,0.007099391480730223,TruSeq_R2,4,technical_match,0.021583153035582392
GCA_949046325.1,CARQAQ010000156.1,Adapter,2589,2609,2916,1.0,0.00720164609053498,TruSeq_R2,4,technical_match,0.004480676380302473
GCA_949046325.1,CARQAQ010000157.1,Adapter,16,36,2913,1.0,0.007209062821833162,TruSeq_R2,4,technical_match,0.012207160484492108
GCA_949046325.1,CARQAQ010000172.1,Adapter,2633,2653,2674,1.0,0.007853403141361256,TruSeq_R2,4,technical_match,0.008728267434392922
GCA_949046325.1,CARQAQ010000186.1,Adapter,2430,2450,2460,1.0,0.00853658536585366,TruSeq,4,technical_match,0.02871780839188176
GCA_949046325.1,CARQAQ010000198.1,Adapter,581,601,2329,1.0,0.009016745384285102,TruSeq,4,technical_match,0.02328449160743634
GCA_949046325.1,CARQAQ010000206.1,Adapter,1,21,2248,1.0,0.009341637010676156,TruSeq_R2,4,technical_match,0.014436764777156053
GCA_949046325.1,CARQAQ010000217.1,Adapter,2114,2134,2136,1.0,0.009831460674157303,TruSeq,4,technical_match,0.011612901594427905
GCA_949046325.1,CARQAQ010000218.1,Adapter,2079,2099,2109,1.0,0.00995732574679943,TruSeq_R2,4,technical_match,0.018162576485935722
GCA_949046325.1,CARQAQ010000222.1,Adapter,14,34,2089,1.0,0.010052656773575874,TruSeq,4,technical_match,0.022456558306308882
GCA_949046325.1,CARQAQ010000231.1,Adapter,1979,1999,2005,1.0,0.010473815461346634,TruSeq_R2,4,technical_match,0.010803307517531668
GCA_949046325.1,CARQAQ010000233.1,Adapter,11,31,1989,1.0,0.010558069381598794,TruSeq,4,technical_match,0.015481059245519235
GCA_949046325.1,CARQAQ010000246.1,Adapter,1242,1262,1871,1.0,0.01122394441475147,TruSeq_R2,4,technical_match,0.027528287115822392
GCA_949046325.1,CARQAQ010000248.1,Adapter,1838,1858,1859,1.0,0.011296395911780527,TruSeq,4,technical_match,0.026299531991312297
GCA_949046325.1,CARQAQ010000262.1,Adapter,11,31,1786,1.0,0.011758118701007838,TruSeq,4,technical_match,0.007282155191180695
GCA_949046325.1,CARQAQ010000266.1,Adapter,1732,1752,1775,1.0,0.011830985915492958,TruSeq,4,technical_match,0.008811104925420421
GCA_949046325.1,CARQAQ010000268.1,Adapter,1728,1748,1757,1.0,0.01195219123505976,TruSeq,4,technical_match,0.013423961346817337
GCA_949046325.1,CARQAQ010000271.1,Adapter,1666,1686,1711,1.0,0.012273524254821741,TruSeq,4,technical_match,0.03870151021604201
GCA_949046325.1,CARQAQ010000275.1,Adapter,20,40,1692,1.0,0.012411347517730497,TruSeq_R2,4,technical_match,0.04554270017065065
GCA_949046325.1,CARQAQ010000282.1,Adapter,26,46,1604,1.0,0.013092269326683292,TruSeq_R2,4,technical_match,0.02610442315578504
GCA_949046325.1,CARQAQ010000283.1,Adapter,1561,1581,1598,1.0,0.013141426783479349,TruSeq,4,technical_match,0.029342573087588808
GCA_949046325.1,CARQAQ010000287.1,Adapter,2,22,1583,1.0,0.013265950726468731,TruSeq_R2,4,technical_match,0.03478567629552354
GCA_949046325.1,CARQAQ010000289.1,Adapter,904,924,1568,1.0,0.013392857142857142,TruSeq_R2,4,technical_match,0.016896226695837513
GCA_949047225.1,CARQDZ010000001.1,Adapter,102883,102903,102930,1.0,0.00020402215097639173,TruSeq,4,technical_match,4.640692568652627e-05
GCA_949047225.1,CARQDZ010000003.1,Adapter,7,27,98915,1.0,0.00021230349289794268,TruSeq,4,technical_match,0.01397970389415698
GCA_949047225.1,CARQDZ010000007.1,Adapter,73628,73648,73676,1.0,0.00028503176068190455,TruSeq,4,technical_match,0.0060043943245426945
GCA_949047225.1,CARQDZ010000008.1,Adapter,2902,2922,65629,1.0,0.00031998049642688445,TruSeq,4,technical_match,0.010998303323777214
GCA_949047225.1,CARQDZ010000013.1,Adapter,4,24,58472,1.0,0.0003591462580380353,TruSeq,4,technical_match,0.004319407202104886
GCA_949047225.1,CARQDZ010000021.1,Adapter,21,41,34345,1.0,0.0006114427136409958,TruSeq_R2,4,technical_match,0.0002439251450617741
GCA_949047225.1,CARQDZ010000022.1,Adapter,12935,12955,33997,1.0,0.0006177015619025208,TruSeq_R2,4,technical_match,0.0358834307698378
GCA_949047225.1,CARQDZ010000027.1,Adapter,29275,29295,29314,1.0,0.0007163812512792523,TruSeq,4,technical_match,0.009680871137791147
GCA_949047225.1,CARQDZ010000028.1,Adapter,15347,15367,28044,1.0,0.0007488232777064613,TruSeq,4,technical_match,0.0025121327844288555
GCA_949047225.1,CARQDZ010000034.1,Adapter,20499,20519,20521,1.0,0.0010233419424004679,TruSeq,4,technical_match,0.003106695923242253
GCA_949047225.1,CARQDZ010000035.1,Adapter,1601,1621,17795,1.0,0.0011801067715650464,TruSeq_R2,4,technical_match,0.006204478630173538
GCA_949047225.1,CARQDZ010000037.1,Adapter,9047,9067,16509,1.0,0.0012720334363074686,TruSeq,4,technical_match,0.003113229399021311
GCA_949047225.1,CARQDZ010000037.1,Adapter,9102,9122,16509,1.0,0.0012720334363074686,TruSeq_R2,4,technical_match,0.003113229399021311
GCA_949047225.1,CARQDZ010000044.1,Adapter,9537,9557,9584,1.0,0.002191151919866444,TruSeq,4,technical_match,0.004689331559547427
GCA_949047225.1,CARQDZ010000046.1,Adapter,4211,4231,7029,1.0,0.002987622705932565,TruSeq_R2,4,technical_match,0.018417050931317014
GCA_949050345.1,CARQQB010000010.1,Adapter,7507,7527,51417,1.0,0.0004084252290098606,TruSeq,4,technical_match,0.0135578642833869
GCA_949050345.1,CARQQB010000024.1,Adapter,25818,25838,26497,1.0,0.0007925425519870174,TruSeq_R2,4,technical_match,0.007722320258169879
GCA_949050345.1,CARQQB010000031.1,Adapter,27,47,20925,1.0,0.001003584229390681,TruSeq,4,technical_match,0.00657055865869377
GCA_949050345.1,CARQQB010000031.1,Adapter,20879,20899,20925,1.0,0.001003584229390681,TruSeq,4,technical_match,0.00657055865869377
GCA_949050345.1,CARQQB010000059.1,Adapter,2773,2793,3923,1.0,0.005353046138159572,TruSeq_R2,4,technical_match,0.03812352626567489
GCA_949050345.1,CARQQB010000064.1,Adapter,2542,2562,2587,1.0,0.008117510630073444,TruSeq_R2,4,technical_match,0.016124956879002172
GCA_949052065.1,CARQWO010000027.1,Adapter,12192,12212,12219,1.0,0.001718634912840658,TruSeq_R2,4,technical_match,0.008157564273668372
GCA_949052065.1,CARQWO010000126.1,Adapter,878,898,1231,1.0,0.017059301380991064,TruSeq,4,technical_match,0.05780129153604696
GCA_949052065.1,CARQWO010000131.1,Adapter,8,28,1166,1.0,0.018010291595197257,TruSeq,4,technical_match,0.029344079347050855
GCA_949052065.1,CARQWO010000131.1,Adapter,373,393,1166,1.0,0.018010291595197257,TruSeq,4,technical_match,0.029344079347050855
GCA_949052065.1,CARQWO010000131.1,Adapter,1130,1150,1166,1.0,0.018010291595197257,TruSeq_R2,4,technical_match,0.029344079347050855
GCA_949052065.1,CARQWO010000144.1,Adapter,436,456,1043,1.0,0.020134228187919462,TruSeq_R2,4,technical_match,0.028649569681377773
GCA_949065205.1,CARSWH010000025.1,Adapter,4338,4358,5303,1.0,0.003960022628700735,TruSeq_R2,4,technical_match,0.02841903370514648
GCA_949065205.1,CARSWH010000073.1,Adapter,16,36,3852,1.0,0.005451713395638629,TruSeq_R2,4,technical_match,0.02836220462781508
GCA_949065205.1,CARSWH010000094.1,Adapter,3371,3391,3415,1.0,0.006149341142020498,TruSeq,4,technical_match,0.00918912730372512
GCA_949065205.1,CARSWH010000114.1,Adapter,3217,3237,3238,1.0,0.006485484867201977,TruSeq_R2,4,technical_match,0.037975325026816054
GCA_949065205.1,CARSWH010000133.1,Adapter,2928,2948,2967,1.0,0.007077856420626896,TruSeq_R2,4,technical_match,0.0072811705258744586
GCA_949065205.1,CARSWH010000159.1,Adapter,2718,2738,2740,1.0,0.007664233576642336,TruSeq,4,technical_match,0.009377219768270717
GCA_949065205.1,CARSWH010000160.1,Adapter,2696,2716,2726,1.0,0.007703595011005136,TruSeq,4,technical_match,0.023381133156524847
GCA_949065205.1,CARSWH010000180.1,Adapter,10,30,2558,1.0,0.008209538702111024,TruSeq,4,technical_match,0.01841142189926953
GCA_949065205.1,CARSWH010000185.1,Adapter,5,25,2527,1.0,0.008310249307479225,TruSeq,4,technical_match,0.012974086850177036
GCA_949065205.1,CARSWH010000190.1,Adapter,2430,2450,2478,1.0,0.00847457627118644,TruSeq,4,technical_match,0.008154783496966467
GCA_949065205.1,CARSWH010000207.1,Adapter,2307,2327,2349,1.0,0.008939974457215836,TruSeq,4,technical_match,0.02567550479715397
GCA_949065205.1,CARSWH010000210.1,Adapter,2283,2303,2331,1.0,0.009009009009009009,TruSeq,4,technical_match,0.039387916588106475
GCA_949065205.1,CARSWH010000249.1,Adapter,16,36,2081,1.0,0.010091302258529554,TruSeq_R2,4,technical_match,0.009507000158804513
GCA_949065205.1,CARSWH010000280.1,Adapter,23,43,1906,1.0,0.011017838405036727,TruSeq_R2,4,technical_match,0.024082989485108064
GCA_949065205.1,CARSWH010000312.1,Adapter,1706,1726,1738,1.0,0.012082853855005753,TruSeq_R2,4,technical_match,0.013385751345434904
GCA_949065205.1,CARSWH010000317.1,Adapter,6,26,1731,1.0,0.012131715771230503,TruSeq_R2,4,technical_match,0.025430553776291054
GCA_949065205.1,CARSWH010000336.1,Adapter,1621,1641,1669,1.0,0.012582384661473937,TruSeq_R2,4,technical_match,0.014226231749968676
GCA_949065205.1,CARSWH010000342.1,Adapter,6,26,1654,1.0,0.012696493349455865,TruSeq_R2,4,technical_match,0.0019058387322510306
GCA_949065205.1,CARSWH010000348.1,Adapter,1580,1600,1613,1.0,0.013019218846869188,TruSeq,4,technical_match,0.005290895604654844
GCA_949065205.1,CARSWH010000353.1,Adapter,12,32,1608,1.0,0.013059701492537313,TruSeq,4,technical_match,0.010053582480258227
GCA_949065205.1,CARSWH010000358.1,Adapter,24,44,1594,1.0,0.013174404015056462,TruSeq_R2,4,technical_match,0.030906142108841406
GCA_949065205.1,CARSWH010000367.1,Adapter,1522,1542,1568,1.0,0.013392857142857142,TruSeq,4,technical_match,0.04797304130856567
GCA_949065205.1,CARSWH010000430.1,Adapter,1303,1323,1350,1.0,0.015555555555555555,TruSeq,4,technical_match,0.034351537151347256
GCA_949065205.1,CARSWH010000557.1,Adapter,966,986,1014,1.0,0.020710059171597635,TruSeq_R2,4,technical_match,0.017792255976681437
GCA_949065205.1,CARSWH010000559.1,Adapter,21,41,1007,1.0,0.020854021847070508,TruSeq_R2,4,technical_match,0.04203184904218543
GCA_949068325.1,CARTIH010000001.1,Adapter,39333,39353,64587,1.0,0.00032514283060058527,TruSeq_R2,4,technical_match,0.0008896149388281649
GCA_949068325.1,CARTIH010000001.1,Adapter,40484,40504,64587,1.0,0.00032514283060058527,TruSeq,4,technical_match,0.0008896149388281649
GCA_949068325.1,CARTIH010000002.1,Adapter,1741,1761,48969,1.0,0.00042884273724192856,TruSeq,4,technical_match,0.007157280672828281
GCA_949068325.1,CARTIH010000002.1,Adapter,17592,17612,48969,1.0,0.00042884273724192856,TruSeq_R2,4,technical_match,0.007157280672828281
GCA_949068325.1,CARTIH010000002.1,Adapter,48943,48963,48969,1.0,0.00042884273724192856,TruSeq,4,technical_match,0.007157280672828281
GCA_949068325.1,CARTIH010000004.1,Adapter,18050,18070,44824,1.0,0.0004684990183830091,TruSeq,4,technical_match,0.011363791145749869
GCA_949068325.1,CARTIH010000004.1,Adapter,18090,18110,44824,1.0,0.0004684990183830091,TruSeq,4,technical_match,0.011363791145749869
GCA_949068325.1,CARTIH010000005.1,Adapter,37467,37487,37488,1.0,0.000560179257362356,TruSeq,4,technical_match,0.0056578448275652615
GCA_949068325.1,CARTIH010000006.1,Adapter,12,32,33312,1.0,0.0006304034582132565,TruSeq_R2,4,technical_match,0.0058209162923309465
GCA_949068325.1,CARTIH010000008.1,Adapter,18968,18988,29208,1.0,0.0007189811010682005,TruSeq_R2,4,technical_match,0.01590398303233087
GCA_949068325.1,CARTIH010000009.1,Adapter,10,30,25366,1.0,0.0008278798391547741,TruSeq_R2,4,technical_match,0.00900576066105474
GCA_949068325.1,CARTIH010000009.1,Adapter,11518,11538,25366,1.0,0.0008278798391547741,TruSeq,4,technical_match,0.00900576066105474
GCA_949068325.1,CARTIH010000009.1,Adapter,14040,14060,25366,1.0,0.0008278798391547741,TruSeq_R2,4,technical_match,0.00900576066105474
GCA_949068325.1,CARTIH010000011.1,Adapter,23,43,22196,1.0,0.0009461164173724995,TruSeq,4,technical_match,0.005425365438033569
GCA_949068325.1,CARTIH010000013.1,Adapter,988,1008,20095,1.0,0.001045036078626524,TruSeq_R2,4,technical_match,0.013098464038158064
GCA_949068325.1,CARTIH010000013.1,Adapter,16607,16627,20095,1.0,0.001045036078626524,TruSeq_R2,4,technical_match,0.013098464038158064
GCA_949068325.1,CARTIH010000014.1,Adapter,11691,11711,19306,1.0,0.0010877447425670776,TruSeq_R2,4,technical_match,0.005997488529648265
GCA_949068325.1,CARTIH010000014.1,Adapter,11750,11770,19306,1.0,0.0010877447425670776,TruSeq_R2,4,technical_match,0.005997488529648265
GCA_949068325.1,CARTIH010000014.1,Adapter,19259,19279,19306,1.0,0.0010877447425670776,TruSeq,4,technical_match,0.005997488529648265
GCA_949068325.1,CARTIH010000015.1,Adapter,3580,3600,17999,1.0,0.0011667314850825046,TruSeq_R2,4,technical_match,0.02032578021211534
GCA_949068325.1,CARTIH010000015.1,Adapter,3640,3660,17999,1.0,0.0011667314850825046,TruSeq,4,technical_match,0.02032578021211534
GCA_949068325.1,CARTIH010000016.1,Adapter,15242,15262,17797,1.0,0.001179974152947126,TruSeq_R2,4,technical_match,0.008881873379935235
GCA_949068325.1,CARTIH010000016.1,Adapter,17760,17780,17797,1.0,0.001179974152947126,TruSeq,4,technical_match,0.008881873379935235
GCA_949068325.1,CARTIH010000020.1,Adapter,270,290,14573,1.0,0.001441021066355589,TruSeq_R2,4,technical_match,0.027661820040983887
GCA_949068325.1,CARTIH010000020.1,Adapter,13514,13534,14573,1.0,0.001441021066355589,TruSeq_R2,4,technical_match,0.027661820040983887
GCA_949068325.1,CARTIH010000024.1,Adapter,13308,13328,13331,1.0,0.0015752756732428175,TruSeq,4,technical_match,0.017826399021853567
GCA_949068325.1,CARTIH010000027.1,Adapter,6148,6168,11965,1.0,0.0017551190973673213,TruSeq,4,technical_match,0.021357925172039993
GCA_949068325.1,CARTIH010000028.1,Adapter,3565,3585,11817,1.0,0.001777100787001777,TruSeq_R2,4,technical_match,0.011136565630802953
GCA_949068325.1,CARTIH010000028.1,Adapter,11771,11791,11817,1.0,0.001777100787001777,TruSeq_R2,4,technical_match,0.011136565630802953
GCA_949068325.1,CARTIH010000030.1,Adapter,6630,6650,11493,1.0,0.0018271991647089533,TruSeq_R2,4,technical_match,0.0018624507480762276
GCA_949068325.1,CARTIH010000030.1,Adapter,11456,11476,11493,1.0,0.0018271991647089533,TruSeq,4,technical_match,0.0018624507480762276
GCA_949068325.1,CARTIH010000031.1,Adapter,2322,2342,11435,1.0,0.0018364669873196327,TruSeq,4,technical_match,0.008273755447574693
GCA_949068325.1,CARTIH010000031.1,Adapter,2384,2404,11435,1.0,0.0018364669873196327,TruSeq_R2,4,technical_match,0.008273755447574693
GCA_949068325.1,CARTIH010000031.1,Adapter,11400,11420,11435,1.0,0.0018364669873196327,TruSeq_R2,4,technical_match,0.008273755447574693
GCA_949068325.1,CARTIH010000032.1,Adapter,28,48,11218,1.0,0.0018719914423248351,TruSeq_R2,4,technical_match,0.005594490371925553
GCA_949068325.1,CARTIH010000033.1,Adapter,11178,11198,11198,1.0,0.0018753348812287909,TruSeq_R2,4,technical_match,0.005511041938129235
GCA_949068325.1,CARTIH010000037.1,Adapter,12,32,10876,1.0,0.001930856932695844,TruSeq_R2,4,technical_match,0.003897193366691698
GCA_949068325.1,CARTIH010000039.1,Adapter,5175,5195,10602,1.0,0.0019807583474816073,TruSeq_R2,4,technical_match,0.011488337770497514
GCA_949068325.1,CARTIH010000040.1,Adapter,6797,6817,10444,1.0,0.0020107238605898124,TruSeq_R2,4,technical_match,0.010111170974061112
GCA_949068325.1,CARTIH010000041.1,Adapter,1847,1867,10366,1.0,0.0020258537526529037,TruSeq_R2,4,technical_match,0.010985419929216145
GCA_949068325.1,CARTIH010000043.1,Adapter,10,30,10141,1.0,0.0020708016960851987,TruSeq_R2,4,technical_match,0.0011618491467903502
GCA_949068325.1,CARTIH010000045.1,Adapter,2600,2620,9946,1.0,0.0021114015684697367,TruSeq,4,technical_match,0.003379665482720784
GCA_949068325.1,CARTIH010000045.1,Adapter,9899,9919,9946,1.0,0.0021114015684697367,TruSeq,4,technical_match,0.003379665482720784
GCA_949068325.1,CARTIH010000046.1,Adapter,9439,9459,9488,1.0,0.002213322091062395,TruSeq,4,technical_match,0.016835740356517304
GCA_949068325.1,CARTIH010000049.1,Adapter,9119,9139,9145,1.0,0.0022963367960634226,TruSeq,4,technical_match,0.016789183610472158
GCA_949068325.1,CARTIH010000052.1,Adapter,8474,8494,8507,1.0,0.002468555307393911,TruSeq_R2,4,technical_match,0.01503788430056996
GCA_949068325.1,CARTIH010000057.1,Adapter,6646,6666,7877,1.0,0.002665989589945411,TruSeq_R2,4,technical_match,0.012182955660246075
GCA_949068325.1,CARTIH010000058.1,Adapter,7608,7628,7649,1.0,0.002745456922473526,TruSeq_R2,4,technical_match,0.014137224068948462
GCA_949068325.1,CARTIH010000061.1,Adapter,25,45,7451,1.0,0.00281841363575359,TruSeq_R2,4,technical_match,0.003971209673998166
GCA_949068325.1,CARTIH010000061.1,Adapter,6514,6534,7451,1.0,0.00281841363575359,TruSeq_R2,4,technical_match,0.003971209673998166
GCA_949068325.1,CARTIH010000061.1,Adapter,7421,7441,7451,1.0,0.00281841363575359,TruSeq,4,technical_match,0.003971209673998166
GCA_949068325.1,CARTIH010000065.1,Adapter,1209,1229,7339,1.0,0.0028614252622973157,TruSeq_R2,4,technical_match,0.012636354677826755
GCA_949068325.1,CARTIH010000067.1,Adapter,22,42,7110,1.0,0.002953586497890295,TruSeq,4,technical_match,0.017846408183966767
GCA_949068325.1,CARTIH010000067.1,Adapter,1114,1134,7110,1.0,0.002953586497890295,TruSeq,4,technical_match,0.017846408183966767
GCA_949068325.1,CARTIH010000068.1,Adapter,18,38,6952,1.0,0.0030207134637514382,TruSeq_R2,4,technical_match,0.02019401511438701
GCA_949068325.1,CARTIH010000069.1,Adapter,3496,3516,6942,1.0,0.003025064822817632,TruSeq_R2,4,technical_match,0.015401423714833495
GCA_949068325.1,CARTIH010000070.1,Adapter,30,50,6888,1.0,0.003048780487804878,TruSeq_R2,4,technical_match,0.00891975885711127
GCA_949068325.1,CARTIH010000071.1,Adapter,2031,2051,6879,1.0,0.0030527692978630614,TruSeq,4,technical_match,0.001023792169634663
GCA_949068325.1,CARTIH010000072.1,Adapter,5531,5551,6851,1.0,0.003065245949496424,TruSeq_R2,4,technical_match,0.007469921897089671
GCA_949068325.1,CARTIH010000072.1,Adapter,6577,6597,6851,1.0,0.003065245949496424,TruSeq_R2,4,technical_match,0.007469921897089671
GCA_949068325.1,CARTIH010000073.1,Adapter,26,46,6784,1.0,0.0030955188679245285,TruSeq,4,technical_match,0.011887731596137874
GCA_949068325.1,CARTIH010000075.1,Adapter,1439,1459,6612,1.0,0.003176043557168784,TruSeq,4,technical_match,0.017324349371072245
GCA_949068325.1,CARTIH010000075.1,Adapter,1505,1525,6612,1.0,0.003176043557168784,TruSeq,4,technical_match,0.017324349371072245
GCA_949068325.1,CARTIH010000075.1,Adapter,5272,5292,6612,1.0,0.003176043557168784,TruSeq,4,technical_match,0.017324349371072245
GCA_949068325.1,CARTIH010000075.1,Adapter,6579,6599,6612,1.0,0.003176043557168784,TruSeq_R2,4,technical_match,0.017324349371072245
GCA_949068325.1,CARTIH010000077.1,Adapter,11,31,6346,1.0,0.003309171131421368,TruSeq,4,technical_match,0.00015781450065477376
GCA_949068325.1,CARTIH010000080.1,Adapter,25,45,6028,1.0,0.0034837425348374254,TruSeq_R2,4,technical_match,0.006188698154713568
GCA_949068325.1,CARTIH010000087.1,Adapter,373,393,5267,1.0,0.003987089424719955,TruSeq_R2,4,technical_match,0.017861572404978543
GCA_949068325.1,CARTIH010000088.1,Adapter,14,34,5156,1.0,0.004072924747866563,TruSeq_R2,4,technical_match,0.005647520521295579
GCA_949068325.1,CARTIH010000093.1,Adapter,11,31,4986,1.0,0.00421179302045728,TruSeq,4,technical_match,0.016051749336376597
GCA_949068325.1,CARTIH010000094.1,Adapter,14,34,4952,1.0,0.004240710823909532,TruSeq,4,technical_match,0.025690045126786853
GCA_949068325.1,CARTIH010000097.1,Adapter,4784,4804,4809,1.0,0.004366812227074236,TruSeq,4,technical_match,0.00865617195517493
GCA_949068325.1,CARTIH010000098.1,Adapter,4744,4764,4774,1.0,0.004398826979472141,TruSeq_R2,4,technical_match,0.008428189549058995
GCA_949068325.1,CARTIH010000099.1,Adapter,20,40,4673,1.0,0.0044939011341750485,TruSeq,4,technical_match,0.0017153535699507283
GCA_949068325.1,CARTIH010000099.1,Adapter,4647,4667,4673,1.0,0.0044939011341750485,TruSeq_R2,4,technical_match,0.0017153535699507283
GCA_949068325.1,CARTIH010000101.1,Adapter,7,27,4572,1.0,0.004593175853018373,TruSeq_R2,4,technical_match,0.014356340200440854
GCA_949068325.1,CARTIH010000101.1,Adapter,4543,4563,4572,1.0,0.004593175853018373,TruSeq,4,technical_match,0.014356340200440854
GCA_949068325.1,CARTIH010000103.1,Adapter,4157,4177,4439,1.0,0.004730795224149583,TruSeq_R2,4,technical_match,0.02556766914326508
GCA_949068325.1,CARTIH010000105.1,Adapter,4253,4273,4297,1.0,0.004887130556202001,TruSeq,4,technical_match,0.003019598011056168
GCA_949068325.1,CARTIH010000107.1,Adapter,4173,4193,4215,1.0,0.00498220640569395,TruSeq,4,technical_match,0.01058762416311565
GCA_949068325.1,CARTIH010000108.1,Adapter,4177,4197,4202,1.0,0.004997620180866254,TruSeq,4,technical_match,0.007162608313877994
GCA_949068325.1,CARTIH010000110.1,Adapter,20,40,4195,1.0,0.00500595947556615,TruSeq,4,technical_match,0.00028727507782094763
GCA_949068325.1,CARTIH010000116.1,Adapter,18,38,3972,1.0,0.005287009063444109,TruSeq,4,technical_match,0.012727335236716264
GCA_949068325.1,CARTIH010000117.1,Adapter,32,52,3942,1.0,0.00532724505327245,TruSeq,4,technical_match,0.011055200351058725
GCA_949068325.1,CARTIH010000122.1,Adapter,3783,3803,3817,1.0,0.005501702908042965,TruSeq_R2,4,technical_match,0.027386604562658068
GCA_949068325.1,CARTIH010000125.1,Adapter,3655,3675,3695,1.0,0.005683355886332882,TruSeq_R2,4,technical_match,0.007757022070261521
GCA_949068325.1,CARTIH010000128.1,Adapter,2422,2442,3608,1.0,0.00582039911308204,TruSeq_R2,4,technical_match,0.0031776349072654697
GCA_949068325.1,CARTIH010000128.1,Adapter,3561,3581,3608,1.0,0.00582039911308204,TruSeq_R2,4,technical_match,0.0031776349072654697
GCA_949068325.1,CARTIH010000129.1,Adapter,844,864,3568,1.0,0.005885650224215246,TruSeq_R2,4,technical_match,0.01280432982347024
GCA_949068325.1,CARTIH010000130.1,Adapter,3452,3472,3500,1.0,0.006,TruSeq,4,technical_match,0.00719986948202922
GCA_949068325.1,CARTIH010000132.1,Adapter,15,35,3330,1.0,0.006306306306306306,TruSeq,4,technical_match,0.008794035076194806
GCA_949068325.1,CARTIH010000134.1,Adapter,4,24,3300,1.0,0.006363636363636364,TruSeq,4,technical_match,0.01017675389459416
GCA_949068325.1,CARTIH010000138.1,Adapter,3143,3163,3174,1.0,0.006616257088846881,TruSeq_R2,4,technical_match,0.00432502750984215
GCA_949068325.1,CARTIH010000140.1,Adapter,23,43,3163,1.0,0.006639266519127411,TruSeq,4,technical_match,0.027393147996856104
GCA_949068325.1,CARTIH010000143.1,Adapter,2957,2977,2979,1.0,0.007049345417925478,TruSeq,4,technical_match,0.0074403261732721715
GCA_949068325.1,CARTIH010000148.1,Adapter,1268,1288,2789,1.0,0.007529580494801004,TruSeq_R2,4,technical_match,0.01333301089980543
GCA_949068325.1,CARTIH010000149.1,Adapter,5,25,2728,1.0,0.0076979472140762464,TruSeq,4,technical_match,0.012361504627731945
GCA_949068325.1,CARTIH010000149.1,Adapter,2697,2717,2728,1.0,0.0076979472140762464,TruSeq,4,technical_match,0.012361504627731945
GCA_949068325.1,CARTIH010000151.1,Adapter,25,45,2612,1.0,0.008039816232771823,TruSeq,4,technical_match,0.0018668555234400142
GCA_949068325.1,CARTIH010000152.1,Adapter,2556,2576,2604,1.0,0.008064516129032258,TruSeq,4,technical_match,0.0005789323612887531
GCA_949068325.1,CARTIH010000156.1,Adapter,835,855,2564,1.0,0.008190327613104524,TruSeq_R2,4,technical_match,0.015288469996628196
GCA_949068325.1,CARTIH010000156.1,Adapter,2523,2543,2564,1.0,0.008190327613104524,TruSeq_R2,4,technical_match,0.015288469996628196
GCA_949068325.1,CARTIH010000158.1,Adapter,2443,2463,2490,1.0,0.008433734939759036,TruSeq,4,technical_match,0.009235440336877176
GCA_949068325.1,CARTIH010000161.1,Adapter,507,527,2316,1.0,0.009067357512953367,TruSeq_R2,4,technical_match,0.01104771981036523
GCA_949068325.1,CARTIH010000161.1,Adapter,561,581,2316,1.0,0.009067357512953367,TruSeq_R2,4,technical_match,0.01104771981036523
GCA_949068325.1,CARTIH010000161.1,Adapter,2289,2309,2316,1.0,0.009067357512953367,TruSeq_R2,4,technical_match,0.01104771981036523
GCA_949068325.1,CARTIH010000163.1,Adapter,20,40,2306,1.0,0.009106678230702514,TruSeq_R2,4,technical_match,0.014104058160146482
GCA_949068325.1,CARTIH010000163.1,Adapter,2258,2278,2306,1.0,0.009106678230702514,TruSeq_R2,4,technical_match,0.014104058160146482
GCA_949068325.1,CARTIH010000167.1,Adapter,28,48,2246,1.0,0.009349955476402494,TruSeq,4,technical_match,0.0038228752151340806
GCA_949068325.1,CARTIH010000167.1,Adapter,2212,2232,2246,1.0,0.009349955476402494,TruSeq_R2,4,technical_match,0.0038228752151340806
GCA_949068325.1,CARTIH010000170.1,Adapter,2072,2092,2119,1.0,0.009910335063709298,TruSeq,4,technical_match,0.01933416463472931
GCA_949068325.1,CARTIH010000175.1,Adapter,1756,1776,1802,1.0,0.011653718091009988,TruSeq,4,technical_match,0.0015001707346057325
GCA_949068325.1,CARTIH010000177.1,Adapter,5,25,1739,1.0,0.012075905692926969,TruSeq_R2,4,technical_match,0.005961495468809419
GCA_949068325.1,CARTIH010000181.1,Adapter,15,35,1185,1.0,0.017721518987341773,TruSeq_R2,4,technical_match,0.013701878558959324
GCA_949068325.1,CARTIH010000181.1,Adapter,1137,1157,1185,1.0,0.017721518987341773,TruSeq_R2,4,technical_match,0.013701878558959324
GCA_949068325.1,CARTIH010000182.1,Adapter,1027,1047,1053,1.0,0.019943019943019943,TruSeq_R2,4,technical_match,0.013624506573332973
GCA_949081495.1,CARVGR010000023.1,Adapter,24,44,29854,1.0,0.0007034233268573726,TruSeq_R2,4,technical_match,0.022584325423596452
GCA_949082145.1,CARVJO010000002.1,Adapter,14782,14802,14819,1.0,0.0014170996693434106,TruSeq_R2,4,technical_match,0.006013574529630528
GCA_949082145.1,CARVJO010000005.1,Adapter,7282,7302,10422,1.0,0.0020149683362118594,TruSeq_R2,4,technical_match,0.009233572429790948
GCA_949082145.1,CARVJO010000008.1,Adapter,14,34,9325,1.0,0.00225201072386059,TruSeq,4,technical_match,0.0003632015127549848
GCA_949082145.1,CARVJO010000011.1,Adapter,1745,1765,8579,1.0,0.002447837743326728,TruSeq_R2,4,technical_match,0.012575654330221564
GCA_949082145.1,CARVJO010000011.1,Adapter,6364,6384,8579,1.0,0.002447837743326728,TruSeq,4,technical_match,0.012575654330221564
GCA_949082145.1,CARVJO010000012.1,Adapter,7832,7852,7859,1.0,0.002672095686474106,TruSeq,4,technical_match,0.021855025666029093
GCA_949082145.1,CARVJO010000020.1,Adapter,14,34,6651,1.0,0.0031574199368516014,TruSeq_R2,4,technical_match,0.012110275586154462
GCA_949082145.1,CARVJO010000024.1,Adapter,3753,3773,6331,1.0,0.003317011530563892,TruSeq_R2,4,technical_match,0.025639740562488578
GCA_949082145.1,CARVJO010000027.1,Adapter,2782,2802,6178,1.0,0.003399158303658142,TruSeq,4,technical_match,0.015277431829774868
GCA_949082145.1,CARVJO010000027.1,Adapter,6140,6160,6178,1.0,0.003399158303658142,TruSeq,4,technical_match,0.015277431829774868
GCA_949082145.1,CARVJO010000029.1,Adapter,28,48,6069,1.0,0.0034602076124567475,TruSeq_R2,4,technical_match,0.014880515191299626
GCA_949082145.1,CARVJO010000034.1,Adapter,1278,1298,5942,1.0,0.0035341635812857625,TruSeq,4,technical_match,0.03349803682506591
GCA_949082145.1,CARVJO010000038.1,Adapter,2,22,5831,1.0,0.003601440576230492,TruSeq,4,technical_match,0.038599149375247443
GCA_949082145.1,CARVJO010000038.1,Adapter,5786,5806,5831,1.0,0.003601440576230492,TruSeq_R2,4,technical_match,0.038599149375247443
GCA_949082145.1,CARVJO010000041.1,Adapter,4700,4720,5761,1.0,0.0036452004860267314,TruSeq,4,technical_match,0.002396368091335088
GCA_949082145.1,CARVJO010000044.1,Adapter,1772,1792,5670,1.0,0.003703703703703704,TruSeq_R2,4,technical_match,0.023140195529801955
GCA_949082145.1,CARVJO010000047.1,Adapter,5407,5427,5432,1.0,0.003865979381443299,TruSeq_R2,4,technical_match,0.018096397464468394
GCA_949082145.1,CARVJO010000048.1,Adapter,12,32,5408,1.0,0.003883136094674556,TruSeq_R2,4,technical_match,0.030244290670356555
GCA_949082145.1,CARVJO010000049.1,Adapter,1315,1335,5334,1.0,0.003937007874015748,TruSeq,4,technical_match,0.02647726765552655
GCA_949082145.1,CARVJO010000051.1,Adapter,5,25,5227,1.0,0.004017600918308781,TruSeq,4,technical_match,0.012783397685502074
GCA_949082145.1,CARVJO010000064.1,Adapter,4803,4823,4835,1.0,0.0043433298862461224,TruSeq,4,technical_match,0.012169688223316877
GCA_949082145.1,CARVJO010000073.1,Adapter,28,48,4580,1.0,0.004585152838427947,TruSeq,4,technical_match,0.05325114033514705
GCA_949082145.1,CARVJO010000075.1,Adapter,3182,3202,4567,1.0,0.004598204510619663,TruSeq,4,technical_match,0.019640413807287538
GCA_949082145.1,CARVJO010000076.1,Adapter,4540,4560,4560,1.0,0.004605263157894736,TruSeq,4,technical_match,0.00580323563890861
GCA_949082145.1,CARVJO010000080.1,Adapter,2107,2127,4367,1.0,0.004808793221891459,TruSeq,4,technical_match,0.04952399539483826
GCA_949082145.1,CARVJO010000080.1,Adapter,4338,4358,4367,1.0,0.004808793221891459,TruSeq,4,technical_match,0.04952399539483826
GCA_949082145.1,CARVJO010000089.1,Adapter,4214,4234,4234,1.0,0.004959848842701937,TruSeq_R2,4,technical_match,0.016132493504450507
GCA_949082145.1,CARVJO010000091.1,Adapter,5,25,4223,1.0,0.0049727681742836845,TruSeq_R2,4,technical_match,0.015290876336246984
GCA_949082145.1,CARVJO010000099.1,Adapter,18,38,4109,1.0,0.005110732538330494,TruSeq_R2,4,technical_match,0.002804416188237624
GCA_949082145.1,CARVJO010000103.1,Adapter,4042,4062,4071,1.0,0.005158437730287398,TruSeq,4,technical_match,0.04478289277733316
GCA_949082145.1,CARVJO010000105.1,Adapter,3626,3646,4049,1.0,0.005186465794023216,TruSeq,4,technical_match,0.020306148729527962
GCA_949082145.1,CARVJO010000107.1,Adapter,866,886,3989,1.0,0.005264477312609677,TruSeq_R2,4,technical_match,0.02835249900897402
GCA_949082145.1,CARVJO010000110.1,Adapter,3217,3237,3959,1.0,0.0053043697903510986,TruSeq,4,technical_match,0.008836768714847398
GCA_949082145.1,CARVJO010000111.1,Adapter,14,34,3954,1.0,0.005311077389984826,TruSeq,4,technical_match,0.012825105564100936
GCA_949082145.1,CARVJO010000114.1,Adapter,1160,1180,3899,1.0,0.005385996409335727,TruSeq,4,technical_match,0.01949632185148298
GCA_949082145.1,CARVJO010000116.1,Adapter,21,41,3895,1.0,0.005391527599486521,TruSeq_R2,4,technical_match,0.0248483145524086
GCA_949082145.1,CARVJO010000116.1,Adapter,628,648,3895,1.0,0.005391527599486521,TruSeq_R2,4,technical_match,0.0248483145524086
GCA_949082145.1,CARVJO010000131.1,Adapter,3591,3611,3639,1.0,0.005770816158285243,TruSeq,4,technical_match,0.02638079118207054
GCA_949082145.1,CARVJO010000133.1,Adapter,1,21,3613,1.0,0.005812344312205923,TruSeq_R2,4,technical_match,0.026669886174784663
GCA_949082145.1,CARVJO010000138.1,Adapter,28,48,3559,1.0,0.005900533857825232,TruSeq_R2,4,technical_match,0.01336876981852192
GCA_949082145.1,CARVJO010000150.1,Adapter,2,22,3389,1.0,0.006196518146946002,TruSeq_R2,4,technical_match,0.0349450263300119
GCA_949082145.1,CARVJO010000153.1,Adapter,2810,2830,3364,1.0,0.00624256837098692,TruSeq_R2,4,technical_match,0.02776194968576262
GCA_949082145.1,CARVJO010000163.1,Adapter,4,24,3232,1.0,0.006497524752475247,TruSeq_R2,4,technical_match,0.04641278115624525
GCA_949082145.1,CARVJO010000163.1,Adapter,1014,1034,3232,1.0,0.006497524752475247,TruSeq_R2,4,technical_match,0.04641278115624525
GCA_949082145.1,CARVJO010000172.1,Adapter,3126,3146,3147,1.0,0.00667302192564347,TruSeq_R2,4,technical_match,0.004563751083860368
GCA_949082145.1,CARVJO010000173.1,Adapter,2806,2826,3146,1.0,0.006675143038779402,TruSeq_R2,4,technical_match,0.026840874636780587
GCA_949082145.1,CARVJO010000183.1,Adapter,15,35,3083,1.0,0.006811547194291274,TruSeq,4,technical_match,0.012286399565655193
GCA_949082145.1,CARVJO010000185.1,Adapter,1713,1733,3052,1.0,0.006880733944954129,TruSeq_R2,4,technical_match,0.030199328109912993
GCA_949082145.1,CARVJO010000186.1,Adapter,18,38,3044,1.0,0.006898817345597897,TruSeq_R2,4,technical_match,0.041874399871176804
GCA_949082145.1,CARVJO010000194.1,Adapter,438,458,3004,1.0,0.006990679094540613,TruSeq,4,technical_match,0.02044964522276299
GCA_949082145.1,CARVJO010000202.1,Adapter,2915,2935,2951,1.0,0.00711623178583531,TruSeq,4,technical_match,0.013428351037032327
GCA_949082145.1,CARVJO010000207.1,Adapter,2873,2893,2914,1.0,0.007206588881262869,TruSeq_R2,4,technical_match,0.00668569659569318
GCA_949082145.1,CARVJO010000225.1,Adapter,2780,2800,2804,1.0,0.007489300998573466,TruSeq_R2,4,technical_match,0.03494842800295467
GCA_949082145.1,CARVJO010000229.1,Adapter,4,24,2778,1.0,0.00755939524838013,TruSeq,4,technical_match,0.028770075326961242
GCA_949082145.1,CARVJO010000229.1,Adapter,763,783,2778,1.0,0.00755939524838013,TruSeq,4,technical_match,0.028770075326961242
GCA_949082145.1,CARVJO010000233.1,Adapter,25,45,2765,1.0,0.007594936708860759,TruSeq,4,technical_match,0.01612928811186315
GCA_949082145.1,CARVJO010000233.1,Adapter,2736,2756,2765,1.0,0.007594936708860759,TruSeq,4,technical_match,0.01612928811186315
GCA_949082145.1,CARVJO010000242.1,Adapter,14,34,2716,1.0,0.007731958762886598,TruSeq,4,technical_match,0.025718035525222338
GCA_949082145.1,CARVJO010000248.1,Adapter,8,28,2682,1.0,0.007829977628635347,TruSeq_R2,4,technical_match,0.008547162009645282
GCA_949082145.1,CARVJO010000248.1,Adapter,2656,2676,2682,1.0,0.007829977628635347,TruSeq_R2,4,technical_match,0.008547162009645282
GCA_949082145.1,CARVJO010000251.1,Adapter,2637,2657,2673,1.0,0.007856341189674524,TruSeq,4,technical_match,0.008242097946191962
GCA_949082145.1,CARVJO010000253.1,Adapter,1036,1056,2657,1.0,0.007903650733910425,TruSeq,4,technical_match,0.01598964143477294
GCA_949082145.1,CARVJO010000257.1,Adapter,708,728,2630,1.0,0.007984790874524715,TruSeq,4,technical_match,0.009160940067533041
GCA_949082145.1,CARVJO010000257.1,Adapter,2593,2613,2630,1.0,0.007984790874524715,TruSeq,4,technical_match,0.009160940067533041
GCA_949082145.1,CARVJO010000259.1,Adapter,2027,2047,2620,1.0,0.00801526717557252,TruSeq_R2,4,technical_match,0.04091364096256256
GCA_949082145.1,CARVJO010000264.1,Adapter,362,382,2589,1.0,0.008111239860950173,TruSeq_R2,4,technical_match,0.0023954915979504943
GCA_949082145.1,CARVJO010000265.1,Adapter,7,27,2584,1.0,0.008126934984520124,TruSeq,4,technical_match,0.020676816650260554
GCA_949082145.1,CARVJO010000281.1,Adapter,253,273,2495,1.0,0.008416833667334669,TruSeq,4,technical_match,0.02812153841744436
GCA_949082145.1,CARVJO010000302.1,Adapter,2341,2361,2365,1.0,0.008879492600422832,TruSeq_R2,4,technical_match,0.021726376608269815
GCA_949082145.1,CARVJO010000303.1,Adapter,2333,2353,2357,1.0,0.008909630886720407,TruSeq,4,technical_match,0.015051815829308257
GCA_949082145.1,CARVJO010000306.1,Adapter,2312,2332,2337,1.0,0.008985879332477536,TruSeq_R2,4,technical_match,0.006825134065841065
GCA_949082145.1,CARVJO010000308.1,Adapter,2,22,2315,1.0,0.009071274298056155,TruSeq_R2,4,technical_match,0.053463899117722646
GCA_949082145.1,CARVJO010000309.1,Adapter,1050,1070,2306,1.0,0.009106678230702514,TruSeq_R2,4,technical_match,0.013446581809212432
GCA_949082145.1,CARVJO010000314.1,Adapter,7,27,2277,1.0,0.00922266139657444,TruSeq_R2,4,technical_match,0.0064854005373206625
GCA_949082145.1,CARVJO010000328.1,Adapter,1387,1407,2203,1.0,0.009532455742169769,TruSeq_R2,4,technical_match,0.019503826034185434
GCA_949082145.1,CARVJO010000334.1,Adapter,419,439,2196,1.0,0.009562841530054645,TruSeq,4,technical_match,0.02309136476878948
GCA_949082145.1,CARVJO010000338.1,Adapter,866,886,2178,1.0,0.009641873278236915,TruSeq,4,technical_match,0.004030237645770818
GCA_949082145.1,CARVJO010000342.1,Adapter,10,30,2161,1.0,0.00971772327626099,TruSeq_R2,4,technical_match,0.009954677770250553
GCA_949082145.1,CARVJO010000348.1,Adapter,1227,1247,2127,1.0,0.009873060648801129,TruSeq_R2,4,technical_match,0.01291804971708943
GCA_949082145.1,CARVJO010000350.1,Adapter,292,312,2120,1.0,0.00990566037735849,TruSeq_R2,4,technical_match,0.019944839648933677
GCA_949082145.1,CARVJO010000351.1,Adapter,2,22,2111,1.0,0.00994789199431549,TruSeq,4,technical_match,0.01608494208765432
GCA_949082145.1,CARVJO010000360.1,Adapter,12,32,2064,1.0,0.010174418604651164,TruSeq_R2,4,technical_match,0.04248317806978169
GCA_949082145.1,CARVJO010000361.1,Adapter,7,27,2058,1.0,0.01020408163265306,TruSeq,4,technical_match,0.009681276422494889
GCA_949082145.1,CARVJO010000370.1,Adapter,1228,1248,2014,1.0,0.010427010923535254,TruSeq_R2,4,technical_match,0.018945950199939998
GCA_949082145.1,CARVJO010000376.1,Adapter,23,43,1997,1.0,0.010515773660490736,TruSeq,4,technical_match,0.018636603945028696
GCA_949082145.1,CARVJO010000387.1,Adapter,622,642,1942,1.0,0.010813594232749742,TruSeq,4,technical_match,0.0062663404752899
GCA_949082145.1,CARVJO010000398.1,Adapter,9,29,1910,1.0,0.01099476439790576,TruSeq,4,technical_match,0.041268699035620304
GCA_949082145.1,CARVJO010000399.1,Adapter,10,30,1909,1.0,0.011000523834468309,TruSeq_R2,4,technical_match,0.008118469488236135
GCA_949082145.1,CARVJO010000400.1,Adapter,5,25,1906,1.0,0.011017838405036727,TruSeq,4,technical_match,0.017595866481492528
GCA_949082145.1,CARVJO010000404.1,Adapter,711,731,1903,1.0,0.011035207566999475,TruSeq_R2,4,technical_match,0.006295202836461955
GCA_949082145.1,CARVJO010000413.1,Adapter,685,705,1880,1.0,0.011170212765957447,TruSeq_R2,4,technical_match,0.03077712655690351
GCA_949082145.1,CARVJO010000416.1,Adapter,645,665,1850,1.0,0.011351351351351352,TruSeq,4,technical_match,0.045286454555765965
GCA_949082145.1,CARVJO010000417.1,Adapter,1820,1840,1848,1.0,0.011363636363636364,TruSeq_R2,4,technical_match,0.026570311866217833
GCA_949082145.1,CARVJO010000418.1,Adapter,1820,1840,1846,1.0,0.011375947995666305,TruSeq,4,technical_match,0.03324704942173168
GCA_949082145.1,CARVJO010000435.1,Adapter,1762,1782,1804,1.0,0.01164079822616408,TruSeq_R2,4,technical_match,0.03589669267395745
GCA_949082145.1,CARVJO010000440.1,Adapter,471,491,1790,1.0,0.011731843575418994,TruSeq,4,technical_match,0.0331209709449668
GCA_949082145.1,CARVJO010000444.1,Adapter,25,45,1780,1.0,0.011797752808988765,TruSeq,4,technical_match,0.0010344280266576522
GCA_949082145.1,CARVJO010000444.1,Adapter,1754,1774,1780,1.0,0.011797752808988765,TruSeq,4,technical_match,0.0010344280266576522
GCA_949082145.1,CARVJO010000450.1,Adapter,602,622,1769,1.0,0.011871113623516111,TruSeq,4,technical_match,0.0183603354663624
GCA_949082145.1,CARVJO010000461.1,Adapter,1708,1728,1736,1.0,0.012096774193548387,TruSeq_R2,4,technical_match,0.04383396219438429
GCA_949082145.1,CARVJO010000463.1,Adapter,25,45,1732,1.0,0.01212471131639723,TruSeq_R2,4,technical_match,0.060635934716887385
GCA_949082145.1,CARVJO010000463.1,Adapter,1461,1481,1732,1.0,0.01212471131639723,TruSeq,4,technical_match,0.060635934716887385
GCA_949082145.1,CARVJO010000471.1,Adapter,1501,1521,1705,1.0,0.012316715542521995,TruSeq_R2,4,technical_match,0.0718158889536113
GCA_949082145.1,CARVJO010000496.1,Adapter,15,35,1607,1.0,0.013067828251400125,TruSeq_R2,4,technical_match,0.03178876800828073
GCA_949082145.1,CARVJO010000517.1,Adapter,569,589,1580,1.0,0.013291139240506329,TruSeq,4,technical_match,0.027742837829097478
GCA_949082145.1,CARVJO010000519.1,Adapter,1533,1553,1573,1.0,0.013350286077558804,TruSeq_R2,4,technical_match,0.027005482755934174
GCA_949082145.1,CARVJO010000521.1,Adapter,1549,1569,1573,1.0,0.013350286077558804,TruSeq,4,technical_match,0.015588287110562982
GCA_949082145.1,CARVJO010000523.1,Adapter,3,23,1561,1.0,0.013452914798206279,TruSeq_R2,4,technical_match,0.030964833637421196
GCA_949082145.1,CARVJO010000528.1,Adapter,1257,1277,1556,1.0,0.013496143958868894,TruSeq_R2,4,technical_match,0.010175494410838426
GCA_949082145.1,CARVJO010000534.1,Adapter,294,314,1535,1.0,0.013680781758957655,TruSeq_R2,4,technical_match,0.02957013238898054
GCA_949082145.1,CARVJO010000538.1,Adapter,20,40,1526,1.0,0.013761467889908258,TruSeq,4,technical_match,0.0007929361434681481
GCA_949082145.1,CARVJO010000540.1,Adapter,12,32,1518,1.0,0.01383399209486166,TruSeq,4,technical_match,0.0446935691802719
GCA_949082145.1,CARVJO010000541.1,Adapter,192,212,1513,1.0,0.013879709187045605,TruSeq,4,technical_match,0.051880081936466926
GCA_949082145.1,CARVJO010000543.1,Adapter,365,385,1509,1.0,0.013916500994035786,TruSeq_R2,4,technical_match,0.014874067066408814
GCA_949082145.1,CARVJO010000543.1,Adapter,1483,1503,1509,1.0,0.013916500994035786,TruSeq,4,technical_match,0.014874067066408814
GCA_949082145.1,CARVJO010000552.1,Adapter,29,49,1492,1.0,0.014075067024128687,TruSeq_R2,4,technical_match,0.04792953798415711
GCA_949082145.1,CARVJO010000555.1,Adapter,7,27,1488,1.0,0.014112903225806451,TruSeq_R2,4,technical_match,0.0012072340837852025
GCA_949082145.1,CARVJO010000557.1,Adapter,26,46,1484,1.0,0.014150943396226415,TruSeq,4,technical_match,0.0014028692459450154
GCA_949082145.1,CARVJO010000561.1,Adapter,1445,1465,1470,1.0,0.014285714285714285,TruSeq_R2,4,technical_match,0.013320466473515313
GCA_949082145.1,CARVJO010000567.1,Adapter,730,750,1450,1.0,0.014482758620689656,TruSeq_R2,4,technical_match,0.0258488111447171
GCA_949082145.1,CARVJO010000573.1,Adapter,1410,1430,1437,1.0,0.014613778705636743,TruSeq,4,technical_match,0.027269595185542894
GCA_949082145.1,CARVJO010000575.1,Adapter,6,26,1432,1.0,0.014664804469273743,TruSeq_R2,4,technical_match,0.015917091715790976
GCA_949082145.1,CARVJO010000584.1,Adapter,1378,1398,1417,1.0,0.014820042342978124,TruSeq_R2,4,technical_match,0.007329656666778206
GCA_949082145.1,CARVJO010000590.1,Adapter,28,48,1404,1.0,0.014957264957264958,TruSeq_R2,4,technical_match,0.04757245786836384
GCA_949082145.1,CARVJO010000594.1,Adapter,1360,1380,1386,1.0,0.015151515151515152,TruSeq_R2,4,technical_match,0.0039130936171876685
GCA_949082145.1,CARVJO010000597.1,Adapter,28,48,1380,1.0,0.015217391304347827,TruSeq,4,technical_match,0.0402207918210456
GCA_949082145.1,CARVJO010000606.1,Adapter,1318,1338,1354,1.0,0.0155096011816839,TruSeq_R2,4,technical_match,0.02673055393464796
GCA_949082145.1,CARVJO010000615.1,Adapter,535,555,1315,1.0,0.01596958174904943,TruSeq_R2,4,technical_match,0.0064308823418729455
GCA_949082145.1,CARVJO010000624.1,Adapter,1264,1284,1292,1.0,0.016253869969040248,TruSeq_R2,4,technical_match,0.031899726866978784
GCA_949082145.1,CARVJO010000651.1,Adapter,1189,1209,1226,1.0,0.017128874388254486,TruSeq,4,technical_match,0.009791029348304447
GCA_949082145.1,CARVJO010000657.1,Adapter,15,35,1209,1.0,0.017369727047146403,TruSeq_R2,4,technical_match,0.01724210184993441
GCA_949082145.1,CARVJO010000657.1,Adapter,736,756,1209,1.0,0.017369727047146403,TruSeq_R2,4,technical_match,0.01724210184993441
GCA_949082145.1,CARVJO010000662.1,Adapter,14,34,1204,1.0,0.01744186046511628,TruSeq,4,technical_match,0.009911617057571542
GCA_949082145.1,CARVJO010000663.1,Adapter,1175,1195,1203,1.0,0.017456359102244388,TruSeq_R2,4,technical_match,0.01694745342789805
GCA_949082145.1,CARVJO010000664.1,Adapter,1171,1191,1200,1.0,0.0175,TruSeq,4,technical_match,0.05720674441083845
GCA_949082145.1,CARVJO010000665.1,Adapter,1170,1190,1200,1.0,0.0175,TruSeq_R2,4,technical_match,0.020293255589161563
GCA_949082145.1,CARVJO010000666.1,Adapter,725,745,1193,1.0,0.01760268231349539,TruSeq,4,technical_match,0.0008278015293380347
GCA_949082145.1,CARVJO010000667.1,Adapter,1170,1190,1190,1.0,0.01764705882352941,TruSeq_R2,4,technical_match,0.033248437661990704
GCA_949082145.1,CARVJO010000671.1,Adapter,30,50,1187,1.0,0.017691659646166806,TruSeq,4,technical_match,0.006343522368156218
GCA_949082145.1,CARVJO010000692.1,Adapter,1120,1140,1142,1.0,0.01838879159369527,TruSeq_R2,4,technical_match,0.04202413708361574
GCA_949082145.1,CARVJO010000695.1,Adapter,5,25,1137,1.0,0.018469656992084433,TruSeq,4,technical_match,0.016357459634895932
GCA_949082145.1,CARVJO010000706.1,Adapter,8,28,1118,1.0,0.018783542039355994,TruSeq_R2,4,technical_match,0.02530901036194161
GCA_949082145.1,CARVJO010000729.1,Adapter,487,507,1066,1.0,0.019699812382739212,TruSeq,4,technical_match,0.06309628589219185
GCA_949082145.1,CARVJO010000741.1,Adapter,991,1011,1036,1.0,0.02027027027027027,TruSeq_R2,4,technical_match,0.010672920968826938
GCA_949082145.1,CARVJO010000742.1,Adapter,1011,1031,1036,1.0,0.02027027027027027,TruSeq,4,technical_match,0.0010204113163173045
GCA_949082145.1,CARVJO010000743.1,Adapter,23,43,1032,1.0,0.020348837209302327,TruSeq_R2,4,technical_match,0.0035439537131640164
GCA_949082145.1,CARVJO010000755.1,Adapter,10,30,1008,1.0,0.020833333333333332,TruSeq,4,technical_match,0.009750164584519161
GCA_949082145.1,CARVJO010000755.1,Adapter,620,640,1008,1.0,0.020833333333333332,TruSeq_R2,4,technical_match,0.009750164584519161
GCA_949088425.1,CARWHL010000001.1,Adapter,78259,78279,139320,1.0,0.00015073212747631351,TruSeq,4,technical_match,0.014601416463824013
GCA_949088425.1,CARWHL010000002.1,Adapter,11,31,134619,1.0,0.000155995810398235,TruSeq,4,technical_match,0.015829600200606586
GCA_949088425.1,CARWHL010000002.1,Adapter,35567,35587,134619,1.0,0.000155995810398235,TruSeq,4,technical_match,0.015829600200606586
GCA_949088425.1,CARWHL010000003.1,Adapter,29,49,125389,1.0,0.00016747880595586534,TruSeq,4,technical_match,0.0012824148096463595
GCA_949088425.1,CARWHL010000004.1,Adapter,67301,67321,88973,1.0,0.0002360266597731896,TruSeq_R2,4,technical_match,0.007979007847330521
GCA_949088425.1,CARWHL010000006.1,Adapter,38829,38849,72668,1.0,0.00028898552320140913,TruSeq,4,technical_match,0.003657752895943278
GCA_949088425.1,CARWHL010000006.1,Adapter,38874,38894,72668,1.0,0.00028898552320140913,TruSeq,4,technical_match,0.003657752895943278
GCA_949088425.1,CARWHL010000006.1,Adapter,72647,72667,72668,1.0,0.00028898552320140913,TruSeq,4,technical_match,0.003657752895943278
GCA_949088425.1,CARWHL010000007.1,Adapter,11804,11824,64755,1.0,0.0003242992819087329,TruSeq,4,technical_match,0.007111943570635493
GCA_949088425.1,CARWHL010000007.1,Adapter,64712,64732,64755,1.0,0.0003242992819087329,TruSeq_R2,4,technical_match,0.007111943570635493
GCA_949088425.1,CARWHL010000010.1,Adapter,9,29,52613,1.0,0.000399140896736548,TruSeq,4,technical_match,0.0039671030007449315
GCA_949088425.1,CARWHL010000010.1,Adapter,25890,25910,52613,1.0,0.000399140896736548,TruSeq_R2,4,technical_match,0.0039671030007449315
GCA_949088425.1,CARWHL010000012.1,Adapter,46466,46486,46514,1.0,0.0004514769746742916,TruSeq_R2,4,technical_match,0.00793149854272246
GCA_949088425.1,CARWHL010000013.1,Adapter,31681,31701,43947,1.0,0.00047784831729128267,TruSeq_R2,4,technical_match,0.0022881599800839703
GCA_949088425.1,CARWHL010000013.1,Adapter,43910,43930,43947,1.0,0.00047784831729128267,TruSeq_R2,4,technical_match,0.0022881599800839703
GCA_949088425.1,CARWHL010000017.1,Adapter,30104,30124,40803,1.0,0.000514668039114771,TruSeq_R2,4,technical_match,0.0014274216715288723
GCA_949088425.1,CARWHL010000017.1,Adapter,40783,40803,40803,1.0,0.000514668039114771,TruSeq,4,technical_match,0.0014274216715288723
GCA_949088425.1,CARWHL010000018.1,Adapter,39637,39657,39683,1.0,0.0005291938613512083,TruSeq_R2,4,technical_match,0.023104888135110413
GCA_949088425.1,CARWHL010000020.1,Adapter,1966,1986,38042,1.0,0.000552021449976342,TruSeq,4,technical_match,0.012165319373700911
GCA_949088425.1,CARWHL010000024.1,Adapter,32173,32193,32207,1.0,0.0006520321669202348,TruSeq,4,technical_match,0.000996477061928791
GCA_949088425.1,CARWHL010000029.1,Adapter,13,33,19724,1.0,0.0010646927600892315,TruSeq_R2,4,technical_match,0.00037069908975290167
GCA_949088425.1,CARWHL010000030.1,Adapter,19611,19631,19653,1.0,0.0010685391543275836,TruSeq,4,technical_match,0.045616414957276086
GCA_949088425.1,CARWHL010000032.1,Adapter,5,25,19328,1.0,0.0010865066225165562,TruSeq_R2,4,technical_match,0.015277768659481994
GCA_949088425.1,CARWHL010000033.1,Adapter,14432,14452,18897,1.0,0.001111287505953326,TruSeq,4,technical_match,0.0023499747607678145
GCA_949088425.1,CARWHL010000035.1,Adapter,299,319,18147,1.0,0.0011572160687716977,TruSeq_R2,4,technical_match,0.00791700194484879
GCA_949088425.1,CARWHL010000041.1,Adapter,4,24,14075,1.0,0.001492007104795737,TruSeq,4,technical_match,0.014615225677361898
GCA_949088425.1,CARWHL010000042.1,Adapter,12644,12664,12691,1.0,0.001654715940430226,TruSeq_R2,4,technical_match,0.013128371867953847
GCA_949088425.1,CARWHL010000043.1,Adapter,6,26,12385,1.0,0.0016955995155429956,TruSeq_R2,4,technical_match,0.00422240736725249
GCA_949088425.1,CARWHL010000045.1,Adapter,11654,11674,11685,1.0,0.001797175866495507,TruSeq_R2,4,technical_match,0.0004608347027614257
GCA_949088425.1,CARWHL010000053.1,Adapter,9871,9891,9894,1.0,0.002122498483929654,TruSeq,4,technical_match,0.015773456745512004
GCA_949088425.1,CARWHL010000057.1,Adapter,8347,8367,8369,1.0,0.002509260365635082,TruSeq_R2,4,technical_match,0.022578044674378128
GCA_949088425.1,CARWHL010000058.1,Adapter,3238,3258,8262,1.0,0.002541757443718228,TruSeq,4,technical_match,0.008039626290840596
GCA_949088425.1,CARWHL010000059.1,Adapter,5365,5385,8024,1.0,0.002617148554336989,TruSeq,4,technical_match,0.018480867553634373
GCA_949088425.1,CARWHL010000065.1,Adapter,6044,6064,6071,1.0,0.0034590676988963927,TruSeq,4,technical_match,0.012747592433916155
GCA_949088425.1,CARWHL010000073.1,Adapter,23,43,4825,1.0,0.004352331606217617,TruSeq,4,technical_match,0.01009944695677728
GCA_949088425.1,CARWHL010000074.1,Adapter,4648,4668,4683,1.0,0.004484304932735426,TruSeq,4,technical_match,0.00883074160758679
GCA_949088425.1,CARWHL010000090.1,Adapter,18,38,2754,1.0,0.007625272331154684,TruSeq,4,technical_match,0.0199197055900599
GCA_949088425.1,CARWHL010000098.1,Adapter,2403,2423,2441,1.0,0.008603031544448997,TruSeq_R2,4,technical_match,0.00503569047309621
GCA_949088425.1,CARWHL010000103.1,Adapter,18,38,2247,1.0,0.009345794392523364,TruSeq,4,technical_match,0.0022429843388019344
GCA_949088425.1,CARWHL010000119.1,Adapter,1484,1504,1513,1.0,0.013879709187045605,TruSeq_R2,4,technical_match,0.07543038260327051
GCA_949101785.1,CARYGV010000003.1,Adapter,29473,29493,79623,1.0,0.0002637428883614031,TruSeq_R2,4,technical_match,0.0012770251442308922
GCA_949101785.1,CARYGV010000004.1,Adapter,39021,39041,73023,1.0,0.00028758062528244524,TruSeq,4,technical_match,0.008248984917057611
GCA_949101785.1,CARYGV010000005.1,Adapter,62481,62501,62517,1.0,0.0003359086328518643,TruSeq_R2,4,technical_match,0.006798132337620333
GCA_949101785.1,CARYGV010000012.1,Adapter,24,44,43363,1.0,0.0004842838364504301,TruSeq,4,technical_match,0.0026424677840476973
GCA_949101785.1,CARYGV010000012.1,Adapter,31491,31511,43363,1.0,0.0004842838364504301,TruSeq,4,technical_match,0.0026424677840476973
GCA_949101785.1,CARYGV010000012.1,Adapter,35167,35187,43363,1.0,0.0004842838364504301,TruSeq_R2,4,technical_match,0.0026424677840476973
GCA_949101785.1,CARYGV010000012.1,Adapter,35222,35242,43363,1.0,0.0004842838364504301,TruSeq_R2,4,technical_match,0.0026424677840476973
GCA_949101785.1,CARYGV010000016.1,Adapter,28,48,37434,1.0,0.0005609873377143773,TruSeq_R2,4,technical_match,0.007629117354599535
GCA_949101785.1,CARYGV010000016.1,Adapter,12373,12393,37434,1.0,0.0005609873377143773,TruSeq,4,technical_match,0.007629117354599535
GCA_949101785.1,CARYGV010000017.1,Adapter,2,22,35118,1.0,0.0005979839398599009,TruSeq,4,technical_match,0.0037943364007465563
GCA_949101785.1,CARYGV010000022.1,Adapter,24076,24096,32864,1.0,0.0006389970788704966,TruSeq,4,technical_match,0.011612024052656822
GCA_949101785.1,CARYGV010000023.1,Adapter,3253,3273,32474,1.0,0.0006466711831003264,TruSeq,4,technical_match,0.012757776592570713
GCA_949101785.1,CARYGV010000026.1,Adapter,18968,18988,25575,1.0,0.0008211143695014663,TruSeq,4,technical_match,0.009997834933087535
GCA_949101785.1,CARYGV010000028.1,Adapter,25328,25348,25363,1.0,0.0008279777628829397,TruSeq_R2,4,technical_match,0.004932029225725665
GCA_949101785.1,CARYGV010000029.1,Adapter,7244,7264,23415,1.0,0.0008968609865470852,TruSeq_R2,4,technical_match,0.01264314677043571
GCA_949101785.1,CARYGV010000031.1,Adapter,7059,7079,21057,1.0,0.0009972930616896994,TruSeq,4,technical_match,0.005760749839962664
GCA_949101785.1,CARYGV010000033.1,Adapter,20664,20684,20715,1.0,0.0010137581462708182,TruSeq_R2,4,technical_match,0.002501725276789546
GCA_949101785.1,CARYGV010000035.1,Adapter,12,32,19863,1.0,0.0010572421084428334,TruSeq_R2,4,technical_match,0.0066377282487423694
GCA_949101785.1,CARYGV010000036.1,Adapter,29,49,18568,1.0,0.0011309780267126238,TruSeq_R2,4,technical_match,0.005749795166845595
GCA_949101785.1,CARYGV010000037.1,Adapter,3,23,18463,1.0,0.0011374099550452257,TruSeq,4,technical_match,0.0038080674691035044
GCA_949101785.1,CARYGV010000037.1,Adapter,18422,18442,18463,1.0,0.0011374099550452257,TruSeq_R2,4,technical_match,0.0038080674691035044
GCA_949101785.1,CARYGV010000038.1,Adapter,2324,2344,18428,1.0,0.0011395702192316041,TruSeq,4,technical_match,0.0035289153255889105
GCA_949101785.1,CARYGV010000038.1,Adapter,17748,17768,18428,1.0,0.0011395702192316041,TruSeq,4,technical_match,0.0035289153255889105
GCA_949101785.1,CARYGV010000043.1,Adapter,14660,14680,14704,1.0,0.001428182807399347,TruSeq_R2,4,technical_match,0.014128085694795678
GCA_949101785.1,CARYGV010000044.1,Adapter,4660,4680,14676,1.0,0.0014309076042518397,TruSeq_R2,4,technical_match,0.011277863116508968
GCA_949101785.1,CARYGV010000046.1,Adapter,10233,10253,14221,1.0,0.0014766894029955699,TruSeq_R2,4,technical_match,0.0013206532665554493
GCA_949101785.1,CARYGV010000051.1,Adapter,28,48,10194,1.0,0.0020600353148911123,TruSeq_R2,4,technical_match,0.03816352672457035
GCA_949101785.1,CARYGV010000051.1,Adapter,3981,4001,10194,1.0,0.0020600353148911123,TruSeq,4,technical_match,0.03816352672457035
GCA_949101785.1,CARYGV010000051.1,Adapter,10148,10168,10194,1.0,0.0020600353148911123,TruSeq_R2,4,technical_match,0.03816352672457035
GCA_949101785.1,CARYGV010000054.1,Adapter,5834,5854,8046,1.0,0.002609992542878449,TruSeq,4,technical_match,0.009507082060984606
GCA_949101785.1,CARYGV010000055.1,Adapter,7979,7999,8021,1.0,0.0026181274155342225,TruSeq_R2,4,technical_match,0.008678045613664809
GCA_949101785.1,CARYGV010000056.1,Adapter,7420,7440,7440,1.0,0.00282258064516129,TruSeq_R2,4,technical_match,0.015983128531114332
GCA_949101785.1,CARYGV010000064.1,Adapter,5610,5630,5645,1.0,0.003720106288751107,TruSeq_R2,4,technical_match,0.0137298643061603
GCA_949101785.1,CARYGV010000066.1,Adapter,5058,5078,5095,1.0,0.0041216879293424925,TruSeq_R2,4,technical_match,0.01240684208116083
GCA_949101785.1,CARYGV010000075.1,Adapter,14,34,2963,1.0,0.007087411407357408,TruSeq,4,technical_match,0.0022411372332292734
GCA_949101785.1,CARYGV010000076.1,Adapter,2626,2646,2660,1.0,0.007894736842105263,TruSeq_R2,4,technical_match,0.04066320428205067
GCA_949101785.1,CARYGV010000078.1,Adapter,27,47,2456,1.0,0.008550488599348535,TruSeq_R2,4,technical_match,0.018053544954578893
GCA_949101845.1,CARYHD010000001.1,Adapter,161449,161469,161494,1.0,0.0001300357908033735,TruSeq_R2,4,technical_match,0.01607169916150275
GCA_949101845.1,CARYHD010000014.1,Adapter,52527,52547,52570,1.0,0.00039946737683089215,TruSeq_R2,4,technical_match,0.0055282584403210655
GCA_949101845.1,CARYHD010000026.1,Adapter,17252,17272,17299,1.0,0.0012139430024856927,TruSeq_R2,4,technical_match,0.005360430658034099
GCA_949101845.1,CARYHD010000032.1,Adapter,27,47,8979,1.0,0.0023387905111927833,TruSeq_R2,4,technical_match,0.004447979522657353
GCA_949102945.1,CARYLP010000088.1,Adapter,1571,1591,1857,1.0,0.011308562197092083,TruSeq,4,technical_match,0.003011864674369591
GCA_949102945.1,CARYLP010000088.1,Adapter,1688,1708,1857,1.0,0.011308562197092083,TruSeq_R2,4,technical_match,0.003011864674369591
GCA_949102945.1,CARYLP010000088.1,Adapter,1809,1829,1857,1.0,0.011308562197092083,TruSeq,4,technical_match,0.003011864674369591
GCA_949102945.1,CARYLP010000101.1,Adapter,28,48,1434,1.0,0.014644351464435146,TruSeq_R2,4,technical_match,0.05277156617699563
GCA_949102945.1,CARYLP010000101.1,Adapter,147,167,1434,1.0,0.014644351464435146,TruSeq,4,technical_match,0.05277156617699563
GCA_949102945.1,CARYLP010000101.1,Adapter,264,284,1434,1.0,0.014644351464435146,TruSeq_R2,4,technical_match,0.05277156617699563
GCA_949102945.1,CARYLP010000113.1,Adapter,9,29,1015,1.0,0.020689655172413793,TruSeq,4,technical_match,0.029033494985454544
GCA_949102945.1,CARYLP010000113.1,Adapter,126,146,1015,1.0,0.020689655172413793,TruSeq_R2,4,technical_match,0.029033494985454544
GCA_949116075.1,CASALF010000002.1,Adapter,455,475,11464,1.0,0.00183182135380321,TruSeq,4,technical_match,0.003021950865964129
GCA_949116075.1,CASALF010000003.1,Adapter,11,31,9138,1.0,0.002298095863427446,TruSeq,4,technical_match,0.0015335975430936233
GCA_949116075.1,CASALF010000004.1,Adapter,3210,3230,9085,1.0,0.0023115024766097963,TruSeq_R2,4,technical_match,0.01059193198230457
GCA_949116075.1,CASALF010000004.1,Adapter,9064,9084,9085,1.0,0.0023115024766097963,TruSeq,4,technical_match,0.01059193198230457
GCA_949116075.1,CASALF010000010.1,Adapter,13,33,6949,1.0,0.003022017556482947,TruSeq_R2,4,technical_match,0.031147914477645477
GCA_949116075.1,CASALF010000010.1,Adapter,6918,6938,6949,1.0,0.003022017556482947,TruSeq_R2,4,technical_match,0.031147914477645477
GCA_949116075.1,CASALF010000016.1,Adapter,2711,2731,5856,1.0,0.003586065573770492,TruSeq_R2,4,technical_match,0.0017009054422033598
GCA_949116075.1,CASALF010000019.1,Adapter,4,24,5761,1.0,0.0036452004860267314,TruSeq_R2,4,technical_match,0.01215553448487422
GCA_949116075.1,CASALF010000019.1,Adapter,1305,1325,5761,1.0,0.0036452004860267314,TruSeq,4,technical_match,0.01215553448487422
GCA_949116075.1,CASALF010000022.1,Adapter,5521,5541,5550,1.0,0.0037837837837837837,TruSeq_R2,4,technical_match,0.01703297849555324
GCA_949116075.1,CASALF010000026.1,Adapter,4790,4810,5375,1.0,0.0039069767441860465,TruSeq_R2,4,technical_match,0.005464115089781785
GCA_949116075.1,CASALF010000027.1,Adapter,5253,5273,5281,1.0,0.003976519598560878,TruSeq_R2,4,technical_match,0.021231484454526384
GCA_949116075.1,CASALF010000032.1,Adapter,4996,5016,5030,1.0,0.004174950298210736,TruSeq_R2,4,technical_match,0.0004458586155552946
GCA_949116075.1,CASALF010000034.1,Adapter,23,43,4968,1.0,0.004227053140096618,TruSeq_R2,4,technical_match,0.017179628397951452
GCA_949116075.1,CASALF010000038.1,Adapter,3252,3272,4892,1.0,0.004292722812755519,TruSeq_R2,4,technical_match,0.02068020835489065
GCA_949116075.1,CASALF010000040.1,Adapter,4327,4347,4785,1.0,0.00438871473354232,TruSeq,4,technical_match,0.0054067742781817585
GCA_949116075.1,CASALF010000047.1,Adapter,2541,2561,4490,1.0,0.004677060133630289,TruSeq,4,technical_match,0.002837122071749465
GCA_949116075.1,CASALF010000049.1,Adapter,2,22,4445,1.0,0.004724409448818898,TruSeq_R2,4,technical_match,0.02031626414181148
GCA_949116075.1,CASALF010000050.1,Adapter,3993,4013,4428,1.0,0.0047425474254742545,TruSeq_R2,4,technical_match,0.014191632050995162
GCA_949116075.1,CASALF010000051.1,Adapter,15,35,4355,1.0,0.004822043628013777,TruSeq,4,technical_match,0.010662857426364358
GCA_949116075.1,CASALF010000058.1,Adapter,4135,4155,4182,1.0,0.005021520803443328,TruSeq,4,technical_match,0.0269232917745299
GCA_949116075.1,CASALF010000069.1,Adapter,3743,3763,3774,1.0,0.005564387917329093,TruSeq,4,technical_match,0.0015887356783643725
GCA_949116075.1,CASALF010000070.1,Adapter,3513,3533,3774,1.0,0.005564387917329093,TruSeq,4,technical_match,0.01621147686148683
GCA_949116075.1,CASALF010000083.1,Adapter,3588,3608,3622,1.0,0.005797901711761457,TruSeq_R2,4,technical_match,0.03765637183744214
GCA_949116075.1,CASALF010000086.1,Adapter,6,26,3555,1.0,0.00590717299578059,TruSeq,4,technical_match,0.008376334829998555
GCA_949116075.1,CASALF010000087.1,Adapter,3515,3535,3552,1.0,0.0059121621621621625,TruSeq_R2,4,technical_match,0.008793524903152328
GCA_949116075.1,CASALF010000089.1,Adapter,3458,3478,3485,1.0,0.006025824964131995,TruSeq_R2,4,technical_match,0.008269790205356509
GCA_949116075.1,CASALF010000091.1,Adapter,25,45,3450,1.0,0.00608695652173913,TruSeq_R2,4,technical_match,0.011403302358892364
GCA_949116075.1,CASALF010000093.1,Adapter,3356,3376,3405,1.0,0.006167400881057269,TruSeq,4,technical_match,0.032057072390176244
GCA_949116075.1,CASALF010000095.1,Adapter,3337,3357,3371,1.0,0.006229605458320973,TruSeq,4,technical_match,0.008736062650658794
GCA_949116075.1,CASALF010000106.1,Adapter,2310,2330,3186,1.0,0.006591337099811676,TruSeq_R2,4,technical_match,0.006687462744973893
GCA_949116075.1,CASALF010000106.1,Adapter,3162,3182,3186,1.0,0.006591337099811676,TruSeq,4,technical_match,0.006687462744973893
GCA_949116075.1,CASALF010000111.1,Adapter,6,26,3120,1.0,0.006730769230769231,TruSeq_R2,4,technical_match,0.02947743836781097
GCA_949116075.1,CASALF010000116.1,Adapter,1087,1107,3050,1.0,0.006885245901639345,TruSeq,4,technical_match,0.024442013266596396
GCA_949116075.1,CASALF010000116.1,Adapter,3015,3035,3050,1.0,0.006885245901639345,TruSeq_R2,4,technical_match,0.024442013266596396
GCA_949116075.1,CASALF010000119.1,Adapter,1263,1283,3021,1.0,0.006951340615690168,TruSeq,4,technical_match,0.03636841060783352
GCA_949116075.1,CASALF010000126.1,Adapter,21,41,2961,1.0,0.0070921985815602835,TruSeq_R2,4,technical_match,0.023874145036963945
GCA_949116075.1,CASALF010000129.1,Adapter,2880,2900,2926,1.0,0.007177033492822967,TruSeq,4,technical_match,0.014295909370492521
GCA_949116075.1,CASALF010000130.1,Adapter,5,25,2908,1.0,0.007221458046767538,TruSeq_R2,4,technical_match,0.014183285365127363
GCA_949116075.1,CASALF010000142.1,Adapter,1307,1327,2756,1.0,0.007619738751814224,TruSeq_R2,4,technical_match,0.01605301683159044
GCA_949116075.1,CASALF010000142.1,Adapter,2722,2742,2756,1.0,0.007619738751814224,TruSeq_R2,4,technical_match,0.01605301683159044
GCA_949116075.1,CASALF010000149.1,Adapter,2669,2689,2691,1.0,0.007803790412486065,TruSeq,4,technical_match,0.026453469582972622
GCA_949116075.1,CASALF010000158.1,Adapter,22,42,2615,1.0,0.00803059273422562,TruSeq_R2,4,technical_match,0.018232421388628905
GCA_949116075.1,CASALF010000158.1,Adapter,2049,2069,2615,1.0,0.00803059273422562,TruSeq,4,technical_match,0.018232421388628905
GCA_949116075.1,CASALF010000159.1,Adapter,5,25,2605,1.0,0.008061420345489444,TruSeq,4,technical_match,0.013625895476920669
GCA_949116075.1,CASALF010000172.1,Adapter,2448,2468,2474,1.0,0.008488278092158448,TruSeq_R2,4,technical_match,0.009451266314733642
GCA_949116075.1,CASALF010000178.1,Adapter,1713,1733,2434,1.0,0.008627773212818405,TruSeq,4,technical_match,0.008694879342677708
GCA_949116075.1,CASALF010000178.1,Adapter,2411,2431,2434,1.0,0.008627773212818405,TruSeq,4,technical_match,0.008694879342677708
GCA_949116075.1,CASALF010000182.1,Adapter,2383,2403,2405,1.0,0.008731808731808732,TruSeq_R2,4,technical_match,0.017276616554302404
GCA_949116075.1,CASALF010000189.1,Adapter,16,36,2376,1.0,0.008838383838383838,TruSeq_R2,4,technical_match,0.01341618480655743
GCA_949116075.1,CASALF010000190.1,Adapter,1796,1816,2372,1.0,0.00885328836424958,TruSeq_R2,4,technical_match,0.0328049639328471
GCA_949116075.1,CASALF010000194.1,Adapter,2293,2313,2340,1.0,0.008974358974358974,TruSeq_R2,4,technical_match,0.0037295751199477034
GCA_949116075.1,CASALF010000199.1,Adapter,2,22,2294,1.0,0.009154315605928508,TruSeq_R2,4,technical_match,0.007810383267646381
GCA_949116075.1,CASALF010000201.1,Adapter,13,33,2280,1.0,0.009210526315789473,TruSeq,4,technical_match,0.013743946196265677
GCA_949116075.1,CASALF010000211.1,Adapter,2196,2216,2224,1.0,0.009442446043165468,TruSeq,4,technical_match,0.007604167753533175
GCA_949116075.1,CASALF010000212.1,Adapter,2203,2223,2223,1.0,0.009446693657219974,TruSeq_R2,4,technical_match,0.012703934094306701
GCA_949116075.1,CASALF010000218.1,Adapter,2127,2147,2174,1.0,0.009659613615455382,TruSeq,4,technical_match,0.013557184126146093
GCA_949116075.1,CASALF010000232.1,Adapter,686,706,2069,1.0,0.01014983083615273,TruSeq_R2,4,technical_match,0.00788041591479044
GCA_949116075.1,CASALF010000236.1,Adapter,18,38,2052,1.0,0.01023391812865497,TruSeq_R2,4,technical_match,0.02121345576172312
GCA_949116075.1,CASALF010000242.1,Adapter,5,25,2026,1.0,0.010365251727541954,TruSeq_R2,4,technical_match,0.025622607193735103
GCA_949116075.1,CASALF010000248.1,Adapter,19,39,1997,1.0,0.010515773660490736,TruSeq,4,technical_match,0.04224601219264512
GCA_949116075.1,CASALF010000249.1,Adapter,1543,1563,1993,1.0,0.010536879076768691,TruSeq,4,technical_match,0.020037986537330243
GCA_949116075.1,CASALF010000252.1,Adapter,1947,1967,1982,1.0,0.010595358224016145,TruSeq,4,technical_match,0.0028114832331373463
GCA_949116075.1,CASALF010000256.1,Adapter,1931,1951,1963,1.0,0.010697911360163017,TruSeq_R2,4,technical_match,0.0030115332340638346
GCA_949116075.1,CASALF010000258.1,Adapter,3,23,1951,1.0,0.010763710917478216,TruSeq,4,technical_match,0.016287456898741837
GCA_949116075.1,CASALF010000259.1,Adapter,17,37,1950,1.0,0.010769230769230769,TruSeq_R2,4,technical_match,0.021854520049016335
GCA_949116075.1,CASALF010000261.1,Adapter,10,30,1932,1.0,0.010869565217391304,TruSeq_R2,4,technical_match,0.007636345351071605
GCA_949116075.1,CASALF010000272.1,Adapter,1553,1573,1857,1.0,0.011308562197092083,TruSeq,4,technical_match,0.018955698331994064
GCA_949116075.1,CASALF010000272.1,Adapter,1819,1839,1857,1.0,0.011308562197092083,TruSeq,4,technical_match,0.018955698331994064
GCA_949116075.1,CASALF010000275.1,Adapter,1791,1811,1840,1.0,0.01141304347826087,TruSeq_R2,4,technical_match,0.03006272264874743
GCA_949116075.1,CASALF010000278.1,Adapter,1787,1807,1834,1.0,0.011450381679389313,TruSeq,4,technical_match,0.015121837827999918
GCA_949116075.1,CASALF010000286.1,Adapter,23,43,1781,1.0,0.011791128579449747,TruSeq_R2,4,technical_match,0.0418004414516836
GCA_949116075.1,CASALF010000287.1,Adapter,7,27,1766,1.0,0.01189127972819932,TruSeq_R2,4,technical_match,0.0026469217722887017
GCA_949116075.1,CASALF010000293.1,Adapter,1693,1713,1730,1.0,0.012138728323699421,TruSeq_R2,4,technical_match,0.043655962156161354
GCA_949116075.1,CASALF010000294.1,Adapter,21,41,1728,1.0,0.012152777777777778,TruSeq_R2,4,technical_match,0.0022088151934425704
GCA_949116075.1,CASALF010000295.1,Adapter,16,36,1725,1.0,0.01217391304347826,TruSeq_R2,4,technical_match,0.022509741119368543
GCA_949116075.1,CASALF010000299.1,Adapter,1660,1680,1709,1.0,0.012287887653598596,TruSeq_R2,4,technical_match,0.020735821587867687
GCA_949116075.1,CASALF010000309.1,Adapter,14,34,1688,1.0,0.012440758293838863,TruSeq,4,technical_match,0.015112045449920786
GCA_949116075.1,CASALF010000321.1,Adapter,20,40,1633,1.0,0.012859767299448868,TruSeq,4,technical_match,0.008239391356646975
GCA_949116075.1,CASALF010000322.1,Adapter,309,329,1631,1.0,0.012875536480686695,TruSeq_R2,4,technical_match,0.031095029598295465
GCA_949116075.1,CASALF010000323.1,Adapter,671,691,1610,1.0,0.013043478260869565,TruSeq_R2,4,technical_match,0.027926407786035168
GCA_949116075.1,CASALF010000325.1,Adapter,1097,1117,1595,1.0,0.013166144200626959,TruSeq,4,technical_match,0.002684790952135141
GCA_949116075.1,CASALF010000329.1,Adapter,1546,1566,1588,1.0,0.01322418136020151,TruSeq,4,technical_match,0.01242577806311329
GCA_949116075.1,CASALF010000330.1,Adapter,1557,1577,1587,1.0,0.013232514177693762,TruSeq_R2,4,technical_match,0.02117015806147582
GCA_949116075.1,CASALF010000334.1,Adapter,20,40,1568,1.0,0.013392857142857142,TruSeq_R2,4,technical_match,0.026053184050699507
GCA_949116075.1,CASALF010000337.1,Adapter,1516,1536,1551,1.0,0.013539651837524178,TruSeq,4,technical_match,0.018986068036015102
GCA_949116075.1,CASALF010000344.1,Adapter,24,44,1521,1.0,0.013806706114398421,TruSeq,4,technical_match,0.02651064020870514
GCA_949116075.1,CASALF010000353.1,Adapter,1452,1472,1476,1.0,0.014227642276422764,TruSeq,4,technical_match,0.0019406354283116323
GCA_949116075.1,CASALF010000360.1,Adapter,29,49,1455,1.0,0.01443298969072165,TruSeq_R2,4,technical_match,0.006218781217401215
GCA_949116075.1,CASALF010000362.1,Adapter,28,48,1440,1.0,0.014583333333333334,TruSeq_R2,4,technical_match,0.005788627178999806
GCA_949116075.1,CASALF010000364.1,Adapter,1411,1431,1439,1.0,0.014593467685892982,TruSeq,4,technical_match,0.019676962610073234
GCA_949116075.1,CASALF010000376.1,Adapter,1387,1407,1413,1.0,0.014861995753715499,TruSeq_R2,4,technical_match,0.03105006072068811
GCA_949116075.1,CASALF010000384.1,Adapter,1347,1367,1385,1.0,0.01516245487364621,TruSeq,4,technical_match,0.0108957943800298
GCA_949116075.1,CASALF010000386.1,Adapter,267,287,1383,1.0,0.015184381778741865,TruSeq,4,technical_match,0.053926287042806775
GCA_949116075.1,CASALF010000386.1,Adapter,1354,1374,1383,1.0,0.015184381778741865,TruSeq_R2,4,technical_match,0.053926287042806775
GCA_949116075.1,CASALF010000388.1,Adapter,317,337,1376,1.0,0.015261627906976744,TruSeq_R2,4,technical_match,0.06197289387681115
GCA_949116075.1,CASALF010000410.1,Adapter,1287,1307,1307,1.0,0.016067329762815608,TruSeq_R2,4,technical_match,0.009767739115265517
GCA_949116075.1,CASALF010000415.1,Adapter,12,32,1290,1.0,0.01627906976744186,TruSeq,4,technical_match,0.030513514694584964
GCA_949116075.1,CASALF010000415.1,Adapter,1251,1271,1290,1.0,0.01627906976744186,TruSeq,4,technical_match,0.030513514694584964
GCA_949116075.1,CASALF010000418.1,Adapter,1262,1282,1287,1.0,0.016317016317016316,TruSeq,4,technical_match,0.003412899563638938
GCA_949116075.1,CASALF010000425.1,Adapter,9,29,1267,1.0,0.016574585635359115,TruSeq_R2,4,technical_match,0.053617593792496754
GCA_949116075.1,CASALF010000429.1,Adapter,1232,1252,1252,1.0,0.016773162939297124,TruSeq,4,technical_match,0.03743701074431627
GCA_949116075.1,CASALF010000430.1,Adapter,5,25,1249,1.0,0.016813450760608487,TruSeq_R2,4,technical_match,0.027909260748792686
GCA_949116075.1,CASALF010000434.1,Adapter,1182,1202,1230,1.0,0.01707317073170732,TruSeq_R2,4,technical_match,0.025295136929411988
GCA_949116075.1,CASALF010000440.1,Adapter,16,36,1218,1.0,0.017241379310344827,TruSeq_R2,4,technical_match,0.014830160358464017
GCA_949116075.1,CASALF010000458.1,Adapter,21,41,1187,1.0,0.017691659646166806,TruSeq,4,technical_match,0.03897860485086457
GCA_949116075.1,CASALF010000470.1,Adapter,1129,1149,1153,1.0,0.01821335646140503,TruSeq_R2,4,technical_match,0.010806246160192046
GCA_949116075.1,CASALF010000486.1,Adapter,1066,1086,1099,1.0,0.01910828025477707,TruSeq_R2,4,technical_match,0.017984415065380066
GCA_949116075.1,CASALF010000488.1,Adapter,1058,1078,1095,1.0,0.019178082191780823,TruSeq,4,technical_match,0.05520380504630917
GCA_949116075.1,CASALF010000498.1,Adapter,8,28,1081,1.0,0.01942645698427382,TruSeq_R2,4,technical_match,0.0035519859543978183
GCA_949116075.1,CASALF010000503.1,Adapter,1017,1037,1040,1.0,0.020192307692307693,TruSeq_R2,4,technical_match,0.020823592213964792
GCA_949116075.1,CASALF010000509.1,Adapter,17,37,1025,1.0,0.02048780487804878,TruSeq_R2,4,technical_match,0.037652860506647734
GCA_949116145.1,CASAJN010000003.1,Adapter,21,41,21192,1.0,0.0009909399773499433,TruSeq_R2,4,technical_match,0.0028119894615917795
GCA_949116145.1,CASAJN010000003.1,Adapter,20833,20853,21192,1.0,0.0009909399773499433,TruSeq,4,technical_match,0.0028119894615917795
GCA_949116145.1,CASAJN010000008.1,Adapter,29,49,15824,1.0,0.001327098078867543,TruSeq_R2,4,technical_match,0.011404285987072993
GCA_949116145.1,CASAJN010000010.1,Adapter,20,40,14805,1.0,0.0014184397163120568,TruSeq_R2,4,technical_match,0.010632654536935127
GCA_949116145.1,CASAJN010000010.1,Adapter,10196,10216,14805,1.0,0.0014184397163120568,TruSeq_R2,4,technical_match,0.010632654536935127
GCA_949116145.1,CASAJN010000011.1,Adapter,6,26,13455,1.0,0.001560758082497213,TruSeq_R2,4,technical_match,0.004160326915261858
GCA_949116145.1,CASAJN010000012.1,Adapter,11630,11650,13126,1.0,0.0015998781045253696,TruSeq,4,technical_match,0.0007365159974853097
GCA_949116145.1,CASAJN010000014.1,Adapter,12416,12436,12444,1.0,0.0016875602700096432,TruSeq,4,technical_match,0.027891386475751623
GCA_949116145.1,CASAJN010000017.1,Adapter,898,918,11912,1.0,0.001762928139691068,TruSeq_R2,4,technical_match,0.005865364831192266
GCA_949116145.1,CASAJN010000018.1,Adapter,28,48,11130,1.0,0.0018867924528301887,TruSeq,4,technical_match,0.009050410298288403
GCA_949116145.1,CASAJN010000018.1,Adapter,11094,11114,11130,1.0,0.0018867924528301887,TruSeq,4,technical_match,0.009050410298288403
GCA_949116145.1,CASAJN010000019.1,Adapter,7410,7430,10837,1.0,0.0019378056657746608,TruSeq,4,technical_match,0.004611320116224782
GCA_949116145.1,CASAJN010000021.1,Adapter,10275,10295,10317,1.0,0.002035475428903751,TruSeq_R2,4,technical_match,1.0955482435126562e-06
GCA_949116145.1,CASAJN010000026.1,Adapter,8634,8654,8656,1.0,0.0024260628465804066,TruSeq_R2,4,technical_match,0.010198378607134073
GCA_949116145.1,CASAJN010000028.1,Adapter,8243,8263,8268,1.0,0.0025399129172714078,TruSeq,4,technical_match,0.021291135010461648
GCA_949116145.1,CASAJN010000029.1,Adapter,30,50,8133,1.0,0.0025820730357801547,TruSeq,4,technical_match,0.016166692231858737
GCA_949116145.1,CASAJN010000031.1,Adapter,3373,3393,8051,1.0,0.00260837163085331,TruSeq_R2,4,technical_match,0.023127768786531222
GCA_949116145.1,CASAJN010000031.1,Adapter,8016,8036,8051,1.0,0.00260837163085331,TruSeq_R2,4,technical_match,0.023127768786531222
GCA_949116145.1,CASAJN010000032.1,Adapter,19,39,7967,1.0,0.0026358729760261076,TruSeq_R2,4,technical_match,0.022731295618622638
GCA_949116145.1,CASAJN010000033.1,Adapter,7,27,7887,1.0,0.0026626093571700264,TruSeq_R2,4,technical_match,0.023812890730432024
GCA_949116145.1,CASAJN010000035.1,Adapter,28,48,7748,1.0,0.0027103768714506968,TruSeq,4,technical_match,0.01177204461801068
GCA_949116145.1,CASAJN010000039.1,Adapter,5,25,7075,1.0,0.0029681978798586574,TruSeq_R2,4,technical_match,0.00645340156699703
GCA_949116145.1,CASAJN010000040.1,Adapter,2716,2736,7023,1.0,0.00299017513882956,TruSeq_R2,4,technical_match,0.0001213952324713996
GCA_949116145.1,CASAJN010000043.1,Adapter,12,32,6771,1.0,0.0031014621178555605,TruSeq_R2,4,technical_match,0.016049512188421933
GCA_949116145.1,CASAJN010000046.1,Adapter,5609,5629,6632,1.0,0.003166465621230398,TruSeq_R2,4,technical_match,0.008742032381302167
GCA_949116145.1,CASAJN010000053.1,Adapter,7,27,6300,1.0,0.0033333333333333335,TruSeq,4,technical_match,0.0223634427144076
GCA_949116145.1,CASAJN010000055.1,Adapter,6109,6129,6140,1.0,0.0034201954397394137,TruSeq_R2,4,technical_match,0.014917761739314861
GCA_949116145.1,CASAJN010000061.1,Adapter,5915,5935,5955,1.0,0.003526448362720403,TruSeq_R2,4,technical_match,0.031000645691886652
GCA_949116145.1,CASAJN010000065.1,Adapter,2996,3016,5881,1.0,0.0035708212888964463,TruSeq,4,technical_match,0.012615571455250385
GCA_949116145.1,CASAJN010000066.1,Adapter,2,22,5877,1.0,0.0035732516590096988,TruSeq,4,technical_match,0.014915988390410917
GCA_949116145.1,CASAJN010000066.1,Adapter,918,938,5877,1.0,0.0035732516590096988,TruSeq,4,technical_match,0.014915988390410917
GCA_949116145.1,CASAJN010000067.1,Adapter,7,27,5874,1.0,0.003575076608784474,TruSeq_R2,4,technical_match,0.01587364076984704
GCA_949116145.1,CASAJN010000070.1,Adapter,596,616,5769,1.0,0.003640145605824233,TruSeq,4,technical_match,0.024011416460876456
GCA_949116145.1,CASAJN010000073.1,Adapter,5636,5656,5685,1.0,0.0036939313984168864,TruSeq_R2,4,technical_match,0.025221407384799166
GCA_949116145.1,CASAJN010000081.1,Adapter,3781,3801,5377,1.0,0.003905523526129812,TruSeq_R2,4,technical_match,0.005581695729530711
GCA_949116145.1,CASAJN010000082.1,Adapter,5262,5282,5307,1.0,0.00395703787450537,TruSeq,4,technical_match,0.01986858480971726
GCA_949116145.1,CASAJN010000083.1,Adapter,1087,1107,5285,1.0,0.003973509933774834,TruSeq_R2,4,technical_match,0.009463801312446118
GCA_949116145.1,CASAJN010000083.1,Adapter,1126,1146,5285,1.0,0.003973509933774834,TruSeq_R2,4,technical_match,0.009463801312446118
GCA_949116145.1,CASAJN010000090.1,Adapter,13,33,4874,1.0,0.004308576118178088,TruSeq_R2,4,technical_match,0.0070343123069103175
GCA_949116145.1,CASAJN010000091.1,Adapter,2941,2961,4841,1.0,0.004337946705226193,TruSeq_R2,4,technical_match,0.007510828835475047
GCA_949116145.1,CASAJN010000096.1,Adapter,6,26,4694,1.0,0.004473796335747763,TruSeq_R2,4,technical_match,0.0031626634494663075
GCA_949116145.1,CASAJN010000100.1,Adapter,15,35,4652,1.0,0.0045141874462596735,TruSeq_R2,4,technical_match,0.029924393431198848
GCA_949116145.1,CASAJN010000100.1,Adapter,4604,4624,4652,1.0,0.0045141874462596735,TruSeq,4,technical_match,0.029924393431198848
GCA_949116145.1,CASAJN010000101.1,Adapter,360,380,4552,1.0,0.00461335676625659,TruSeq,4,technical_match,0.006090086578347753
GCA_949116145.1,CASAJN010000103.1,Adapter,4428,4448,4462,1.0,0.00470640968175706,TruSeq,4,technical_match,0.0085797088130794
GCA_949116145.1,CASAJN010000106.1,Adapter,4386,4406,4426,1.0,0.004744690465431541,TruSeq_R2,4,technical_match,0.019304702664431295
GCA_949116145.1,CASAJN010000107.1,Adapter,28,48,4399,1.0,0.004773812230052284,TruSeq_R2,4,technical_match,0.008770469534055747
GCA_949116145.1,CASAJN010000108.1,Adapter,4341,4361,4369,1.0,0.004806591897459373,TruSeq_R2,4,technical_match,0.008699389401296997
GCA_949116145.1,CASAJN010000109.1,Adapter,3,23,4334,1.0,0.004845408398707891,TruSeq_R2,4,technical_match,0.0016965250485238559
GCA_949116145.1,CASAJN010000110.1,Adapter,19,39,4275,1.0,0.004912280701754386,TruSeq,4,technical_match,0.0017254672776705338
GCA_949116145.1,CASAJN010000121.1,Adapter,2,22,3842,1.0,0.005465903175429464,TruSeq,4,technical_match,0.006025666279001307
GCA_949116145.1,CASAJN010000126.1,Adapter,9,29,3748,1.0,0.005602988260405549,TruSeq_R2,4,technical_match,0.01513644045946888
GCA_949116145.1,CASAJN010000126.1,Adapter,3723,3743,3748,1.0,0.005602988260405549,TruSeq,4,technical_match,0.01513644045946888
GCA_949116145.1,CASAJN010000130.1,Adapter,644,664,3700,1.0,0.005675675675675676,TruSeq_R2,4,technical_match,0.02091039065985617
GCA_949116145.1,CASAJN010000134.1,Adapter,3,23,3557,1.0,0.005903851560303626,TruSeq,4,technical_match,0.03134037603927142
GCA_949116145.1,CASAJN010000140.1,Adapter,3412,3432,3457,1.0,0.00607463118310674,TruSeq_R2,4,technical_match,0.004263143059815233
GCA_949116145.1,CASAJN010000148.1,Adapter,17,37,3287,1.0,0.006388804380894433,TruSeq,4,technical_match,0.010803911639892527
GCA_949116145.1,CASAJN010000149.1,Adapter,28,48,3283,1.0,0.006396588486140725,TruSeq,4,technical_match,0.021074432191743486
GCA_949116145.1,CASAJN010000152.1,Adapter,647,667,3201,1.0,0.006560449859418931,TruSeq,4,technical_match,0.016823778499469477
GCA_949116145.1,CASAJN010000166.1,Adapter,14,34,2949,1.0,0.007121057985757884,TruSeq_R2,4,technical_match,0.020177883843434996
GCA_949116145.1,CASAJN010000170.1,Adapter,1282,1302,2737,1.0,0.0076726342710997444,TruSeq,4,technical_match,0.025738880764768268
GCA_949116145.1,CASAJN010000176.1,Adapter,2547,2567,2579,1.0,0.0081426909654905,TruSeq,4,technical_match,0.0011688047213135877
GCA_949116145.1,CASAJN010000178.1,Adapter,15,35,2575,1.0,0.008155339805825243,TruSeq_R2,4,technical_match,0.009585570610436134
GCA_949116145.1,CASAJN010000188.1,Adapter,6,26,2437,1.0,0.008617152236356175,TruSeq_R2,4,technical_match,0.011322182592946817
GCA_949116145.1,CASAJN010000191.1,Adapter,14,34,2417,1.0,0.008688456764584195,TruSeq_R2,4,technical_match,0.025772789512344907
GCA_949116145.1,CASAJN010000196.1,Adapter,21,41,2342,1.0,0.008966695132365499,TruSeq_R2,4,technical_match,0.011808421948510062
GCA_949116145.1,CASAJN010000198.1,Adapter,2292,2312,2339,1.0,0.00897819581017529,TruSeq_R2,4,technical_match,0.006334824502855496
GCA_949116145.1,CASAJN010000200.1,Adapter,2255,2275,2302,1.0,0.009122502172024326,TruSeq_R2,4,technical_match,0.01660895841877441
GCA_949116145.1,CASAJN010000209.1,Adapter,1,21,2206,1.0,0.009519492293744334,TruSeq_R2,4,technical_match,0.009452751493300604
GCA_949116145.1,CASAJN010000219.1,Adapter,943,963,2071,1.0,0.010140028971511348,TruSeq,4,technical_match,0.00838038696407728
GCA_949116145.1,CASAJN010000226.1,Adapter,1973,1993,2016,1.0,0.010416666666666666,TruSeq_R2,4,technical_match,0.014575702312972727
GCA_949116145.1,CASAJN010000227.1,Adapter,1964,1984,2009,1.0,0.010452961672473868,TruSeq,4,technical_match,0.016593066007363544
GCA_949116145.1,CASAJN010000237.1,Adapter,21,41,1917,1.0,0.010954616588419406,TruSeq,4,technical_match,0.006453249173725251
GCA_949116145.1,CASAJN010000245.1,Adapter,1770,1790,1816,1.0,0.011563876651982379,TruSeq_R2,4,technical_match,0.025068849645327074
GCA_949116145.1,CASAJN010000248.1,Adapter,20,40,1792,1.0,0.01171875,TruSeq_R2,4,technical_match,0.019722031678052088
GCA_949116145.1,CASAJN010000251.1,Adapter,1695,1715,1739,1.0,0.012075905692926969,TruSeq_R2,4,technical_match,0.02131932418817356
GCA_949116145.1,CASAJN010000253.1,Adapter,1,21,1713,1.0,0.012259194395796848,TruSeq_R2,4,technical_match,0.01697159645580204
GCA_949116145.1,CASAJN010000262.1,Adapter,21,41,1626,1.0,0.012915129151291513,TruSeq_R2,4,technical_match,0.00332621481809775
GCA_949116145.1,CASAJN010000262.1,Adapter,1606,1626,1626,1.0,0.012915129151291513,TruSeq,4,technical_match,0.00332621481809775
GCA_949116145.1,CASAJN010000264.1,Adapter,18,38,1587,1.0,0.013232514177693762,TruSeq_R2,4,technical_match,0.01141197620501222
GCA_949116265.1,CASAJX010000005.1,Adapter,11504,11524,11532,1.0,0.0018210197710718003,TruSeq,4,technical_match,0.002972901656453364
GCA_949116265.1,CASAJX010000027.1,Adapter,12,32,6210,1.0,0.003381642512077295,TruSeq,4,technical_match,0.020200578140791847
GCA_949116265.1,CASAJX010000046.1,Adapter,5226,5246,5246,1.0,0.004003049942813572,TruSeq_R2,4,technical_match,0.016126804886359203
GCA_949116265.1,CASAJX010000048.1,Adapter,5177,5197,5227,1.0,0.004017600918308781,TruSeq,4,technical_match,0.01690533099725605
GCA_949116265.1,CASAJX010000050.1,Adapter,9,29,5132,1.0,0.004091971940763835,TruSeq,4,technical_match,0.024404945170059755
GCA_949116265.1,CASAJX010000079.1,Adapter,4085,4105,4115,1.0,0.005103280680437424,TruSeq,4,technical_match,0.02084156991707864
GCA_949116265.1,CASAJX010000080.1,Adapter,4090,4110,4115,1.0,0.005103280680437424,TruSeq,4,technical_match,0.009905968458998493
GCA_949116265.1,CASAJX010000083.1,Adapter,24,44,4064,1.0,0.00516732283464567,TruSeq_R2,4,technical_match,0.012153961685240078
GCA_949116265.1,CASAJX010000092.1,Adapter,11,31,3949,1.0,0.005317801975183591,TruSeq_R2,4,technical_match,0.00415395470649732
GCA_949116265.1,CASAJX010000109.1,Adapter,3468,3488,3515,1.0,0.005974395448079659,TruSeq,4,technical_match,0.01452430692734269
GCA_949116265.1,CASAJX010000116.1,Adapter,3366,3386,3409,1.0,0.006160164271047228,TruSeq_R2,4,technical_match,0.000683611621176694
GCA_949116265.1,CASAJX010000123.1,Adapter,3309,3329,3358,1.0,0.006253722453841573,TruSeq,4,technical_match,0.01076664434115715
GCA_949116265.1,CASAJX010000157.1,Adapter,3000,3020,3046,1.0,0.006894287590282338,TruSeq,4,technical_match,0.0017320710942494433
GCA_949116265.1,CASAJX010000167.1,Adapter,2925,2945,2954,1.0,0.0071090047393364926,TruSeq,4,technical_match,0.022641876110628845
GCA_949116265.1,CASAJX010000190.1,Adapter,2660,2680,2691,1.0,0.007803790412486065,TruSeq_R2,4,technical_match,0.004845872992615796
GCA_949116265.1,CASAJX010000195.1,Adapter,2594,2614,2642,1.0,0.007948523845571537,TruSeq,4,technical_match,0.015193117895368757
GCA_949116265.1,CASAJX010000197.1,Adapter,3,23,2633,1.0,0.007975693125712115,TruSeq_R2,4,technical_match,0.030819423674348645
GCA_949116265.1,CASAJX010000202.1,Adapter,2564,2584,2600,1.0,0.008076923076923077,TruSeq,4,technical_match,0.025462562533210997
GCA_949116265.1,CASAJX010000240.1,Adapter,7,27,2248,1.0,0.009341637010676156,TruSeq_R2,4,technical_match,0.011658981403279534
GCA_949116265.1,CASAJX010000254.1,Adapter,2103,2123,2133,1.0,0.009845288326300985,TruSeq_R2,4,technical_match,0.007876641656150873
GCA_949116265.1,CASAJX010000256.1,Adapter,6,26,2131,1.0,0.009854528390427029,TruSeq_R2,4,technical_match,0.001798888886656247
GCA_949116265.1,CASAJX010000264.1,Adapter,2021,2041,2069,1.0,0.01014983083615273,TruSeq_R2,4,technical_match,0.014895841749794525
GCA_949116265.1,CASAJX010000265.1,Adapter,1,21,2067,1.0,0.010159651669085631,TruSeq,4,technical_match,0.006730100027163621
GCA_949116265.1,CASAJX010000267.1,Adapter,1416,1436,2059,1.0,0.010199125789218067,TruSeq,4,technical_match,0.05783961113499486
GCA_949116265.1,CASAJX010000293.1,Adapter,13,33,1896,1.0,0.011075949367088608,TruSeq,4,technical_match,0.0019100437634459455
GCA_949116265.1,CASAJX010000305.1,Adapter,1790,1810,1828,1.0,0.011487964989059081,TruSeq_R2,4,technical_match,0.009419808788050266
GCA_949116265.1,CASAJX010000322.1,Adapter,1701,1721,1749,1.0,0.012006861063464836,TruSeq_R2,4,technical_match,0.026917459837164925
GCA_949116265.1,CASAJX010000329.1,Adapter,1209,1229,1724,1.0,0.012180974477958236,TruSeq_R2,4,technical_match,0.01859064798335014
GCA_949116265.1,CASAJX010000354.1,Adapter,31,51,1625,1.0,0.012923076923076923,TruSeq,4,technical_match,0.018845129774481273
GCA_949116265.1,CASAJX010000372.1,Adapter,1492,1512,1541,1.0,0.0136275146009085,TruSeq,4,technical_match,0.012370164989158716
GCA_949116265.1,CASAJX010000382.1,Adapter,21,41,1509,1.0,0.013916500994035786,TruSeq_R2,4,technical_match,0.050862980538002756
GCA_949352145.1,CASHSK010000022.1,Adapter,9145,9163,11381,1.0,0.001669449081803005,Nextera,4,technical_match,0.009844573919391697
GCA_949482865.1,CASYHS010000129.1,Adapter,1498,1518,1534,1.0,0.013689700130378096,TruSeq_R2,4,technical_match,0.017524101127112862
GCA_949483705.1,CASYLB010000012.1,Adapter,49030,49050,49054,1.0,0.00042809964528886535,TruSeq_R2,4,technical_match,0.0006299845994188757
GCA_949483705.1,CASYLB010000019.1,Adapter,29140,29160,29180,1.0,0.0007196710075394106,TruSeq,4,technical_match,0.0064050668387314325
GCA_949483705.1,CASYLB010000028.1,Adapter,17805,17825,17839,1.0,0.0011771960311676662,TruSeq_R2,4,technical_match,0.004118460157225612
GCA_949483705.1,CASYLB010000031.1,Adapter,2,22,15437,1.0,0.0013603679471399883,TruSeq_R2,4,technical_match,0.008566071240768636
GCA_949483705.1,CASYLB010000032.1,Adapter,14783,14803,14810,1.0,0.0014179608372721134,TruSeq,4,technical_match,0.044769717810693666
GCA_949483705.1,CASYLB010000041.1,Adapter,23,43,9378,1.0,0.0022392834293026233,TruSeq,4,technical_match,0.007325667496260846
GCA_949484315.1,CASYOA010000003.1,Adapter,8,28,14193,1.0,0.0014796026210103573,TruSeq_R2,4,technical_match,0.009445397966496683
GCA_949484315.1,CASYOA010000003.1,Adapter,14167,14187,14193,1.0,0.0014796026210103573,TruSeq,4,technical_match,0.009445397966496683
GCA_949484315.1,CASYOA010000013.1,Adapter,13,33,10571,1.0,0.0019865670229874182,TruSeq_R2,4,technical_match,0.006241591752774167
GCA_949484315.1,CASYOA010000016.1,Adapter,6,26,9827,1.0,0.0021369695736236896,TruSeq,4,technical_match,0.004971157131367199
GCA_949484315.1,CASYOA010000020.1,Adapter,9299,9319,9326,1.0,0.0022517692472657086,TruSeq,4,technical_match,0.00017898471459015797
GCA_949484315.1,CASYOA010000026.1,Adapter,8437,8457,8462,1.0,0.0024816828173008744,TruSeq_R2,4,technical_match,0.030564779786481977
GCA_949484315.1,CASYOA010000030.1,Adapter,8030,8050,8065,1.0,0.0026038437693738374,TruSeq_R2,4,technical_match,0.02674948450112563
GCA_949484315.1,CASYOA010000052.1,Adapter,6494,6514,6518,1.0,0.0032218471923903037,TruSeq_R2,4,technical_match,0.004728684495141466
GCA_949484315.1,CASYOA010000059.1,Adapter,6307,6327,6353,1.0,0.0033055249488430664,TruSeq_R2,4,technical_match,0.02198985255975988
GCA_949484315.1,CASYOA010000060.1,Adapter,6,26,6275,1.0,0.003346613545816733,TruSeq,4,technical_match,0.009317827157385994
GCA_949484315.1,CASYOA010000060.1,Adapter,6247,6267,6275,1.0,0.003346613545816733,TruSeq,4,technical_match,0.009317827157385994
GCA_949484315.1,CASYOA010000061.1,Adapter,6251,6271,6271,1.0,0.003348748206027747,TruSeq_R2,4,technical_match,0.0002876609523660423
GCA_949484315.1,CASYOA010000062.1,Adapter,8,28,6222,1.0,0.0033751205400192863,TruSeq,4,technical_match,0.03240088547378289
GCA_949484315.1,CASYOA010000066.1,Adapter,15,35,6025,1.0,0.0034854771784232365,TruSeq_R2,4,technical_match,0.008944217860135162
GCA_949484315.1,CASYOA010000066.1,Adapter,5990,6010,6025,1.0,0.0034854771784232365,TruSeq_R2,4,technical_match,0.008944217860135162
GCA_949484315.1,CASYOA010000074.1,Adapter,5780,5800,5800,1.0,0.003620689655172414,TruSeq_R2,4,technical_match,0.005908018117682712
GCA_949484315.1,CASYOA010000078.1,Adapter,5580,5600,5606,1.0,0.003745986443096682,TruSeq_R2,4,technical_match,0.0325565597048984
GCA_949484315.1,CASYOA010000080.1,Adapter,2141,2161,5573,1.0,0.0037681679526287456,TruSeq,4,technical_match,0.00807598312136426
GCA_949484315.1,CASYOA010000081.1,Adapter,5,25,5531,1.0,0.003796781775447478,TruSeq_R2,4,technical_match,0.03206690691302194
GCA_949484315.1,CASYOA010000084.1,Adapter,5463,5483,5495,1.0,0.003821656050955414,TruSeq_R2,4,technical_match,0.020414622868082766
GCA_949484315.1,CASYOA010000086.1,Adapter,5388,5408,5412,1.0,0.003880266075388027,TruSeq_R2,4,technical_match,0.0158458319158834
GCA_949484315.1,CASYOA010000087.1,Adapter,5347,5367,5376,1.0,0.00390625,TruSeq_R2,4,technical_match,0.01352342687410707
GCA_949484315.1,CASYOA010000092.1,Adapter,5134,5154,5162,1.0,0.004068190623789229,TruSeq,4,technical_match,0.007783260271886527
GCA_949484315.1,CASYOA010000093.1,Adapter,5129,5149,5150,1.0,0.004077669902912621,TruSeq,4,technical_match,0.011775276157509784
GCA_949484315.1,CASYOA010000097.1,Adapter,5052,5072,5078,1.0,0.0041354864119732175,TruSeq,4,technical_match,0.0489244106697328
GCA_949484315.1,CASYOA010000100.1,Adapter,4952,4972,4987,1.0,0.00421094846601163,TruSeq,4,technical_match,0.021160843681616137
GCA_949484315.1,CASYOA010000101.1,Adapter,4932,4952,4956,1.0,0.00423728813559322,TruSeq_R2,4,technical_match,0.03401995488537635
GCA_949484315.1,CASYOA010000103.1,Adapter,4919,4939,4947,1.0,0.004244996967859308,TruSeq,4,technical_match,0.04492864359997267
GCA_949484315.1,CASYOA010000108.1,Adapter,4804,4824,4839,1.0,0.0043397396156230625,TruSeq,4,technical_match,0.025286060032868984
GCA_949484315.1,CASYOA010000110.1,Adapter,10,30,4824,1.0,0.004353233830845771,TruSeq_R2,4,technical_match,0.013975037866762852
GCA_949484315.1,CASYOA010000111.1,Adapter,4788,4808,4813,1.0,0.004363183045917307,TruSeq_R2,4,technical_match,0.00251046694521162
GCA_949484315.1,CASYOA010000116.1,Adapter,4673,4693,4693,1.0,0.004474749627104198,TruSeq_R2,4,technical_match,0.014940494340343502
GCA_949484315.1,CASYOA010000118.1,Adapter,28,48,4557,1.0,0.004608294930875576,TruSeq_R2,4,technical_match,0.012638247473051145
GCA_949484315.1,CASYOA010000127.1,Adapter,4302,4322,4330,1.0,0.004849884526558892,TruSeq,4,technical_match,0.01285601787817614
GCA_949484315.1,CASYOA010000130.1,Adapter,6,26,4290,1.0,0.0048951048951048955,TruSeq,4,technical_match,0.015058407957727726
GCA_949484315.1,CASYOA010000135.1,Adapter,26,46,4214,1.0,0.0049833887043189366,TruSeq_R2,4,technical_match,0.006073063007630275
GCA_949484315.1,CASYOA010000135.1,Adapter,4193,4213,4214,1.0,0.0049833887043189366,TruSeq,4,technical_match,0.006073063007630275
GCA_949484315.1,CASYOA010000138.1,Adapter,4104,4124,4145,1.0,0.005066344993968637,TruSeq_R2,4,technical_match,0.04425667249977999
GCA_949484315.1,CASYOA010000144.1,Adapter,2,22,3973,1.0,0.005285678328718852,TruSeq_R2,4,technical_match,0.010997371251334875
GCA_949484315.1,CASYOA010000145.1,Adapter,3912,3932,3960,1.0,0.005303030303030303,TruSeq_R2,4,technical_match,0.01854687564755586
GCA_949484315.1,CASYOA010000152.1,Adapter,21,41,3888,1.0,0.005401234567901234,TruSeq_R2,4,technical_match,0.039515226858991115
GCA_949484315.1,CASYOA010000153.1,Adapter,3864,3884,3885,1.0,0.005405405405405406,TruSeq_R2,4,technical_match,0.008411901311221104
GCA_949484315.1,CASYOA010000154.1,Adapter,28,48,3858,1.0,0.005443234836702955,TruSeq_R2,4,technical_match,0.0031325940101408767
GCA_949484315.1,CASYOA010000159.1,Adapter,5,25,3769,1.0,0.005571769700185725,TruSeq_R2,4,technical_match,0.026331943090357468
GCA_949484315.1,CASYOA010000160.1,Adapter,3734,3754,3767,1.0,0.005574727900185824,TruSeq,4,technical_match,0.034541614778338336
GCA_949484315.1,CASYOA010000172.1,Adapter,3659,3679,3683,1.0,0.005701873472712463,TruSeq_R2,4,technical_match,0.03811545770497571
GCA_949484315.1,CASYOA010000192.1,Adapter,3300,3320,3324,1.0,0.00631768953068592,TruSeq_R2,4,technical_match,0.047563688477448685
GCA_949484315.1,CASYOA010000195.1,Adapter,3271,3291,3299,1.0,0.006365565322825098,TruSeq_R2,4,technical_match,0.0002595770783536677
GCA_949484315.1,CASYOA010000197.1,Adapter,3242,3262,3285,1.0,0.006392694063926941,TruSeq_R2,4,technical_match,0.012880624090893356
GCA_949484315.1,CASYOA010000199.1,Adapter,1,21,3268,1.0,0.006425948592411261,TruSeq,4,technical_match,0.024395447040802876
GCA_949484315.1,CASYOA010000217.1,Adapter,3075,3095,3095,1.0,0.00678513731825525,TruSeq,4,technical_match,0.0323767385232312
GCA_949484315.1,CASYOA010000219.1,Adapter,3053,3073,3078,1.0,0.00682261208576998,TruSeq_R2,4,technical_match,0.06166164228026033
GCA_949484315.1,CASYOA010000231.1,Adapter,10,30,2953,1.0,0.007111412123264477,TruSeq,4,technical_match,0.025057802730782286
GCA_949484315.1,CASYOA010000231.1,Adapter,2925,2945,2953,1.0,0.007111412123264477,TruSeq_R2,4,technical_match,0.025057802730782286
GCA_949484315.1,CASYOA010000234.1,Adapter,2893,2913,2929,1.0,0.007169682485489928,TruSeq,4,technical_match,0.018311852145205643
GCA_949484315.1,CASYOA010000244.1,Adapter,9,29,2889,1.0,0.007268951194184839,TruSeq,4,technical_match,0.021588192240274306
GCA_949484315.1,CASYOA010000246.1,Adapter,30,50,2884,1.0,0.007281553398058253,TruSeq_R2,4,technical_match,0.0038002414834459874
GCA_949484315.1,CASYOA010000247.1,Adapter,2835,2855,2874,1.0,0.007306889352818371,TruSeq_R2,4,technical_match,0.04031206870199394
GCA_949484315.1,CASYOA010000251.1,Adapter,10,30,2851,1.0,0.0073658365485794455,TruSeq_R2,4,technical_match,0.05034566250138356
GCA_949484315.1,CASYOA010000251.1,Adapter,2817,2837,2851,1.0,0.0073658365485794455,TruSeq,4,technical_match,0.05034566250138356
GCA_949484315.1,CASYOA010000252.1,Adapter,2827,2847,2851,1.0,0.0073658365485794455,TruSeq,4,technical_match,0.022636086913870423
GCA_949484315.1,CASYOA010000254.1,Adapter,3,23,2835,1.0,0.007407407407407408,TruSeq,4,technical_match,0.004388830621483764
GCA_949484315.1,CASYOA010000260.1,Adapter,29,49,2759,1.0,0.007611453425154041,TruSeq_R2,4,technical_match,0.0492026541648784
GCA_949484315.1,CASYOA010000260.1,Adapter,2722,2742,2759,1.0,0.007611453425154041,TruSeq,4,technical_match,0.0492026541648784
GCA_949484315.1,CASYOA010000261.1,Adapter,2704,2724,2742,1.0,0.007658643326039387,TruSeq_R2,4,technical_match,0.0047999976774831254
GCA_949484315.1,CASYOA010000262.1,Adapter,2715,2735,2739,1.0,0.007667031763417305,TruSeq,4,technical_match,0.0003225414146322825
GCA_949484315.1,CASYOA010000269.1,Adapter,2696,2716,2723,1.0,0.007712082262210797,TruSeq,4,technical_match,0.0011787396418876939
GCA_949484315.1,CASYOA010000276.1,Adapter,11,31,2645,1.0,0.007939508506616257,TruSeq_R2,4,technical_match,0.0011195427901291022
GCA_949484315.1,CASYOA010000281.1,Adapter,18,38,2593,1.0,0.008098727342846125,TruSeq,4,technical_match,0.010640780371618697
GCA_949484315.1,CASYOA010000282.1,Adapter,2563,2583,2586,1.0,0.008120649651972157,TruSeq_R2,4,technical_match,0.02081198614932528
GCA_949484315.1,CASYOA010000288.1,Adapter,13,33,2555,1.0,0.00821917808219178,TruSeq_R2,4,technical_match,0.02923200482583571
GCA_949484315.1,CASYOA010000288.1,Adapter,2511,2531,2555,1.0,0.00821917808219178,TruSeq_R2,4,technical_match,0.02923200482583571
GCA_949484315.1,CASYOA010000296.1,Adapter,2447,2467,2495,1.0,0.008416833667334669,TruSeq,4,technical_match,0.005295759116922594
GCA_949484315.1,CASYOA010000311.1,Adapter,2370,2390,2405,1.0,0.008731808731808732,TruSeq,4,technical_match,0.004755111855792082
GCA_949484315.1,CASYOA010000328.1,Adapter,8,28,2273,1.0,0.009238891333040036,TruSeq,4,technical_match,0.007279136342116521
GCA_949484315.1,CASYOA010000329.1,Adapter,2249,2269,2272,1.0,0.009242957746478873,TruSeq,4,technical_match,0.0351112873704183
GCA_949484315.1,CASYOA010000337.1,Adapter,7,27,2226,1.0,0.009433962264150943,TruSeq_R2,4,technical_match,0.02130083028830293
GCA_949484315.1,CASYOA010000341.1,Adapter,2173,2193,2197,1.0,0.009558488848429678,TruSeq,4,technical_match,0.008487474168036024
GCA_949484315.1,CASYOA010000343.1,Adapter,10,30,2169,1.0,0.009681881051175657,TruSeq_R2,4,technical_match,0.025560169911771846
GCA_949484315.1,CASYOA010000346.1,Adapter,2131,2151,2158,1.0,0.009731232622798888,TruSeq_R2,4,technical_match,0.033392739288600204
GCA_949484315.1,CASYOA010000347.1,Adapter,7,27,2143,1.0,0.00979934671021932,TruSeq,4,technical_match,0.0024095387059653306
GCA_949484315.1,CASYOA010000357.1,Adapter,19,39,2078,1.0,0.01010587102983638,TruSeq,4,technical_match,0.01180330908685745
GCA_949484315.1,CASYOA010000358.1,Adapter,15,35,2061,1.0,0.010189228529839884,TruSeq_R2,4,technical_match,0.07960274280773946
GCA_949484315.1,CASYOA010000366.1,Adapter,8,28,2029,1.0,0.010349926071956629,TruSeq_R2,4,technical_match,0.044788050747991526
GCA_949484315.1,CASYOA010000368.1,Adapter,6,26,2017,1.0,0.010411502231036193,TruSeq,4,technical_match,0.03522810770105167
GCA_949484315.1,CASYOA010000370.1,Adapter,23,43,2002,1.0,0.01048951048951049,TruSeq,4,technical_match,0.02983003693071712
GCA_949484315.1,CASYOA010000370.1,Adapter,1976,1996,2002,1.0,0.01048951048951049,TruSeq_R2,4,technical_match,0.02983003693071712
GCA_949484315.1,CASYOA010000378.1,Adapter,1910,1930,1950,1.0,0.010769230769230769,TruSeq,4,technical_match,0.01808844518912539
GCA_949484315.1,CASYOA010000379.1,Adapter,1892,1912,1938,1.0,0.010835913312693499,TruSeq_R2,4,technical_match,0.024815443680829774
GCA_949484315.1,CASYOA010000382.1,Adapter,17,37,1931,1.0,0.010875194199896427,TruSeq_R2,4,technical_match,0.0027553508710492225
GCA_949484315.1,CASYOA010000384.1,Adapter,1885,1905,1929,1.0,0.01088646967340591,TruSeq_R2,4,technical_match,0.014493118794421112
GCA_949484315.1,CASYOA010000387.1,Adapter,2,22,1923,1.0,0.0109204368174727,TruSeq_R2,4,technical_match,0.01774978834021579
GCA_949484315.1,CASYOA010000394.1,Adapter,28,48,1845,1.0,0.011382113821138212,TruSeq_R2,4,technical_match,0.016095532952310698
GCA_949484315.1,CASYOA010000402.1,Adapter,23,43,1820,1.0,0.011538461538461539,TruSeq,4,technical_match,0.03222763932831951
GCA_949484315.1,CASYOA010000402.1,Adapter,1789,1809,1820,1.0,0.011538461538461539,TruSeq,4,technical_match,0.03222763932831951
GCA_949484315.1,CASYOA010000406.1,Adapter,1777,1797,1808,1.0,0.011615044247787611,TruSeq,4,technical_match,0.0163020825841787
GCA_949484315.1,CASYOA010000412.1,Adapter,23,43,1773,1.0,0.011844331641285956,TruSeq,4,technical_match,0.04659640648896485
GCA_949484315.1,CASYOA010000421.1,Adapter,1697,1717,1733,1.0,0.012117714945181766,TruSeq,4,technical_match,0.033266992986855204
GCA_949484315.1,CASYOA010000429.1,Adapter,22,42,1697,1.0,0.012374779021803181,TruSeq_R2,4,technical_match,0.06198710291235082
GCA_949484315.1,CASYOA010000439.1,Adapter,5,25,1655,1.0,0.012688821752265862,TruSeq_R2,4,technical_match,0.010164711523245828
GCA_949484315.1,CASYOA010000439.1,Adapter,1622,1642,1655,1.0,0.012688821752265862,TruSeq,4,technical_match,0.010164711523245828
GCA_949484315.1,CASYOA010000441.1,Adapter,18,38,1646,1.0,0.01275820170109356,TruSeq_R2,4,technical_match,0.0017969023511431592
GCA_949484315.1,CASYOA010000447.1,Adapter,11,31,1626,1.0,0.012915129151291513,TruSeq,4,technical_match,0.04207179271490835
GCA_949484315.1,CASYOA010000448.1,Adapter,1593,1613,1621,1.0,0.012954966070326958,TruSeq_R2,4,technical_match,0.022825204188435144
GCA_949484315.1,CASYOA010000454.1,Adapter,21,41,1584,1.0,0.013257575757575758,TruSeq_R2,4,technical_match,0.019079386978706758
GCA_949484315.1,CASYOA010000458.1,Adapter,2,22,1575,1.0,0.013333333333333334,TruSeq,4,technical_match,0.02308371598303577
GCA_949484315.1,CASYOA010000461.1,Adapter,5,25,1571,1.0,0.01336728198599618,TruSeq,4,technical_match,0.035062740565497685
GCA_949484315.1,CASYOA010000462.1,Adapter,9,29,1565,1.0,0.0134185303514377,TruSeq,4,technical_match,0.011612546045412175
GCA_949484315.1,CASYOA010000471.1,Adapter,1498,1518,1529,1.0,0.013734466971877043,TruSeq_R2,4,technical_match,0.004111151499601506
GCA_949484315.1,CASYOA010000474.1,Adapter,1475,1495,1505,1.0,0.013953488372093023,TruSeq,4,technical_match,0.025199783463254355
GCA_949492645.1,CASZTI010000008.1,Adapter,12570,12590,12592,1.0,0.001667725540025413,TruSeq,4,technical_match,0.005710797510791288
GCA_949492645.1,CASZTI010000009.1,Adapter,12516,12536,12555,1.0,0.0016726403823178017,TruSeq,4,technical_match,0.005616731121802165
GCA_949492645.1,CASZTI010000015.1,Adapter,3,23,11004,1.0,0.0019083969465648854,TruSeq_R2,4,technical_match,0.028130679942361736
GCA_949492645.1,CASZTI010000016.1,Adapter,10694,10714,10724,1.0,0.0019582245430809398,TruSeq,4,technical_match,0.001969293577280151
GCA_949492645.1,CASZTI010000018.1,Adapter,10410,10430,10434,1.0,0.0020126509488211618,TruSeq_R2,4,technical_match,0.025475834791170993
GCA_949492645.1,CASZTI010000020.1,Adapter,10142,10162,10191,1.0,0.0020606417427141595,TruSeq,4,technical_match,0.05771641802196137
GCA_949492645.1,CASZTI010000022.1,Adapter,8,28,9708,1.0,0.0021631644004944375,TruSeq,4,technical_match,0.010623403863100178
GCA_949492645.1,CASZTI010000026.1,Adapter,8996,9016,9024,1.0,0.002327127659574468,TruSeq_R2,4,technical_match,0.01992307458415543
GCA_949492645.1,CASZTI010000028.1,Adapter,20,40,8810,1.0,0.002383654937570942,TruSeq,4,technical_match,0.05939689748175936
GCA_949492645.1,CASZTI010000029.1,Adapter,10,30,8595,1.0,0.002443280977312391,TruSeq_R2,4,technical_match,0.01674852666540011
GCA_949492645.1,CASZTI010000032.1,Adapter,8134,8154,8159,1.0,0.0025738448339257263,TruSeq_R2,4,technical_match,0.011482955523135885
GCA_949492645.1,CASZTI010000033.1,Adapter,1,21,7950,1.0,0.0026415094339622643,TruSeq,4,technical_match,0.037946458767214475
GCA_949492645.1,CASZTI010000033.1,Adapter,7912,7932,7950,1.0,0.0026415094339622643,TruSeq_R2,4,technical_match,0.037946458767214475
GCA_949492645.1,CASZTI010000041.1,Adapter,2,22,7500,1.0,0.0028,TruSeq_R2,4,technical_match,0.0005879682011767362
GCA_949492645.1,CASZTI010000044.1,Adapter,7378,7398,7412,1.0,0.002833243389098759,TruSeq,4,technical_match,0.023601100059424618
GCA_949492645.1,CASZTI010000046.1,Adapter,7304,7324,7328,1.0,0.0028657205240174674,TruSeq_R2,4,technical_match,0.0013921894529962398
GCA_949492645.1,CASZTI010000048.1,Adapter,10,30,7310,1.0,0.0028727770177838577,TruSeq,4,technical_match,0.03901075500903761
GCA_949492645.1,CASZTI010000054.1,Adapter,21,41,6773,1.0,0.003100546286726709,TruSeq_R2,4,technical_match,0.03162916846893499
GCA_949492645.1,CASZTI010000056.1,Adapter,3,23,6631,1.0,0.0031669431458301914,TruSeq_R2,4,technical_match,0.014957847053034157
GCA_949492645.1,CASZTI010000068.1,Adapter,6260,6280,6292,1.0,0.003337571519389701,TruSeq,4,technical_match,0.01640275947051345
GCA_949492645.1,CASZTI010000072.1,Adapter,6197,6217,6223,1.0,0.003374578177727784,TruSeq_R2,4,technical_match,0.006462221953625336
GCA_949492645.1,CASZTI010000073.1,Adapter,28,48,6134,1.0,0.0034235409194652757,TruSeq_R2,4,technical_match,0.05467559010770273
GCA_949492645.1,CASZTI010000083.1,Adapter,29,49,5873,1.0,0.003575685339690107,TruSeq,4,technical_match,0.013749962441879093
GCA_949492645.1,CASZTI010000085.1,Adapter,23,43,5686,1.0,0.003693281744635948,TruSeq,4,technical_match,0.0032131808198104794
GCA_949492645.1,CASZTI010000086.1,Adapter,14,34,5677,1.0,0.0036991368680641184,TruSeq,4,technical_match,0.012410681320284167
GCA_949492645.1,CASZTI010000088.1,Adapter,5629,5649,5659,1.0,0.0037109029863933557,TruSeq_R2,4,technical_match,0.002796610935302035
GCA_949492645.1,CASZTI010000090.1,Adapter,14,34,5624,1.0,0.0037339971550497866,TruSeq,4,technical_match,0.023136569433988452
GCA_949492645.1,CASZTI010000100.1,Adapter,5409,5429,5441,1.0,0.003859584635177357,TruSeq_R2,4,technical_match,0.03700651871272481
GCA_949492645.1,CASZTI010000101.1,Adapter,12,32,5425,1.0,0.003870967741935484,TruSeq_R2,4,technical_match,0.019051869890884865
GCA_949492645.1,CASZTI010000105.1,Adapter,5139,5159,5176,1.0,0.004057187017001545,TruSeq,4,technical_match,0.006717544421182886
GCA_949492645.1,CASZTI010000107.1,Adapter,5094,5114,5140,1.0,0.004085603112840467,TruSeq_R2,4,technical_match,0.02130567641620329
GCA_949492645.1,CASZTI010000115.1,Adapter,4944,4964,4991,1.0,0.004207573632538569,TruSeq_R2,4,technical_match,0.01945259118922188
GCA_949492645.1,CASZTI010000124.1,Adapter,14,34,4745,1.0,0.004425711275026343,TruSeq_R2,4,technical_match,0.006949790843431669
GCA_949492645.1,CASZTI010000127.1,Adapter,4630,4650,4662,1.0,0.0045045045045045045,TruSeq_R2,4,technical_match,0.033028980642189176
GCA_949492645.1,CASZTI010000132.1,Adapter,22,42,4601,1.0,0.004564225168441643,TruSeq,4,technical_match,0.03869997283784993
GCA_949492645.1,CASZTI010000137.1,Adapter,4,24,4516,1.0,0.004650132860938884,TruSeq,4,technical_match,0.03535029474383983
GCA_949492645.1,CASZTI010000140.1,Adapter,4462,4482,4484,1.0,0.004683318465655665,TruSeq,4,technical_match,0.01441788196864624
GCA_949492645.1,CASZTI010000141.1,Adapter,4436,4456,4461,1.0,0.004707464694014795,TruSeq_R2,4,technical_match,0.031194143432986043
GCA_949492645.1,CASZTI010000144.1,Adapter,4378,4398,4419,1.0,0.0047522063815342835,TruSeq,4,technical_match,0.012215033147997267
GCA_949492645.1,CASZTI010000147.1,Adapter,4341,4361,4374,1.0,0.004801097393689987,TruSeq,4,technical_match,0.005475131935997468
GCA_949492645.1,CASZTI010000148.1,Adapter,28,48,4354,1.0,0.00482315112540193,TruSeq_R2,4,technical_match,0.0320839044063872
GCA_949492645.1,CASZTI010000149.1,Adapter,8,28,4353,1.0,0.004824259131633356,TruSeq_R2,4,technical_match,0.016627745099994873
GCA_949492645.1,CASZTI010000150.1,Adapter,20,40,4335,1.0,0.004844290657439446,TruSeq,4,technical_match,0.023125453783645
GCA_949492645.1,CASZTI010000154.1,Adapter,4249,4269,4281,1.0,0.004905395935529082,TruSeq_R2,4,technical_match,0.015916162548291868
GCA_949492645.1,CASZTI010000155.1,Adapter,12,32,4279,1.0,0.004907688712315962,TruSeq_R2,4,technical_match,0.013265385043117972
GCA_949492645.1,CASZTI010000160.1,Adapter,4160,4180,4184,1.0,0.005019120458891013,TruSeq,4,technical_match,0.006327292611629232
GCA_949492645.1,CASZTI010000171.1,Adapter,28,48,4050,1.0,0.005185185185185185,TruSeq_R2,4,technical_match,0.02108179536167054
GCA_949492645.1,CASZTI010000173.1,Adapter,24,44,4030,1.0,0.005210918114143921,TruSeq_R2,4,technical_match,0.023663479276077204
GCA_949492645.1,CASZTI010000174.1,Adapter,8,28,4027,1.0,0.005214800099329526,TruSeq,4,technical_match,0.02547166988150118
GCA_949492645.1,CASZTI010000176.1,Adapter,17,37,3981,1.0,0.0052750565184626974,TruSeq,4,technical_match,0.008299246066595212
GCA_949492645.1,CASZTI010000186.1,Adapter,3752,3772,3787,1.0,0.005545286506469501,TruSeq_R2,4,technical_match,0.018651518944949264
GCA_949492645.1,CASZTI010000190.1,Adapter,3707,3727,3736,1.0,0.005620985010706638,TruSeq_R2,4,technical_match,0.02611973122758643
GCA_949492645.1,CASZTI010000191.1,Adapter,3673,3693,3693,1.0,0.005686433793663688,TruSeq,4,technical_match,0.01028124382156903
GCA_949492645.1,CASZTI010000196.1,Adapter,17,37,3653,1.0,0.005748699698877635,TruSeq,4,technical_match,0.022321703030996953
GCA_949492645.1,CASZTI010000200.1,Adapter,5,25,3609,1.0,0.005818786367414797,TruSeq,4,technical_match,0.009337218831242222
GCA_949492645.1,CASZTI010000203.1,Adapter,23,43,3573,1.0,0.005877413937867338,TruSeq,4,technical_match,0.03430193405620052
GCA_949492645.1,CASZTI010000214.1,Adapter,3435,3455,3469,1.0,0.006053617757278754,TruSeq_R2,4,technical_match,0.06742971220624136
GCA_949492645.1,CASZTI010000222.1,Adapter,30,50,3398,1.0,0.006180105944673337,TruSeq_R2,4,technical_match,0.017743157528231857
GCA_949492645.1,CASZTI010000232.1,Adapter,3,23,3258,1.0,0.006445672191528545,TruSeq_R2,4,technical_match,0.03378624935525898
GCA_949492645.1,CASZTI010000241.1,Adapter,1,21,3164,1.0,0.00663716814159292,TruSeq,4,technical_match,0.018480930695909115
GCA_949492645.1,CASZTI010000244.1,Adapter,10,30,3143,1.0,0.0066815144766146995,TruSeq_R2,4,technical_match,0.005395699207880467
GCA_949492645.1,CASZTI010000246.1,Adapter,10,30,3137,1.0,0.0066942939113803,TruSeq_R2,4,technical_match,0.006668087210846274
GCA_949492645.1,CASZTI010000247.1,Adapter,3116,3136,3136,1.0,0.006696428571428571,TruSeq_R2,4,technical_match,0.049180655276006624
GCA_949492645.1,CASZTI010000256.1,Adapter,3021,3041,3052,1.0,0.006880733944954129,TruSeq_R2,4,technical_match,0.04669031926059697
GCA_949492645.1,CASZTI010000257.1,Adapter,19,39,3044,1.0,0.006898817345597897,TruSeq_R2,4,technical_match,0.03975134971672645
GCA_949492645.1,CASZTI010000260.1,Adapter,20,40,3028,1.0,0.006935270805812417,TruSeq,4,technical_match,0.003960688778127552
GCA_949492645.1,CASZTI010000266.1,Adapter,11,31,2991,1.0,0.007021063189568706,TruSeq,4,technical_match,0.003484248448773153
GCA_949492645.1,CASZTI010000282.1,Adapter,2794,2814,2830,1.0,0.007420494699646643,TruSeq,4,technical_match,0.010625223789400451
GCA_949492645.1,CASZTI010000283.1,Adapter,14,34,2824,1.0,0.007436260623229462,TruSeq,4,technical_match,0.033217807672375976
GCA_949492645.1,CASZTI010000287.1,Adapter,2736,2756,2766,1.0,0.007592190889370932,TruSeq_R2,4,technical_match,0.02637249459307839
GCA_949492645.1,CASZTI010000289.1,Adapter,9,29,2750,1.0,0.0076363636363636364,TruSeq,4,technical_match,0.023981907595116092
GCA_949492645.1,CASZTI010000298.1,Adapter,2666,2686,2692,1.0,0.007800891530460624,TruSeq,4,technical_match,0.04423829014273195
GCA_949492645.1,CASZTI010000308.1,Adapter,2554,2574,2579,1.0,0.0081426909654905,TruSeq_R2,4,technical_match,0.02575793071894844
GCA_949492645.1,CASZTI010000313.1,Adapter,6,26,2530,1.0,0.008300395256916997,TruSeq_R2,4,technical_match,0.014326392800140808
GCA_949492645.1,CASZTI010000315.1,Adapter,21,41,2524,1.0,0.00832012678288431,TruSeq_R2,4,technical_match,0.03432278066816036
GCA_949492645.1,CASZTI010000324.1,Adapter,6,26,2482,1.0,0.008460918614020952,TruSeq,4,technical_match,0.011589848405313186
GCA_949492645.1,CASZTI010000324.1,Adapter,2452,2472,2482,1.0,0.008460918614020952,TruSeq_R2,4,technical_match,0.011589848405313186
GCA_949492645.1,CASZTI010000336.1,Adapter,16,36,2412,1.0,0.008706467661691543,TruSeq,4,technical_match,0.011881500539485168
GCA_949492645.1,CASZTI010000337.1,Adapter,6,26,2409,1.0,0.008717310087173101,TruSeq_R2,4,technical_match,0.008469732089400273
GCA_949492645.1,CASZTI010000340.1,Adapter,23,43,2389,1.0,0.008790288823775638,TruSeq,4,technical_match,0.027564387902585974
GCA_949492645.1,CASZTI010000346.1,Adapter,3,23,2369,1.0,0.008864499788940482,TruSeq_R2,4,technical_match,0.05871938792820641
GCA_949492645.1,CASZTI010000346.1,Adapter,2332,2352,2369,1.0,0.008864499788940482,TruSeq,4,technical_match,0.05871938792820641
GCA_949492645.1,CASZTI010000349.1,Adapter,15,35,2354,1.0,0.008920985556499575,TruSeq,4,technical_match,0.010109350245923243
GCA_949492645.1,CASZTI010000350.1,Adapter,2330,2350,2353,1.0,0.008924776880577986,TruSeq,4,technical_match,0.002078131812989603
GCA_949492645.1,CASZTI010000352.1,Adapter,15,35,2337,1.0,0.008985879332477536,TruSeq_R2,4,technical_match,0.045308480236991855
GCA_949492645.1,CASZTI010000362.1,Adapter,14,34,2252,1.0,0.009325044404973356,TruSeq,4,technical_match,0.015232043640149517
GCA_949492645.1,CASZTI010000367.1,Adapter,2199,2219,2228,1.0,0.009425493716337522,TruSeq,4,technical_match,0.02747007472421681
GCA_949492645.1,CASZTI010000368.1,Adapter,2196,2216,2219,1.0,0.00946372239747634,TruSeq_R2,4,technical_match,0.014429037752025475
GCA_949492645.1,CASZTI010000369.1,Adapter,2,22,2217,1.0,0.009472259810554804,TruSeq_R2,4,technical_match,0.0019650313477632686
GCA_949492645.1,CASZTI010000370.1,Adapter,19,39,2216,1.0,0.00947653429602888,TruSeq_R2,4,technical_match,0.013106375962481542
GCA_949492645.1,CASZTI010000372.1,Adapter,2168,2188,2211,1.0,0.009497964721845319,TruSeq,4,technical_match,0.04365445395422962
GCA_949492645.1,CASZTI010000383.1,Adapter,2119,2139,2155,1.0,0.00974477958236659,TruSeq,4,technical_match,0.013472732315639224
GCA_949492645.1,CASZTI010000386.1,Adapter,2102,2122,2126,1.0,0.009877704609595485,TruSeq,4,technical_match,0.007006889120867832
GCA_949492645.1,CASZTI010000393.1,Adapter,2046,2066,2088,1.0,0.010057471264367816,TruSeq_R2,4,technical_match,0.057944290040257196
GCA_949492645.1,CASZTI010000395.1,Adapter,5,25,2080,1.0,0.010096153846153847,TruSeq_R2,4,technical_match,0.030523865637074155
GCA_949492645.1,CASZTI010000400.1,Adapter,2,22,2007,1.0,0.01046337817638266,TruSeq_R2,4,technical_match,0.005819605291598584
GCA_949492645.1,CASZTI010000402.1,Adapter,19,39,1983,1.0,0.01059001512859304,TruSeq_R2,4,technical_match,0.0700080388012776
GCA_949492645.1,CASZTI010000415.1,Adapter,5,25,1869,1.0,0.011235955056179775,TruSeq_R2,4,technical_match,0.028613650384162248
GCA_949492645.1,CASZTI010000432.1,Adapter,1724,1744,1752,1.0,0.011986301369863013,TruSeq_R2,4,technical_match,0.012597100621268065
GCA_949492645.1,CASZTI010000439.1,Adapter,12,32,1717,1.0,0.0122306348281887,TruSeq,4,technical_match,0.025053120598769407
GCA_949492645.1,CASZTI010000441.1,Adapter,6,26,1714,1.0,0.012252042007001166,TruSeq,4,technical_match,0.011642032767493316
GCA_949492645.1,CASZTI010000451.1,Adapter,1664,1684,1686,1.0,0.012455516014234875,TruSeq_R2,4,technical_match,0.03304348421541159
GCA_949492645.1,CASZTI010000453.1,Adapter,20,40,1670,1.0,0.012574850299401197,TruSeq_R2,4,technical_match,0.04354206001754396
GCA_949492645.1,CASZTI010000459.1,Adapter,1605,1625,1646,1.0,0.01275820170109356,TruSeq,4,technical_match,0.003510857234222231
GCA_949492645.1,CASZTI010000477.1,Adapter,6,26,1562,1.0,0.013444302176696543,TruSeq_R2,4,technical_match,0.015039526033016226
GCA_949492645.1,CASZTI010000478.1,Adapter,2,22,1558,1.0,0.013478818998716302,TruSeq,4,technical_match,0.017164776074518606
GCA_949492645.1,CASZTI010000491.1,Adapter,10,30,1524,1.0,0.013779527559055118,TruSeq_R2,4,technical_match,0.0205879682011767
GCA_949499605.1,CATASX010000003.1,Adapter,110537,110557,110568,1.0,0.000189928369871934,TruSeq,4,technical_match,0.0085656170974997
GCA_949499645.1,CATATC010000008.1,Adapter,58322,58342,58349,1.0,0.00035990334024576257,TruSeq,4,technical_match,0.009426357659023443
GCA_949499645.1,CATATC010000012.1,Adapter,45053,45073,45084,1.0,0.0004657971785999468,TruSeq_R2,4,technical_match,0.010864880020799716
GCA_949499645.1,CATATC010000014.1,Adapter,40830,40850,40864,1.0,0.0005138997650743931,TruSeq_R2,4,technical_match,0.016353474048558803
GCA_949499645.1,CATATC010000026.1,Adapter,14,34,24262,1.0,0.0008655510675129833,TruSeq,4,technical_match,0.023828936303567028
GCA_949499645.1,CATATC010000030.1,Adapter,21307,21327,21337,1.0,0.0009842058396213151,TruSeq_R2,4,technical_match,0.0009763185213532144
GCA_949499645.1,CATATC010000032.1,Adapter,18927,18947,18958,1.0,0.001107711783943454,TruSeq,4,technical_match,0.014961851908345647
GCA_949499645.1,CATATC010000034.1,Adapter,17981,18001,18003,1.0,0.0011664722546242292,TruSeq,4,technical_match,0.035942776791649644
GCA_949499645.1,CATATC010000037.1,Adapter,28,48,17334,1.0,0.0012114918656974732,TruSeq_R2,4,technical_match,0.010636985394441911
GCA_949499645.1,CATATC010000040.1,Adapter,13936,13956,13959,1.0,0.0015044057597249087,TruSeq,4,technical_match,0.0044172265511334685
GCA_949499645.1,CATATC010000042.1,Adapter,20,40,13470,1.0,0.0015590200445434299,TruSeq,4,technical_match,0.0047385399945776285
GCA_949499645.1,CATATC010000065.1,Adapter,2160,2180,2191,1.0,0.009584664536741214,TruSeq,4,technical_match,0.0024475994966169368
GCA_949501815.1,CATBBG010000001.1,Adapter,134284,134304,134306,1.0,0.0001563593584798892,TruSeq,4,technical_match,0.0043669958609516835
GCA_949501815.1,CATBBG010000012.1,Adapter,45819,45839,45840,1.0,0.0004581151832460733,TruSeq_R2,4,technical_match,0.0027933431314354773
GCA_949501815.1,CATBBG010000018.1,Adapter,7,27,35731,1.0,0.0005877249447258683,TruSeq_R2,4,technical_match,0.007266103718922057
GCA_949501815.1,CATBBG010000021.1,Adapter,29,49,32479,1.0,0.0006465716308999661,TruSeq,4,technical_match,0.007091431809167215
GCA_949501815.1,CATBBG010000021.1,Adapter,32450,32470,32479,1.0,0.0006465716308999661,TruSeq,4,technical_match,0.007091431809167215
GCA_949501815.1,CATBBG010000028.1,Adapter,20,40,19722,1.0,0.0010648007301490721,TruSeq,4,technical_match,0.005359875257835378
GCA_949501815.1,CATBBG010000030.1,Adapter,10,30,18654,1.0,0.0011257639112254745,TruSeq_R2,4,technical_match,0.00981473769779323
GCA_949501815.1,CATBBG010000033.1,Adapter,17070,17090,17094,1.0,0.0012285012285012285,TruSeq,4,technical_match,0.01023912184684772
GCA_949501815.1,CATBBG010000038.1,Adapter,29,49,12411,1.0,0.001692047377326565,TruSeq,4,technical_match,0.010729932117130137
GCA_949501855.1,CATBCE010000001.1,Adapter,7,27,159459,1.0,0.00013169529471525595,TruSeq_R2,4,technical_match,0.0021645675222025096
GCA_949501855.1,CATBCE010000011.1,Adapter,19,39,58660,1.0,0.00035799522673031026,TruSeq,4,technical_match,0.01893453191726252
GCA_949501855.1,CATBCE010000014.1,Adapter,5,25,40541,1.0,0.0005179941293998668,TruSeq_R2,4,technical_match,0.002957731005769293
GCA_949501855.1,CATBCE010000020.1,Adapter,32990,33010,33024,1.0,0.0006359011627906977,TruSeq_R2,4,technical_match,0.002424934169632631
GCA_949501855.1,CATBCE010000022.1,Adapter,6,26,27986,1.0,0.0007503751875937969,TruSeq,4,technical_match,0.009380188006627155
GCA_949501855.1,CATBCE010000023.1,Adapter,27307,27327,27353,1.0,0.0007677402844294958,TruSeq,4,technical_match,0.004702042040401699
GCA_949501855.1,CATBCE010000032.1,Adapter,14307,14327,14347,1.0,0.0014637206384610023,TruSeq,4,technical_match,0.01322619728381852
GCA_949501855.1,CATBCE010000039.1,Adapter,5,25,9529,1.0,0.002203798929583377,TruSeq,4,technical_match,0.00587501728415063
GCA_949501855.1,CATBCE010000041.1,Adapter,1,21,8319,1.0,0.0025243418680129825,TruSeq_R2,4,technical_match,0.00020305981723411914
GCA_949506845.1,CATBUT010000010.1,Adapter,41549,41569,41592,1.0,0.0005049047893825736,TruSeq_R2,4,technical_match,0.009656570503532191
GCA_949506845.1,CATBUT010000017.1,Adapter,25,45,34759,1.0,0.0006041600736499899,TruSeq,4,technical_match,0.018309104041641044
GCA_949506845.1,CATBUT010000021.1,Adapter,23,43,32340,1.0,0.0006493506493506494,TruSeq,4,technical_match,0.0009807951808205595
GCA_949506845.1,CATBUT010000031.1,Adapter,23265,23285,23290,1.0,0.0009016745384285101,TruSeq,4,technical_match,0.012823917148703179
GCA_949506845.1,CATBUT010000041.1,Adapter,16365,16385,16412,1.0,0.0012795515476480624,TruSeq,4,technical_match,0.0026685431535168336
GCA_949506845.1,CATBUT010000052.1,Adapter,10047,10067,10093,1.0,0.0020806499554146436,TruSeq_R2,4,technical_match,0.018815375631613285
GCA_949510105.1,CATCGY010000002.1,Adapter,23552,23572,23577,1.0,0.0008906985621580354,TruSeq,4,technical_match,0.003977102937604227
GCA_949510105.1,CATCGY010000003.1,Adapter,18657,18677,18691,1.0,0.001123535391364828,TruSeq_R2,4,technical_match,0.00121171865168479
GCA_949510105.1,CATCGY010000006.1,Adapter,16745,16765,16785,1.0,0.0012511170688114387,TruSeq_R2,4,technical_match,0.012109216060528949
GCA_949510105.1,CATCGY010000008.1,Adapter,16,36,13746,1.0,0.0015277171540811873,TruSeq_R2,4,technical_match,0.0008452324965750879
GCA_949510105.1,CATCGY010000008.1,Adapter,13718,13738,13746,1.0,0.0015277171540811873,TruSeq_R2,4,technical_match,0.0008452324965750879
GCA_949510105.1,CATCGY010000019.1,Adapter,9909,9929,9937,1.0,0.0021133138774277953,TruSeq_R2,4,technical_match,0.009434804387147555
GCA_949510105.1,CATCGY010000021.1,Adapter,6,26,9471,1.0,0.0022172949002217295,TruSeq,4,technical_match,0.04794225190305568
GCA_949510105.1,CATCGY010000023.1,Adapter,2,22,9073,1.0,0.002314559682574672,TruSeq,4,technical_match,0.011752270066247128
GCA_949510105.1,CATCGY010000027.1,Adapter,8590,8610,8612,1.0,0.0024384579656293545,TruSeq_R2,4,technical_match,0.010044241983996727
GCA_949510105.1,CATCGY010000028.1,Adapter,24,44,8595,1.0,0.002443280977312391,TruSeq_R2,4,technical_match,0.0156853958645487
GCA_949510105.1,CATCGY010000034.1,Adapter,8227,8247,8264,1.0,0.0025411423039690224,TruSeq_R2,4,technical_match,0.015694399565717332
GCA_949510105.1,CATCGY010000035.1,Adapter,8173,8193,8196,1.0,0.002562225475841874,TruSeq_R2,4,technical_match,0.055568406058153164
GCA_949510105.1,CATCGY010000037.1,Adapter,12,32,8090,1.0,0.002595797280593325,TruSeq_R2,4,technical_match,0.0020644891224076423
GCA_949510105.1,CATCGY010000041.1,Adapter,7702,7722,7730,1.0,0.0027166882276843467,TruSeq_R2,4,technical_match,0.028881491250791924
GCA_949510105.1,CATCGY010000044.1,Adapter,20,40,7660,1.0,0.002741514360313316,TruSeq,4,technical_match,0.002629122635076808
GCA_949510105.1,CATCGY010000053.1,Adapter,6938,6958,6965,1.0,0.003015075376884422,TruSeq,4,technical_match,0.03609868979201031
GCA_949510105.1,CATCGY010000056.1,Adapter,15,35,6919,1.0,0.0030351206821795057,TruSeq,4,technical_match,0.007776997503424754
GCA_949510105.1,CATCGY010000064.1,Adapter,16,36,6723,1.0,0.0031236055332440876,TruSeq,4,technical_match,0.009086341123186514
GCA_949510105.1,CATCGY010000065.1,Adapter,6697,6717,6723,1.0,0.0031236055332440876,TruSeq,4,technical_match,0.0399988886849349
GCA_949510105.1,CATCGY010000066.1,Adapter,5,25,6709,1.0,0.0031301237144134744,TruSeq_R2,4,technical_match,0.012589730477626515
GCA_949510105.1,CATCGY010000070.1,Adapter,6480,6500,6513,1.0,0.0032243205895900505,TruSeq_R2,4,technical_match,0.026522789408779834
GCA_949510105.1,CATCGY010000071.1,Adapter,6468,6488,6489,1.0,0.003236245954692557,TruSeq_R2,4,technical_match,0.041108582507226654
GCA_949510105.1,CATCGY010000080.1,Adapter,24,44,5810,1.0,0.0036144578313253013,TruSeq_R2,4,technical_match,0.00869748410782345
GCA_949510105.1,CATCGY010000087.1,Adapter,5527,5547,5551,1.0,0.0037831021437578815,TruSeq,4,technical_match,0.035940811588164534
GCA_949510105.1,CATCGY010000088.1,Adapter,25,45,5541,1.0,0.003789929615592853,TruSeq_R2,4,technical_match,0.0019191292932523307
GCA_949510105.1,CATCGY010000093.1,Adapter,5307,5327,5354,1.0,0.003922301083302204,TruSeq_R2,4,technical_match,0.0005787291370357717
GCA_949510105.1,CATCGY010000094.1,Adapter,2,22,5354,1.0,0.003922301083302204,TruSeq,4,technical_match,0.001886162831469862
GCA_949510105.1,CATCGY010000095.1,Adapter,5320,5340,5350,1.0,0.003925233644859813,TruSeq_R2,4,technical_match,0.0026820740027838075
GCA_949510105.1,CATCGY010000099.1,Adapter,24,44,5281,1.0,0.003976519598560878,TruSeq_R2,4,technical_match,0.020625185173671512
GCA_949510105.1,CATCGY010000100.1,Adapter,14,34,5265,1.0,0.003988603988603989,TruSeq_R2,4,technical_match,0.023347373858114806
GCA_949510105.1,CATCGY010000101.1,Adapter,23,43,5207,1.0,0.004033032456308815,TruSeq_R2,4,technical_match,0.007863004602759793
GCA_949510105.1,CATCGY010000106.1,Adapter,16,36,5120,1.0,0.0041015625,TruSeq_R2,4,technical_match,0.01684715869904546
GCA_949510105.1,CATCGY010000125.1,Adapter,4646,4666,4678,1.0,0.004489097905087645,TruSeq_R2,4,technical_match,0.013348985735172014
GCA_949510105.1,CATCGY010000126.1,Adapter,4642,4662,4672,1.0,0.00449486301369863,TruSeq_R2,4,technical_match,0.011061124691365498
GCA_949510105.1,CATCGY010000128.1,Adapter,4627,4647,4656,1.0,0.004510309278350515,TruSeq,4,technical_match,0.01488933546021387
GCA_949510105.1,CATCGY010000136.1,Adapter,4572,4592,4597,1.0,0.004568196649989123,TruSeq,4,technical_match,0.05573835053251858
GCA_949510105.1,CATCGY010000137.1,Adapter,16,36,4577,1.0,0.004588158182215425,TruSeq_R2,4,technical_match,0.016391457980780233
GCA_949510105.1,CATCGY010000144.1,Adapter,4438,4458,4465,1.0,0.0047032474804031355,TruSeq_R2,4,technical_match,0.005590157580349808
GCA_949510105.1,CATCGY010000150.1,Adapter,8,28,4306,1.0,0.004876915931258709,TruSeq,4,technical_match,0.01480504086927309
GCA_949510105.1,CATCGY010000152.1,Adapter,4210,4230,4259,1.0,0.004930734914299131,TruSeq,4,technical_match,0.03934143640837412
GCA_949510105.1,CATCGY010000154.1,Adapter,15,35,4224,1.0,0.004971590909090909,TruSeq,4,technical_match,0.017610653017227307
GCA_949510105.1,CATCGY010000161.1,Adapter,17,37,4071,1.0,0.005158437730287398,TruSeq,4,technical_match,0.05816210077344286
GCA_949510105.1,CATCGY010000164.1,Adapter,12,32,4055,1.0,0.005178791615289766,TruSeq_R2,4,technical_match,0.01918017060120114
GCA_949510105.1,CATCGY010000167.1,Adapter,3990,4010,4015,1.0,0.00523038605230386,TruSeq,4,technical_match,0.03056792263117497
GCA_949510105.1,CATCGY010000168.1,Adapter,3978,3998,4013,1.0,0.00523299277348617,TruSeq_R2,4,technical_match,0.005642786089765872
GCA_949510105.1,CATCGY010000172.1,Adapter,29,49,3958,1.0,0.005305709954522486,TruSeq,4,technical_match,0.03778448105250681
GCA_949510105.1,CATCGY010000176.1,Adapter,3894,3914,3936,1.0,0.005335365853658537,TruSeq,4,technical_match,0.01484480859741949
GCA_949510105.1,CATCGY010000177.1,Adapter,13,33,3930,1.0,0.0053435114503816794,TruSeq_R2,4,technical_match,0.01101909333645007
GCA_949510105.1,CATCGY010000179.1,Adapter,3888,3908,3917,1.0,0.005361245851416901,TruSeq_R2,4,technical_match,0.04119719739256095
GCA_949510105.1,CATCGY010000183.1,Adapter,3772,3792,3814,1.0,0.00550603041426324,TruSeq,4,technical_match,0.020076523375238464
GCA_949510105.1,CATCGY010000184.1,Adapter,9,29,3814,1.0,0.00550603041426324,TruSeq_R2,4,technical_match,0.04105187733433652
GCA_949510105.1,CATCGY010000191.1,Adapter,21,41,3720,1.0,0.00564516129032258,TruSeq_R2,4,technical_match,0.009150405145040563
GCA_949510105.1,CATCGY010000198.1,Adapter,12,32,3531,1.0,0.00594732370433305,TruSeq,4,technical_match,0.0005806862939194413
GCA_949510105.1,CATCGY010000200.1,Adapter,16,36,3518,1.0,0.005969300739056282,TruSeq,4,technical_match,0.015032749096577036
GCA_949510105.1,CATCGY010000200.1,Adapter,3484,3504,3518,1.0,0.005969300739056282,TruSeq_R2,4,technical_match,0.015032749096577036
GCA_949510105.1,CATCGY010000205.1,Adapter,7,27,3456,1.0,0.006076388888888889,TruSeq,4,technical_match,0.008825584356510097
GCA_949510105.1,CATCGY010000208.1,Adapter,3421,3441,3441,1.0,0.006102877070619006,TruSeq_R2,4,technical_match,0.0022701377809021817
GCA_949510105.1,CATCGY010000211.1,Adapter,3373,3393,3407,1.0,0.006163780452010567,TruSeq_R2,4,technical_match,0.024708427685603773
GCA_949510105.1,CATCGY010000219.1,Adapter,3280,3300,3311,1.0,0.006342494714587738,TruSeq,4,technical_match,0.048575146372709044
GCA_949510105.1,CATCGY010000220.1,Adapter,9,29,3310,1.0,0.006344410876132931,TruSeq_R2,4,technical_match,0.006388203827444261
GCA_949510105.1,CATCGY010000224.1,Adapter,3247,3267,3277,1.0,0.00640830027464144,TruSeq_R2,4,technical_match,0.026079414287235925
GCA_949510105.1,CATCGY010000227.1,Adapter,3199,3219,3246,1.0,0.006469500924214418,TruSeq_R2,4,technical_match,0.03362730638080763
GCA_949510105.1,CATCGY010000236.1,Adapter,6,26,3162,1.0,0.006641366223908918,TruSeq_R2,4,technical_match,0.05426425713745042
GCA_949510105.1,CATCGY010000238.1,Adapter,20,40,3159,1.0,0.006647673314339981,TruSeq,4,technical_match,0.0058101785431416975
GCA_949510105.1,CATCGY010000244.1,Adapter,18,38,3107,1.0,0.0067589314451239136,TruSeq,4,technical_match,0.0159677809834034
GCA_949510105.1,CATCGY010000244.1,Adapter,3086,3106,3107,1.0,0.0067589314451239136,TruSeq,4,technical_match,0.0159677809834034
GCA_949510105.1,CATCGY010000245.1,Adapter,9,29,3098,1.0,0.006778566817301485,TruSeq,4,technical_match,0.035321401153855014
GCA_949510105.1,CATCGY010000247.1,Adapter,2,22,3092,1.0,0.006791720569210867,TruSeq_R2,4,technical_match,0.0018429589432572557
GCA_949510105.1,CATCGY010000248.1,Adapter,3035,3055,3083,1.0,0.006811547194291274,TruSeq,4,technical_match,0.04148057859012089
GCA_949510105.1,CATCGY010000251.1,Adapter,13,33,3051,1.0,0.00688298918387414,TruSeq_R2,4,technical_match,0.03445428290012709
GCA_949510105.1,CATCGY010000260.1,Adapter,30,50,2969,1.0,0.007073088582014146,TruSeq,4,technical_match,0.031241801781733247
GCA_949510105.1,CATCGY010000267.1,Adapter,18,38,2845,1.0,0.007381370826010545,TruSeq,4,technical_match,0.005456904415214181
GCA_949510105.1,CATCGY010000274.1,Adapter,2764,2784,2801,1.0,0.007497322384862549,TruSeq_R2,4,technical_match,0.009538995241511472
GCA_949510105.1,CATCGY010000278.1,Adapter,13,33,2780,1.0,0.007553956834532374,TruSeq_R2,4,technical_match,0.006419719400484358
GCA_949510105.1,CATCGY010000278.1,Adapter,2759,2779,2780,1.0,0.007553956834532374,TruSeq_R2,4,technical_match,0.006419719400484358
GCA_949510105.1,CATCGY010000289.1,Adapter,2690,2710,2724,1.0,0.007709251101321586,TruSeq_R2,4,technical_match,0.013452664630616784
GCA_949510105.1,CATCGY010000291.1,Adapter,4,24,2718,1.0,0.00772626931567329,TruSeq_R2,4,technical_match,0.036338921369019284
GCA_949510105.1,CATCGY010000291.1,Adapter,2669,2689,2718,1.0,0.00772626931567329,TruSeq,4,technical_match,0.036338921369019284
GCA_949510105.1,CATCGY010000300.1,Adapter,2649,2669,2671,1.0,0.00786222388618495,TruSeq,4,technical_match,0.04046232569350411
GCA_949510105.1,CATCGY010000302.1,Adapter,1,21,2653,1.0,0.0079155672823219,TruSeq_R2,4,technical_match,0.019431865281216598
GCA_949510105.1,CATCGY010000302.1,Adapter,2612,2632,2653,1.0,0.0079155672823219,TruSeq_R2,4,technical_match,0.019431865281216598
GCA_949510105.1,CATCGY010000303.1,Adapter,2609,2629,2649,1.0,0.007927519818799546,TruSeq,4,technical_match,0.005210765838532083
GCA_949510105.1,CATCGY010000304.1,Adapter,19,39,2638,1.0,0.00796057619408643,TruSeq,4,technical_match,0.04406459970548976
GCA_949510105.1,CATCGY010000317.1,Adapter,23,43,2547,1.0,0.008244994110718492,TruSeq_R2,4,technical_match,0.020295685765201743
GCA_949510105.1,CATCGY010000318.1,Adapter,23,43,2543,1.0,0.008257963035784506,TruSeq,4,technical_match,0.016538068517824356
GCA_949510105.1,CATCGY010000325.1,Adapter,2487,2507,2520,1.0,0.008333333333333333,TruSeq,4,technical_match,0.009470425626351364
GCA_949510105.1,CATCGY010000333.1,Adapter,2399,2419,2448,1.0,0.00857843137254902,TruSeq,4,technical_match,0.02109680126440494
GCA_949510105.1,CATCGY010000336.1,Adapter,2376,2396,2418,1.0,0.008684863523573201,TruSeq,4,technical_match,0.0314208766090604
GCA_949510105.1,CATCGY010000338.1,Adapter,2368,2388,2400,1.0,0.00875,TruSeq_R2,4,technical_match,0.03402163786571216
GCA_949510105.1,CATCGY010000341.1,Adapter,2341,2361,2390,1.0,0.008786610878661089,TruSeq_R2,4,technical_match,0.0005111375875653801
GCA_949510105.1,CATCGY010000346.1,Adapter,23,43,2335,1.0,0.008993576017130621,TruSeq,4,technical_match,0.009861302890890267
GCA_949510105.1,CATCGY010000346.1,Adapter,2296,2316,2335,1.0,0.008993576017130621,TruSeq,4,technical_match,0.009861302890890267
GCA_949510105.1,CATCGY010000349.1,Adapter,2273,2293,2308,1.0,0.009098786828422877,TruSeq,4,technical_match,0.01707767483856021
GCA_949510105.1,CATCGY010000352.1,Adapter,12,32,2278,1.0,0.009218612818261633,TruSeq,4,technical_match,0.03301377331368499
GCA_949510105.1,CATCGY010000353.1,Adapter,2245,2265,2277,1.0,0.00922266139657444,TruSeq_R2,4,technical_match,0.023229130689404243
GCA_949510105.1,CATCGY010000355.1,Adapter,12,32,2248,1.0,0.009341637010676156,TruSeq,4,technical_match,0.002591648018036352
GCA_949510105.1,CATCGY010000366.1,Adapter,2172,2192,2197,1.0,0.009558488848429678,TruSeq,4,technical_match,0.043294889269141046
GCA_949510105.1,CATCGY010000367.1,Adapter,2173,2193,2194,1.0,0.009571558796718322,TruSeq_R2,4,technical_match,0.028284779767869528
GCA_949510105.1,CATCGY010000368.1,Adapter,28,48,2189,1.0,0.009593421653723162,TruSeq,4,technical_match,0.061041586091690525
GCA_949510105.1,CATCGY010000369.1,Adapter,2156,2176,2181,1.0,0.009628610729023384,TruSeq,4,technical_match,0.021605315078000065
GCA_949510105.1,CATCGY010000376.1,Adapter,2126,2146,2146,1.0,0.0097856477166822,TruSeq_R2,4,technical_match,0.012611261972577614
GCA_949510105.1,CATCGY010000386.1,Adapter,5,25,2120,1.0,0.00990566037735849,TruSeq,4,technical_match,0.016418613706614904
GCA_949510105.1,CATCGY010000393.1,Adapter,2060,2080,2089,1.0,0.010052656773575874,TruSeq,4,technical_match,0.0397872020896094
GCA_949510105.1,CATCGY010000399.1,Adapter,1984,2004,2026,1.0,0.010365251727541954,TruSeq_R2,4,technical_match,0.06684048783353103
GCA_949510105.1,CATCGY010000402.1,Adapter,6,26,2006,1.0,0.010468594217347957,TruSeq,4,technical_match,0.05774380469854695
GCA_949510105.1,CATCGY010000405.1,Adapter,1963,1983,1989,1.0,0.010558069381598794,TruSeq,4,technical_match,0.0009305994394663286
GCA_949510105.1,CATCGY010000406.1,Adapter,1943,1963,1984,1.0,0.010584677419354838,TruSeq_R2,4,technical_match,0.012745835252567395
GCA_949510105.1,CATCGY010000408.1,Adapter,1954,1974,1979,1.0,0.010611419909044972,TruSeq,4,technical_match,0.030457548258166267
GCA_949510105.1,CATCGY010000416.1,Adapter,1906,1926,1933,1.0,0.010863942058975685,TruSeq,4,technical_match,0.00845465114963534
GCA_949510105.1,CATCGY010000417.1,Adapter,10,30,1931,1.0,0.010875194199896427,TruSeq,4,technical_match,0.043129181452800036
GCA_949510105.1,CATCGY010000423.1,Adapter,1848,1868,1887,1.0,0.011128775834658187,TruSeq_R2,4,technical_match,0.023338013064440277
GCA_949510105.1,CATCGY010000427.1,Adapter,1837,1857,1864,1.0,0.011266094420600859,TruSeq,4,technical_match,0.014898247685074695
GCA_949510105.1,CATCGY010000440.1,Adapter,29,49,1810,1.0,0.011602209944751382,TruSeq,4,technical_match,0.03155386622666978
GCA_949510105.1,CATCGY010000441.1,Adapter,1780,1800,1806,1.0,0.011627906976744186,TruSeq,4,technical_match,0.024564273524626867
GCA_949510105.1,CATCGY010000448.1,Adapter,1747,1767,1770,1.0,0.011864406779661017,TruSeq_R2,4,technical_match,0.013774972303779387
GCA_949510105.1,CATCGY010000453.1,Adapter,12,32,1755,1.0,0.011965811965811967,TruSeq,4,technical_match,0.021258105102179403
GCA_949510105.1,CATCGY010000454.1,Adapter,6,26,1747,1.0,0.012020606754436176,TruSeq_R2,4,technical_match,0.03652497692314394
GCA_949510105.1,CATCGY010000465.1,Adapter,1667,1687,1688,1.0,0.012440758293838863,TruSeq,4,technical_match,0.05375877287678388
GCA_949510105.1,CATCGY010000468.1,Adapter,1650,1670,1678,1.0,0.012514898688915376,TruSeq_R2,4,technical_match,0.021085602903455514
GCA_949510105.1,CATCGY010000471.1,Adapter,1,21,1652,1.0,0.012711864406779662,TruSeq,4,technical_match,0.014824205556402459
GCA_949510105.1,CATCGY010000472.1,Adapter,1615,1635,1636,1.0,0.012836185819070905,TruSeq,4,technical_match,0.008855297749609747
GCA_949510105.1,CATCGY010000473.1,Adapter,8,28,1634,1.0,0.012851897184822521,TruSeq_R2,4,technical_match,0.019499373966193168
GCA_949510105.1,CATCGY010000475.1,Adapter,7,27,1621,1.0,0.012954966070326958,TruSeq_R2,4,technical_match,0.007277971428961916
GCA_949510105.1,CATCGY010000475.1,Adapter,1598,1618,1621,1.0,0.012954966070326958,TruSeq_R2,4,technical_match,0.007277971428961916
GCA_949510105.1,CATCGY010000484.1,Adapter,1546,1566,1570,1.0,0.01337579617834395,TruSeq,4,technical_match,0.04022121323726202
GCA_949510105.1,CATCGY010000486.1,Adapter,1521,1541,1555,1.0,0.013504823151125401,TruSeq_R2,4,technical_match,0.053271369912871847
GCA_949510105.1,CATCGY010000489.1,Adapter,11,31,1547,1.0,0.013574660633484163,TruSeq_R2,4,technical_match,0.029953549091741027
GCA_949510105.1,CATCGY010000490.1,Adapter,1508,1528,1539,1.0,0.01364522417153996,TruSeq,4,technical_match,0.0349833012835159
GCA_949510105.1,CATCGY010000491.1,Adapter,1510,1530,1537,1.0,0.013662979830839297,TruSeq_R2,4,technical_match,0.054954190457340846
GCA_949510105.1,CATCGY010000498.1,Adapter,16,36,1522,1.0,0.013797634691195795,TruSeq_R2,4,technical_match,0.03558098959589173
GCA_949510105.1,CATCGY010000501.1,Adapter,1475,1495,1507,1.0,0.013934970139349702,TruSeq,4,technical_match,0.006532144390817229
GCA_949518795.1,CATDNX010000004.1,Adapter,36093,36113,36119,1.0,0.0005814114454995986,TruSeq_R2,4,technical_match,0.015895507318851226
GCA_949518795.1,CATDNX010000015.1,Adapter,3,23,15768,1.0,0.0013318112633181126,TruSeq_R2,4,technical_match,0.004205593605726171
GCA_949518795.1,CATDNX010000020.1,Adapter,11515,11535,11542,1.0,0.0018194420377750822,TruSeq_R2,4,technical_match,0.011020830675625787
GCA_949518795.1,CATDNX010000024.1,Adapter,9337,9357,9359,1.0,0.002243829468960359,TruSeq_R2,4,technical_match,0.0035960452230025253
GCA_949518795.1,CATDNX010000031.1,Adapter,27,47,7545,1.0,0.002783300198807157,TruSeq_R2,4,technical_match,0.011941799404923875
GCA_949518795.1,CATDNX010000031.1,Adapter,7506,7526,7545,1.0,0.002783300198807157,TruSeq_R2,4,technical_match,0.011941799404923875
GCA_949518795.1,CATDNX010000035.1,Adapter,5457,5477,5486,1.0,0.003827925628873496,TruSeq_R2,4,technical_match,0.018128018653549904
GCA_949518795.1,CATDNX010000037.1,Adapter,4805,4825,4835,1.0,0.0043433298862461224,TruSeq_R2,4,technical_match,0.0019007016275755795
GCA_949518795.1,CATDNX010000045.1,Adapter,3091,3111,3117,1.0,0.006737247353224254,TruSeq_R2,4,technical_match,0.0016901082189510752
GCA_949518795.1,CATDNX010000103.1,Adapter,6,26,1535,1.0,0.013680781758957655,TruSeq_R2,4,technical_match,0.012250047635410682
GCA_949523375.1,CATEFY010000004.1,Adapter,18,38,57649,1.0,0.00036427344793491645,TruSeq_R2,4,technical_match,0.014363849674795148
GCA_949545395.1,CATHKK010000001.1,Adapter,19498,19518,19526,1.0,0.0010754890914677865,TruSeq_R2,4,technical_match,0.022025883627020154
GCA_949545395.1,CATHKK010000029.1,Adapter,5543,5563,5585,1.0,0.0037600716204118172,TruSeq_R2,4,technical_match,0.014841202017548905
GCA_949545395.1,CATHKK010000057.1,Adapter,3570,3590,3613,1.0,0.005812344312205923,TruSeq_R2,4,technical_match,0.0012291113898766637
GCA_949545395.1,CATHKK010000058.1,Adapter,16,36,3553,1.0,0.0059104981705600905,TruSeq_R2,4,technical_match,0.026006417033746898
GCA_949545395.1,CATHKK010000062.1,Adapter,3390,3410,3412,1.0,0.00615474794841735,TruSeq_R2,4,technical_match,0.013894152213864835
GCA_949545395.1,CATHKK010000140.1,Adapter,1803,1823,1843,1.0,0.011394465545306565,TruSeq_R2,4,technical_match,0.028073045363356197
GCA_949545395.1,CATHKK010000144.1,Adapter,1752,1772,1797,1.0,0.011686143572621035,TruSeq_R2,4,technical_match,0.021979628789713185
GCA_949545395.1,CATHKK010000150.1,Adapter,1697,1717,1728,1.0,0.012152777777777778,TruSeq_R2,4,technical_match,0.019300588104620764
GCA_949545395.1,CATHKK010000155.1,Adapter,6,26,1699,1.0,0.012360211889346674,TruSeq_R2,4,technical_match,0.03329336435644645
GCA_949545395.1,CATHKK010000164.1,Adapter,1598,1618,1634,1.0,0.012851897184822521,TruSeq_R2,4,technical_match,0.022426286413716412
GCA_949545395.1,CATHKK010000166.1,Adapter,2,22,1630,1.0,0.012883435582822086,TruSeq_R2,4,technical_match,0.005165306350473964
GCA_949545395.1,CATHKK010000167.1,Adapter,1594,1614,1617,1.0,0.012987012987012988,TruSeq_R2,4,technical_match,0.000385000777396699
GCA_949545395.1,CATHKK010000180.1,Adapter,1485,1505,1516,1.0,0.013852242744063324,TruSeq_R2,4,technical_match,0.0173195990350255
GCA_949744565.1,CATJXR010000007.1,Adapter,1283,1301,1400,1.0,0.013571428571428571,Nextera,4,technical_match,0.0037781872359577418
GCA_963534175.1,CAUSQP010000001.1,Adapter,12,32,20568,1.0,0.0010210035005834305,TruSeq_R2,4,technical_match,0.03095876954200477
GCA_963534175.1,CAUSQP010000082.1,Adapter,2808,2828,2857,1.0,0.007350367518375919,TruSeq,4,technical_match,0.04148973084878682
GCA_964229415.1,CAXRDO010000023.1,Adapter,16,36,3053,1.0,0.006878480183426138,TruSeq_R2,4,technical_match,0.0012905057151763044
GCA_964229415.1,CAXRDO010000033.1,Adapter,8437,8457,8475,1.0,0.00247787610619469,TruSeq_R2,4,technical_match,0.009097672513731225
GCA_964229415.1,CAXRDO010000079.1,Adapter,9,29,8252,1.0,0.0025448376151236064,TruSeq_R2,4,technical_match,0.01064133059912814
GCA_964230965.1,CAXRJA010000008.1,Adapter,27,47,5346,1.0,0.003928170594837262,TruSeq,4,technical_match,0.005956715964020309
GCA_964230965.1,CAXRJA010000064.1,Adapter,25,45,7319,1.0,0.0028692444322994943,TruSeq_R2,4,technical_match,0.007358752297969007
GCA_964555755.1,CAZKTT010000050.1,Adapter,5455,5475,5502,1.0,0.003816793893129771,TruSeq,4,technical_match,0.03643536177576881
GCA_964654395.1,CAZZJG010000173.1,Adapter,2090,2108,2138,1.0,0.008886810102899906,Nextera,4,technical_match,0.017608079160306378
GCA_986075335.1,CFQSCW010000021.1,Adapter,3,23,22337,1.0,0.000940144155437167,TruSeq_R2,4,technical_match,0.005543278226964182
GCA_986075335.1,CFQSCW010000040.1,Adapter,9722,9742,9747,1.0,0.0021545090797168358,TruSeq_R2,4,technical_match,0.008311983404886425
GCA_986075335.1,CFQSCW010000042.1,Adapter,8267,8287,8291,1.0,0.0025328669641780243,TruSeq_R2,4,technical_match,0.022848580936227464
GCA_986075335.1,CFQSCW010000043.1,Adapter,6,26,8272,1.0,0.002538684719535783,TruSeq_R2,4,technical_match,0.008987678208000838
