accession,organism,taxid,bioproject,biosample,year,release_date,technology,platform,level,ani_status,ani_best,retrieved_utc,bp,contigs,gc,adapter_matches,gc_outlier_contigs,adapter,foreign,vector,hgt,flagged,taxon,era
GCA_000008305.1,Mesoplasma florum L1,265311,PRJNA10650,SAMN03081416,2004,2004-07-19,,Unknown,Complete Genome,OK,Mesoplasma grammopterae,2026-09-29,793224,1,0.2702048853791615,0,0,False,False,False,False,False,Mesoplasma,<=2015
GCA_000009845.1,Onion yellows phytoplasma OY-M,262768,PRJNA9615,SAMD00061121,2007,2007-12-15,,Unknown,Complete Genome,Inconclusive,Candidatus Phytoplasma vignae,2026-09-29,853092,1,0.2775984301810356,0,0,False,False,False,False,False,Onion,<=2015
GCA_000011445.1,Mycoplasma mycoides subsp. mycoides SC str. PG1,272632,PRJNA10616,SAMEA3138208,2007,2007-02-27,,Unknown,Complete Genome,Inconclusive,Mycoplasma mycoides,2026-09-29,1211703,1,0.239656087341535,0,0,False,False,False,False,False,Mycoplasma,<=2015
GCA_000012225.1,Aster yellows witches'-broom phytoplasma AYWB,322098,PRJNA13478,SAMN02603687,2006,2006-01-11,,Unknown,Complete Genome,Inconclusive,Candidatus Phytoplasma stylosanthis,2026-09-29,723970,5,0.2681174634308051,0,0,False,False,False,False,False,Aster,<=2015
GCA_000012765.1,Mycoplasma capricolum subsp. capricolum ATCC 27343,340047,PRJNA16208,SAMN02603434,2005,2005-12-06,,Unknown,Complete Genome,OK,Mycoplasma capricolum,2026-09-29,1010023,1,0.2377044879176018,0,0,False,False,False,False,False,Mycoplasma,<=2015
GCA_000018785.1,Acholeplasma laidlawii PG-8A,441768,PRJNA19259,SAMN02603756,2007,2007-12-07,,Unknown,Complete Genome,OK,Acholeplasma laidlawii,2026-09-29,1496992,1,0.3192775913298133,0,0,False,False,True,False,False,Acholeplasma,<=2015
GCA_000023165.1,Mycoplasma mycoides subsp. capri str. GM12,436113,PRJNA19245,SAMN02603437,2009,2009-08-21,,Unknown,Complete Genome,OK,Mycoplasma mycoides,2026-09-29,1089202,1,0.2392366154303793,0,0,False,False,True,True,False,Mycoplasma,<=2015
GCA_000023685.1,Mycoplasma mycoides subsp. capri str. GM12,436113,PRJNA39245,SAMN02603459,2009,2009-08-21,,Unknown,Complete Genome,OK,Mycoplasma mycoides,2026-09-29,1084586,1,0.2392295308993477,0,0,False,False,True,True,False,Mycoplasma,<=2015
GCA_000025845.1,Mycoplasma crocodyli MP145,512564,PRJNA29021,SAMN02603450,2010,2010-03-26,,Unknown,Complete Genome,OK,Mycoplasma crocodyli,2026-09-29,934379,1,0.2695373076663752,0,0,False,False,False,False,False,Mycoplasma,<=2015
GCA_000026205.1,Candidatus Phytoplasma mali,37692,PRJEA25335,SAMEA2272373,2008,2008-07-04,,Unknown,Complete Genome,Inconclusive,Candidatus Phytoplasma stylosanthis,2026-09-29,601943,1,0.2139372000338902,0,0,False,False,False,False,False,Phytoplasma,<=2015
GCA_000069925.1,Candidatus Phytoplasma australiense,59748,PRJNA29469,SAMEA3138281,2008,2008-04-02,,Unknown,Complete Genome,Inconclusive,Candidatus Phytoplasma vignae,2026-09-29,879959,1,0.2742468683200013,0,0,False,False,False,False,False,Phytoplasma,<=2015
GCA_000143865.1,Mycoplasma mycoides subsp. mycoides SC str. Gladysdale,865867,PRJNA27713,SAMN02603457,2010,2010-07-26,,Unknown,Complete Genome,OK,Mycoplasma mycoides,2026-09-29,1193808,1,0.2395100384651468,0,0,False,False,False,False,False,Mycoplasma,<=2015
GCA_000179035.2,Mycoplasma suis str. Illinois,768700,PRJNA49421,SAMN02603730,2011,2011-02-18,,Unknown,Complete Genome,OK,Mycoplasma wenyonii,2026-09-29,742431,1,0.3107615387827286,0,0,False,False,False,False,False,Mycoplasma,<=2015
GCA_000183365.1,Mycoplasma leachii PG50,880447,PRJNA27715,SAMN02603458,2010,2010-11-30,,Unknown,Complete Genome,OK,Mycoplasma capricolum,2026-09-29,1008951,1,0.2375050919222043,0,0,False,False,False,False,False,Mycoplasma,<=2015
GCA_000186985.3,Mycoplasma haemofelis Ohio2,859194,PRJNA50029,SAMN02603731,2011,2011-05-27,,Unknown,Complete Genome,OK,Mycoplasma haemofelis,2026-09-29,1155937,1,0.3881284187633063,0,0,False,False,False,False,False,Mycoplasma,<=2015
GCA_000192395.2,Mycoplasma capricolum subsp. capripneumoniae M1601,927701,PRJNA60247,SAMN02469495,2016,2016-09-16,Illumina,Short,Complete Genome,OK,Mycoplasma capricolum,2026-09-29,1016707,1,0.2367220841402685,0,0,False,False,False,False,False,Mycoplasma,2016-2019
GCA_000200735.1,Mycoplasma haemofelis str. Langford 1,941640,PRJEA61503,SAMEA2272171,2011,2011-01-20,,Unknown,Complete Genome,OK,Mycoplasma wenyonii,2026-09-29,1147259,1,0.3885138403795481,0,0,False,False,False,False,False,Mycoplasma,<=2015
GCA_000203215.1,Mycoplasma suis KI3806,708248,PRJNA43245,SAMEA3138343,2011,2011-02-17,,Unknown,Complete Genome,OK,Mycoplasma suis,2026-09-29,709270,1,0.3107716384451619,0,0,False,False,False,False,False,Mycoplasma,<=2015
GCA_000215935.3,Haloplasma contractile SSD-17B,1033810,PRJNA66977,SAMN02472186,2013,2013-09-12,454; Illumina GAII,Short,Contig,OK,Clostridium combesii,2026-09-29,3404505,34,0.3229180159817653,0,1,False,False,False,False,False,Haloplasma,<=2015
GCA_000224105.1,Mycoplasma putrefaciens KS1,743965,PRJNA46453,SAMN02604224,2011,2011-08-19,454 Titanium,Short,Complete Genome,OK,Mycoplasma putrefaciens,2026-09-29,832603,1,0.269392495583129,0,0,False,False,False,False,False,Mycoplasma,<=2015
GCA_000236085.3,Spiroplasma melliferum KC3,570509,PRJNA32299,SAMN02470890,2014,2014-04-22,chromosome: Sanger; SOLiD 4; plasmids: PacBio,Long,Contig,Inconclusive,Spiroplasma citri,2026-09-29,1297943,6,0.2709487242506027,0,0,False,False,False,False,False,Spiroplasma,<=2015
GCA_000238995.1,Mycoplasma haemocanis str. Illinois,1111676,PRJNA76583,SAMN02603733,2011,2011-12-20,Illumina HiScanSQ,Short,Complete Genome,Inconclusive,Mycoplasma haemofelis,2026-09-29,919992,1,0.3533356811798363,0,0,False,False,False,False,False,Mycoplasma,<=2015
GCA_000253075.1,Mycoplasma mycoides subsp. capri LC str. 95010,862259,PRJEA50391,SAMEA2272808,2011,2011-04-12,,Unknown,Complete Genome,OK,Mycoplasma mycoides,2026-09-29,1155838,2,0.2382444598637525,0,0,False,False,False,False,False,Mycoplasma,<=2015
GCA_000253095.1,Mycoplasma leachii 99/014/6,866629,PRJEA50599,SAMEA2272153,2011,2011-07-04,,Unknown,Chromosome,OK,Mycoplasma leachii,2026-09-29,1017232,1,0.2366726567783947,0,0,False,False,False,False,False,Mycoplasma,<=2015
GCA_000277795.1,Mycoplasma wenyonii str. Massachusetts,1197325,PRJNA168067,SAMN02603734,2012,2012-07-16,,Unknown,Complete Genome,OK,Mycoplasma ovis,2026-09-29,650228,1,0.3392225496287456,0,0,False,False,False,False,False,Mycoplasma,<=2015
GCA_000281235.1,Candidatus Mycoplasma haematolamae str. Purdue,1212765,PRJNA68151,SAMN02603732,2012,2012-07-24,,Unknown,Complete Genome,Inconclusive,Mycoplasma wenyonii,2026-09-29,756845,1,0.3927065647523601,0,0,False,False,False,False,False,Mycoplasma,<=2015
GCA_000300695.1,Italian clover phyllody phytoplasma str. MA1,1196421,PRJNA167147,SAMN01041250,2012,2012-10-01,Illumina GAIIx,Short,Contig,Inconclusive,Candidatus Phytoplasma melaleucae,2026-09-29,597245,197,0.2712806302271262,0,0,False,False,False,False,False,Italian,<=2015
GCA_000309405.1,Vaccinium witches'-broom phytoplasma str. VAC,1196419,PRJNA167147,SAMN01041252,2012,2012-10-01,Illumina GAIIx,Short,Contig,Inconclusive,Candidatus Phytoplasma melaleucae,2026-09-29,647754,272,0.2732596016388938,2,1,True,False,False,False,True,Vaccinium,<=2015
GCA_000309465.1,Poinsettia branch-inducing phytoplasma str. JR1,1196416,PRJNA167147,SAMN01041249,2012,2012-10-01,Illumina GAIIx,Short,Contig,Inconclusive,Candidatus Phytoplasma citri,2026-09-29,631440,185,0.2731312555428861,1,1,True,False,False,False,True,Poinsettia,<=2015
GCA_000309485.1,Milkweed yellows phytoplasma str. MW1,1196417,PRJNA167147,SAMN01041251,2012,2012-10-01,Illumina GAIIx,Short,Contig,Inconclusive,Candidatus Phytoplasma melaleucae,2026-09-29,583806,158,0.2743308564831468,7,1,True,False,False,False,True,Milkweed,<=2015
GCA_000319365.1,Candidatus Mycoplasma haematominutum 'Birmingham 1',1116213,PRJNA76933,SAMEA4532336,2011,2011-11-22,,Unknown,Contig,Inconclusive,Mycoplasma suis,2026-09-29,513880,1,0.3552269012220752,0,0,False,False,False,False,False,Mycoplasma,<=2015
GCA_000327395.2,Mycoplasma feriruminatoris,1179777,PRJNA175935,SAMN01730980,2022,2022-02-24,Illumina MiSeq; Oxford Nanopore GridION,Hybrid,Complete Genome,OK,Mycoplasma mycoides,2026-09-29,1075603,1,0.2424481895271768,0,0,False,False,False,False,False,Mycoplasma,2020-2022
GCA_000328865.1,Spiroplasma melliferum IPMB4A,1129368,PRJNA80357,SAMN02393725,2012,2012-12-31,Illumina HiSeq,Short,Contig,Inconclusive,Spiroplasma citri,2026-09-29,1098846,24,0.2752469408816158,0,0,False,False,False,False,False,Spiroplasma,<=2015
GCA_000339035.1,Mycoplasma mycoides subsp. capri PG3,1188246,PRJNA178078,SAMN02469926,2013,2013-02-19,Illumina HiSeq,Short,Scaffold,OK,Mycoplasma mycoides,2026-09-29,1025098,9,0.2358515966278346,0,1,False,False,False,False,False,Mycoplasma,<=2015
GCA_000364425.1,Peanut witches'-broom phytoplasma NTU2011,1163385,PRJNA89719,SAMN02393726,2013,2013-03-26,Illumina HiSeq,Short,Contig,OK,Candidatus Phytoplasma australasiaticum,2026-09-29,566694,14,0.243694127695017,0,0,False,False,False,False,False,Peanut,<=2015
GCA_000376625.1,Mycoplasma putrefaciens Mput9231,1292033,PRJNA188690,SAMN02603228,2013,2013-04-22,Sanger,Unknown,Complete Genome,OK,Mycoplasma putrefaciens,2026-09-29,859996,1,0.2696175331048051,0,0,False,False,False,False,False,Mycoplasma,<=2015
GCA_000380285.1,Mycoplasma yeatsii 13926,1188240,PRJNA164763,SAMN02471343,2013,2013-04-23,454; Illumina,Short,Contig,OK,Mycoplasma yeatsii,2026-09-29,896612,57,0.2575093797540073,0,1,False,False,False,False,False,Mycoplasma,<=2015
GCA_000397185.1,Strawberry lethal yellows phytoplasma (CPA) str. NZSb11,980422,PRJNA62247,SAMN02603946,2013,2013-05-16,,Unknown,Complete Genome,Inconclusive,Candidatus Phytoplasma fabacearum,2026-09-29,959779,1,0.2719146803587076,0,0,False,False,False,False,False,Strawberry,<=2015
GCA_000400935.1,Spiroplasma chrysopicola DF-1,1276227,PRJNA184747,SAMN02602968,2013,2013-05-22,Illumina HiSeq,Short,Complete Genome,OK,Spiroplasma syrphidicola,2026-09-29,1123322,1,0.2879895524168493,0,0,False,False,False,False,False,Spiroplasma,<=2015
GCA_000400955.1,Spiroplasma syrphidicola EA-1,1276229,PRJNA184748,SAMN02602969,2013,2013-05-22,Illumina HiSeq,Short,Complete Genome,OK,Spiroplasma chrysopicola,2026-09-29,1107344,1,0.2920104321692265,0,0,False,False,False,False,False,Spiroplasma,<=2015
GCA_000428705.1,Haploplasma axanthum ATCC 25176,1278311,PRJNA185235,SAMN02441544,2013,2013-09-05,Illumina HiSeq 2000,Short,Scaffold,OK,Haploplasma axanthum,2026-09-29,1807123,57,0.279782283773711,0,0,False,False,True,False,False,Haploplasma,<=2015
GCA_000432255.1,Acholeplasma sp. CAG:878,1262686,PRJEB1026,SAMEA3138500,2013,2013-07-17,,Unknown,Scaffold,Inconclusive,[Mycoplasma] collis,2026-09-29,1123061,44,0.2586315436116115,0,0,False,False,False,False,False,Acholeplasma,<=2015
GCA_000433455.1,Mycoplasma sp. CAG:877,1262907,PRJEB1025,SAMEA3138560,2013,2013-07-17,,Unknown,Scaffold,Inconclusive,na,2026-09-29,1408829,29,0.2839003172137995,0,0,False,False,False,False,False,Mycoplasma,<=2015
GCA_000433475.1,Mycoplasma sp. CAG:956,1262908,PRJEB1041,SAMEA3138561,2013,2013-07-17,,Unknown,Scaffold,Inconclusive,Clostridium puniceum,2026-09-29,1442272,44,0.2711901777195979,0,0,False,False,False,False,False,Mycoplasma,<=2015
GCA_000434175.1,Mycoplasma sp. CAG:611,1262905,PRJEB959,SAMEA3138596,2013,2013-07-17,,Unknown,Scaffold,Inconclusive,Clostridium tarantellae,2026-09-29,927925,56,0.2409871487458577,0,1,False,False,False,False,False,Mycoplasma,<=2015
GCA_000437315.1,Mycoplasma sp. CAG:472,1262904,PRJEB896,SAMEA3138750,2013,2013-07-17,,Unknown,Scaffold,Inconclusive,Oceanotoga teriensis,2026-09-29,1250420,48,0.2526854976727819,0,0,False,False,False,False,False,Mycoplasma,<=2015
GCA_000438195.1,Mycoplasma sp. CAG:776,1262906,PRJEB1002,SAMEA3138794,2013,2013-07-17,,Unknown,Scaffold,Inconclusive,na,2026-09-29,1303150,33,0.2749913670720945,0,0,False,False,False,False,False,Mycoplasma,<=2015
GCA_000439435.1,Spiroplasma taiwanense CT-1,1276220,PRJNA184744,SAMN02602966,2013,2013-07-17,Illumina HiSeq,Short,Complete Genome,OK,Spiroplasma diminutum,2026-09-29,1086278,2,0.2386460924367427,0,0,False,False,False,False,False,Spiroplasma,<=2015
GCA_000439455.1,Spiroplasma diminutum CUAS-1,1276221,PRJNA184745,SAMN02602967,2013,2013-07-17,Illumina HiSeq,Short,Complete Genome,OK,Spiroplasma floricola,2026-09-29,945296,1,0.2545911545166804,0,0,False,False,False,False,False,Spiroplasma,<=2015
GCA_000477415.1,Mycoplasma parvum str. Indiana,1403316,PRJNA219646,SAMN02360547,2013,2013-10-21,Illumina HiSeq,Short,Complete Genome,Inconclusive,Mycoplasma suis,2026-09-29,564395,1,0.269750795099177,0,0,False,False,False,False,False,Mycoplasma,<=2015
GCA_000479355.1,Mesoplasma florum W37,1406864,PRJNA222289,SAMN02604109,2013,2013-10-24,Illumina; Pacific Biosciences; Sanger,Short,Complete Genome,OK,Mesoplasma florum,2026-09-29,825824,1,0.2695404832022319,0,0,False,False,False,False,False,Mesoplasma,<=2015
GCA_000483165.1,Tullyiplasma multilocale ATCC 49900,1278299,PRJNA185218,SAMN02441097,2013,2013-10-25,Illumina HiSeq 2000,Short,Scaffold,OK,Mesoplasma seiffertii,2026-09-29,924993,11,0.3058855580528717,0,2,False,False,False,False,False,Tullyiplasma,<=2015
GCA_000495255.1,Candidatus Phytoplasma tritici,321961,PRJNA214439,SAMN02470708,2013,2013-11-01,Illumina HiSeq; Illumina MiSeq,Short,Contig,Inconclusive,Candidatus Phytoplasma vignae,2026-09-29,611462,6,0.2713970778233153,0,0,False,False,False,False,False,Phytoplasma,<=2015
GCA_000500935.1,Spiroplasma apis B31,1276258,PRJNA184751,SAMN02641479,2013,2013-12-03,Illumina HiSeq,Short,Complete Genome,OK,Spiroplasma diminutum,2026-09-29,1160554,1,0.283039824084015,0,0,False,False,False,False,False,Spiroplasma,<=2015
GCA_000508245.1,Mycoplasma ovis str. Michigan,1415773,PRJNA225755,SAMN02641557,2013,2013-12-16,Illumina HiSeq; Illumina MiSeq,Short,Complete Genome,OK,Mycoplasma wenyonii,2026-09-29,702511,1,0.3169245748465149,0,0,False,False,False,False,False,Mycoplasma,<=2015
GCA_000517365.1,Spiroplasma mirum ATCC 29335,838561,PRJNA49731,SAMN02641528,2014,2014-01-09,,Unknown,Complete Genome,OK,Spiroplasma mirum,2026-09-29,1132591,1,0.2941229446463904,0,0,False,False,False,False,False,Spiroplasma,<=2015
GCA_000518285.1,Williamsoniiplasma lucivorax ATCC 49196,1399797,PRJNA218806,SAMN02584998,2014,2014-01-13,Illumina HiSeq 2000,Short,Scaffold,OK,Williamsoniiplasma lucivorax,2026-09-29,1103092,31,0.3004826433334663,0,0,False,False,False,False,False,Williamsoniiplasma,<=2015
GCA_000518725.1,Mesoplasma seiffertii ATCC 49495,1336238,PRJNA204095,SAMN02584967,2014,2014-01-13,Illumina HiSeq 2000,Short,Scaffold,OK,Mesoplasma syrphidae,2026-09-29,977957,11,0.3020858790314911,0,1,False,False,False,False,False,Mesoplasma,<=2015
GCA_000518825.1,Mesoplasma chauliocola ATCC 49578,1336232,PRJNA204049,SAMN02584961,2014,2014-01-13,Illumina HiSeq 2000,Short,Scaffold,OK,Mesoplasma chauliocola,2026-09-29,843889,18,0.2681241253292791,0,1,False,False,False,False,False,Mesoplasma,<=2015
GCA_000526235.1,Acholeplasma granularum ATCC 19168,1278304,PRJNA185223,SAMN02584924,2014,2014-01-14,Illumina HiSeq 2000,Short,Contig,OK,Acholeplasma laidlawii,2026-09-29,1453539,14,0.2939983034510942,0,0,False,False,False,False,False,Acholeplasma,<=2015
GCA_000526835.1,Williamsoniiplasma somnilux ATCC 49194,1399795,PRJNA218803,SAMN02584996,2014,2014-01-14,Illumina HiSeq 2000,Short,Contig,OK,Williamsoniiplasma somnilux,2026-09-29,864731,4,0.2795944634805506,0,0,False,False,False,False,False,Williamsoniiplasma,<=2015
GCA_000526855.1,Williamsoniiplasma luminosum ATCC 49195,1399796,PRJNA218805,SAMN02584997,2014,2014-01-14,Illumina HiSeq 2000,Short,Contig,OK,Williamsoniiplasma luminosum,2026-09-29,1022566,41,0.2980658461165343,0,0,False,False,False,False,False,Williamsoniiplasma,<=2015
GCA_000565175.1,Spiroplasma culicicola AES-1,1276246,PRJNA184749,SAMN03081474,2014,2014-02-07,Illumina HiSeq,Short,Complete Genome,OK,Spiroplasma chinense,2026-09-29,1175131,1,0.2636157160350633,0,0,False,False,False,False,False,Spiroplasma,<=2015
GCA_000565195.1,Spiroplasma mirum ATCC 29335,838561,PRJNA217816,SAMN03081484,2014,2014-02-07,,Unknown,Complete Genome,OK,Spiroplasma mirum,2026-09-29,1132608,1,0.2941211787308583,0,0,False,False,False,False,False,Spiroplasma,<=2015
GCA_000565215.1,Spiroplasma sabaudiense Ar-1343,1276257,PRJNA184750,SAMN03081504,2014,2014-02-07,Illumina MiSeq 251-bp paired-end reads,Short,Complete Genome,OK,Spiroplasma alleghenense,2026-09-29,1075953,1,0.3016423579840383,0,0,False,False,False,False,False,Spiroplasma,<=2015
GCA_000582535.1,Candidatus Hepatoplasma crinochetorum Av,1427984,PRJNA229465,SAMN03081503,2014,2014-02-26,Illumina GA IIx,Short,Complete Genome,OK,Candidatus Hepatoplasma scabrum,2026-09-29,657101,1,0.2253032638818081,0,0,False,False,False,False,False,Hepatoplasma,<=2015
GCA_000590435.1,Mycoplasma mycoides subsp. capri PG3,1188246,PRJNA164791,SAMN02952980,2014,2014-03-12,Illumina,Short,Contig,OK,Mycoplasma mycoides,2026-09-29,1024529,28,0.2363554374741954,0,0,False,False,False,False,False,Mycoplasma,<=2015
GCA_000622205.1,Mycoplasma leonicaptivi ATCC 49890,1448135,PRJNA234423,SAMN02744030,2014,2014-04-08,Illumina HiSeq 2000,Short,Scaffold,OK,Mycoplasmopsis felis,2026-09-29,901123,80,0.2471249762795977,0,0,False,False,False,False,False,Mycoplasma,<=2015
GCA_000685885.1,Mesoplasma melaleucae ATCC 49191,1408435,PRJNA223073,SAMN02743375,2014,2014-05-08,Illumina HiSeq 2000; Illumina,Short,Contig,OK,Mesoplasma melaleucae,2026-09-29,822890,8,0.2646526267180303,0,0,False,False,False,False,False,Mesoplasma,<=2015
GCA_000686545.1,Mesoplasma syrphidae ATCC 51578,1408449,PRJNA223038,SAMN02743351,2014,2014-05-08,Illumina HiSeq 2000; Illumina,Short,Scaffold,OK,Mesoplasma syrphidae,2026-09-29,916605,8,0.3014690079150779,0,0,False,False,False,False,False,Mesoplasma,<=2015
GCA_000687735.1,Acholeplasma equifetale ATCC 29724,1408415,PRJNA223127,SAMN02743882,2014,2014-04-08,Illumina HiSeq 2000; Illumina,Short,Contig,OK,Acholeplasma granularum,2026-09-29,1282372,26,0.2964225669306566,0,2,False,False,False,False,False,Acholeplasma,<=2015
GCA_000687815.1,Mycoplasma elephantis ATCC 51980,1408459,PRJNA223074,SAMN02743892,2014,2014-04-08,Illumina HiSeq 2000,Short,Contig,OK,Mycoplasmopsis equigenitalium,2026-09-29,769819,25,0.2566772189306837,0,0,False,False,False,False,False,Mycoplasma,<=2015
GCA_000687835.1,Haploplasma modicum ATCC 29102,1408417,PRJNA223044,SAMN02743893,2014,2014-04-08,Illumina HiSeq 2000,Short,Contig,OK,Acholeplasma hippikon,2026-09-29,1219180,10,0.2778670909955872,0,3,False,False,False,False,False,Haploplasma,<=2015
GCA_000701525.1,Mesoplasma grammopterae ATCC 49580,1408447,PRJNA223004,SAMN02841185,2014,2014-06-11,Illumina HiSeq 2000; Illumina,Short,Scaffold,OK,Mesoplasma florum,2026-09-29,806944,8,0.2681586330649958,0,0,False,False,False,False,False,Mesoplasma,<=2015
GCA_000702705.1,Mycoplasma simbae ATCC 49888,1408469,PRJNA223019,SAMN02841157,2014,2014-06-11,Illumina HiSeq 2000; Illumina,Short,Contig,OK,Mycoplasma zalophidermidis,2026-09-29,852572,12,0.3177913419629075,0,1,False,False,False,False,False,Mycoplasma,<=2015
GCA_000702725.1,Mesoplasma photuris ATCC 49581,1408448,PRJNA223039,SAMN02841188,2014,2014-06-11,Illumina HiSeq 2000; Illumina,Short,Contig,OK,Tullyiplasma multilocale,2026-09-29,778966,10,0.2811355052723739,0,2,False,False,False,False,False,Mesoplasma,<=2015
GCA_000702765.1,Acholeplasma hippikon ATCC 29725,1408416,PRJNA223075,SAMN02841174,2014,2014-06-11,Illumina HiSeq 2000; Illumina,Short,Contig,OK,Acholeplasma hippikon,2026-09-29,1430451,17,0.3085775045772277,0,0,False,False,False,False,False,Acholeplasma,<=2015
GCA_000723365.1,Mycoplasma amphoriforme A39,572419,PRJEB5305,SAMEA3865287,2014,2014-05-12,,Unknown,Complete Genome,OK,Mycoplasmoides alvi,2026-09-29,1029022,1,0.3155578792290155,0,0,False,False,False,False,False,Mycoplasma,<=2015
GCA_000731685.1,Mycoplasma capricolum subsp. capripneumoniae 99108,1188243,PRJNA164785,SAMN02741410,2014,2014-07-18,Illumina,Short,Contig,OK,Mycoplasma capricolum,2026-09-29,1006326,63,0.2355032067143251,0,1,False,False,False,False,False,Mycoplasma,<=2015
GCA_000731875.1,Mycoplasma capricolum subsp. capricolum 14232,1188238,PRJNA164757,SAMN02927604,2014,2014-07-21,Illumina,Short,Contig,OK,Mycoplasma capricolum,2026-09-29,1032226,49,0.2357158219227184,0,1,False,False,False,False,False,Mycoplasma,<=2015
GCA_000733865.1,Mycoplasma buteonis,171280,PRJNA245612,SAMN02745656,2014,2014-07-24,Illumina HiSeq 2000,Short,Scaffold,OK,Mycoplasmopsis gallopavonis,2026-09-29,850030,12,0.2761043727868428,0,1,False,False,False,False,False,Mycoplasma,<=2015
GCA_000744065.1,'Chrysanthemum coronarium' phytoplasma,1520703,PRJDB2922,SAMD00018609,2014,2014-08-14,454 GS FLX; Illumina Hiseq,Short,Contig,Inconclusive,Candidatus Phytoplasma vignae,2026-09-29,739592,170,0.2752017328472996,0,0,False,False,False,False,False,Chrysanthemum,<=2015
GCA_000753575.1,Candidatus Izimoplasma sp. HR2,1541960,PRJNA259563,SAMN03009493,2014,2014-09-09,Illumina HiSeq,Short,Scaffold,Inconclusive,Clostridium thermobutyricum,2026-09-29,2115618,78,0.2921723108803196,0,0,False,False,False,False,False,Izimoplasma,<=2015
GCA_000755705.1,Candidatus Izimoplasma sp. HR1,1541959,PRJNA259530,SAMN03009086,2014,2014-09-18,Illumina HiSeq2000,Short,Complete Genome,Inconclusive,Eubacterium multiforme,2026-09-29,1878735,1,0.3134130146082337,0,0,False,False,False,False,False,Izimoplasma,<=2015
GCA_000800785.1,Mycoplasma mycoides subsp. mycoides,2103,PRJNA266092,SAMN03162163,2014,2014-12-11,IonTorrent,Unknown,Complete Genome,OK,Mycoplasma mycoides,2026-09-29,1192498,1,0.2395274457483366,0,0,False,False,False,False,False,Mycoplasma,<=2015
GCA_000803325.1,Chrysanthemum yellows phytoplasma,238674,PRJNA266098,SAMN03159445,2014,2014-12-18,Illumina GAIIx,Short,Contig,Inconclusive,Candidatus Phytoplasma vignae,2026-09-29,659699,252,0.283210979552796,0,1,False,False,False,False,False,Chrysanthemum,<=2015
GCA_000820525.2,Spiroplasma poulsonii,2138,PRJNA256019,SAMN07737451,2018,2018-03-02,PacBio,Long,Scaffold,Inconclusive,Spiroplasma phoeniceum,2026-09-29,2300611,8,0.2604716746985909,0,0,False,False,False,False,False,Spiroplasma,2016-2019
GCA_000830335.1,Mycoplasma capricolum subsp. capricolum,40479,PRJNA241088,SAMN03283040,2015,2015-01-30,PacBio,Long,Contig,OK,Mycoplasma capricolum,2026-09-29,1024448,1,0.2376684809770725,0,0,False,False,False,False,False,Mycoplasma,<=2015
GCA_000835085.1,Mycoplasma capricolum subsp. capripneumoniae 87001,1124992,PRJNA78705,SAMN03275448,2015,2015-02-10,Roche 454 GS FLX; ABI,Short,Complete Genome,OK,Mycoplasma capricolum,2026-09-29,1017333,1,0.2368162637012659,0,0,False,False,False,False,False,Mycoplasma,<=2015
GCA_000875755.1,Mycoplasma yeatsii GM274B,743967,PRJNA46457,SAMN02700145,2015,2015-02-13,PacBio,Long,Complete Genome,OK,Mycoplasma yeatsii,2026-09-29,895051,1,0.2573562847256748,0,0,False,False,False,False,False,Mycoplasma,<=2015
GCA_000952915.1,Mycoplasma capricolum subsp. capripneumoniae,40480,PRJEB6140,SAMEA2547818,2014,2014-08-16,PacBio RS II,Long,Complete Genome,OK,Mycoplasma capricolum,2026-09-29,1017293,1,0.2366319241359175,0,0,False,False,False,False,False,Mycoplasma,<=2015
GCA_000953195.1,Acholeplasma oculi,35623,PRJEB6255,SAMEA2522063,2014,2014-06-02,PacBio RS II; HiSeq2500,Hybrid,Complete Genome,OK,Acholeplasma oculi,2026-09-29,1587120,1,0.3129013559151167,0,0,False,False,False,False,False,Acholeplasma,<=2015
GCA_000953235.1,Mycoplasma capricolum subsp. capripneumoniae,40480,PRJEB7065,SAMEA2710682,2014,2014-09-04,Illumina HiSeq,Short,Complete Genome,OK,Mycoplasma capricolum,2026-09-29,1017183,1,0.236664395688878,0,0,False,False,False,False,False,Mycoplasma,<=2015
GCA_000953375.1,Mycoplasma capricolum subsp. capripneumoniae,40480,PRJEB7064,SAMEA2710297,2014,2014-08-27,Illumina HiSeq,Short,Complete Genome,OK,Mycoplasma capricolum,2026-09-29,1016760,1,0.2366586018332743,0,0,False,False,False,False,False,Mycoplasma,<=2015
GCA_000959055.1,Mycoplasma mycoides subsp. mycoides,2103,PRJNA272471,SAMN03282439,2015,2015-03-20,PacBio,Long,Contig,OK,Mycoplasma mycoides,2026-09-29,1203804,1,0.2395365026200278,0,0,False,False,False,False,False,Mycoplasma,<=2015
GCA_000959065.1,Mycoplasma mycoides subsp. mycoides,2103,PRJNA272775,SAMN03286960,2015,2015-03-20,Illumina MiSeq; PacBio,Hybrid,Contig,OK,Mycoplasma mycoides,2026-09-29,1190241,8,0.2393523664535165,0,0,False,False,False,False,False,Mycoplasma,<=2015
GCA_000967915.1,Acholeplasma brassicae,61635,PRJEB1741,SAMEA4532333,2013,2013-10-11,,Unknown,Complete Genome,OK,Acholeplasma laidlawii,2026-09-29,1877792,1,0.357698829263305,0,0,False,False,False,False,False,Acholeplasma,<=2015
GCA_000968055.1,Alteracholeplasma palmae J233,1318466,PRJEB1742,SAMEA4532332,2013,2013-10-11,,Unknown,Complete Genome,OK,Acholeplasma granularum,2026-09-29,1554229,1,0.2898253732236369,0,0,False,False,False,False,False,Alteracholeplasma,<=2015
GCA_000970375.1,Candidatus Phytoplasma solani,69896,PRJEB1231,SAMEA4532330,2013,2013-10-22,,Unknown,Chromosome,Inconclusive,Candidatus Phytoplasma stylosanthis,2026-09-29,570238,1,0.275984764256328,0,0,False,False,False,False,False,Phytoplasma,<=2015
GCA_000970395.1,Candidatus Phytoplasma solani,69896,PRJEB1230,SAMEA4532331,2013,2013-10-22,,Unknown,Chromosome,Inconclusive,Candidatus Phytoplasma stylosanthis,2026-09-29,545458,1,0.2701527890323361,0,0,False,False,False,False,False,Phytoplasma,<=2015
GCA_001005165.1,Mycoplasma capricolum subsp. capricolum,40479,PRJNA282481,SAMN03570464,2015,2015-05-08,Illumina,Short,Scaffold,OK,Mycoplasma capricolum,2026-09-29,964668,7,0.2374288356201304,0,0,False,False,False,False,False,Mycoplasma,<=2015
GCA_001017675.1,Mycoplasmataceae bacterium CE_OT135,1525752,PRJNA255995,SAMN02934550,2015,2015-06-02,Illumina HiSeq,Short,Contig,Inconclusive,na,2026-09-29,662952,67,0.3429237712534241,0,0,False,False,False,False,False,Mycoplasmataceae,<=2015
GCA_001017685.1,Mycoplasmataceae bacterium RV_VA103A,1528105,PRJNA256996,SAMN03003637,2015,2015-06-02,Illumina HiSeq,Short,Contig,Inconclusive,na,2026-09-29,1227948,99,0.3359507080104369,0,0,False,False,False,False,False,Mycoplasmataceae,<=2015
GCA_001017705.1,Mycoplasmataceae bacterium RC_NB112A,1524337,PRJNA255736,SAMN02928331,2015,2015-06-02,Illumina HiSeq,Short,Contig,Inconclusive,Marinitoga litoralis,2026-09-29,739936,34,0.3205317757211434,0,0,False,False,False,False,False,Mycoplasmataceae,<=2015
GCA_001029245.1,Spiroplasma mirum,2144,PRJNA253349,SAMN03488049,2015,2015-06-17,Illumina MiSeq,Short,Complete Genome,OK,Spiroplasma mirum,2026-09-29,1160484,1,0.2925382857497389,0,0,False,False,False,False,False,Spiroplasma,<=2015
GCA_001029265.1,Spiroplasma eriocheiris,315358,PRJNA253647,SAMN03488050,2015,2015-06-17,Illumina MiSeq,Short,Complete Genome,OK,Spiroplasma eriocheiris,2026-09-29,1365714,1,0.2979423217452556,0,0,False,False,False,False,False,Spiroplasma,<=2015
GCA_001179805.1,Hepatoplasma crinochetorum (SeqCode),295596,PRJEB9152,SAMEA3387527,2015,2015-07-07,Illumina HiSeq2000,Short,Scaffold,OK,Candidatus Hepatoplasma scabrum,2026-09-29,621166,2,0.2334545033050746,0,0,False,False,False,False,False,Hepatoplasma,<=2015
GCA_001189415.1,Candidatus Phytoplasma phoenicium,198422,PRJNA253787,SAMN02903325,2015,2015-07-30,Illumina,Short,Contig,Inconclusive,Candidatus Phytoplasma vignae,2026-09-29,345965,78,0.2516063763675516,0,1,False,False,False,False,False,Phytoplasma,<=2015
GCA_001199495.1,Mycoplasma sp. HU2014,1664275,PRJNA286079,SAMN03764574,2015,2015-08-04,Illumina,Short,Scaffold,OK,Mycoplasma cottewii,2026-09-29,1084927,75,0.2537414959716184,0,0,False,False,False,False,False,Mycoplasma,<=2015
GCA_001262715.1,Spiroplasma turonicum,216946,PRJNA291635,SAMN03948565,2015,2015-08-07,Pacbio,Long,Complete Genome,OK,Spiroplasma turonicum,2026-09-29,1261374,1,0.2419972189057329,0,0,False,False,False,False,False,Spiroplasma,<=2015
GCA_001267155.1,Spiroplasma litorale,216942,PRJNA253651,SAMN03938703,2015,2015-08-13,Illumina MiSeq,Short,Complete Genome,OK,Spiroplasma corruscae,2026-09-29,1225519,1,0.2491589277685617,0,0,False,False,False,False,False,Spiroplasma,<=2015
GCA_001267815.1,Mycoplasma mycoides subsp. capri,40477,PRJNA285728,SAMN03758384,2015,2015-08-17,PacBio,Long,Complete Genome,OK,Mycoplasma mycoides,2026-09-29,1085764,1,0.2391854951904833,0,0,False,False,True,True,False,Mycoplasma,<=2015
GCA_001274875.1,Spiroplasma kunkelii CR2-3x,273035,PRJNA270865,SAMN03269975,2015,2015-08-26,PacBio,Long,Complete Genome,Inconclusive,Spiroplasma phoeniceum,2026-09-29,1514561,4,0.2498334500888376,0,0,False,False,False,False,False,Spiroplasma,<=2015
GCA_001277135.1,Candidatus Phytoplasma pruni,479893,PRJNA283111,SAMN03603757,2015,2015-09-01,454,Short,Contig,Inconclusive,Candidatus Phytoplasma crotalariae,2026-09-29,598511,46,0.272116970281248,0,1,False,False,False,False,False,Phytoplasma,<=2015
GCA_001281045.1,Spiroplasma cantharicola,362837,PRJNA253642,SAMN03955382,2015,2015-09-11,Illumina MiSeq,Short,Complete Genome,OK,Spiroplasma diminutum,2026-09-29,1179577,1,0.250093041827706,0,0,False,False,False,False,False,Spiroplasma,<=2015
GCA_001307505.2,Candidatus Phytoplasma australasiaticum subsp. taiwanense,1123738,PRJNA294131,SAMN04017316,2020,2020-09-22,Illumina MiSeq; Oxford Nanopore MiniION,Hybrid,Complete Genome,OK,Candidatus Phytoplasma australasiaticum,2026-09-29,639808,2,0.2454236270881264,0,0,False,False,False,False,False,Phytoplasma,2020-2022
GCA_001484045.1,Mycoplasma sp. (ex Biomphalaria glabrata),1749074,PRJNA12879,SAMN04147048,2016,2016-01-04,454,Short,Complete Genome,Inconclusive,Mycoplasma capricolum,2026-09-29,647830,1,0.2849003596622571,0,0,False,False,False,False,False,Mycoplasma,2016-2019
GCA_001512455.1,Acholeplasmatales bacterium DTU067,1671634,PRJNA283298,SAMN03778949,2016,2016-01-12,Illumina HiSeq,Short,Scaffold,Inconclusive,na,2026-09-29,1469139,91,0.4711296888858032,0,4,False,False,False,False,False,Acholeplasmatales,2016-2019
GCA_001512985.1,Acholeplasmatales bacterium DTU056,1671633,PRJNA283298,SAMN03776757,2016,2016-01-12,Illumina HiSeq,Short,Scaffold,Inconclusive,na,2026-09-29,1207846,59,0.2980636604335321,0,0,False,False,False,False,False,Acholeplasmatales,2016-2019
GCA_001512995.1,Acholeplasmatales bacterium DTU067,1671634,PRJNA283298,SAMN03778949,2016,2016-01-12,Illumina HiSeq,Short,Scaffold,Inconclusive,na,2026-09-29,1469139,91,0.4711296888858032,0,4,False,False,False,False,False,Acholeplasmatales,2016-2019
GCA_001513715.1,Spiroplasma turonicum,216946,PRJNA253654,SAMN04219521,2016,2016-01-12,Illumina MiSeq,Short,Complete Genome,OK,Spiroplasma turonicum,2026-09-29,1261375,1,0.2420009909820632,0,0,False,False,False,False,False,Spiroplasma,2016-2019
GCA_001554055.1,Mycoplasma mycoides subsp. mycoides,2103,PRJNA280349,SAMN03459584,2016,2016-02-09,454; Illumina,Short,Complete Genome,OK,Mycoplasma mycoides,2026-09-29,1145921,1,0.2394981853024772,0,0,False,False,False,False,False,Mycoplasma,2016-2019
GCA_001554075.1,Mycoplasma mycoides subsp. mycoides,2103,PRJNA280353,SAMN04479833,2016,2016-02-09,454; Illumina,Short,Complete Genome,OK,Mycoplasma mycoides,2026-09-29,1161055,1,0.2395915783490015,0,0,False,False,False,False,False,Mycoplasma,2016-2019
GCA_001554095.1,Mycoplasma mycoides subsp. mycoides,2103,PRJNA280354,SAMN04479834,2016,2016-02-09,454; Illumina,Short,Complete Genome,OK,Mycoplasma mycoides,2026-09-29,1149615,1,0.2396506656576332,0,0,False,False,False,False,False,Mycoplasma,2016-2019
GCA_001554115.1,Mycoplasma mycoides subsp. mycoides,2103,PRJNA280355,SAMN04479835,2016,2016-02-09,454; Illumina,Short,Complete Genome,OK,Mycoplasma mycoides,2026-09-29,1109375,1,0.2395835492957746,0,0,False,False,False,False,False,Mycoplasma,2016-2019
GCA_001554155.1,Mycoplasma mycoides subsp. mycoides,2103,PRJNA280356,SAMN04479836,2016,2016-02-09,454; Illumina,Short,Complete Genome,OK,Mycoplasma mycoides,2026-09-29,1091780,1,0.2392872190368022,0,0,False,False,False,False,False,Mycoplasma,2016-2019
GCA_001564435.1,Mycoplasma mycoides subsp. mycoides,2103,PRJNA310401,SAMN04451932,2016,2016-02-22,PacBio,Long,Complete Genome,OK,Mycoplasma mycoides,2026-09-29,1188848,1,0.2392324334145323,0,0,False,False,False,False,False,Mycoplasma,2016-2019
GCA_001578535.1,Candidatus Phytoplasma oryzae,203274,PRJNA310404,SAMN04452058,2016,2016-03-02,Illumina Hiseq,Short,Contig,Inconclusive,Candidatus Phytoplasma vignae,2026-09-29,533195,28,0.1929931826067386,0,0,False,False,False,False,False,Phytoplasma,2016-2019
GCA_001604495.1,Acholeplasmatales bacterium Tener_01,1674909,PRJNA284316,SAMN03837574,2016,2016-03-30,Illumina HiSeq,Short,Scaffold,Inconclusive,na,2026-09-29,885702,194,0.3182469950389634,0,0,False,False,False,False,False,Acholeplasmatales,2016-2019
GCA_001604505.1,Entomoplasmatales bacterium Tener_02,1674919,PRJNA284316,SAMN03837575,2016,2016-03-30,Illumina HiSeq,Short,Scaffold,Inconclusive,Clostridium thermosuccinogenes,2026-09-29,984333,260,0.3871078181875442,11,0,True,False,False,False,True,Entomoplasmatales,2016-2019
GCA_001623385.2,Phytoplasma sp. Vc33,1836886,PRJNA293833,SAMN04010523,2016,2016-04-19,IonTorrent,Unknown,Scaffold,Inconclusive,Candidatus Phytoplasma gossypii,2026-09-29,687137,29,0.2771834437674001,0,0,False,False,False,False,False,Phytoplasma,2016-2019
GCA_001641205.1,Mycoplasma sp. Bg1,1784822,PRJNA309720,SAMN04386405,2016,2016-05-10,Illumina MiSeq,Short,Contig,Inconclusive,Candidatus Tyloplasma litorale,2026-09-29,785028,5,0.2654363920777348,0,0,False,False,False,False,False,Mycoplasma,2016-2019
GCA_001641225.1,Mycoplasma sp. Bg2,1784823,PRJNA309720,SAMN04386406,2016,2016-05-10,Illumina MiSeq,Short,Contig,Inconclusive,Candidatus Tyloplasma litorale,2026-09-29,698687,4,0.2834488118427851,0,0,False,False,False,False,False,Mycoplasma,2016-2019
GCA_001645765.1,Candidatus Mycoplasma haematobovis,432608,PRJNA319681,SAMN04903359,2016,2016-05-17,Illumina MiSeq,Short,Contig,Inconclusive,Mycoplasma haemofelis,2026-09-29,935638,18,0.3046466689039992,0,0,False,False,False,False,False,Mycoplasma,2016-2019
GCA_001650335.1,Acholeplasma laidlawii,2148,PRJNA315625,SAMN04566713,2016,2016-05-24,454,Short,Contig,OK,Acholeplasma laidlawii,2026-09-29,1489121,21,0.318431477361477,0,2,False,False,False,False,False,Acholeplasma,2016-2019
GCA_001712875.1,Candidatus Phytoplasma zeae,202462,PRJNA317711,SAMN04623572,2016,2016-08-25,Illumina MiSeq,Short,Complete Genome,Inconclusive,Candidatus Phytoplasma vignae,2026-09-29,576118,1,0.2846205117701582,0,0,False,False,False,False,False,Phytoplasma,2016-2019
GCA_001715535.1,Spiroplasma helicoides,216938,PRJNA253649,SAMN05578878,2016,2016-08-29,Illumina MiSeq,Short,Complete Genome,OK,Spiroplasma tabanidicola,2026-09-29,1326546,1,0.2675135276123104,0,0,False,False,False,False,False,Spiroplasma,2016-2019
GCA_001729645.1,Acholeplasma laidlawii,2148,PRJNA325217,SAMN05225430,2016,2016-09-16,454,Short,Contig,OK,Acholeplasma laidlawii,2026-09-29,1480866,38,0.318733092663347,0,2,False,False,False,False,False,Acholeplasma,2016-2019
GCA_001729655.1,Acholeplasma laidlawii,2148,PRJNA325216,SAMN05225429,2016,2016-09-16,454,Short,Contig,OK,Acholeplasma laidlawii,2026-09-29,1488460,19,0.3184929390107897,0,2,False,False,False,False,False,Acholeplasma,2016-2019
GCA_001730135.1,Acholeplasma laidlawii,2148,PRJNA342499,SAMN05761484,2016,2016-09-16,Illumina MiSeq,Short,Scaffold,OK,Acholeplasma laidlawii,2026-09-29,1307942,29,0.3196089734865919,0,0,False,False,False,False,False,Acholeplasma,2016-2019
GCA_001792795.1,Spiroplasma sp. TU-14,1898044,PRJNA341843,SAMN05729610,2016,2016-10-20,Illumina MiSeq,Short,Complete Genome,OK,Spiroplasma citri,2026-09-29,1199640,1,0.2874237271181354,0,0,False,False,False,False,False,Spiroplasma,2016-2019
GCA_001866375.1,Rice orange leaf phytoplasma,146897,PRJNA341900,SAMN05730130,2016,2016-11-04,Illumina HiSeq,Short,Contig,Inconclusive,Candidatus Phytoplasma vignae,2026-09-29,599264,8,0.2823630319859027,0,0,False,False,False,False,False,Rice,2016-2019
GCA_001886495.1,Spiroplasma sp. NBRC 100390,1914410,PRJNA351766,SAMN05954264,2016,2016-11-28,Illumina MiSeq,Short,Complete Genome,OK,Spiroplasma citri,2026-09-29,1199621,1,0.2874249450451434,0,0,False,False,False,False,False,Spiroplasma,2016-2019
GCA_001886855.1,Spiroplasma citri,2133,PRJNA296877,SAMN04110376,2016,2016-11-28,PacBio,Long,Complete Genome,OK,Spiroplasma phoeniceum,2026-09-29,1640878,3,0.255096966380194,0,0,False,False,True,False,False,Spiroplasma,2016-2019
GCA_001917275.1,Mycoplasma sp. CAG:611_25_7,1897009,PRJNA321218,SAMN05717310,2016,2016-12-23,Illumina HiSeq,Short,Scaffold,Inconclusive,na,2026-09-29,457126,126,0.2486382310347694,0,1,False,False,False,False,False,Mycoplasma,2016-2019
GCA_001940985.1,Mollicutes bacterium Phil14,1930023,PRJNA357304,SAMN06140821,2017,2017-01-10,Illumina HiSeq,Short,Scaffold,Inconclusive,Clostridium moniliforme,2026-09-29,1685577,26,0.2847974313840305,0,0,False,False,False,False,False,Mollicutes,2016-2019
GCA_002009215.1,Mycoplasma capricolum subsp. capripneumoniae,40480,PRJNA358856,SAMN06186601,2017,2017-03-02,Pacbio,Long,Complete Genome,OK,Mycoplasma capricolum,2026-09-29,1016663,1,0.2367352800288787,0,0,False,False,False,False,False,Mycoplasma,2016-2019
GCA_002009625.1,Candidatus Phytoplasma citri,180978,PRJNA376491,SAMN06434186,2017,2017-03-02,Illumina HiSeq,Short,Contig,OK,Candidatus Phytoplasma citri,2026-09-29,474669,98,0.239038150795607,0,4,False,False,False,False,False,Phytoplasma,2016-2019
GCA_002028345.1,Spiroplasma eriocheiris CCTCC M 207170,743698,PRJNA46263,SAMN03418104,2017,2017-03-15,Roche 454 GS FLX,Short,Complete Genome,OK,Spiroplasma eriocheiris,2026-09-29,1364757,1,0.2979262975020461,0,0,False,False,False,False,False,Spiroplasma,2016-2019
GCA_002118325.2,Entomoplasmatales bacterium EntAcro1,1941207,PRJNA369645,SAMN06251630,2019,2019-08-23,Illumina MiSeq,Short,Contig,Inconclusive,Mesoplasma whartonense,2026-09-29,1327960,815,0.3816590861170517,0,9,False,False,False,False,False,Entomoplasmatales,2016-2019
GCA_002118355.2,Entomoplasmatales bacterium EntAcro10,1941208,PRJNA369645,SAMN06251631,2019,2019-08-23,Illumina MiSeq,Short,Contig,Inconclusive,Spiroplasma attinicola,2026-09-29,1507982,579,0.3091489155706102,0,24,False,False,False,False,False,Entomoplasmatales,2016-2019
GCA_002135175.2,Candidatus Spiroplasma holothuricola,1963034,PRJNA376231,SAMN06368401,2017,2017-08-24,Illumina MiSeq,Short,Complete Genome,Inconclusive,Candidatus Hepatoplasma vulgare,2026-09-29,424539,2,0.2953745121178502,0,0,False,False,False,False,False,Spiroplasma,2016-2019
GCA_002163565.1,Spiroplasma clarkii,2139,PRJNA303055,SAMN04285339,2017,2017-06-02,PacBio,Long,Complete Genome,OK,Spiroplasma clarkii,2026-09-29,1558445,1,0.2959995380010202,0,0,False,False,False,False,False,Spiroplasma,2016-2019
GCA_002210205.1,Acholeplasma laidlawii,2148,PRJNA321821,SAMN05004555,2017,2017-06-28,454 Roche JS Junior,Short,Contig,OK,Acholeplasma laidlawii,2026-09-29,1486142,15,0.3185637711604948,0,2,False,False,False,False,False,Acholeplasma,2016-2019
GCA_002237575.1,Spiroplasma corruscae,216934,PRJNA253645,SAMN07267299,2017,2017-07-31,Illumina MiSeq,Short,Complete Genome,OK,Spiroplasma litorale,2026-09-29,1204639,2,0.2540221593357014,0,0,False,False,False,False,False,Spiroplasma,2016-2019
GCA_002245785.1,Mycoplasma testudineum,244584,PRJNA394956,SAMN07367954,2017,2017-08-10,Illumina NextSeq 500,Short,Scaffold,OK,Mycoplasma testudineum,2026-09-29,960895,25,0.2754494507724569,0,0,False,False,False,False,False,Mycoplasma,2016-2019
GCA_002252075.2,Acholeplasma laidlawii,2148,PRJNA383989,SAMN06821038,2017,2017-11-05,Illumina MiSeq,Short,Contig,OK,Acholeplasma laidlawii,2026-09-29,1490309,6,0.3183997412617115,0,2,False,False,False,False,False,Acholeplasma,2016-2019
GCA_002252185.2,Acholeplasma laidlawii,2148,PRJNA383991,SAMN06821057,2017,2017-11-05,Illumina MiSeq,Short,Contig,OK,Acholeplasma laidlawii,2026-09-29,1490145,6,0.3184099533937972,0,2,False,False,False,False,False,Acholeplasma,2016-2019
GCA_002285055.1,Candidatus Izimoplasma sp. ZiA1,2024899,PRJNA397120,SAMN07449349,2017,2017-09-04,PacBio,Long,Scaffold,Inconclusive,Arcobacter roscoffensis,2026-09-29,1884011,34,0.2956256624828624,0,1,False,False,False,False,False,Izimoplasma,2016-2019
GCA_002290085.1,Mesoplasma chauliocola,216427,PRJNA400791,SAMN07573570,2017,2017-09-12,Illumina MiSeq; Oxford-Nanopore Minion,Hybrid,Complete Genome,OK,Mesoplasma chauliocola,2026-09-29,854780,1,0.2698191347481223,0,0,False,False,False,False,False,Mesoplasma,2016-2019
GCA_002298905.1,Mycoplasma sp. UBA710,1946970,PRJNA348753,SAMN06453697,2017,2017-09-12,Illumina,Short,Scaffold,Inconclusive,Mesomycoplasma moatsii,2026-09-29,648227,42,0.230410026117394,0,0,False,False,False,False,False,Mycoplasma,2016-2019
GCA_002345705.1,Acholeplasmataceae bacterium UBA2284,1951309,PRJNA348753,SAMN06452303,2017,2017-09-22,Illumina,Short,Scaffold,Inconclusive,Peloplasma aerotolerans,2026-09-29,1530076,27,0.3378191671524813,0,0,False,False,False,False,False,Acholeplasmataceae,2016-2019
GCA_002372615.1,Mycoplasmataceae bacterium UBA3729,1952266,PRJNA348753,SAMN06452513,2017,2017-09-26,Illumina,Short,Contig,Inconclusive,na,2026-09-29,556046,9,0.2463609125863687,0,0,False,False,False,False,False,Mycoplasmataceae,2016-2019
GCA_002397505.1,Acholeplasmataceae bacterium UBA4950,1951313,PRJNA348753,SAMN06455153,2017,2017-09-28,Illumina,Short,Scaffold,Inconclusive,Hujiaoplasma nucleasis,2026-09-29,1280650,12,0.3286885565923554,0,0,False,False,False,False,False,Acholeplasmataceae,2016-2019
GCA_002398145.1,Acholeplasmataceae bacterium UBA4904,1951312,PRJNA348753,SAMN06457454,2017,2017-09-28,Illumina,Short,Scaffold,Inconclusive,Hujiaoplasma nucleasis,2026-09-29,1190070,52,0.3251632256926063,0,0,False,False,False,False,False,Acholeplasmataceae,2016-2019
GCA_002398445.1,Acholeplasmataceae bacterium UBA5000,1951314,PRJNA348753,SAMN06450981,2017,2017-09-28,Illumina,Short,Scaffold,Inconclusive,Acholeplasma brassicae,2026-09-29,1135669,121,0.3072717490747744,0,0,False,False,False,False,False,Acholeplasmataceae,2016-2019
GCA_002399485.1,Acholeplasmataceae bacterium UBA4870,1951311,PRJNA348753,SAMN06456589,2017,2017-09-28,Illumina,Short,Scaffold,Inconclusive,Lactobacillus acetotolerans,2026-09-29,1178047,112,0.3127175740866026,0,0,False,False,False,False,False,Acholeplasmataceae,2016-2019
GCA_002399815.1,Acholeplasmataceae bacterium UBA4853,1951310,PRJNA348753,SAMN06453586,2017,2017-09-28,Illumina,Short,Scaffold,Inconclusive,Acholeplasma oculi,2026-09-29,1447154,43,0.3032662729744035,0,0,False,False,False,False,False,Acholeplasmataceae,2016-2019
GCA_002407985.1,Acholeplasmataceae bacterium UBA5354,1951319,PRJNA348753,SAMN06451886,2017,2017-10-03,Illumina,Short,Scaffold,Inconclusive,Hujiaoplasma nucleasis,2026-09-29,1100423,81,0.3200033078189023,0,0,False,False,False,False,False,Acholeplasmataceae,2016-2019
GCA_002408505.1,Acholeplasmataceae bacterium UBA5282,1951318,PRJNA348753,SAMN06455092,2017,2017-10-03,Illumina,Short,Scaffold,Inconclusive,Hujiaoplasma nucleasis,2026-09-29,1251025,15,0.3299518394916169,0,0,False,False,False,False,False,Acholeplasmataceae,2016-2019
GCA_002408805.1,Acholeplasmataceae bacterium UBA5250,1951316,PRJNA348753,SAMN06452243,2017,2017-10-03,Illumina,Short,Scaffold,Inconclusive,Hujiaoplasma nucleasis,2026-09-29,1230540,15,0.3282656394753523,0,0,False,False,False,False,False,Acholeplasmataceae,2016-2019
GCA_002410615.1,Acholeplasmataceae bacterium UBA5409,1951321,PRJNA348753,SAMN06452524,2017,2017-10-03,Illumina,Short,Scaffold,Inconclusive,Hujiaoplasma nucleasis,2026-09-29,1295113,19,0.327992229249494,0,0,False,False,False,False,False,Acholeplasmataceae,2016-2019
GCA_002410795.1,Acholeplasmataceae bacterium UBA5386,1951320,PRJNA348753,SAMN06457197,2017,2017-10-03,Illumina,Short,Scaffold,Inconclusive,Hujiaoplasma nucleasis,2026-09-29,1096620,18,0.3272975141799347,0,0,False,False,False,False,False,Acholeplasmataceae,2016-2019
GCA_002411585.1,Acholeplasmataceae bacterium UBA5264,1951317,PRJNA348753,SAMN06457556,2017,2017-10-03,Illumina,Short,Scaffold,Inconclusive,Hujiaoplasma nucleasis,2026-09-29,1158984,45,0.3264661116978319,0,0,False,False,False,False,False,Acholeplasmataceae,2016-2019
GCA_002412315.1,Acholeplasmataceae bacterium UBA5222,1951315,PRJNA348753,SAMN06454566,2017,2017-10-03,Illumina,Short,Scaffold,Inconclusive,Hujiaoplasma nucleasis,2026-09-29,1147661,62,0.3217631338870973,0,0,False,False,False,False,False,Acholeplasmataceae,2016-2019
GCA_002418725.1,Acholeplasmataceae bacterium UBA5769,1951328,PRJNA348753,SAMN06451457,2017,2017-10-03,Illumina,Short,Scaffold,Inconclusive,Haploplasma axanthum,2026-09-29,1760184,48,0.3762407793730655,0,0,False,False,False,False,False,Acholeplasmataceae,2016-2019
GCA_002421365.1,Acholeplasmataceae bacterium UBA5635,1951327,PRJNA348753,SAMN06452378,2017,2017-10-03,Illumina,Short,Scaffold,Inconclusive,Haploplasma axanthum,2026-09-29,1595630,83,0.3754930654349692,0,0,False,False,False,False,False,Acholeplasmataceae,2016-2019
GCA_002422045.1,Acholeplasmataceae bacterium UBA6190,1951331,PRJNA348753,SAMN06457400,2017,2017-10-04,Illumina,Short,Scaffold,Inconclusive,Mariniplasma anaerobium,2026-09-29,1670151,142,0.4117052889229776,0,0,False,False,False,False,False,Acholeplasmataceae,2016-2019
GCA_002422135.1,Acholeplasmataceae bacterium UBA6181,1951330,PRJNA348753,SAMN06454855,2017,2017-10-04,Illumina,Short,Scaffold,Inconclusive,Peloplasma aerotolerans,2026-09-29,1360579,94,0.3346435598373927,0,0,False,False,False,False,False,Acholeplasmataceae,2016-2019
GCA_002423145.1,Acholeplasmataceae bacterium UBA6150,1951329,PRJNA348753,SAMN06453525,2017,2017-10-04,Illumina,Short,Contig,Inconclusive,Paracholeplasma manati,2026-09-29,1285504,19,0.3708716581200836,0,0,False,False,False,False,False,Acholeplasmataceae,2016-2019
GCA_002424575.1,Acholeplasmataceae bacterium UBA5617,1951326,PRJNA348753,SAMN06451146,2017,2017-10-04,Illumina,Short,Scaffold,Inconclusive,Paracholeplasma manati,2026-09-29,1501767,131,0.3892874194199233,0,0,False,False,False,False,False,Acholeplasmataceae,2016-2019
GCA_002426705.1,Acholeplasmataceae bacterium UBA5430,1951322,PRJNA348753,SAMN06456065,2017,2017-10-04,Illumina,Short,Scaffold,Inconclusive,Hujiaoplasma nucleasis,2026-09-29,1167034,63,0.3231731037827518,0,0,False,False,False,False,False,Acholeplasmataceae,2016-2019
GCA_002427085.1,Acholeplasmataceae bacterium UBA5491,1951325,PRJNA348753,SAMN06454103,2017,2017-10-04,Illumina,Short,Scaffold,Inconclusive,Lactobacillus acetotolerans,2026-09-29,1279508,59,0.3234336948264489,0,0,False,False,False,False,False,Acholeplasmataceae,2016-2019
GCA_002427245.1,Acholeplasmataceae bacterium UBA5468,1951324,PRJNA348753,SAMN06452761,2017,2017-10-04,Illumina,Short,Scaffold,Inconclusive,Hujiaoplasma nucleasis,2026-09-29,1275048,69,0.325303831698885,0,0,False,False,False,False,False,Acholeplasmataceae,2016-2019
GCA_002427375.1,Acholeplasmataceae bacterium UBA5453,1951323,PRJNA348753,SAMN06453599,2017,2017-10-04,Illumina,Short,Scaffold,Inconclusive,na,2026-09-29,998003,31,0.3072976734538874,0,0,False,False,False,False,False,Acholeplasmataceae,2016-2019
GCA_002441525.1,Acholeplasmataceae bacterium UBA6235,1951332,PRJNA348753,SAMN06450456,2017,2017-10-04,Illumina,Short,Scaffold,Inconclusive,Paracholeplasma manati,2026-09-29,1638812,121,0.383854890005687,0,0,False,False,False,False,False,Acholeplasmataceae,2016-2019
GCA_002441935.1,Mesoplasma lactucae ATCC 49193,81460,PRJNA412357,SAMN07709945,2017,2017-10-04,Illumina MiSeq; Oxford-Nanopore Minion,Hybrid,Complete Genome,OK,Mesoplasma lactucae,2026-09-29,837471,1,0.2983183895322942,0,0,False,False,False,False,False,Mesoplasma,2016-2019
GCA_002483695.1,Acholeplasmataceae bacterium UBA7643,1951333,PRJNA348753,SAMN06454696,2017,2017-10-06,Illumina,Short,Scaffold,Inconclusive,Hujiaoplasma nucleasis,2026-09-29,1238276,31,0.3279713084966518,0,0,False,False,False,False,False,Acholeplasmataceae,2016-2019
GCA_002504365.1,Mesoplasma florum,2151,PRJNA412852,SAMN07735426,2017,2017-10-10,Illumina MiSeq; Oxford Nanopore Minion,Hybrid,Complete Genome,OK,Mesoplasma florum,2026-09-29,807195,1,0.270100781099982,0,0,False,False,False,False,False,Mesoplasma,2016-2019
GCA_002504385.1,Mesoplasma florum,2151,PRJNA412852,SAMN07735427,2017,2017-10-10,Illumina MiSeq; Oxford Nanopore Minion,Hybrid,Complete Genome,OK,Mesoplasma florum,2026-09-29,820043,1,0.2688419997487936,0,0,False,False,False,False,False,Mesoplasma,2016-2019
GCA_002554195.1,New Jersey aster yellows phytoplasma,270520,PRJNA327174,SAMN05323707,2017,2017-10-16,454,Short,Contig,Inconclusive,Candidatus Phytoplasma citri,2026-09-29,652092,75,0.2710522441618667,0,3,False,False,False,False,False,New,2016-2019
GCA_002749675.1,Mesoplasma entomophilum,2149,PRJNA415956,SAMN07838951,2017,2017-11-03,Illumina MiSeq; Oxford-Nanopore Minion,Hybrid,Complete Genome,OK,Mesoplasma entomophilum,2026-09-29,847967,1,0.2721344108909899,0,0,False,False,False,False,False,Mesoplasma,2016-2019
GCA_002795265.1,Spiroplasma clarkii,2139,PRJNA253644,SAMN07540836,2017,2017-11-23,Illumina MiSeq,Short,Complete Genome,OK,Spiroplasma clarkii,2026-09-29,1560007,1,0.2957070064429198,0,0,False,False,False,False,False,Spiroplasma,2016-2019
GCA_002803985.1,Williamsoniiplasma luminosum,214888,PRJNA330900,SAMN05429629,2017,2017-12-04,Illumina MiSeq,Short,Complete Genome,OK,Williamsoniiplasma luminosum,2026-09-29,1031560,1,0.2984043584474,0,0,False,False,False,False,False,Williamsoniiplasma,2016-2019
GCA_002804005.1,Williamsoniiplasma somnilux,215578,PRJNA330903,SAMN05429912,2017,2017-12-04,Illumina MiSeq,Short,Complete Genome,OK,Williamsoniiplasma somnilux,2026-09-29,868413,1,0.2798622314497825,0,0,False,False,False,False,False,Williamsoniiplasma,2016-2019
GCA_002804025.1,Mesoplasma tabanidae,219745,PRJNA331060,SAMN05436730,2017,2017-12-04,Illumina MiSeq,Short,Complete Genome,OK,Mesoplasma coleopterae,2026-09-29,846907,1,0.2687296243861486,0,0,False,False,False,False,False,Mesoplasma,2016-2019
GCA_002804105.1,Mesoplasma melaleucae,81459,PRJNA330902,SAMN05429631,2017,2017-12-04,Illumina MiSeq,Short,Complete Genome,OK,Mesoplasma melaleucae,2026-09-29,845295,1,0.2663377873996652,0,0,False,False,False,False,False,Mesoplasma,2016-2019
GCA_002804125.1,Mesoplasma entomophilum,2149,PRJNA331056,SAMN05436726,2017,2017-12-04,Illumina MiSeq,Short,Complete Genome,OK,Mesoplasma entomophilum,2026-09-29,847966,1,0.2721394489873415,0,0,False,False,False,False,False,Mesoplasma,2016-2019
GCA_002804205.1,Entomoplasma freundtii,74700,PRJNA330899,SAMN05429604,2017,2017-12-04,Illumina MiSeq,Short,Complete Genome,OK,Entomoplasma freundtii,2026-09-29,838114,1,0.3459768002920844,0,0,False,False,False,False,False,Entomoplasma,2016-2019
GCA_002804225.1,Mesoplasma lactucae ATCC 49193,81460,PRJNA331057,SAMN05436727,2017,2017-12-04,Illumina MiSeq,Short,Complete Genome,OK,Mesoplasma lactucae,2026-09-29,837387,1,0.2983232364486193,0,0,False,False,False,False,False,Mesoplasma,2016-2019
GCA_002804245.1,Mesoplasma coleopterae,324078,PRJNA331059,SAMN05436729,2017,2017-12-04,Illumina MiSeq,Short,Complete Genome,OK,Mesoplasma entomophilum,2026-09-29,800407,1,0.2721715327327222,0,0,False,False,False,False,False,Mesoplasma,2016-2019
GCA_002813555.1,Spiroplasma floricola 23-6,1336749,PRJNA205099,SAMN07981470,2017,2017-12-07,Illumina MiSeq,Short,Complete Genome,OK,Spiroplasma diminutum,2026-09-29,1284130,1,0.243325831496811,0,0,False,False,False,False,False,Spiroplasma,2016-2019
GCA_002843565.1,Mesoplasma syrphidae,225999,PRJNA421837,SAMN08158127,2017,2017-12-17,Illumina MiSeq; Oxford Nanopore Minion; Sanger,Hybrid,Complete Genome,OK,Mesoplasma syrphidae,2026-09-29,908214,1,0.3005260874639677,0,0,False,False,False,False,False,Mesoplasma,2016-2019
GCA_002865545.1,Spiroplasma monobiae MQ-1,1336748,PRJNA205098,SAMN03651236,2018,2018-01-07,Illumina MiSeq,Short,Complete Genome,OK,Spiroplasma floricola,2026-09-29,891575,1,0.2775694697585733,0,0,False,False,False,False,False,Spiroplasma,2016-2019
GCA_002868295.1,Spiroplasma melliferum,2134,PRJNA419864,SAMN08100015,2018,2018-01-08,Illumina,Short,Contig,Inconclusive,Spiroplasma citri,2026-09-29,1256843,64,0.2721517325552993,0,0,False,False,False,False,False,Spiroplasma,2016-2019
GCA_002888635.2,endosymbiont DhMRE of Dentiscutata heterogama,1609546,PRJEB8356,SAMEA3257422,2015,2015-06-12,,Unknown,Chromosome,Inconclusive,na,2026-09-29,713033,3,0.3391035197529427,0,0,False,False,False,False,False,endosymbiont,<=2015
GCA_002930145.1,Mesoplasma corruscae,216874,PRJNA331058,SAMN05436728,2018,2018-02-15,Illumina MiSeq,Short,Contig,Inconclusive,Entomoplasma ellychniae,2026-09-29,839085,3,0.2631938361429414,0,0,False,False,False,False,False,Mesoplasma,2016-2019
GCA_002930155.1,Entomoplasma ellychniae,2114,PRJNA330898,SAMN05429603,2018,2018-02-15,Illumina MiSeq,Short,Contig,Inconclusive,Mesoplasma corruscae,2026-09-29,900037,3,0.2624358776361416,0,0,False,False,False,False,False,Entomoplasma,2016-2019
GCA_002930185.1,Williamsoniiplasma lucivorax,209274,PRJNA330901,SAMN05429630,2018,2018-02-15,Illumina MiSeq,Short,Contig,OK,Williamsoniiplasma lucivorax,2026-09-29,1127227,8,0.3004576717910412,0,0,False,False,False,False,False,Williamsoniiplasma,2016-2019
GCA_002968355.1,Spiroplasma sp. ChiS,2099885,PRJNA422968,SAMN08560477,2018,2018-03-04,Illumina MiSeq,Short,Contig,OK,Spiroplasma citri,2026-09-29,1558746,324,0.2609629792153436,0,1,False,False,False,False,False,Spiroplasma,2016-2019
GCA_002968365.1,Candidatus Phytoplasma phoenicium,198422,PRJNA422968,SAMN08560476,2018,2018-03-04,Illumina MiSeq,Short,Contig,Inconclusive,Candidatus Phytoplasma vignae,2026-09-29,541091,134,0.2465296964835859,0,0,False,False,False,False,False,Phytoplasma,2016-2019
GCA_002999255.1,Mesoplasma florum,2151,PRJNA394317,SAMN07352418,2018,2018-03-14,Illumina HiSeq,Short,Complete Genome,OK,Mesoplasma florum,2026-09-29,781099,1,0.2700221098733963,0,0,False,False,False,False,False,Mesoplasma,2016-2019
GCA_002999275.1,Mesoplasma florum,2151,PRJNA394317,SAMN07352416,2018,2018-03-14,Illumina HiSeq,Short,Complete Genome,OK,Mesoplasma florum,2026-09-29,813801,1,0.2696531461622681,0,0,False,False,False,False,False,Mesoplasma,2016-2019
GCA_002999295.1,Mesoplasma florum,2151,PRJNA394317,SAMN07352422,2018,2018-03-14,Illumina HiSeq,Short,Complete Genome,OK,Mesoplasma florum,2026-09-29,773885,1,0.2706448632548763,0,0,False,False,False,False,False,Mesoplasma,2016-2019
GCA_002999315.1,Mesoplasma entomophilum,2149,PRJNA394317,SAMN07352420,2018,2018-03-14,Illumina HiSeq,Short,Chromosome,OK,Mesoplasma entomophilum,2026-09-29,787107,1,0.2741113978150366,0,0,False,False,False,False,False,Mesoplasma,2016-2019
GCA_002999355.1,Mesoplasma florum,2151,PRJNA394317,SAMN07352417,2018,2018-03-14,Illumina HiSeq,Short,Chromosome,OK,Mesoplasma florum,2026-09-29,792347,1,0.270299502616909,0,0,False,False,False,False,False,Mesoplasma,2016-2019
GCA_002999375.1,Mesoplasma florum,2151,PRJNA394317,SAMN07352421,2018,2018-03-14,Illumina HiSeq,Short,Chromosome,OK,Mesoplasma florum,2026-09-29,830640,1,0.2695259077337956,0,0,False,False,False,False,False,Mesoplasma,2016-2019
GCA_002999395.1,Mesoplasma coleopterae,324078,PRJNA394317,SAMN07352414,2018,2018-03-14,Illumina HiSeq,Short,Chromosome,OK,Mesoplasma coleopterae,2026-09-29,765660,1,0.2737533631115639,0,0,False,False,False,False,False,Mesoplasma,2016-2019
GCA_002999415.1,Mesoplasma florum,2151,PRJNA394317,SAMN07352419,2018,2018-03-14,Illumina HiSeq,Short,Complete Genome,OK,Mesoplasma florum,2026-09-29,793277,1,0.2701111969715496,0,0,False,False,False,False,False,Mesoplasma,2016-2019
GCA_002999435.1,Mesoplasma florum,2151,PRJNA394317,SAMN07352415,2018,2018-03-14,Illumina HiSeq,Short,Complete Genome,OK,Mesoplasma florum,2026-09-29,738512,1,0.2713767684208246,0,0,False,False,False,False,False,Mesoplasma,2016-2019
GCA_002999455.1,Mesoplasma coleopterae,324078,PRJNA394317,SAMN07352413,2018,2018-03-14,Illumina HiSeq,Short,Chromosome,OK,Mesoplasma coleopterae,2026-09-29,803948,1,0.2708035843114231,0,0,False,False,False,False,False,Mesoplasma,2016-2019
GCA_003006095.1,Mesoplasma florum,2151,PRJNA394317,SAMN07352436,2018,2018-03-16,Illumina HiSeq; Sanger; PacBio,Hybrid,Chromosome,OK,Mesoplasma florum,2026-09-29,829202,1,0.2695217811823898,0,0,False,False,False,False,False,Mesoplasma,2016-2019
GCA_003013295.1,Williamsoniiplasma luminosum,214888,PRJNA378805,SAMN08574188,2018,2018-03-21,PacBio,Long,Complete Genome,Inconclusive,Williamsoniiplasma luminosum,2026-09-29,1029845,1,0.297011686224626,0,0,False,False,False,False,False,Williamsoniiplasma,2016-2019
GCA_003034265.1,Mycoplasma leachii 06049,1188244,PRJNA164787,SAMN03452323,2018,2018-04-05,454; Illumina,Short,Contig,OK,Mycoplasma leachii,2026-09-29,1008443,20,0.2364208983551871,0,2,False,False,False,False,False,Mycoplasma,2016-2019
GCA_003034275.1,Mycoplasma mycoides subsp. mycoides B345/93,1188251,PRJNA164803,SAMN03452324,2018,2018-04-05,454; Illumina,Short,Contig,OK,Mycoplasma mycoides,2026-09-29,957755,95,0.2361355461469791,0,1,False,False,False,False,False,Mycoplasma,2016-2019
GCA_003034305.1,Mycoplasma mycoides subsp. mycoides KH3J,1188258,PRJNA164827,SAMN03452328,2018,2018-04-05,454; Illumina,Short,Contig,OK,Mycoplasma mycoides,2026-09-29,955365,171,0.236533680844494,0,1,False,False,False,False,False,Mycoplasma,2016-2019
GCA_003034315.1,Mycoplasma mycoides subsp. mycoides C425/93,1188255,PRJNA164815,SAMN03452326,2018,2018-04-05,454; Illumina,Short,Contig,OK,Mycoplasma mycoides,2026-09-29,967929,101,0.2365028839925242,0,1,False,False,False,False,False,Mycoplasma,2016-2019
GCA_003034345.1,Mycoplasma mycoides subsp. mycoides str. Gemu Goffa,1188259,PRJNA164831,SAMN03452330,2018,2018-04-05,454; Illumina,Short,Contig,OK,Mycoplasma mycoides,2026-09-29,966773,119,0.2364722639130385,0,1,False,False,False,False,False,Mycoplasma,2016-2019
GCA_003034355.1,Mycoplasma mycoides subsp. mycoides PO-67,1188248,PRJNA164795,SAMN03454261,2018,2018-04-05,454; Illumina,Short,Contig,OK,Mycoplasma mycoides,2026-09-29,967051,102,0.2361540394456962,0,1,False,False,False,False,False,Mycoplasma,2016-2019
GCA_003124105.1,Spiroplasma poulsonii,2138,PRJNA416288,SAMN07947877,2018,2018-05-15,PacBio,Long,Contig,Inconclusive,Spiroplasma phoeniceum,2026-09-29,1938840,2,0.2635880217036991,0,0,False,False,False,False,False,Spiroplasma,2016-2019
GCA_003124115.1,Spiroplasma poulsonii,2138,PRJNA416288,SAMN07947876,2018,2018-05-15,PacBio,Long,Contig,Inconclusive,Spiroplasma phoeniceum,2026-09-29,2130963,5,0.2621960118500415,0,0,False,False,False,False,False,Spiroplasma,2016-2019
GCA_003181115.1,'Brassica napus' phytoplasma,469009,PRJNA464391,SAMN09083457,2018,2018-05-31,Illumina MiSeq; Oxford nanopore MinIon,Hybrid,Contig,Inconclusive,Candidatus Phytoplasma stylosanthis,2026-09-29,743598,5,0.2723312865284737,0,0,False,False,False,False,False,Brassica,2016-2019
GCA_003249785.1,Acholeplasmatales bacterium,2053494,PRJNA385762,SAMN09288117,2018,2018-06-19,Illumina HiSeq,Short,Contig,Inconclusive,Haploplasma axanthum,2026-09-29,1469955,162,0.3739910405420574,0,0,False,False,False,False,False,Acholeplasmatales,2016-2019
GCA_003263355.1,Candidatus Phytoplasma oryzae,203274,PRJNA243293,SAMN02714138,2018,2018-06-25,Illumina,Short,Contig,Inconclusive,Candidatus Phytoplasma citri,2026-09-29,484488,9,0.2036975115998745,0,0,False,False,False,False,False,Phytoplasma,2016-2019
GCA_003265155.1,Mycoplasma wenyonii,65123,PRJNA475119,SAMN09379922,2018,2018-06-26,Illumina HiSeq,Short,Contig,Inconclusive,Mycoplasma wenyonii,2026-09-29,596665,37,0.3342528889745502,0,0,False,False,False,False,False,Mycoplasma,2016-2019
GCA_003339775.1,Spiroplasma phoeniceum P40,1276259,PRJNA435429,SAMN08579949,2018,2018-07-25,PacBio,Long,Complete Genome,OK,Spiroplasma citri,2026-09-29,1908276,4,0.2540733101501041,0,0,False,False,False,False,False,Spiroplasma,2016-2019
GCA_003363775.1,Spiroplasma alleghenense,216931,PRJNA205100,SAMN09726146,2018,2018-08-07,Illumina MiSeq,Short,Complete Genome,OK,Spiroplasma sabaudiense,2026-09-29,1336077,1,0.294911895047965,0,0,False,False,False,False,False,Spiroplasma,2016-2019
GCA_003385765.1,Acholeplasma laidlawii,2148,PRJNA439852,SAMN08769264,2018,2018-08-14,Illumina HiSeq,Short,Scaffold,OK,Acholeplasma laidlawii,2026-09-29,1491638,3,0.318567239504491,0,1,False,False,False,False,False,Acholeplasma,2016-2019
GCA_003476205.1,Acholeplasmatales bacterium,2053494,PRJNA417962,SAMN08018110,2018,2018-09-06,Illumina HiSeq 2000,Short,Scaffold,Inconclusive,na,2026-09-29,1661365,5,0.2852010244588034,0,0,False,False,False,False,False,Acholeplasmatales,2016-2019
GCA_003477305.1,Acholeplasmatales bacterium,2053494,PRJNA417962,SAMN08018072,2018,2018-09-06,Illumina HiSeq 2000,Short,Scaffold,Inconclusive,Conexibacter arvalis,2026-09-29,1817589,71,0.5761583064158069,0,0,False,False,False,False,False,Acholeplasmatales,2016-2019
GCA_003487205.1,Acholeplasmataceae bacterium,1898209,PRJNA417962,SAMN08018367,2018,2018-09-06,Illumina HiSeq 2000,Short,Contig,Inconclusive,Acholeplasma laidlawii,2026-09-29,2196065,18,0.3464838244769622,0,0,False,False,False,False,False,Acholeplasmataceae,2016-2019
GCA_003497445.1,Acholeplasmataceae bacterium,1898209,PRJNA417962,SAMN08018608,2018,2018-09-07,Illumina Genome Analyzer IIx,Short,Scaffold,Inconclusive,Candidatus Phytoplasma stylosanthis,2026-09-29,723347,112,0.3289569183255063,0,0,False,False,False,False,False,Acholeplasmataceae,2016-2019
GCA_003499865.1,Acholeplasmataceae bacterium,1898209,PRJNA417962,SAMN08018709,2018,2018-09-07,Illumina HiSeq 2000,Short,Scaffold,Inconclusive,Acholeplasma equirhinis,2026-09-29,1563738,180,0.3779252023037107,0,0,False,False,False,False,False,Acholeplasmataceae,2016-2019
GCA_003509585.1,Acholeplasmataceae bacterium,1898209,PRJNA417962,SAMN08019209,2018,2018-09-07,Illumina MiSeq,Short,Contig,Inconclusive,Acholeplasma brassicae,2026-09-29,900410,160,0.3537221932230872,0,0,False,False,False,False,False,Acholeplasmataceae,2016-2019
GCA_003511045.1,Acholeplasmataceae bacterium,1898209,PRJNA417962,SAMN08019177,2018,2018-09-07,Illumina HiSeq 2000,Short,Contig,Inconclusive,Acholeplasma laidlawii,2026-09-29,2126623,11,0.3463025651467138,0,0,False,False,False,False,False,Acholeplasmataceae,2016-2019
GCA_003512145.1,Acholeplasmataceae bacterium,1898209,PRJNA417962,SAMN08019407,2018,2018-09-07,Illumina HiSeq 2000,Short,Scaffold,Inconclusive,Peloplasma aerotolerans,2026-09-29,1436224,247,0.3821089189430061,0,0,False,False,False,False,False,Acholeplasmataceae,2016-2019
GCA_003518475.1,Acholeplasmataceae bacterium,1898209,PRJNA417962,SAMN08019459,2018,2018-09-10,Illumina HiSeq 2000,Short,Scaffold,Inconclusive,Paracholeplasma morum,2026-09-29,1730351,159,0.3781747171527626,0,0,False,False,False,False,False,Acholeplasmataceae,2016-2019
GCA_003518985.1,Acholeplasmataceae bacterium,1898209,PRJNA417962,SAMN08019435,2018,2018-09-10,Illumina HiSeq 2000,Short,Contig,Inconclusive,Paracholeplasma morum,2026-09-29,1747854,10,0.3449327003285171,0,0,False,False,False,False,False,Acholeplasmataceae,2016-2019
GCA_003524005.1,Acholeplasmataceae bacterium,1898209,PRJNA417962,SAMN08018310,2018,2018-09-07,Illumina HiSeq 2000,Short,Contig,Inconclusive,Acholeplasma laidlawii,2026-09-29,2119951,16,0.3465216884729883,0,0,False,False,False,False,False,Acholeplasmataceae,2016-2019
GCA_003524985.1,Acholeplasmatales bacterium,2053494,PRJNA417962,SAMN08020431,2018,2018-09-10,Illumina HiSeq 2000,Short,Scaffold,Inconclusive,Clostridium moniliforme,2026-09-29,1667864,65,0.2976423737187205,0,0,False,False,False,False,False,Acholeplasmatales,2016-2019
GCA_003531975.1,Acholeplasmatales bacterium,2053494,PRJNA417962,SAMN08019060,2018,2018-09-07,Illumina HiSeq 2000,Short,Scaffold,Inconclusive,na,2026-09-29,1077344,197,0.4600044182730864,0,0,False,False,False,False,False,Acholeplasmatales,2016-2019
GCA_003537675.1,Acholeplasmataceae bacterium,1898209,PRJNA417962,SAMN08020053,2018,2018-09-10,Illumina HiSeq 2000,Short,Scaffold,Inconclusive,Paracholeplasma morum,2026-09-29,1760309,217,0.3473077738056216,0,0,False,False,False,False,False,Acholeplasmataceae,2016-2019
GCA_003539625.1,Acholeplasmatales bacterium,2053494,PRJNA417962,SAMN08019988,2018,2018-09-10,Illumina HiSeq 2000,Short,Scaffold,Inconclusive,Thomasclavelia spiroformis,2026-09-29,1420004,31,0.296670995292971,0,0,False,False,True,False,False,Acholeplasmatales,2016-2019
GCA_003546845.1,endosymbiont GvMRE of Glomus versiforme,2039283,PRJNA407498,SAMN07679736,2018,2018-09-11,Illumina HiSeq,Short,Scaffold,Inconclusive,Marinitoga hydrogenitolerans,2026-09-29,2487246,9,0.3141965048893435,0,0,False,False,False,False,False,endosymbiont,2016-2019
GCA_003550015.1,Anaeroplasma bactoclasticum,2088,PRJNA245591,SAMN02745153,2018,2018-09-12,Illumina HiSeq,Short,Scaffold,OK,na,2026-09-29,2199979,58,0.3094702267612554,0,0,False,False,False,False,False,Anaeroplasma,2016-2019
GCA_003550405.1,Mollicutes bacterium,37628,PRJNA434545,SAMN08575303,2018,2018-09-12,Illumina HiSeq,Short,Contig,Inconclusive,Staphylococcus capitis,2026-09-29,1430884,119,0.5416302090176423,0,2,False,False,False,False,False,Mollicutes,2016-2019
GCA_003551005.1,Mollicutes bacterium,37628,PRJNA434545,SAMN08575263,2018,2018-09-12,Illumina HiSeq,Short,Contig,Inconclusive,Streptomyces massasporeus,2026-09-29,1352745,65,0.56358515463003,0,9,False,False,False,False,False,Mollicutes,2016-2019
GCA_003551405.1,Mollicutes bacterium,37628,PRJNA434545,SAMN08575240,2018,2018-09-12,Illumina HiSeq,Short,Contig,Inconclusive,Natronogracilivirga saccharolytica,2026-09-29,1304272,222,0.4409594011065176,0,22,False,False,False,False,False,Mollicutes,2016-2019
GCA_003551455.1,Mollicutes bacterium,37628,PRJNA434545,SAMN08575237,2018,2018-09-12,Illumina HiSeq,Short,Contig,Inconclusive,Rhodoplanes roseus,2026-09-29,1052693,96,0.5501309498590757,0,7,False,False,False,False,False,Mollicutes,2016-2019
GCA_003552275.1,Mollicutes bacterium,37628,PRJNA434545,SAMN08575295,2018,2018-09-12,Illumina HiSeq,Short,Contig,Inconclusive,na,2026-09-29,1037869,152,0.5527277527317995,0,3,False,False,False,False,False,Mollicutes,2016-2019
GCA_003552925.1,Mollicutes bacterium,37628,PRJNA434545,SAMN08575179,2018,2018-09-12,Illumina HiSeq,Short,Contig,Inconclusive,Halorubrum glutamatedens,2026-09-29,1278220,76,0.4998677848883603,0,7,False,False,False,False,False,Mollicutes,2016-2019
GCA_003553385.1,Mollicutes bacterium,37628,PRJNA434545,SAMN08575153,2018,2018-09-12,Illumina HiSeq,Short,Contig,Inconclusive,na,2026-09-29,1235831,198,0.5453698766255256,0,0,False,False,False,False,False,Mollicutes,2016-2019
GCA_003553945.1,Mollicutes bacterium,37628,PRJNA434545,SAMN08575148,2018,2018-09-12,Illumina HiSeq,Short,Contig,Inconclusive,Agromyces intestinalis,2026-09-29,1170570,48,0.5296300093117029,0,7,False,False,False,False,False,Mollicutes,2016-2019
GCA_003554025.1,Mollicutes bacterium,37628,PRJNA434545,SAMN08575131,2018,2018-09-12,Illumina HiSeq,Short,Contig,Inconclusive,Geobacillus stearothermophilus,2026-09-29,1506979,85,0.4856928995029128,0,7,False,False,False,False,False,Mollicutes,2016-2019
GCA_003554175.1,Mollicutes bacterium,37628,PRJNA434545,SAMN08575114,2018,2018-09-12,Illumina HiSeq,Short,Contig,Inconclusive,Agromyces tropicus,2026-09-29,1460022,84,0.5568614719504227,0,18,False,False,False,False,False,Mollicutes,2016-2019
GCA_003554485.1,Mollicutes bacterium,37628,PRJNA434545,SAMN08575095,2018,2018-09-12,Illumina HiSeq,Short,Contig,Inconclusive,na,2026-09-29,1403111,182,0.4237334038433167,0,4,False,False,False,False,False,Mollicutes,2016-2019
GCA_003554735.1,Mollicutes bacterium,37628,PRJNA434545,SAMN08575077,2018,2018-09-12,Illumina HiSeq,Short,Contig,Inconclusive,na,2026-09-29,1293039,122,0.4899279913444219,0,1,False,False,False,False,False,Mollicutes,2016-2019
GCA_003555335.1,Mollicutes bacterium,37628,PRJNA434545,SAMN08575078,2018,2018-09-12,Illumina HiSeq,Short,Contig,Inconclusive,na,2026-09-29,1009855,72,0.4958721796693585,0,5,False,False,False,False,False,Mollicutes,2016-2019
GCA_003556785.1,Mollicutes bacterium,37628,PRJNA434545,SAMN08574630,2018,2018-09-13,Illumina HiSeq,Short,Contig,Inconclusive,Lederbergia galactosidilytica,2026-09-29,1325416,246,0.411755252690476,0,1,False,False,False,False,False,Mollicutes,2016-2019
GCA_003557505.1,Mollicutes bacterium,37628,PRJNA434545,SAMN08574576,2018,2018-09-13,Illumina HiSeq,Short,Contig,Inconclusive,Acholeplasma laidlawii,2026-09-29,1530730,148,0.3826964912166091,0,0,False,False,False,False,False,Mollicutes,2016-2019
GCA_003558005.1,Mollicutes bacterium,37628,PRJNA434545,SAMN08574543,2018,2018-09-13,Illumina HiSeq,Short,Contig,Inconclusive,na,2026-09-29,1541797,77,0.5093335893116928,0,3,False,False,False,False,False,Mollicutes,2016-2019
GCA_003558105.1,Mollicutes bacterium,37628,PRJNA434545,SAMN08574535,2018,2018-09-13,Illumina HiSeq,Short,Contig,Inconclusive,Staphylococcus shinii,2026-09-29,1559751,123,0.4069373893653538,0,1,False,False,False,False,False,Mollicutes,2016-2019
GCA_003558515.1,Mollicutes bacterium,37628,PRJNA434545,SAMN08574639,2018,2018-09-13,Illumina HiSeq,Short,Contig,Inconclusive,Alteribacillus bidgolensis,2026-09-29,1081184,284,0.40957228371859,0,19,False,False,False,False,False,Mollicutes,2016-2019
GCA_003558795.1,Mollicutes bacterium,37628,PRJNA434545,SAMN08574591,2018,2018-09-13,Illumina HiSeq,Short,Contig,Inconclusive,na,2026-09-29,715709,180,0.537342690954005,0,4,False,False,False,False,False,Mollicutes,2016-2019
GCA_003559235.1,Mollicutes bacterium,37628,PRJNA434545,SAMN08574521,2018,2018-09-13,Illumina HiSeq,Short,Contig,Inconclusive,Vagococcus fessus,2026-09-29,1705675,261,0.4179905316077212,0,12,False,False,False,False,False,Mollicutes,2016-2019
GCA_003559495.1,Mollicutes bacterium,37628,PRJNA434545,SAMN08574495,2018,2018-09-13,Illumina HiSeq,Short,Contig,Inconclusive,Candidatus Hepatoplasma vulgare,2026-09-29,566800,40,0.3160426958362738,0,1,False,False,False,False,False,Mollicutes,2016-2019
GCA_003559585.1,Mollicutes bacterium,37628,PRJNA434545,SAMN08574488,2018,2018-09-13,Illumina HiSeq,Short,Contig,Inconclusive,Candidatus Xianfuyuplasma coldseepsis,2026-09-29,1515385,218,0.3964926404841014,0,6,False,False,False,False,False,Mollicutes,2016-2019
GCA_003560395.1,Mollicutes bacterium,37628,PRJNA434545,SAMN08574427,2018,2018-09-13,Illumina HiSeq,Short,Contig,Inconclusive,na,2026-09-29,1494126,195,0.5075709812960888,0,15,False,False,False,False,False,Mollicutes,2016-2019
GCA_003560455.1,Mollicutes bacterium,37628,PRJNA434545,SAMN08574424,2018,2018-09-13,Illumina HiSeq,Short,Contig,Inconclusive,na,2026-09-29,1115434,172,0.3295981653777812,0,19,False,False,False,False,False,Mollicutes,2016-2019
GCA_003560995.1,Mollicutes bacterium,37628,PRJNA434545,SAMN08574435,2018,2018-09-13,Illumina HiSeq,Short,Contig,Inconclusive,Paracerasibacillus soli,2026-09-29,1464396,149,0.4674179661785473,0,3,False,False,False,False,False,Mollicutes,2016-2019
GCA_003566505.1,Mollicutes bacterium,37628,PRJNA434545,SAMN08574961,2018,2018-09-13,Illumina HiSeq,Short,Contig,Inconclusive,na,2026-09-29,560124,94,0.3183759310438402,0,0,False,False,False,False,False,Mollicutes,2016-2019
GCA_003566975.1,Mollicutes bacterium,37628,PRJNA434545,SAMN08574918,2018,2018-09-13,Illumina HiSeq,Short,Contig,Inconclusive,Candidatus Xianfuyuplasma coldseepsis,2026-09-29,891311,207,0.4047117111760093,0,1,False,False,False,False,False,Mollicutes,2016-2019
GCA_003568115.1,Mollicutes bacterium,37628,PRJNA434545,SAMN08574824,2018,2018-09-13,Illumina HiSeq,Short,Contig,Inconclusive,Conexibacter woesei,2026-09-29,1290954,187,0.5114171380235082,0,9,False,False,False,False,False,Mollicutes,2016-2019
GCA_003568315.1,Mollicutes bacterium,37628,PRJNA434545,SAMN08574842,2018,2018-09-13,Illumina HiSeq,Short,Contig,Inconclusive,Nocardioides aromaticivorans,2026-09-29,1408911,83,0.5446539916289957,0,0,False,False,False,False,False,Mollicutes,2016-2019
GCA_003568345.1,Mollicutes bacterium,37628,PRJNA434545,SAMN08574830,2018,2018-09-13,Illumina HiSeq,Short,Contig,Inconclusive,Thioalkalivibrio versutus,2026-09-29,1060226,265,0.4623165249673183,0,9,False,False,False,False,False,Mollicutes,2016-2019
GCA_003586005.1,Haloplasmatales bacterium 4B,1274318,PRJNA382612,SAMN06711112,2018,2018-09-20,Illumina NextSeq 500,Short,Contig,Inconclusive,Marinitoga hydrogenitolerans,2026-09-29,2259711,77,0.2864569849861332,0,1,False,False,False,False,False,Haloplasmatales,2016-2019
GCA_003605085.1,Acholeplasma sp.,33015,PRJNA355136,SAMN08499016,2018,2018-10-01,Illumina HiSeq,Short,Contig,Inconclusive,Acholeplasma equifetale,2026-09-29,1721296,46,0.3780558369972392,0,0,False,False,False,False,False,Acholeplasma,2016-2019
GCA_003640545.1,Candidatus Phytoplasma ziziphi,135727,PRJNA420423,SAMN08111979,2018,2018-10-12,Illumina HiSeq 4000; PacBio RSII,Hybrid,Complete Genome,Inconclusive,Candidatus Phytoplasma stylosanthis,2026-09-29,750803,1,0.2321927323146018,0,0,False,False,False,False,False,Phytoplasma,2016-2019
GCA_003698095.1,Candidatus Phytoplasma solani,69896,PRJNA323760,SAMN05188712,2018,2018-10-30,Illumina MiSeq,Short,Contig,Inconclusive,Candidatus Phytoplasma stylosanthis,2026-09-29,821322,19,0.2833955501009348,0,0,False,False,False,False,False,Phytoplasma,2016-2019
GCA_003813745.1,Mycoplasma mycoides subsp. capri str. G1201,1176433,PRJNA74009,SAMN08454472,2018,2018-11-20,Illumina HiSeq,Short,Scaffold,Inconclusive,Mesomycoplasma ovipneumoniae,2026-09-29,1021297,92,0.2920208323337873,0,0,False,False,False,False,False,Mycoplasma,2016-2019
GCA_003855455.1,Mycoplasma struthionis,538220,PRJNA505199,SAMN10411876,2018,2018-12-02,PacBio RSII,Long,Complete Genome,OK,[Mycoplasma] anseris,2026-09-29,737591,1,0.2623567803837086,0,0,False,False,False,False,False,Mycoplasma,2016-2019
GCA_003987485.1,Spiroplasma endosymbiont of Megaselia nigra,2478537,PRJNA495838,SAMN10232686,2018,2018-12-31,Illumina HiSeq,Short,Contig,Inconclusive,Spiroplasma phoeniceum,2026-09-29,1397726,329,0.2639573135221066,0,0,False,False,False,False,False,Spiroplasma,2016-2019
GCA_003989055.1,Spiroplasma poulsonii,2138,PRJNA492288,SAMN10096205,2019,2019-01-04,Illumina HiSeq; PacBio RSII,Hybrid,Contig,Inconclusive,Spiroplasma citri,2026-09-29,1772183,181,0.2636228877040351,0,0,False,False,False,False,False,Spiroplasma,2016-2019
GCA_004011945.1,Mycoplasma sp. ATU-Cv-508,2048001,PRJNA414892,SAMN07809904,2019,2019-01-11,PacBio,Long,Contig,Inconclusive,Mycoplasma procyoni,2026-09-29,683827,1,0.4271840684851578,0,0,False,False,False,False,False,Mycoplasma,2016-2019
GCA_004011965.1,Mycoplasma sp. ATU-Cv-703,2498595,PRJNA414892,SAMN07809902,2019,2019-01-11,Illumina MiSeq,Short,Scaffold,Inconclusive,Mesomycoplasma lagogenitalium,2026-09-29,640251,1,0.4267545072167009,0,0,False,False,False,False,False,Mycoplasma,2016-2019
GCA_004195325.1,Candidatus Izemoplasma acidinucleici,2975564,PRJNA510104,SAMN10805732,2019,2019-02-15,Illumina HiSeq 2500,Short,Contig,OK,Clostridium grantii,2026-09-29,1925284,191,0.3207859204148582,107,0,True,False,False,False,True,Izemoplasma,2016-2019
GCA_004214875.1,'Catharanthus roseus' aster yellows phytoplasma,1193712,PRJNA522055,SAMN10923938,2019,2019-02-20,Illumina HiScan SQ,Short,Complete Genome,Inconclusive,Candidatus Phytoplasma vignae,2026-09-29,603949,2,0.2841994936658559,0,0,False,False,False,False,False,Catharanthus,2016-2019
GCA_004335975.1,Mycoplasma marinum,1937190,PRJNA432938,SAMN08466820,2019,2019-03-08,Illumina HiSeq,Short,Contig,OK,Mycoplasma marinum,2026-09-29,1171149,128,0.2841141477301351,0,0,False,False,False,False,False,Mycoplasma,2016-2019
GCA_004335995.1,Mycoplasma todarodis,1937191,PRJNA432939,SAMN08466821,2019,2019-03-08,Illumina HiSeq,Short,Contig,OK,Mycoplasma marinum,2026-09-29,1007879,84,0.3094994538034823,0,1,False,False,False,False,False,Mycoplasma,2016-2019
GCA_004362335.1,Mycoplasma testudineum,244584,PRJNA245595,SAMN02745156,2019,2019-03-22,Illumina HiSeq,Short,Contig,OK,Mycoplasma testudineum,2026-09-29,954967,17,0.275514232428974,0,0,False,False,False,False,False,Mycoplasma,2016-2019
GCA_004365505.1,Entomoplasma freundtii,74700,PRJNA257864,SAMN02982991,2019,2019-03-22,Illumina HiSeq,Short,Contig,OK,Entomoplasma freundtii,2026-09-29,829337,6,0.3452263675683106,0,0,False,False,False,False,False,Entomoplasma,2016-2019
GCA_004379335.1,Spiroplasma gladiatoris,2143,PRJNA253648,SAMN11157588,2019,2019-03-26,Illumina MiSeq,Short,Complete Genome,OK,Spiroplasma tabanidicola,2026-09-29,1164642,1,0.2502073598582225,0,0,False,False,False,False,False,Spiroplasma,2016-2019
GCA_004551725.1,Mollicutes bacterium,37628,PRJNA494875,SAMN10183326,2019,2019-04-01,Illumina HiSeq,Short,Contig,Inconclusive,Clostridium tarantellae,2026-09-29,1819014,86,0.2799709073157216,0,0,False,False,False,False,False,Mollicutes,2016-2019
GCA_004552445.1,Mollicutes bacterium,37628,PRJNA494875,SAMN10183325,2019,2019-04-01,Illumina HiSeq,Short,Contig,Inconclusive,Lactobacillus amylovorus,2026-09-29,1360808,58,0.2589535040946261,0,0,False,False,False,False,False,Mollicutes,2016-2019
GCA_004553735.1,Mollicutes bacterium,37628,PRJNA494875,SAMN10183324,2019,2019-04-01,Illumina HiSeq,Short,Contig,Inconclusive,Clostridium tepidum,2026-09-29,1225164,59,0.2841537949205168,0,0,False,False,False,False,False,Mollicutes,2016-2019
GCA_004555315.1,Mollicutes bacterium,37628,PRJNA494875,SAMN10183323,2019,2019-04-01,Illumina HiSeq,Short,Contig,Inconclusive,na,2026-09-29,1616339,112,0.2865209587840174,0,0,False,False,False,False,False,Mollicutes,2016-2019
GCA_004558005.1,Mollicutes bacterium,37628,PRJNA494875,SAMN10183328,2019,2019-04-01,Illumina HiSeq,Short,Contig,Inconclusive,Clostridium tarantellae,2026-09-29,1336820,51,0.2698560763603178,0,0,False,False,False,False,False,Mollicutes,2016-2019
GCA_004558715.1,Mollicutes bacterium,37628,PRJNA494875,SAMN10183327,2019,2019-04-01,Illumina HiSeq,Short,Contig,Inconclusive,[Clostridium] colinum,2026-09-29,1431294,59,0.2641693460602783,0,0,False,False,False,False,False,Mollicutes,2016-2019
GCA_005093185.1,Periwinkle leaf yellowing phytoplasma,619518,PRJNA530090,SAMN11334315,2019,2019-05-02,Illumina MiSeq,Short,Contig,Inconclusive,Candidatus Phytoplasma vignae,2026-09-29,824596,8,0.2763814037419536,0,0,False,False,False,False,False,Periwinkle,2016-2019
GCA_005222125.1,Spiroplasma melliferum,2134,PRJNA435428,SAMN08579952,2019,2019-05-07,PacBio,Long,Complete Genome,Inconclusive,Spiroplasma citri,2026-09-29,1412375,3,0.2704749092840074,0,0,False,False,False,False,False,Spiroplasma,2016-2019
GCA_005774685.2,Texas Phoenix palm phytoplasma,176709,PRJNA542577,SAMN11633708,2021,2021-04-12,Illumina MiSeq,Short,Contig,Inconclusive,Candidatus Phytoplasma australasiaticum,2026-09-29,486105,18,0.2135773135433702,0,0,False,False,False,False,False,Texas,2020-2022
GCA_005795965.1,Spiroplasma sp. WSS,2575700,PRJNA540284,SAMN11527888,2019,2019-05-22,Illumina MiSeq,Short,Contig,Inconclusive,Spiroplasma platyhelix,2026-09-29,712356,145,0.2452130676234916,21,0,True,False,False,False,True,Spiroplasma,2016-2019
GCA_006228185.1,Mycoplasma nasistruthionis,353852,PRJNA545729,SAMN11916152,2019,2019-06-11,PacBio RSII,Long,Complete Genome,OK,Mycoplasmopsis canis,2026-09-29,803230,1,0.2901472803555644,0,0,False,False,False,False,False,Mycoplasma,2016-2019
GCA_006265075.1,Mycoplasma mycoides subsp. mycoides,2103,PRJNA543735,SAMN11775870,2019,2019-06-11,Illumina NextSeq,Short,Contig,OK,Mycoplasma mycoides,2026-09-29,1203001,3,0.239642361062044,0,0,False,False,False,False,False,Mycoplasma,2016-2019
GCA_006265105.1,Mycoplasma mycoides subsp. mycoides,2103,PRJNA543735,SAMN11775871,2019,2019-06-11,Illumina NextSeq,Short,Contig,OK,Mycoplasma mycoides,2026-09-29,1203800,2,0.2395215152018607,0,0,False,False,False,False,False,Mycoplasma,2016-2019
GCA_006439365.1,Mycoplasma struthionis,538220,PRJNA549053,SAMN12070222,2019,2019-06-24,454,Short,Contig,OK,Mycoplasma struthionis,2026-09-29,674949,29,0.2581528382144428,0,0,False,False,False,False,False,Mycoplasma,2016-2019
GCA_006494695.1,Mycoplasma nasistruthionis,353852,PRJNA548662,SAMN12045895,2019,2019-06-27,454,Short,Chromosome,OK,Mycoplasma nasistruthionis,2026-09-29,805093,1,0.2748986763019924,0,0,False,False,False,False,False,Mycoplasma,2016-2019
GCA_006969105.1,Mycoplasma capricolum subsp. capripneumoniae,40480,PRJNA477945,SAMN09488308,2019,2019-07-15,Illumina HiSeq,Short,Complete Genome,OK,Mycoplasma capricolum,2026-09-29,1017178,1,0.2366085385252138,0,0,False,False,False,False,False,Mycoplasma,2016-2019
GCA_006970065.1,Mycoplasma capricolum subsp. capripneumoniae,40480,PRJNA477939,SAMN09488261,2019,2019-07-15,Illumina HiSeq,Short,Complete Genome,OK,Mycoplasma capricolum,2026-09-29,1017184,1,0.2366071428571428,0,0,False,False,False,False,False,Mycoplasma,2016-2019
GCA_006970285.1,Mycoplasma capricolum subsp. capripneumoniae,40480,PRJNA477944,SAMN09488307,2019,2019-07-15,Illumina HiSeq,Short,Complete Genome,OK,Mycoplasma capricolum,2026-09-29,1017180,1,0.2366169212922,0,0,False,False,False,False,False,Mycoplasma,2016-2019
GCA_007116105.1,Candidatus Izemoplasma sp.,2979197,PRJNA453733,SAMN10605153,2019,2019-07-18,Illumina HiSeq,Short,Contig,Inconclusive,Acholeplasma brassicae,2026-09-29,1080151,183,0.4567620638225581,0,0,False,False,False,False,False,Izemoplasma,2016-2019
GCA_007116205.1,Candidatus Izemoplasma sp.,2979197,PRJNA453733,SAMN10605151,2019,2019-07-18,Illumina HiSeq,Short,Contig,Inconclusive,Faecalibacillus intestinalis,2026-09-29,1200942,142,0.3693125896171505,0,0,False,False,False,False,False,Izemoplasma,2016-2019
GCA_007116245.1,Candidatus Izemoplasma sp.,2979197,PRJNA453733,SAMN10605149,2019,2019-07-18,Illumina HiSeq,Short,Contig,Inconclusive,Candidatus Izemoplasma acidinucleici,2026-09-29,1287536,125,0.3633948875992593,0,0,False,False,False,False,False,Izemoplasma,2016-2019
GCA_007116395.1,Candidatus Izemoplasma sp.,2979197,PRJNA453733,SAMN10605141,2019,2019-07-18,Illumina HiSeq,Short,Contig,Inconclusive,na,2026-09-29,927283,103,0.5194013046718208,0,0,False,False,False,False,False,Izemoplasma,2016-2019
GCA_007117555.1,Candidatus Izemoplasma sp.,2979197,PRJNA453733,SAMN10605083,2019,2019-07-18,Illumina HiSeq,Short,Contig,Inconclusive,na,2026-09-29,917143,143,0.4323764124024279,0,0,False,False,False,False,False,Izemoplasma,2016-2019
GCA_007117565.1,Candidatus Izemoplasma sp.,2979197,PRJNA453733,SAMN10605081,2019,2019-07-18,Illumina HiSeq,Short,Contig,Inconclusive,na,2026-09-29,531078,102,0.437747374208685,0,0,False,False,False,False,False,Izemoplasma,2016-2019
GCA_007117625.1,Candidatus Izemoplasma sp.,2979197,PRJNA453733,SAMN10605079,2019,2019-07-18,Illumina HiSeq,Short,Contig,Inconclusive,Malaciobacter marinus,2026-09-29,1423868,111,0.3788117999702219,0,0,False,False,False,False,False,Izemoplasma,2016-2019
GCA_007117835.1,Candidatus Izemoplasma sp.,2979197,PRJNA453733,SAMN10605069,2019,2019-07-18,Illumina HiSeq,Short,Contig,Inconclusive,na,2026-09-29,1363037,95,0.3756310356945556,0,0,False,False,False,False,False,Izemoplasma,2016-2019
GCA_007117885.1,Candidatus Izemoplasma sp.,2979197,PRJNA453733,SAMN10605067,2019,2019-07-18,Illumina HiSeq,Short,Contig,Inconclusive,Candidatus Xianfuyuplasma coldseepsis,2026-09-29,1748541,167,0.3996469056201713,0,1,False,False,False,False,False,Izemoplasma,2016-2019
GCA_007123535.1,Candidatus Izemoplasma sp.,2979197,PRJNA453733,SAMN10606003,2019,2019-07-18,Illumina HiSeq,Short,Contig,Inconclusive,Nitrincola schmidtii,2026-09-29,896746,168,0.4398402669206219,0,0,False,False,False,False,False,Izemoplasma,2016-2019
GCA_007123975.1,Candidatus Izemoplasma sp.,2979197,PRJNA453733,SAMN10607248,2019,2019-07-18,Illumina HiSeq,Short,Contig,Inconclusive,Liberiplasma polymorphum,2026-09-29,1206239,133,0.5174380864820322,0,0,False,False,False,False,False,Izemoplasma,2016-2019
GCA_007124145.1,Candidatus Izemoplasma sp.,2979197,PRJNA453733,SAMN10607241,2019,2019-07-18,Illumina HiSeq,Short,Contig,Inconclusive,Candidatus Izemoplasma acidinucleici,2026-09-29,1227225,217,0.3663533581861516,0,0,False,False,False,False,False,Izemoplasma,2016-2019
GCA_007124305.1,Candidatus Izemoplasma sp.,2979197,PRJNA453733,SAMN10607231,2019,2019-07-18,Illumina HiSeq,Short,Contig,Inconclusive,Candidatus Xianfuyuplasma coldseepsis,2026-09-29,1118973,176,0.5144806889889211,0,0,False,False,False,False,False,Izemoplasma,2016-2019
GCA_007125535.1,Candidatus Izemoplasma sp.,2979197,PRJNA453733,SAMN10607170,2019,2019-07-18,Illumina HiSeq,Short,Contig,Inconclusive,Candidatus Halarchaeoplasma halalkaliphilum,2026-09-29,1395145,109,0.4697074497632862,0,0,False,False,False,False,False,Izemoplasma,2016-2019
GCA_007131405.1,Candidatus Izemoplasma sp.,2979197,PRJNA453733,SAMN10610618,2019,2019-07-18,Illumina HiSeq,Short,Contig,Inconclusive,Heyndrickxia shackletonii,2026-09-29,1463162,118,0.3975656830890906,0,0,False,False,False,False,False,Izemoplasma,2016-2019
GCA_007131855.1,Candidatus Izemoplasma sp.,2979197,PRJNA453733,SAMN10610593,2019,2019-07-18,Illumina HiSeq,Short,Contig,Inconclusive,na,2026-09-29,1132400,128,0.5164994701518898,0,0,False,False,False,False,False,Izemoplasma,2016-2019
GCA_007132145.1,Candidatus Izemoplasma sp.,2979197,PRJNA453733,SAMN10610579,2019,2019-07-18,Illumina HiSeq,Short,Contig,Inconclusive,na,2026-09-29,1063139,212,0.5188540727035693,0,31,False,False,False,False,False,Izemoplasma,2016-2019
GCA_007132465.1,Candidatus Izemoplasma sp.,2979197,PRJNA453733,SAMN10610564,2019,2019-07-18,Illumina HiSeq,Short,Contig,Inconclusive,Candidatus Xianfuyuplasma coldseepsis,2026-09-29,1434365,45,0.5111857860446958,0,0,False,False,False,False,False,Izemoplasma,2016-2019
GCA_007133355.1,Candidatus Izemoplasma sp.,2979197,PRJNA453733,SAMN10610519,2019,2019-07-18,Illumina HiSeq,Short,Contig,Inconclusive,Acholeplasma brassicae,2026-09-29,650018,154,0.4055180010399712,0,0,False,False,False,False,False,Izemoplasma,2016-2019
GCA_007135105.1,Candidatus Izemoplasma sp.,2979197,PRJNA453733,SAMN10610430,2019,2019-07-18,Illumina HiSeq,Short,Contig,Inconclusive,Paracerasibacillus soli,2026-09-29,1216948,127,0.4704523118489861,0,0,False,False,False,False,False,Izemoplasma,2016-2019
GCA_007136515.1,Candidatus Izemoplasma sp.,2979197,PRJNA453733,SAMN10610360,2019,2019-07-18,Illumina HiSeq,Short,Contig,Inconclusive,na,2026-09-29,1342857,202,0.3664381240891621,0,0,False,False,False,False,False,Izemoplasma,2016-2019
GCA_007197615.1,Acholeplasma laidlawii,2148,PRJNA554265,SAMN12261611,2019,2019-07-20,Illumina MiSeq,Short,Contig,OK,Acholeplasma laidlawii,2026-09-29,1489849,8,0.3183725330553633,0,2,False,False,False,False,False,Acholeplasma,2016-2019
GCA_007692425.1,Acholeplasmataceae bacterium,1898209,PRJNA377096,SAMN10237378,2019,2019-07-30,Illumina NextSeq,Short,Contig,Inconclusive,Mariniplasma anaerobium,2026-09-29,1453641,29,0.4946895416406114,0,0,False,False,False,False,False,Acholeplasmataceae,2016-2019
GCA_007694145.1,Acholeplasmatales bacterium,2053494,PRJNA377096,SAMN10237377,2019,2019-07-30,Illumina NextSeq,Short,Contig,Inconclusive,Exiguobacterium mexicanum,2026-09-29,1859427,94,0.4897454968654322,0,0,False,False,False,False,False,Acholeplasmatales,2016-2019
GCA_007821455.1,Candidatus Phytoplasma pini,267362,PRJNA474201,SAMN09289773,2019,2019-08-01,Illumina,Short,Contig,Inconclusive,Candidatus Phytoplasma melaleucae,2026-09-29,474136,16,0.2221556684158132,0,0,False,False,False,False,False,Phytoplasma,2016-2019
GCA_007858495.1,Mycoplasma anserisalpingitidis,519450,PRJNA553666,SAMN12242012,2019,2019-08-06,Illumina NextSeq,Short,Complete Genome,Inconclusive,Mycoplasma anserisalpingitidis,2026-09-29,919993,1,0.2668542043254677,0,0,False,False,False,False,False,Mycoplasma,2016-2019
GCA_007858515.1,Mycoplasma anserisalpingitidis,519450,PRJNA554567,SAMN12273890,2019,2019-08-06,Illumina NextSeq; Illumina MiSeq,Short,Complete Genome,OK,Mycoplasma anserisalpingitidis,2026-09-29,908787,1,0.267160511759081,0,0,False,False,False,False,False,Mycoplasma,2016-2019
GCA_007859615.1,Mycoplasma anserisalpingitidis,519450,PRJNA554588,SAMN12274163,2019,2019-08-07,Illumina MiSeq,Short,Complete Genome,OK,Mycoplasmopsis anatis,2026-09-29,959110,1,0.2662155540031904,0,0,False,False,False,False,False,Mycoplasma,2016-2019
GCA_007993715.1,Spiroplasma citri,2133,PRJNA558054,SAMN12423348,2019,2019-08-13,PacBio RSII,Long,Complete Genome,OK,Spiroplasma citri,2026-09-29,1791636,4,0.2564683897845321,0,0,False,False,True,False,False,Spiroplasma,2016-2019
GCA_008086545.1,Spiroplasma chinense,216932,PRJNA253643,SAMN12559111,2019,2019-08-26,Illumina MiSeq,Short,Complete Genome,OK,Spiroplasma culicicola,2026-09-29,1370182,1,0.2785067969072721,0,0,False,False,False,False,False,Spiroplasma,2016-2019
GCA_008326325.1,Candidatus Mycoplasma haematohominis,1494318,PRJDB7871,SAMD00156495,2019,2019-04-09,MiSeq,Short,Contig,Inconclusive,Mycoplasma haemofelis,2026-09-29,967846,23,0.3220078400902623,0,0,False,False,False,False,False,Mycoplasma,2016-2019
GCA_009268075.1,'Cynodon dactylon' phytoplasma,295320,PRJNA564951,SAMN12727363,2019,2019-10-22,Illumina HiSeq; Oxford Nanopore MinION,Hybrid,Scaffold,Inconclusive,Candidatus Phytoplasma australasiaticum,2026-09-29,483935,21,0.2048105634021098,0,0,False,False,False,False,False,Cynodon,2016-2019
GCA_009268105.2,Candidatus Phytoplasma sacchari,2609813,PRJNA565134,SAMN12735220,2025,2025-07-24,Illumina HiSeq; Oxford Nanopore MinION,Hybrid,Complete Genome,Inconclusive,Candidatus Phytoplasma australasiaticum,2026-09-29,565441,2,0.2066846938937926,0,0,False,False,False,False,False,Phytoplasma,2023-2026
GCA_009730595.1,Spiroplasma tabanidicola,324079,PRJNA253652,SAMN13340650,2019,2019-12-05,Illumina MiSeq,Short,Complete Genome,OK,Spiroplasma gladiatoris,2026-09-29,1284335,1,0.250991369074268,0,0,False,False,False,False,False,Spiroplasma,2016-2019
GCA_009792315.1,Mycoplasma sp. NEAQ87857,2683967,PRJNA579329,SAMN13108394,2019,2019-12-23,Illumina MiSeq,Short,Complete Genome,Inconclusive,Mycoplasmopsis canis,2026-09-29,1200019,1,0.2549492966361366,0,0,False,False,False,False,False,Mycoplasma,2016-2019
GCA_009832225.1,Mycoplasma sp. MF12,2283449,PRJNA478906,SAMN09532940,2020,2020-01-06,Illumina MiSeq,Short,Scaffold,Failed,Mesomycoplasma flocculare,2026-09-29,755064,32,0.2894483116662958,0,0,False,False,False,False,False,Mycoplasma,2020-2022
GCA_009866525.1,Spiroplasma poulsonii,2138,PRJNA256019,SAMN11349289,2020,2020-01-14,PacBio,Long,Chromosome,Inconclusive,Spiroplasma phoeniceum,2026-09-29,1966068,2,0.263088560517744,0,0,False,False,False,False,False,Spiroplasma,2020-2022
GCA_009884515.1,Candidatus Mycoplasma liparidae,2698225,PRJNA497967,SAMN10274256,2020,2020-01-15,Illumina MiSeq,Short,Contig,Inconclusive,Malacoplasma iowae,2026-09-29,795917,3,0.2353926351617065,0,0,False,False,False,False,False,Mycoplasma,2020-2022
GCA_010365785.1,Spiroplasma sp. TIUS-1,216963,PRJNA209115,SAMN12905643,2020,2020-02-10,Illumina HiSeq,Short,Complete Genome,Inconclusive,Spiroplasma tabanidicola,2026-09-29,811521,1,0.2823500562523952,0,0,False,False,False,False,False,Spiroplasma,2020-2022
GCA_010365805.1,Spiroplasma sp. BIUS-1,216964,PRJNA209114,SAMN12905642,2020,2020-02-10,Illumina HiSeq,Short,Complete Genome,OK,Spiroplasma monobiae,2026-09-29,915326,1,0.274201759810166,0,0,False,False,False,False,False,Spiroplasma,2020-2022
GCA_010587055.1,Spiroplasma citri,2133,PRJNA591027,SAMN13349064,2020,2020-02-14,PacBio RS,Long,Complete Genome,OK,Spiroplasma citri,2026-09-29,1832173,3,0.2543848206473952,0,0,False,False,True,False,False,Spiroplasma,2020-2022
GCA_010587105.1,Spiroplasma citri,2133,PRJNA591027,SAMN13349063,2020,2020-02-14,PacBio RSII,Long,Complete Genome,OK,Spiroplasma citri,2026-09-29,1830010,3,0.254016098272687,0,0,False,False,True,False,False,Spiroplasma,2020-2022
GCA_010587175.1,Spiroplasma citri,2133,PRJNA591027,SAMN13747535,2020,2020-02-14,PacBio RSII,Long,Complete Genome,OK,Spiroplasma citri,2026-09-29,1611704,2,0.2561090622099343,0,0,False,False,True,False,False,Spiroplasma,2020-2022
GCA_010587255.1,Spiroplasma citri,2133,PRJNA591027,SAMN13350680,2020,2020-02-14,PacBio RSII,Long,Complete Genome,OK,Spiroplasma citri,2026-09-29,1968986,9,0.2535609699611881,0,0,False,False,True,False,False,Spiroplasma,2020-2022
GCA_010587305.1,Spiroplasma citri,2133,PRJNA591027,SAMN13350677,2020,2020-02-14,PacBio RSII,Long,Complete Genome,OK,Spiroplasma citri,2026-09-29,2155613,10,0.2526316180130663,0,0,False,False,True,False,False,Spiroplasma,2020-2022
GCA_011045555.1,Mycoplasma capricolum subsp. capripneumoniae,40480,PRJNA545943,SAMN11937985,2020,2020-03-02,Illumina HiSeq,Short,Complete Genome,OK,Mycoplasma capricolum,2026-09-29,1017343,1,0.2366173453790904,0,0,False,False,False,False,False,Mycoplasma,2020-2022
GCA_011463755.1,Mycoplasma capricolum subsp. capripneumoniae,40480,PRJNA545943,SAMN12034849,2020,2020-03-19,Illumina HiSeq,Short,Complete Genome,OK,Mycoplasma capricolum,2026-09-29,1016734,1,0.2366361309841118,0,0,False,False,False,False,False,Mycoplasma,2020-2022
GCA_011463895.1,Mycoplasma capricolum subsp. capripneumoniae,40480,PRJNA545943,SAMN12034850,2020,2020-03-19,Illumina HiSeq,Short,Complete Genome,OK,Mycoplasma capricolum,2026-09-29,1017268,1,0.2366574000165148,0,0,False,False,False,False,False,Mycoplasma,2020-2022
GCA_011463995.1,Mycoplasma capricolum subsp. capripneumoniae,40480,PRJNA545943,SAMN12034851,2020,2020-03-19,Illumina HiSeq,Short,Complete Genome,OK,Mycoplasma capricolum,2026-09-29,1014572,1,0.2366505284987167,0,0,False,False,False,False,False,Mycoplasma,2020-2022
GCA_011464015.1,Mycoplasma capricolum subsp. capripneumoniae,40480,PRJNA545943,SAMN12034852,2020,2020-03-19,Illumina HiSeq,Short,Complete Genome,OK,Mycoplasma capricolum,2026-09-29,1014563,1,0.2366329148608809,0,0,False,False,False,False,False,Mycoplasma,2020-2022
GCA_011464035.1,Mycoplasma capricolum subsp. capripneumoniae,40480,PRJNA545943,SAMN12034853,2020,2020-03-19,Illumina HiSeq,Short,Complete Genome,OK,Mycoplasma capricolum,2026-09-29,1017158,1,0.2366652968368729,0,0,False,False,False,False,False,Mycoplasma,2020-2022
GCA_011464055.1,Mycoplasma capricolum subsp. capripneumoniae,40480,PRJNA545943,SAMN12034854,2020,2020-03-19,Illumina HiSeq,Short,Complete Genome,OK,Mycoplasma capricolum,2026-09-29,1016689,1,0.2366426704724847,0,0,False,False,False,False,False,Mycoplasma,2020-2022
GCA_011464075.1,Mycoplasma capricolum subsp. capripneumoniae,40480,PRJNA545943,SAMN12034856,2020,2020-03-19,Illumina HiSeq,Short,Complete Genome,OK,Mycoplasma capricolum,2026-09-29,1017263,1,0.2366487329235409,0,0,False,False,False,False,False,Mycoplasma,2020-2022
GCA_011464195.1,Mycoplasma capricolum subsp. capripneumoniae,40480,PRJNA545943,SAMN12034857,2020,2020-03-19,Illumina HiSeq,Short,Complete Genome,OK,Mycoplasma capricolum,2026-09-29,1017273,1,0.2365766121778519,0,0,False,False,False,False,False,Mycoplasma,2020-2022
GCA_011464375.1,Mycoplasma capricolum subsp. capripneumoniae,40480,PRJNA545943,SAMN12034858,2020,2020-03-19,Illumina HiSeq,Short,Complete Genome,OK,Mycoplasma capricolum,2026-09-29,1016757,1,0.2366347121288567,0,0,False,False,False,False,False,Mycoplasma,2020-2022
GCA_011464495.1,Mycoplasma capricolum subsp. capripneumoniae,40480,PRJNA545943,SAMN12034859,2020,2020-03-19,Illumina HiSeq,Short,Complete Genome,OK,Mycoplasma capricolum,2026-09-29,1017304,1,0.2366077396727035,0,0,False,False,False,False,False,Mycoplasma,2020-2022
GCA_011464655.1,Mycoplasma capricolum subsp. capripneumoniae,40480,PRJNA545943,SAMN12034861,2020,2020-03-19,Illumina HiSeq,Short,Complete Genome,OK,Mycoplasma capricolum,2026-09-29,1017297,1,0.236622146728045,0,0,False,False,False,False,False,Mycoplasma,2020-2022
GCA_011464815.1,Mycoplasma capricolum subsp. capripneumoniae,40480,PRJNA545943,SAMN12034862,2020,2020-03-19,Illumina HiSeq,Short,Complete Genome,OK,Mycoplasma capricolum,2026-09-29,1017283,1,0.2366499784229167,0,0,False,False,False,False,False,Mycoplasma,2020-2022
GCA_011464975.1,Mycoplasma capricolum subsp. capripneumoniae,40480,PRJNA545943,SAMN12034864,2020,2020-03-19,Illumina HiSeq,Short,Complete Genome,OK,Mycoplasma capricolum,2026-09-29,1017258,1,0.2366430148497234,0,0,False,False,False,False,False,Mycoplasma,2020-2022
GCA_011620375.1,Acholeplasmataceae bacterium,1898209,PRJNA592873,SAMN13475816,2020,2020-03-23,Illumina HiSeq,Short,Scaffold,Inconclusive,Haploplasma modicum,2026-09-29,1319758,80,0.3655700514791348,0,0,False,False,False,False,False,Acholeplasmataceae,2020-2022
GCA_012163225.1,Spiroplasma platyhelix PALS-1,1276218,PRJNA608455,SAMN14173566,2020,2020-04-07,Illumina MiSeq; Oxford Nanopore MinION,Hybrid,Contig,OK,Spiroplasma platyhelix,2026-09-29,739863,3,0.2865003385761959,0,0,False,False,False,False,False,Spiroplasma,2020-2022
GCA_012510695.1,Mollicutes bacterium,37628,PRJNA602310,SAMN13894722,2020,2020-04-17,NextSeq 500,Unknown,Contig,Inconclusive,Mesomycoplasma lagogenitalium,2026-09-29,843245,169,0.2782809266583259,0,2,False,False,False,False,False,Mollicutes,2020-2022
GCA_012512085.1,Acholeplasmataceae bacterium,1898209,PRJNA602310,SAMN13894652,2020,2020-04-17,NextSeq 500,Unknown,Contig,Inconclusive,Haploplasma modicum,2026-09-29,893925,246,0.3073613558184411,0,3,False,False,False,False,False,Acholeplasmataceae,2020-2022
GCA_012513485.1,Acholeplasmataceae bacterium,1898209,PRJNA602310,SAMN13894519,2020,2020-04-17,Illumina Hiseq 2500,Short,Contig,Inconclusive,Peloplasma aerotolerans,2026-09-29,1347545,329,0.3936514179489367,0,0,False,False,False,False,False,Acholeplasmataceae,2020-2022
GCA_012513875.1,Mollicutes bacterium,37628,PRJNA602310,SAMN13894499,2020,2020-04-17,Illumina Hiseq 2500,Short,Contig,Inconclusive,Candidatus Phytoplasma stylosanthis,2026-09-29,776523,103,0.2863212036217858,0,16,False,False,False,False,False,Mollicutes,2020-2022
GCA_012515085.1,Acholeplasmataceae bacterium,1898209,PRJNA602310,SAMN13894440,2020,2020-04-17,Illumina Hiseq 2500,Short,Contig,Inconclusive,Hujiaoplasma nucleasis,2026-09-29,1493294,252,0.4386845457090164,0,0,False,False,False,False,False,Acholeplasmataceae,2020-2022
GCA_012515785.1,Acholeplasmataceae bacterium,1898209,PRJNA602310,SAMN13894404,2020,2020-04-17,Illumina Hiseq 2500,Short,Contig,Inconclusive,Haploplasma modicum,2026-09-29,1043870,178,0.3164742736164465,0,4,False,False,False,False,False,Acholeplasmataceae,2020-2022
GCA_012516495.1,Mycoplasma sp. 1654_15,2725994,PRJNA624169,SAMN14569832,2020,2020-04-19,Illumina MiSeq; Oxford Nanopore MinIon,Hybrid,Complete Genome,Inconclusive,Mesomycoplasma hyorhinis,2026-09-29,923061,1,0.2609903354166192,0,0,False,False,False,False,False,Mycoplasma,2020-2022
GCA_012516595.1,Acholeplasmataceae bacterium,1898209,PRJNA602310,SAMN13894340,2020,2020-04-18,Illumina Hiseq 2000,Short,Contig,Inconclusive,Burkholderia pyrrocinia,2026-09-29,1362118,92,0.4726249855005219,0,0,False,False,False,False,False,Acholeplasmataceae,2020-2022
GCA_012517145.1,Acholeplasmataceae bacterium,1898209,PRJNA602310,SAMN13894309,2020,2020-04-18,Illumina Hiseq 2500,Short,Contig,Inconclusive,Anaerostipes butyraticus,2026-09-29,2467472,220,0.4117112575137631,0,0,False,False,False,False,False,Acholeplasmataceae,2020-2022
GCA_012519065.1,Phytoplasma sp.,2155,PRJNA602310,SAMN13894170,2020,2020-04-18,Illumina HiSeq 2500,Short,Contig,Inconclusive,Acholeplasma equifetale,2026-09-29,1115709,199,0.3105155555794566,0,0,False,False,False,False,False,Phytoplasma,2020-2022
GCA_012520055.1,Mollicutes bacterium,37628,PRJNA602310,SAMN13894123,2020,2020-04-18,Illumina HiSeq 2500,Short,Contig,Inconclusive,na,2026-09-29,1194830,138,0.2850154415272465,0,23,False,False,False,False,False,Mollicutes,2020-2022
GCA_012520435.1,Mollicutes bacterium,37628,PRJNA602310,SAMN13894105,2020,2020-04-18,Illumina HiSeq 2500,Short,Contig,Inconclusive,Fusobacterium perfoetens,2026-09-29,1059298,87,0.2596681953520161,0,0,False,False,False,False,False,Mollicutes,2020-2022
GCA_012520715.1,Acholeplasmataceae bacterium,1898209,PRJNA602310,SAMN13894090,2020,2020-04-18,Illumina HiSeq 2500,Short,Contig,Inconclusive,Acholeplasma equifetale,2026-09-29,900082,139,0.3043689352747861,0,0,False,False,False,False,False,Acholeplasmataceae,2020-2022
GCA_012521255.1,Acholeplasmataceae bacterium,1898209,PRJNA602310,SAMN13894061,2020,2020-04-18,Illumina HiSeq 2500,Short,Contig,Inconclusive,Clostridium gallinarum,2026-09-29,1241585,134,0.3000181219972857,0,0,False,False,False,False,False,Acholeplasmataceae,2020-2022
GCA_012521265.1,Acholeplasmataceae bacterium,1898209,PRJNA602310,SAMN13894062,2020,2020-04-18,Illumina HiSeq 2500,Short,Contig,Inconclusive,na,2026-09-29,1528275,118,0.4766439286123243,0,0,False,False,False,False,False,Acholeplasmataceae,2020-2022
GCA_012521575.1,Mollicutes bacterium,37628,PRJNA602310,SAMN13894048,2020,2020-04-18,Illumina HiSeq 2500,Short,Contig,Inconclusive,[Mycoplasma] collis,2026-09-29,936072,95,0.2769039133741849,0,0,False,False,False,False,False,Mollicutes,2020-2022
GCA_012522345.1,Acholeplasmataceae bacterium,1898209,PRJNA602310,SAMN13894007,2020,2020-04-18,NextSeq 500,Unknown,Contig,Inconclusive,na,2026-09-29,1338763,91,0.3270369736839156,0,1,False,False,False,False,False,Acholeplasmataceae,2020-2022
GCA_012718985.1,Acholeplasmataceae bacterium,1898209,PRJNA602310,SAMN13893652,2020,2020-04-23,Illumina Hiseq 2500,Short,Contig,Inconclusive,Spiroplasma taiwanense,2026-09-29,1449456,136,0.3296850680531178,0,0,False,False,False,False,False,Acholeplasmataceae,2020-2022
GCA_012719555.1,Acholeplasmataceae bacterium,1898209,PRJNA602310,SAMN13893559,2020,2020-04-23,NextSeq 500,Unknown,Contig,Inconclusive,Haloimpatiens lingqiaonensis,2026-09-29,2103078,402,0.3866889387840108,0,0,False,False,False,False,False,Acholeplasmataceae,2020-2022
GCA_012744295.1,Acholeplasmataceae bacterium,1898209,PRJNA602310,SAMN13893929,2020,2020-04-23,Illumina Hiseq 2500,Short,Contig,Inconclusive,Aminobacterium colombiense,2026-09-29,1735219,209,0.4981987864356026,0,0,False,False,False,False,False,Acholeplasmataceae,2020-2022
GCA_012799635.1,Mollicutes bacterium,37628,PRJNA602310,SAMN13894809,2020,2020-04-24,Illumina HiSeq 2500,Short,Contig,Inconclusive,Hypnocyclicus thermotrophus,2026-09-29,1146780,61,0.2686836184795689,0,7,False,False,False,False,False,Mollicutes,2020-2022
GCA_012800005.1,Acholeplasmataceae bacterium,1898209,PRJNA602310,SAMN13894789,2020,2020-04-24,Illumina HiSeq 2500,Short,Contig,Inconclusive,na,2026-09-29,1416788,167,0.2925165938729012,0,0,False,False,False,False,False,Acholeplasmataceae,2020-2022
GCA_012800225.1,Acholeplasmataceae bacterium,1898209,PRJNA602310,SAMN13894777,2020,2020-04-24,Illumina HiSeq 2500,Short,Contig,Inconclusive,na,2026-09-29,1341609,186,0.4299598467213621,0,0,False,False,False,False,False,Acholeplasmataceae,2020-2022
GCA_012800555.1,Acholeplasmataceae bacterium,1898209,PRJNA602310,SAMN13894762,2020,2020-04-24,Illumina HiSeq 2500,Short,Contig,Inconclusive,Gracilibacillus thailandensis,2026-09-29,972005,231,0.4529935545599045,0,0,False,False,False,False,False,Acholeplasmataceae,2020-2022
GCA_012837395.1,Acholeplasma sp.,33015,PRJNA602310,SAMN13893860,2020,2020-04-25,Illumina HiSeq 2500,Short,Contig,Inconclusive,Haploplasma axanthum,2026-09-29,962413,214,0.2801551932486365,0,0,False,False,False,False,False,Acholeplasma,2020-2022
GCA_012837585.1,Acholeplasmataceae bacterium,1898209,PRJNA602310,SAMN13893851,2020,2020-04-25,Illumina HiSeq 2500,Short,Contig,Inconclusive,Haploplasma axanthum,2026-09-29,1053667,99,0.3045487805919707,0,0,False,False,False,False,False,Acholeplasmataceae,2020-2022
GCA_012837645.1,Acholeplasmataceae bacterium,1898209,PRJNA602310,SAMN13893849,2020,2020-04-25,Illumina HiSeq 2500,Short,Contig,Inconclusive,na,2026-09-29,1266436,65,0.3126545676212615,0,0,False,False,False,False,False,Acholeplasmataceae,2020-2022
GCA_012837765.1,Mollicutes bacterium,37628,PRJNA602310,SAMN13893843,2020,2020-04-25,Illumina HiSeq 2500,Short,Contig,Inconclusive,Paraclostridium sordellii,2026-09-29,1005653,70,0.2827814365392436,0,0,False,False,False,False,False,Mollicutes,2020-2022
GCA_012838065.1,Acholeplasma sp.,33015,PRJNA602310,SAMN13893827,2020,2020-04-25,Illumina HiSeq 2500,Short,Contig,Inconclusive,Acholeplasma hippikon,2026-09-29,1182097,67,0.3238955855568536,0,0,False,False,False,False,False,Acholeplasma,2020-2022
GCA_012838395.1,Mollicutes bacterium,37628,PRJNA602310,SAMN13893811,2020,2020-04-25,Illumina HiSeq 2500,Short,Contig,Inconclusive,Exilispira thermophila,2026-09-29,802281,98,0.2821891581627883,0,0,False,False,False,False,False,Mollicutes,2020-2022
GCA_012838545.1,Acholeplasmataceae bacterium,1898209,PRJNA602310,SAMN13893805,2020,2020-04-25,Illumina HiSeq 2500,Short,Contig,Inconclusive,na,2026-09-29,1710110,65,0.3877773944366152,0,0,False,False,False,False,False,Acholeplasmataceae,2020-2022
GCA_012838635.1,Acholeplasma sp.,33015,PRJNA602310,SAMN13893799,2020,2020-04-25,Illumina HiSeq 2500,Short,Contig,Inconclusive,Spiroplasma taiwanense,2026-09-29,1040347,63,0.3047079484056761,0,4,False,False,False,False,False,Acholeplasma,2020-2022
GCA_012838705.1,Acholeplasmataceae bacterium,1898209,PRJNA602310,SAMN13893796,2020,2020-04-25,Illumina HiSeq 2500,Short,Contig,Inconclusive,na,2026-09-29,1641575,175,0.2925142013005802,0,2,False,False,False,False,False,Acholeplasmataceae,2020-2022
GCA_012838945.1,Acholeplasmataceae bacterium,1898209,PRJNA602310,SAMN13893783,2020,2020-04-25,Illumina HiSeq 2500,Short,Contig,Inconclusive,Acholeplasma equifetale,2026-09-29,1689313,149,0.3351036782407997,0,7,False,False,False,False,False,Acholeplasmataceae,2020-2022
GCA_012839355.1,Acholeplasma sp.,33015,PRJNA602310,SAMN13893619,2020,2020-04-25,Illumina HiSeq2000,Short,Contig,Inconclusive,Haploplasma modicum,2026-09-29,964473,41,0.3108422941855293,0,0,False,False,False,False,False,Acholeplasma,2020-2022
GCA_012839485.1,Acholeplasmataceae bacterium,1898209,PRJNA602310,SAMN13893614,2020,2020-04-25,Illumina HiSeq2000,Short,Contig,Inconclusive,Haploplasma axanthum,2026-09-29,939461,124,0.2990597800228003,0,0,False,False,False,False,False,Acholeplasmataceae,2020-2022
GCA_012840815.1,Acholeplasmataceae bacterium,1898209,PRJNA602310,SAMN13894600,2020,2020-04-25,Illumina HiSeq 2500,Short,Contig,Inconclusive,Haploplasma axanthum,2026-09-29,942191,103,0.2892778640424288,0,0,False,False,False,False,False,Acholeplasmataceae,2020-2022
GCA_012840905.1,Acholeplasmataceae bacterium,1898209,PRJNA602310,SAMN13894598,2020,2020-04-25,Illumina HiSeq 2500,Short,Contig,Inconclusive,Fusobacterium vincentii,2026-09-29,1254086,308,0.2975210631487793,0,0,False,False,False,False,False,Acholeplasmataceae,2020-2022
GCA_012841205.1,Mollicutes bacterium,37628,PRJNA602310,SAMN13894583,2020,2020-04-25,Illumina HiSeq 2500,Short,Contig,Inconclusive,Tissierella pigra,2026-09-29,883427,106,0.2938714800430596,0,1,False,False,False,False,False,Mollicutes,2020-2022
GCA_012841465.1,Mollicutes bacterium,37628,PRJNA602310,SAMN13894571,2020,2020-04-25,Illumina HiSeq 2500,Short,Contig,Inconclusive,Clostridium aquiflavi,2026-09-29,952207,156,0.2730845288892016,0,0,False,False,False,False,False,Mollicutes,2020-2022
GCA_012841725.1,Acholeplasmataceae bacterium,1898209,PRJNA602310,SAMN13894556,2020,2020-04-25,Illumina HiSeq 2500,Short,Contig,Inconclusive,Acholeplasma laidlawii,2026-09-29,858020,267,0.3218281625136943,0,0,False,False,False,False,False,Acholeplasmataceae,2020-2022
GCA_012841765.1,Acholeplasmataceae bacterium,1898209,PRJNA602310,SAMN13894553,2020,2020-04-25,Illumina HiSeq 2500,Short,Contig,Inconclusive,na,2026-09-29,1389286,230,0.2764384007324625,0,1,False,False,False,False,False,Acholeplasmataceae,2020-2022
GCA_012841865.1,Acholeplasmataceae bacterium,1898209,PRJNA602310,SAMN13894550,2020,2020-04-25,Illumina HiSeq 2500,Short,Contig,Inconclusive,Flavobacterium potami,2026-09-29,1951126,189,0.3620068616788459,0,3,False,False,False,False,False,Acholeplasmataceae,2020-2022
GCA_012842875.1,Acholeplasma sp.,33015,PRJNA602310,SAMN13894862,2020,2020-04-25,Illumina HiSeq2000,Short,Contig,OK,Acholeplasma equifetale,2026-09-29,656980,211,0.3048783829035891,0,0,False,False,False,False,False,Acholeplasma,2020-2022
GCA_012842895.1,Acholeplasmataceae bacterium,1898209,PRJNA602310,SAMN13894863,2020,2020-04-25,Illumina HiSeq2000,Short,Contig,Inconclusive,Streptomyces glaucus,2026-09-29,1053576,287,0.5123636073714664,0,0,False,False,False,False,False,Acholeplasmataceae,2020-2022
GCA_012843105.1,Acholeplasmataceae bacterium,1898209,PRJNA602310,SAMN13894248,2020,2020-04-25,Illumina HiSeq2000,Short,Contig,Inconclusive,Sphingomonas parva (ex Maeng et al. 2020),2026-09-29,1330504,45,0.523168663904806,0,0,False,False,False,False,False,Acholeplasmataceae,2020-2022
GCA_012934855.1,Mycoplasma phocoenae,754517,PRJNA624649,SAMN14575438,2020,2020-04-30,PacBio RSII,Long,Complete Genome,OK,[Mycoplasma] anseris,2026-09-29,693115,1,0.2848603767051643,0,0,False,False,False,False,False,Mycoplasma,2020-2022
GCA_012934885.1,Mycoplasma phocoeninasale,2726117,PRJNA624640,SAMN14575334,2020,2020-04-30,PacBio RSII; Illumina HiSeq,Hybrid,Complete Genome,OK,[Mycoplasma] phocae,2026-09-29,776009,1,0.2905108059313745,0,0,False,False,False,False,False,Mycoplasma,2020-2022
GCA_013008635.1,Mycoplasma miroungigenitalium,754515,PRJNA630203,SAMN14828358,2020,2020-05-11,PacBio RSII,Long,Complete Genome,OK,Mycoplasma zalophidermidis,2026-09-29,815486,1,0.300899095753943,0,0,False,False,False,False,False,Mycoplasma,2020-2022
GCA_013008815.1,Mycoplasma miroungirhinis,754516,PRJNA630216,SAMN14828660,2020,2020-05-11,PacBio RSII,Long,Complete Genome,OK,Mycoplasma zalophi,2026-09-29,779550,1,0.2406388300942851,0,0,False,False,False,False,False,Mycoplasma,2020-2022
GCA_013113755.1,Spiroplasma citri,2133,PRJNA625113,SAMN14593315,2020,2020-05-18,Oxford Nanopore MiniION,Long,Complete Genome,OK,Spiroplasma citri,2026-09-29,1744972,8,0.2562012456360331,0,0,False,False,True,False,False,Spiroplasma,2020-2022
GCA_013139135.1,Mycoplasmataceae bacterium,2685873,PRJNA562730,SAMN13287965,2020,2020-05-21,Illumina HiSeq,Short,Contig,Inconclusive,Candidatus Tyloplasma litorale,2026-09-29,549853,56,0.2846415314638639,0,0,False,False,False,False,False,Mycoplasmataceae,2020-2022
GCA_013214765.1,Mycoplasmataceae bacterium,2685873,PRJNA482655,SAMN14675739,2020,2020-06-02,Illumina NextSeq,Short,Scaffold,Inconclusive,Mesomycoplasma neurolyticum,2026-09-29,484672,72,0.2492035851049782,0,0,False,False,False,False,False,Mycoplasmataceae,2020-2022
GCA_013214845.1,Mycoplasmataceae bacterium,2685873,PRJNA482655,SAMN14675738,2020,2020-06-02,Illumina NextSeq,Short,Scaffold,Inconclusive,Mesomycoplasma neurolyticum,2026-09-29,713173,160,0.2837432151806083,0,1,False,False,False,False,False,Mycoplasmataceae,2020-2022
GCA_013215685.1,Mycoplasmatales bacterium,2023991,PRJNA482655,SAMN14675756,2020,2020-06-02,Illumina NextSeq,Short,Scaffold,Inconclusive,Mesomycoplasma neurolyticum,2026-09-29,925388,72,0.2697711662567485,0,0,False,False,False,False,False,Mycoplasmatales,2020-2022
GCA_013215715.1,Mycoplasmatales bacterium,2023991,PRJNA482655,SAMN14675755,2020,2020-06-02,Illumina NextSeq,Short,Scaffold,Inconclusive,Mycoplasma todarodis,2026-09-29,953490,9,0.2862169503613042,0,0,False,False,False,False,False,Mycoplasmatales,2020-2022
GCA_013305285.1,Mycoplasma mycoides,2102,PRJNA636696,SAMN15082205,2020,2020-06-09,Illumina HiSeq,Short,Complete Genome,OK,Mycoplasma mycoides,2026-09-29,1188839,1,0.2392376091295793,0,0,False,False,False,False,False,Mycoplasma,2020-2022
GCA_013332095.1,Candidatus Bathyoplasma sp. NZ,2799558,PRJNA628144,SAMN14732481,2020,2020-06-11,Illumina MiSeq,Short,Contig,Inconclusive,Candidatus Hepatoplasma vulgare,2026-09-29,1822181,44,0.2909485940200232,0,0,False,False,False,False,False,Bathyoplasma,2020-2022
GCA_013348745.1,Mycoplasma sp. OR1901,2742195,PRJNA637253,SAMN15099334,2020,2020-06-17,PacBio Sequel,Long,Complete Genome,Inconclusive,Mycoplasmopsis bovirhinis,2026-09-29,962938,1,0.2653036851801466,0,0,False,False,False,False,False,Mycoplasma,2020-2022
GCA_013372025.1,Rapeseed phyllody phytoplasma,2490543,PRJNA638508,SAMN15196273,2020,2020-06-24,Illumina MiSeq; Oxford Nanopore MiniION,Hybrid,Complete Genome,Inconclusive,Candidatus Phytoplasma vignae,2026-09-29,829546,1,0.2770443109845626,0,0,False,False,False,False,False,Rapeseed,2020-2022
GCA_013389475.1,Acholeplasma laidlawii,2148,PRJNA642780,SAMN15398308,2020,2020-07-05,Sanger; Illumina,Short,Contig,OK,Acholeplasma laidlawii,2026-09-29,1489797,9,0.3183823030923005,0,2,False,False,False,False,False,Acholeplasma,2020-2022
GCA_013389485.1,Acholeplasma laidlawii,2148,PRJNA642746,SAMN15398150,2020,2020-07-05,Sanger; Illumina,Short,Contig,OK,Acholeplasma laidlawii,2026-09-29,1489605,30,0.318334055001158,0,2,False,False,False,False,False,Acholeplasma,2020-2022
GCA_013389495.1,Acholeplasma laidlawii,2148,PRJNA642732,SAMN15398003,2020,2020-07-05,Sanger; Illumina,Short,Contig,OK,Acholeplasma laidlawii,2026-09-29,1494546,12,0.3190092509698597,0,3,False,True,False,False,True,Acholeplasma,2020-2022
GCA_013389505.1,Acholeplasma laidlawii,2148,PRJNA642760,SAMN15398260,2020,2020-07-05,Sanger; Illumina,Short,Contig,OK,Acholeplasma laidlawii,2026-09-29,1489878,8,0.3183274066735665,0,2,False,False,False,False,False,Acholeplasma,2020-2022
GCA_013391955.1,Candidatus Phytoplasma pruni,479893,PRJNA636643,SAMN15081177,2020,2020-07-08,Illumina HiSeq,Short,Contig,Inconclusive,Candidatus Phytoplasma gossypii,2026-09-29,790517,67,0.293596469146141,0,2,False,False,False,False,False,Phytoplasma,2020-2022
GCA_013745115.1,Hujiaoplasma nucleasis,2725268,PRJNA623675,SAMN14556364,2020,2020-07-27,Oxford Nanopore MinION,Long,Complete Genome,OK,Paracholeplasma morum,2026-09-29,1808583,1,0.3068214176512773,0,0,False,False,False,False,False,Hujiaoplasma,2020-2022
GCA_014023125.1,Candidatus Xianfuyuplasma coldseepsis,2782163,PRJNA607151,SAMN14122514,2020,2020-07-31,Illumina MiSeq,Short,Complete Genome,OK,Streptococcus parasuis,2026-09-29,1958905,1,0.3821068403010866,0,0,False,False,False,False,False,Xianfuyuplasma,2020-2022
GCA_014068355.1,Mycoplasma tullyi,1612150,PRJNA649564,SAMN15669431,2020,2020-08-05,Illumina MiSeq,Short,Complete Genome,OK,Mycoplasmoides gallisepticum,2026-09-29,867815,1,0.3102907877831105,0,0,False,False,False,False,False,Mycoplasma,2020-2022
GCA_014237595.1,Mycoplasmatales bacterium,2023991,PRJNA613976,SAMN14533013,2020,2020-08-18,Illumina HiSeq,Short,Contig,Inconclusive,Candidatus Hepatoplasma vulgare,2026-09-29,848702,293,0.3433454852233175,0,36,False,False,False,False,False,Mycoplasmatales,2020-2022
GCA_014238055.1,Mycoplasmatales bacterium,2023991,PRJNA613976,SAMN14533010,2020,2020-08-18,Illumina HiSeq,Short,Scaffold,Inconclusive,Spiroplasma phoeniceum,2026-09-29,845282,164,0.2724688328865396,0,1,False,False,False,False,False,Mycoplasmatales,2020-2022
GCA_014238225.1,Mycoplasmatales bacterium,2023991,PRJNA613976,SAMN14533012,2020,2020-08-18,Illumina HiSeq,Short,Scaffold,Inconclusive,Mycoplasma mycoides,2026-09-29,679536,60,0.3282533964352146,0,1,False,False,False,False,False,Mycoplasmatales,2020-2022
GCA_014238525.1,Mycoplasmatales bacterium,2023991,PRJNA613976,SAMN14533011,2020,2020-08-18,Illumina HiSeq,Short,Scaffold,Inconclusive,na,2026-09-29,665840,127,0.3191953021746966,0,0,False,False,False,False,False,Mycoplasmatales,2020-2022
GCA_014352955.1,Mycoplasma sp. Pen4,640330,PRJNA659024,SAMN15895002,2020,2020-09-01,PacBio,Long,Complete Genome,OK,Mycoplasma razini,2026-09-29,901484,1,0.2872951710734744,0,0,False,False,False,False,False,Mycoplasma,2020-2022
GCA_014803855.1,Mycoplasma sp.,2108,PRJNA613381,SAMN14407127,2020,2020-09-29,Illumina,Short,Contig,Inconclusive,Mesomycoplasma moatsii,2026-09-29,749825,11,0.24323675524289,0,0,False,False,False,False,False,Mycoplasma,2020-2022
GCA_014804125.1,Mycoplasma sp.,2108,PRJNA613381,SAMN14407115,2020,2020-09-29,Illumina,Short,Contig,Inconclusive,Malacoplasma muris,2026-09-29,516824,54,0.2474304598857638,0,1,False,False,False,False,False,Mycoplasma,2020-2022
GCA_014860925.1,Acholeplasmataceae bacterium,1898209,PRJNA663545,SAMN16147999,2020,2020-10-07,Illumina MiSeq,Short,Contig,Inconclusive,Paracholeplasma morum,2026-09-29,1333611,443,0.3942461482396291,0,0,False,False,False,False,False,Acholeplasmataceae,2020-2022
GCA_015100165.3,Candidatus Phytoplasma asiaticum,2763338,PRJNA657417,SAMN15828327,2022,2022-05-19,Illumina HiSeq; Oxford Nanopore MinION,Hybrid,Complete Genome,Inconclusive,Candidatus Phytoplasma citri,2026-09-29,614574,1,0.2465333710830591,0,0,False,False,False,False,False,Phytoplasma,2020-2022
GCA_015239935.3,Candidatus Phytoplasma australasiaticum subsp. australasiaticum,2832407,PRJNA657415,SAMN15828264,2022,2022-05-19,Illumina HiSeq; Oxford Nanopore MinION,Hybrid,Complete Genome,OK,Candidatus Phytoplasma australasiaticum,2026-09-29,588746,1,0.2436177910338244,0,0,False,False,False,False,False,Phytoplasma,2020-2022
GCA_015657275.1,Mycoplasmataceae bacterium,2685873,PRJNA641528,SAMN15355148,2020,2020-11-23,Illumina NovaSeq,Short,Contig,Inconclusive,Ureaplasma parvum,2026-09-29,853951,56,0.2436041412212176,0,0,False,False,False,False,False,Mycoplasmataceae,2020-2022
GCA_015708155.1,Mycoplasma sp. 'Moose RK',2780095,PRJNA669533,SAMN16454380,2020,2020-12-01,PacBio Sequel,Long,Contig,Inconclusive,Mesomycoplasma flocculare,2026-09-29,922225,3,0.2993098213559598,0,0,False,False,False,False,False,Mycoplasma,2020-2022
GCA_015709225.1,Acholeplasma laidlawii,2148,PRJNA325243,SAMN16288725,2020,2020-12-01,Illumina MiSeq,Short,Contig,Inconclusive,Acholeplasma laidlawii,2026-09-29,1329497,55,0.3174125251880974,0,2,False,False,False,False,False,Acholeplasma,2020-2022
GCA_016082235.1,Spiroplasma sp. hyd1,1609976,PRJNA274591,SAMN03329537,2020,2020-12-15,Illumina HiSeq; PacBio,Hybrid,Scaffold,OK,Spiroplasma phoeniceum,2026-09-29,1304713,143,0.2809483771526765,0,1,False,False,False,False,False,Spiroplasma,2020-2022
GCA_016082285.2,Spiroplasma sp. Moj,1922342,PRJNA355307,SAMN06074167,2025,2025-02-12,Illumina HiSeq,Short,Scaffold,OK,Spiroplasma phoeniceum,2026-09-29,1071638,174,0.2677657940461238,0,1,False,False,False,False,False,Spiroplasma,2023-2026
GCA_016280795.1,Acholeplasmatales bacterium,2053494,PRJNA631951,SAMN16243487,2020,2020-12-22,Illumina HiSeq,Short,Contig,Inconclusive,Anaeroplasma bactoclasticum,2026-09-29,1388060,195,0.3156664697491463,0,0,False,False,False,False,False,Acholeplasmatales,2020-2022
GCA_016280975.1,Acholeplasmatales bacterium,2053494,PRJNA631951,SAMN16243498,2020,2020-12-22,Illumina HiSeq,Short,Contig,Inconclusive,Anaeroplasma bactoclasticum,2026-09-29,1590570,169,0.3000106879923549,0,0,False,False,False,False,False,Acholeplasmatales,2020-2022
GCA_016282815.1,Acholeplasmatales bacterium,2053494,PRJNA631951,SAMN16243602,2020,2020-12-22,Illumina HiSeq,Short,Contig,Inconclusive,Anaeroplasma bactoclasticum,2026-09-29,1429586,161,0.3142021536304916,0,0,False,False,False,False,False,Acholeplasmatales,2020-2022
GCA_016288675.1,Acholeplasmatales bacterium,2053494,PRJNA631951,SAMN16243584,2020,2020-12-22,Illumina HiSeq,Short,Contig,Inconclusive,Anaeroplasma bactoclasticum,2026-09-29,1244940,193,0.2892372323164168,0,5,False,False,False,False,False,Acholeplasmatales,2020-2022
GCA_016288695.1,Mycoplasmataceae bacterium,2685873,PRJNA631951,SAMN16243585,2020,2020-12-22,Illumina HiSeq,Short,Contig,Inconclusive,Mycoplasmoides alvi,2026-09-29,606749,27,0.2601405193910496,0,0,False,False,False,False,False,Mycoplasmataceae,2020-2022
GCA_016288855.1,Acholeplasmatales bacterium,2053494,PRJNA631951,SAMN16243591,2020,2020-12-22,Illumina HiSeq,Short,Contig,Inconclusive,Anaeroplasma bactoclasticum,2026-09-29,1770187,88,0.2869256185928379,0,0,False,False,False,False,False,Acholeplasmatales,2020-2022
GCA_016294165.1,Anaeroplasmataceae bacterium,2793037,PRJNA647157,SAMN16927153,2020,2020-12-22,Illumina NovaSeq,Short,Contig,Inconclusive,Thomasclavelia spiroformis,2026-09-29,1587051,63,0.2997263477985269,0,0,False,False,False,False,False,Anaeroplasmataceae,2020-2022
GCA_016735145.1,Mycoplasmatales bacterium,2023991,PRJNA689840,SAMN17227924,2021,2021-01-20,Illumina HiSeq,Short,Contig,Inconclusive,na,2026-09-29,336245,100,0.3130574432333566,0,0,False,False,False,False,False,Mycoplasmatales,2020-2022
GCA_016767155.1,Mycoplasma mycoides subsp. capri,40477,PRJNA692989,SAMN17373639,2021,2021-01-28,Illumina HiSeq,Short,Complete Genome,OK,Mycoplasma mycoides,2026-09-29,1211756,1,0.2399072090420843,0,0,False,False,False,False,False,Mycoplasma,2020-2022
GCA_016841945.1,Haloplasma contractile,471825,PRJNA630030,SAMN14918419,2021,2021-02-09,Illumina MiSeq,Short,Scaffold,Inconclusive,Haloplasma contractile,2026-09-29,3430657,73,0.2968542177198128,0,0,False,False,False,False,False,Haloplasma,2020-2022
GCA_016865445.1,Mariniplasma anaerobium,2735436,PRJDB9849,SAMD00227922,2021,2021-01-27,DNBSEQ; GridION,Short,Complete Genome,OK,Acholeplasma palmae,2026-09-29,1898628,2,0.3010279001468429,0,0,False,False,False,False,False,Mariniplasma,2020-2022
GCA_016876135.2,Candidatus Phytoplasma meliae,1848402,PRJNA638346,SAMN15186628,2021,2021-04-14,Illumina NovaSeq,Short,Contig,Inconclusive,Candidatus Phytoplasma vignae,2026-09-29,751949,21,0.2729998975994382,0,0,False,False,False,False,False,Phytoplasma,2020-2022
GCA_016907055.1,Paracholeplasma morum,264637,PRJNA257872,SAMN02983008,2021,2021-02-19,Illumina HiSeq,Short,Contig,OK,Acholeplasma laidlawii,2026-09-29,1556252,29,0.3499394699573077,0,1,False,False,False,False,False,Paracholeplasma,2020-2022
GCA_016924815.1,Mycoplasma phocoeninasale,2726117,PRJNA702202,SAMN17928199,2021,2021-02-23,Illumina MiSeq,Short,Contig,OK,Mycoplasma phocoeninasale,2026-09-29,779086,9,0.2879694924565452,0,1,False,False,False,False,False,Mycoplasma,2020-2022
GCA_016925555.1,Mycoplasma tauri,547987,PRJNA700861,SAMN17840527,2021,2021-02-24,Oxford Nanopore MinION; Illumina MiSeq,Hybrid,Complete Genome,OK,Mycoplasmopsis columbina,2026-09-29,764150,1,0.2691696656415625,0,0,False,False,False,False,False,Mycoplasma,2020-2022
GCA_016934015.1,Acholeplasmataceae bacterium,1898209,PRJNA690107,SAMN17243410,2021,2021-02-24,Illumina HiSeq,Short,Contig,Inconclusive,Peloplasma aerotolerans,2026-09-29,1170208,77,0.3353070565232847,0,0,False,False,False,False,False,Acholeplasmataceae,2020-2022
GCA_016934175.1,Acholeplasmataceae bacterium,1898209,PRJNA690107,SAMN17243402,2021,2021-02-24,Illumina HiSeq,Short,Contig,Inconclusive,Mariniplasma anaerobium,2026-09-29,1372127,136,0.3221830049259289,0,0,False,False,False,False,False,Acholeplasmataceae,2020-2022
GCA_017052595.1,Mycoplasma procyoni,568784,PRJNA702192,SAMN17927872,2021,2021-02-27,Illumina MiSeq,Short,Contig,OK,[Mycoplasma] collis,2026-09-29,983602,22,0.2910780986618571,0,1,False,False,False,False,False,Mycoplasma,2020-2022
GCA_017052655.1,Acholeplasma equirhinis,555393,PRJNA702196,SAMN17927905,2021,2021-02-27,Illumina MiSeq,Short,Contig,OK,Acholeplasma hippikon,2026-09-29,1446424,7,0.3207517297832447,0,1,False,False,False,False,False,Acholeplasma,2020-2022
GCA_017084445.1,Mycoplasma sp. Mirounga ES2805-ORL,754514,PRJNA703397,SAMN18016438,2021,2021-03-01,Illumina MiSeq,Short,Chromosome,Inconclusive,Mycoplasmopsis adleri,2026-09-29,784556,1,0.2696888431163614,0,0,False,False,False,False,False,Mycoplasma,2020-2022
GCA_017116825.1,Mycoplasma enhydrae,2499220,PRJNA703399,SAMN18016479,2021,2021-03-01,Illumina MiSeq,Short,Contig,Inconclusive,Mycoplasmopsis arginini,2026-09-29,700529,21,0.269594834760588,0,0,False,False,False,False,False,Mycoplasma,2020-2022
GCA_017116845.1,Mycoplasma sp. CSL10137,2813824,PRJNA703400,SAMN18016480,2021,2021-03-01,Illumina MiSeq,Short,Contig,Inconclusive,Mycoplasmopsis lipophila,2026-09-29,879766,11,0.2582004760356731,0,2,False,False,False,False,False,Mycoplasma,2020-2022
GCA_017116885.1,Mycoplasma sp. CSL10166,2813825,PRJNA703402,SAMN18016526,2021,2021-03-01,Illumina MiSeq,Short,Contig,Inconclusive,[Mycoplasma] collis,2026-09-29,889885,8,0.2575726076965001,0,2,False,False,False,False,False,Mycoplasma,2020-2022
GCA_017385385.1,Mycoplasmataceae bacterium,2685873,PRJNA657473,SAMN16340414,2021,2021-03-18,Illumina NovaSeq,Short,Contig,Inconclusive,Malacoplasma muris,2026-09-29,718584,209,0.2349620921144918,0,0,False,False,False,False,False,Mycoplasmataceae,2020-2022
GCA_017385625.1,Mycoplasmataceae bacterium,2685873,PRJNA657473,SAMN16340398,2021,2021-03-18,Illumina NovaSeq,Short,Contig,Inconclusive,[Mycoplasma] collis,2026-09-29,471584,173,0.2390348273054217,0,0,False,False,False,False,False,Mycoplasmataceae,2020-2022
GCA_017385735.1,Mycoplasmataceae bacterium,2685873,PRJNA657473,SAMN16340395,2021,2021-03-18,Illumina NovaSeq,Short,Contig,Inconclusive,Malacoplasma muris,2026-09-29,806255,148,0.2322354590049054,0,0,False,False,False,False,False,Mycoplasmataceae,2020-2022
GCA_017388605.1,Acholeplasmatales bacterium,2053494,PRJNA657473,SAMN16341534,2021,2021-03-18,Illumina NovaSeq,Short,Contig,Inconclusive,Anaeroplasma bactoclasticum,2026-09-29,1710521,277,0.3275692025996757,0,0,False,False,False,False,False,Acholeplasmatales,2020-2022
GCA_017389835.1,Mycoplasma sp.,2108,PRJNA657473,SAMN16341418,2021,2021-03-18,Illumina NovaSeq,Short,Contig,Inconclusive,Candidatus Hennigella equi,2026-09-29,441549,80,0.2739039155337233,0,0,False,False,False,False,False,Mycoplasma,2020-2022
GCA_017413585.1,Acholeplasmatales bacterium,2053494,PRJNA657473,SAMN16341814,2021,2021-03-18,Illumina NovaSeq,Short,Contig,Inconclusive,Anaeroplasma bactoclasticum,2026-09-29,1420292,208,0.3295301247912401,0,0,False,False,False,False,False,Acholeplasmatales,2020-2022
GCA_017415965.1,Acholeplasmatales bacterium,2053494,PRJNA657473,SAMN16342091,2021,2021-03-18,Illumina NovaSeq,Short,Contig,Inconclusive,Anaeroplasma bactoclasticum,2026-09-29,1147006,287,0.2941109288007212,0,0,False,False,False,False,False,Acholeplasmatales,2020-2022
GCA_017428395.1,Mycoplasma sp.,2108,PRJNA657473,SAMN16343187,2021,2021-03-19,Illumina NovaSeq,Short,Contig,Inconclusive,Malacoplasma iowae,2026-09-29,611338,39,0.272520275199644,0,0,False,False,False,False,False,Mycoplasma,2020-2022
GCA_017441525.1,Acholeplasmatales bacterium,2053494,PRJNA657473,SAMN16343351,2021,2021-03-19,Illumina NovaSeq,Short,Contig,Inconclusive,Anaeroplasma bactoclasticum,2026-09-29,1408425,58,0.2889589435007189,0,0,False,False,False,False,False,Acholeplasmatales,2020-2022
GCA_017444645.1,Acholeplasmatales bacterium,2053494,PRJNA657473,SAMN16343998,2021,2021-03-19,Illumina NovaSeq,Short,Contig,Inconclusive,Anaeroplasma bactoclasticum,2026-09-29,1586922,69,0.2774238431378479,0,0,False,False,False,False,False,Acholeplasmatales,2020-2022
GCA_017445965.1,Acholeplasmatales bacterium,2053494,PRJNA657473,SAMN16343882,2021,2021-03-19,Illumina NovaSeq,Short,Contig,Inconclusive,Anaeroplasma bactoclasticum,2026-09-29,1280420,23,0.3000515455866044,0,0,False,False,False,False,False,Acholeplasmatales,2020-2022
GCA_017448885.1,Mycoplasma sp.,2108,PRJNA657473,SAMN16343698,2021,2021-03-19,Illumina NovaSeq,Short,Contig,Inconclusive,Candidatus Hennigella equi,2026-09-29,564946,29,0.2850343218643906,0,0,False,False,False,False,False,Mycoplasma,2020-2022
GCA_017449215.1,Acholeplasmatales bacterium,2053494,PRJNA657473,SAMN16343678,2021,2021-03-19,Illumina NovaSeq,Short,Contig,Inconclusive,Anaeroplasma bactoclasticum,2026-09-29,2050182,88,0.2954049933127888,0,0,False,False,False,False,False,Acholeplasmatales,2020-2022
GCA_017454375.1,Acholeplasmatales bacterium,2053494,PRJNA657473,SAMN16344175,2021,2021-03-19,Illumina NovaSeq,Short,Contig,Inconclusive,Clostridium moniliforme,2026-09-29,1800779,36,0.3150247753888733,0,0,False,False,False,False,False,Acholeplasmatales,2020-2022
GCA_017462645.1,Acholeplasmatales bacterium,2053494,PRJNA657473,SAMN16344529,2021,2021-03-19,Illumina NovaSeq,Short,Contig,Inconclusive,Anaeroplasma bactoclasticum,2026-09-29,1005578,47,0.2905174934216938,0,0,False,False,False,False,False,Acholeplasmatales,2020-2022
GCA_017502185.1,Mycoplasmataceae bacterium,2685873,PRJNA657473,SAMN16345898,2021,2021-03-22,Illumina NovaSeq,Short,Contig,Inconclusive,[Mycoplasma] collis,2026-09-29,503286,106,0.2352638460040613,0,0,False,False,False,False,False,Mycoplasmataceae,2020-2022
GCA_017505955.1,Mycoplasmataceae bacterium,2685873,PRJNA657473,SAMN16345712,2021,2021-03-22,Illumina NovaSeq,Short,Contig,Inconclusive,Mesomycoplasma moatsii,2026-09-29,859747,221,0.2352820073812412,0,0,False,False,False,False,False,Mycoplasmataceae,2020-2022
GCA_017506515.1,Mycoplasmataceae bacterium,2685873,PRJNA657473,SAMN16345685,2021,2021-03-22,Illumina NovaSeq,Short,Contig,Inconclusive,[Mycoplasma] collis,2026-09-29,544327,204,0.2320075983737716,0,0,False,False,False,False,False,Mycoplasmataceae,2020-2022
GCA_017510625.1,Mycoplasmataceae bacterium,2685873,PRJNA657473,SAMN16346351,2021,2021-03-22,Illumina NovaSeq,Short,Contig,Inconclusive,[Mycoplasma] collis,2026-09-29,591161,186,0.2284521475537121,0,0,False,False,False,False,False,Mycoplasmataceae,2020-2022
GCA_017510945.1,Mycoplasmataceae bacterium,2685873,PRJNA657473,SAMN16346324,2021,2021-03-22,Illumina NovaSeq,Short,Contig,Inconclusive,[Mycoplasma] collis,2026-09-29,593674,132,0.2292183925858299,0,0,False,False,False,False,False,Mycoplasmataceae,2020-2022
GCA_017511585.1,Mycoplasmataceae bacterium,2685873,PRJNA657473,SAMN16346259,2021,2021-03-22,Illumina NovaSeq,Short,Contig,Inconclusive,Mesomycoplasma moatsii,2026-09-29,603784,107,0.229840472751845,0,0,False,False,False,False,False,Mycoplasmataceae,2020-2022
GCA_017517345.1,Mycoplasmataceae bacterium,2685873,PRJNA657473,SAMN16346691,2021,2021-03-22,Illumina NovaSeq,Short,Contig,Inconclusive,Mesomycoplasma neurolyticum,2026-09-29,602500,230,0.230751867219917,0,0,False,False,False,False,False,Mycoplasmataceae,2020-2022
GCA_017520665.1,Mycoplasmataceae bacterium,2685873,PRJNA657473,SAMN16346834,2021,2021-03-22,Illumina NovaSeq,Short,Contig,Inconclusive,Mesomycoplasma neurolyticum,2026-09-29,587316,138,0.2336493471998038,0,0,False,False,False,False,False,Mycoplasmataceae,2020-2022
GCA_017523145.1,Mycoplasmataceae bacterium,2685873,PRJNA657473,SAMN16346622,2021,2021-03-22,Illumina NovaSeq,Short,Contig,Inconclusive,[Mycoplasma] collis,2026-09-29,614257,108,0.2320136359862402,0,0,False,False,False,False,False,Mycoplasmataceae,2020-2022
GCA_017524905.1,Acholeplasmatales bacterium,2053494,PRJNA657473,SAMN16347231,2021,2021-03-22,Illumina NovaSeq,Short,Contig,Inconclusive,Anaeroplasma bactoclasticum,2026-09-29,1748025,188,0.2761556613892822,0,0,False,False,False,False,False,Acholeplasmatales,2020-2022
GCA_017528965.1,Acholeplasmatales bacterium,2053494,PRJNA657473,SAMN16347065,2021,2021-03-22,Illumina NovaSeq,Short,Contig,Inconclusive,Anaeroplasma bactoclasticum,2026-09-29,1085158,224,0.2912939866821237,0,0,False,False,False,False,False,Acholeplasmatales,2020-2022
GCA_017539625.1,Acholeplasmatales bacterium,2053494,PRJNA657473,SAMN16347438,2021,2021-03-22,Illumina NovaSeq,Short,Contig,Inconclusive,Anaeroplasma bactoclasticum,2026-09-29,2152615,362,0.2985712726149357,0,0,False,False,False,False,False,Acholeplasmatales,2020-2022
GCA_017542485.1,Acholeplasmatales bacterium,2053494,PRJNA657473,SAMN16347296,2021,2021-03-22,Illumina NovaSeq,Short,Contig,Inconclusive,Anaeroplasma bactoclasticum,2026-09-29,1693672,82,0.2812374532967422,0,0,False,False,False,False,False,Acholeplasmatales,2020-2022
GCA_017626915.1,Acholeplasmatales bacterium,2053494,PRJNA657473,SAMN16348955,2021,2021-03-29,Illumina NovaSeq,Short,Contig,Inconclusive,Anaeroplasma bactoclasticum,2026-09-29,1125481,373,0.3050135897451845,1,0,True,False,False,False,True,Acholeplasmatales,2020-2022
GCA_017628965.1,Acholeplasmatales bacterium,2053494,PRJNA657473,SAMN16350056,2021,2021-03-29,Illumina NovaSeq,Short,Contig,Inconclusive,Anaeroplasma bactoclasticum,2026-09-29,1177933,313,0.3109633569990823,0,0,False,False,False,False,False,Acholeplasmatales,2020-2022
GCA_017847635.1,Spiroplasma ixodetis,2141,PRJNA655193,SAMN15723428,2021,2021-04-08,Illumina HiSeq,Short,Scaffold,Inconclusive,[Mycoplasma] collis,2026-09-29,1195508,286,0.2419356457673223,0,9,False,False,False,False,False,Spiroplasma,2020-2022
GCA_017847655.1,Spiroplasma ixodetis,2141,PRJNA655193,SAMN15723429,2021,2021-04-08,Illumina HiSeq,Short,Scaffold,Inconclusive,Spiroplasma phoeniceum,2026-09-29,1330946,353,0.2400052293631747,0,5,False,False,False,False,False,Spiroplasma,2020-2022
GCA_017847675.1,Spiroplasma ixodetis,2141,PRJNA655193,SAMN15723430,2021,2021-04-08,Illumina HiSeq,Short,Scaffold,Inconclusive,Spiroplasma attinicola,2026-09-29,1283857,258,0.244098836552669,0,15,False,False,False,False,False,Spiroplasma,2020-2022
GCA_017887765.1,Acholeplasmatales bacterium,2053494,PRJNA715658,SAMN18359837,2021,2021-04-08,Illumina NovaSeq,Short,Contig,Inconclusive,Solibaculum intestinale,2026-09-29,1601312,25,0.3896679722627445,0,0,False,False,False,False,False,Acholeplasmatales,2020-2022
GCA_017959425.1,Mycoplasma sp.,2108,PRJNA657473,SAMN16350797,2021,2021-04-14,Illumina NovaSeq,Short,Contig,Inconclusive,Malacoplasma iowae,2026-09-29,427306,23,0.254857174951908,0,0,False,False,False,False,False,Mycoplasma,2020-2022
GCA_017961685.1,Acholeplasmatales bacterium,2053494,PRJNA657473,SAMN16350698,2021,2021-04-14,Illumina NovaSeq,Short,Contig,Inconclusive,Anaeroplasma bactoclasticum,2026-09-29,2042541,84,0.288844630291387,0,0,False,False,False,False,False,Acholeplasmatales,2020-2022
GCA_018024475.1,Candidatus Phytoplasma luffae,35773,PRJNA636624,SAMN15080914,2021,2021-04-16,Oxford Nanopore MiniION; Illumina MiSeq,Hybrid,Complete Genome,Inconclusive,Candidatus Phytoplasma stylosanthis,2026-09-29,769143,1,0.2325549345180285,0,0,False,False,False,False,False,Phytoplasma,2020-2022
GCA_018264925.1,Acholeplasmatales bacterium,2053494,PRJNA593787,SAMN14944954,2021,2021-05-04,Illumina HiSeq,Short,Scaffold,Inconclusive,Anaeroplasma bactoclasticum,2026-09-29,1152776,234,0.326485804701,0,0,False,False,False,False,False,Acholeplasmatales,2020-2022
GCA_018274325.1,'Fragaria x ananassa' phyllody phytoplasma,2358428,PRJNA719080,SAMN18585963,2021,2021-05-04,Illumina HiSeq,Short,Contig,Inconclusive,Candidatus Phytoplasma bonamiae,2026-09-29,627584,33,0.2537158372425045,0,0,False,False,False,False,False,Fragaria,2020-2022
GCA_018283495.1,'Santalum album' aster yellows phytoplasma,2831467,PRJNA725349,SAMN18876452,2021,2021-05-05,Illumina HiSeq; Oxford Nanopore MinION,Hybrid,Contig,Inconclusive,Candidatus Phytoplasma vignae,2026-09-29,554025,20,0.285369793781869,0,1,False,False,False,False,False,Santalum,2020-2022
GCA_018327665.1,Hydrangea phyllody phytoplasma,238673,PRJDB10389,SAMD00239572,2021,2021-04-28,Illumina MiSeq,Short,Contig,Inconclusive,Candidatus Phytoplasma vignae,2026-09-29,597775,36,0.283032913721718,0,2,False,False,False,False,False,Hydrangea,2020-2022
GCA_018371135.1,Acholeplasma sp.,33015,PRJNA698986,SAMN17801622,2021,2021-05-16,Illumina NovaSeq 6000,Short,Contig,Inconclusive,[Mycoplasma] collis,2026-09-29,1128300,29,0.2608153859789063,0,0,False,False,False,False,False,Acholeplasma,2020-2022
GCA_018389545.1,Mycoplasma mycoides subsp. capri,40477,PRJNA682396,SAMN16987693,2021,2021-05-17,PacBio Sequel,Long,Complete Genome,OK,Mycoplasma mycoides,2026-09-29,1034934,1,0.2371030423196068,0,0,False,False,False,False,False,Mycoplasma,2020-2022
GCA_018389565.1,Mycoplasma mycoides subsp. capri,40477,PRJNA682396,SAMN16987692,2021,2021-05-17,PacBio Sequel,Long,Complete Genome,OK,Mycoplasma mycoides,2026-09-29,1172610,1,0.2382454524522219,0,0,False,False,False,False,False,Mycoplasma,2020-2022
GCA_018389585.1,Mycoplasma mycoides subsp. capri,40477,PRJNA682396,SAMN16987691,2021,2021-05-17,PacBio Sequel,Long,Complete Genome,OK,Mycoplasma mycoides,2026-09-29,1159653,1,0.2382962834572066,0,0,False,False,False,False,False,Mycoplasma,2020-2022
GCA_018389605.1,Mycoplasma mycoides subsp. capri,40477,PRJNA682396,SAMN16987690,2021,2021-05-17,PacBio Sequel,Long,Complete Genome,OK,Mycoplasma mycoides,2026-09-29,1097914,1,0.2389604285945893,0,0,False,False,False,False,False,Mycoplasma,2020-2022
GCA_018389625.1,Mycoplasma mycoides subsp. capri,40477,PRJNA682396,SAMN16987689,2021,2021-05-17,PacBio Sequel,Long,Complete Genome,OK,Mycoplasma mycoides,2026-09-29,1165233,1,0.2384896411275684,0,0,False,False,False,False,False,Mycoplasma,2020-2022
GCA_018389645.1,Mycoplasma mycoides subsp. capri,40477,PRJNA682396,SAMN16987688,2021,2021-05-17,PacBio Sequel,Long,Complete Genome,OK,Mycoplasma mycoides,2026-09-29,1084275,1,0.2374692767056328,0,0,False,False,False,False,False,Mycoplasma,2020-2022
GCA_018389665.1,Mycoplasma mycoides subsp. capri,40477,PRJNA682396,SAMN16987687,2021,2021-05-17,PacBio Sequel,Long,Complete Genome,OK,Mycoplasma mycoides,2026-09-29,1048951,1,0.236623064375743,0,0,False,False,False,False,False,Mycoplasma,2020-2022
GCA_018389685.1,Mycoplasma mycoides subsp. capri,40477,PRJNA682396,SAMN16987686,2021,2021-05-17,PacBio Sequel,Long,Complete Genome,OK,Mycoplasma mycoides,2026-09-29,1049305,1,0.2367262140178499,0,0,False,False,False,False,False,Mycoplasma,2020-2022
GCA_018389705.1,Mycoplasma mycoides subsp. capri,40477,PRJNA682396,SAMN16987685,2021,2021-05-17,PacBio Sequel,Long,Complete Genome,OK,Mycoplasma mycoides,2026-09-29,1035494,1,0.2373920080657155,0,0,False,False,False,False,False,Mycoplasma,2020-2022
GCA_018389725.1,Mycoplasma mycoides subsp. capri,40477,PRJNA682396,SAMN16987684,2021,2021-05-17,PacBio Sequel,Long,Complete Genome,OK,Mycoplasma mycoides,2026-09-29,1026354,1,0.2370293290619026,0,0,False,False,False,False,False,Mycoplasma,2020-2022
GCA_018389745.1,Mycoplasma mycoides subsp. capri,40477,PRJNA682396,SAMN16987683,2021,2021-05-17,PacBio Sequel,Long,Complete Genome,OK,Mycoplasma mycoides,2026-09-29,1019889,1,0.2370954094023957,0,0,False,False,False,False,False,Mycoplasma,2020-2022
GCA_018389765.1,Mycoplasma mycoides subsp. capri,40477,PRJNA682396,SAMN16987682,2021,2021-05-17,PacBio Sequel,Long,Complete Genome,OK,Mycoplasma mycoides,2026-09-29,1114563,1,0.2382853189994643,0,0,False,False,False,False,False,Mycoplasma,2020-2022
GCA_018389805.1,Mycoplasma mycoides subsp. capri,40477,PRJNA682396,SAMN16987680,2021,2021-05-17,PacBio Sequel,Long,Complete Genome,OK,Mycoplasma mycoides,2026-09-29,1030242,1,0.2371530184170321,0,0,False,False,False,False,False,Mycoplasma,2020-2022
GCA_018389825.1,Mycoplasma mycoides subsp. capri,40477,PRJNA682396,SAMN16987679,2021,2021-05-17,PacBio Sequel,Long,Complete Genome,OK,Mycoplasma mycoides,2026-09-29,1046329,2,0.2372781410053625,0,0,False,False,False,False,False,Mycoplasma,2020-2022
GCA_018390775.2,Sesame phyllody phytoplasma,420408,PRJNA727971,SAMN19066185,2022,2022-02-08,Illumina NovaSeq; Oxford Nanopore MinION,Hybrid,Contig,OK,Candidatus Phytoplasma australasiaticum,2026-09-29,553228,60,0.236766758009356,0,1,False,False,False,False,False,Sesame,2020-2022
GCA_018399615.1,Acholeplasmataceae bacterium,1898209,PRJNA721826,SAMN19006039,2021,2021-05-19,Oxford Nanopore,Long,Contig,Inconclusive,na,2026-09-29,1372231,184,0.5008340432478205,0,0,False,False,False,False,False,Acholeplasmataceae,2020-2022
GCA_018400155.1,Acholeplasmataceae bacterium,1898209,PRJNA721826,SAMN19006029,2021,2021-05-19,Oxford Nanopore,Long,Contig,Inconclusive,na,2026-09-29,2160826,627,0.46948389180804,0,0,False,False,False,False,False,Acholeplasmataceae,2020-2022
GCA_018400755.1,Acholeplasmataceae bacterium,1898209,PRJNA721826,SAMN19005988,2021,2021-05-19,Oxford Nanopore,Long,Contig,Inconclusive,Exiguobacterium indicum,2026-09-29,2229665,239,0.4724750130625004,0,2,False,False,False,False,False,Acholeplasmataceae,2020-2022
GCA_018402725.1,Candidatus Izemoplasma sp.,2979197,PRJNA721826,SAMN19005898,2021,2021-05-19,Oxford Nanopore,Long,Contig,Inconclusive,Candidatus Izemoplasma acidinucleici,2026-09-29,1023636,42,0.4112838938841541,0,0,False,False,False,False,False,Izemoplasma,2020-2022
GCA_018406545.1,Mycoplasma mycoides,2102,PRJDB9213,SAMD00206613,2021,2021-04-28,Illumina NextSeq; Sanger,Short,Complete Genome,OK,Mycoplasma mycoides,2026-09-29,1158134,1,0.2388221052140771,0,0,False,False,False,False,False,Mycoplasma,2020-2022
GCA_018598675.1,'Elaeagnus angustifolia' witches'-broom phytoplasma,1538355,PRJNA723969,SAMN18826970,2021,2021-05-30,Illumina,Short,Contig,Inconclusive,Candidatus Phytoplasma vignae,2026-09-29,833199,1404,0.2579947887599481,0,3,False,False,False,False,False,Elaeagnus,2020-2022
GCA_018638275.1,Entomoplasma sp. MP1,2817024,PRJNA707339,SAMN18201729,2021,2021-06-02,Oxford Nanopore MinION,Long,Contig,Inconclusive,Mesoplasma melaleucae,2026-09-29,220563,21,0.2682997601592289,0,0,False,False,False,False,False,Entomoplasma,2020-2022
GCA_018715665.1,Candidatus Pelethenecus faecipullorum,2840900,PRJNA543206,SAMN15817226,2021,2021-06-04,Illumina HiSeq,Short,Contig,Inconclusive,Solibaculum intestinale,2026-09-29,1174731,189,0.4001103231292951,0,0,False,False,False,False,False,Pelethenecus,2020-2022
GCA_018831625.1,Spiroplasma endosymbiont of 'Nebria riversi',2792084,PRJNA671697,SAMN16792404,2021,2021-06-10,PacBio Sequel; Illumina NovaSeq,Hybrid,Complete Genome,Inconclusive,Spiroplasma citri,2026-09-29,1443729,2,0.2607989449543508,0,0,False,False,False,False,False,Spiroplasma,2020-2022
GCA_018913965.1,Mycoplasma sp. CSL7491-lung,549718,PRJNA737138,SAMN19683828,2021,2021-06-16,Illumina MiSeq,Short,Contig,Inconclusive,[Mycoplasma] collis,2026-09-29,911657,7,0.2568729247951806,0,1,False,False,False,False,False,Mycoplasma,2020-2022
GCA_018913985.1,Mycoplasma zalophidermidis,398174,PRJNA737144,SAMN19683934,2021,2021-06-16,Illumina MiSeq,Short,Contig,OK,Mycoplasma miroungigenitalium,2026-09-29,875370,36,0.2945851468521882,0,1,False,False,False,False,False,Mycoplasma,2020-2022
GCA_018914005.1,Mycoplasma zalophi,191287,PRJNA737142,SAMN19683932,2021,2021-06-16,Illumina MiSeq,Short,Contig,Inconclusive,Mycoplasma zalophi,2026-09-29,836022,7,0.2502362378023545,0,1,False,False,False,False,False,Mycoplasma,2020-2022
GCA_018914015.1,Mycoplasma zalophidermidis,398174,PRJNA737143,SAMN19683933,2021,2021-06-16,Illumina MiSeq,Short,Contig,OK,Mycoplasma zalophidermidis,2026-09-29,836947,37,0.2940389295857444,0,1,False,False,False,False,False,Mycoplasma,2020-2022
GCA_018914045.1,Mycoplasma miroungigenitalium,754515,PRJNA737145,SAMN19683935,2021,2021-06-16,Illumina MiSeq,Short,Contig,OK,Mycoplasma miroungigenitalium,2026-09-29,768068,6,0.3001661311238067,0,0,False,False,False,False,False,Mycoplasma,2020-2022
GCA_018914065.1,Mycoplasma zalophi,191287,PRJNA737140,SAMN19683930,2021,2021-06-16,Illumina MiSeq,Short,Contig,Inconclusive,Mycoplasma zalophi,2026-09-29,769763,15,0.2524192511201499,0,1,False,False,False,False,False,Mycoplasma,2020-2022
GCA_018914085.1,Mycoplasma miroungigenitalium,754515,PRJNA737148,SAMN19683963,2021,2021-06-16,Illumina MiSeq,Short,Contig,OK,Mycoplasma miroungigenitalium,2026-09-29,768176,7,0.300254108433484,0,0,False,False,False,False,False,Mycoplasma,2020-2022
GCA_019295385.1,Spiroplasma poulsonii,2138,PRJNA507275,SAMN10488582,2021,2021-07-20,Oxford Nanopore MiniION; Illumina NovaSeq,Hybrid,Contig,Inconclusive,Spiroplasma phoeniceum,2026-09-29,1454800,88,0.2727447071762441,0,0,False,False,False,False,False,Spiroplasma,2020-2022
GCA_019325155.1,Spiroplasma poulsonii,2138,PRJNA421356,SAMN08141335,2021,2021-07-22,PacBio,Long,Scaffold,Inconclusive,Spiroplasma phoeniceum,2026-09-29,2147684,19,0.2579993146105293,0,0,False,False,False,False,False,Spiroplasma,2020-2022
GCA_019396865.1,Paulownia witches'-broom phytoplasma,39647,PRJNA624276,SAMN14573116,2021,2021-07-29,PacBio RSII,Long,Complete Genome,Inconclusive,Candidatus Phytoplasma vignae,2026-09-29,891641,1,0.2734800216679134,0,0,False,False,False,False,False,Paulownia,2020-2022
GCA_019646075.1,'Prunus persica' phytoplasma PP2,2700027,PRJNA719534,SAMN18631124,2021,2021-08-17,Illumina,Short,Contig,Inconclusive,Candidatus Phytoplasma stylosanthis,2026-09-29,228345,750,0.3320896012612494,0,1,False,False,False,False,False,Prunus,2020-2022
GCA_019661745.1,Mollicutes bacterium PWAP,2885760,PRJNA646234,SAMN19298836,2021,2021-08-17,Illumina HiSeq,Short,Contig,Inconclusive,Mesomycoplasma neurolyticum,2026-09-29,549125,85,0.2504529933985887,0,0,False,False,False,False,False,Mollicutes,2020-2022
GCA_019720735.1,Mycoplasma sp. Ms02,353851,PRJNA754294,SAMN20752397,2021,2021-08-23,PacBio Sequel II,Long,Complete Genome,Inconclusive,Mycoplasmopsis edwardii,2026-09-29,924269,1,0.3181811788559391,0,0,False,False,False,False,False,Mycoplasma,2020-2022
GCA_019841745.1,Candidatus Phytoplasma australiense,59748,PRJNA756976,SAMN20931228,2021,2021-08-31,Illumina 1.9,Short,Contig,Inconclusive,Candidatus Phytoplasma vignae,2026-09-29,762261,2328,0.2469692139568992,0,6,False,False,False,False,False,Phytoplasma,2020-2022
GCA_019873825.1,Mycoplasma sp. E35C,2801918,PRJNA690205,SAMN17246049,2021,2021-09-03,Oxford Nanopore MinION; Illumina HiSeq,Hybrid,Complete Genome,OK,Mycoplasma bradburyae,2026-09-29,925667,1,0.2896527584973862,0,0,False,False,False,False,False,Mycoplasma,2020-2022
GCA_020024715.1,Mycoplasmataceae bacterium,2685873,PRJNA665590,SAMN19315135,2021,2021-09-17,Illumina HiSeq,Short,Contig,Inconclusive,[Mycoplasma] collis,2026-09-29,637504,113,0.2388832070073285,0,0,False,False,False,False,False,Mycoplasmataceae,2020-2022
GCA_020024735.1,Mycoplasmataceae bacterium,2685873,PRJNA665590,SAMN19315134,2021,2021-09-17,Illumina HiSeq,Short,Contig,Inconclusive,Ureaplasma parvum,2026-09-29,1054680,124,0.2846996245306633,0,0,False,False,False,False,False,Mycoplasmataceae,2020-2022
GCA_020024755.1,Mycoplasmataceae bacterium,2685873,PRJNA665590,SAMN19315133,2021,2021-09-17,Illumina HiSeq,Short,Contig,Inconclusive,Malacoplasma muris,2026-09-29,1446231,13,0.283300523913538,0,0,False,False,False,False,False,Mycoplasmataceae,2020-2022
GCA_020024985.1,Anaeroplasmataceae bacterium,2793037,PRJNA665590,SAMN19315122,2021,2021-09-17,Illumina HiSeq,Short,Contig,Inconclusive,Anaeroplasma bactoclasticum,2026-09-29,1201115,246,0.3392889107204556,0,0,False,False,False,False,False,Anaeroplasmataceae,2020-2022
GCA_020025015.1,Anaeroplasmataceae bacterium,2793037,PRJNA665590,SAMN19315121,2021,2021-09-17,Illumina HiSeq,Short,Contig,Inconclusive,Thomasclavelia saccharogumia,2026-09-29,1340301,57,0.3212733557611312,0,0,False,False,False,False,False,Anaeroplasmataceae,2020-2022
GCA_020035335.1,Mycoplasma tauri,547987,PRJNA761560,SAMN21354939,2021,2021-09-18,Illumina MiSeq,Short,Contig,OK,Mycoplasma tauri,2026-09-29,721128,93,0.2716965642715301,0,0,False,False,False,False,False,Mycoplasma,2020-2022
GCA_020035355.1,Mycoplasma tauri,547987,PRJNA761560,SAMN21354940,2021,2021-09-18,Illumina MiSeq,Short,Contig,OK,Mycoplasma tauri,2026-09-29,727959,3,0.2699575113433586,0,0,False,False,False,False,False,Mycoplasma,2020-2022
GCA_020035375.1,Mycoplasma tauri,547987,PRJNA761560,SAMN21354938,2021,2021-09-18,Illumina MiSeq,Short,Contig,OK,Mycoplasma tauri,2026-09-29,758666,44,0.2703811690519939,1,1,True,False,False,False,True,Mycoplasma,2020-2022
GCA_020035415.1,Mycoplasma tauri,547987,PRJNA761560,SAMN21354937,2021,2021-09-18,Illumina MiSeq,Short,Contig,OK,Mycoplasma tauri,2026-09-29,724775,19,0.2704342727053223,0,0,False,False,False,False,False,Mycoplasma,2020-2022
GCA_020035425.1,Mycoplasma tauri,547987,PRJNA761560,SAMN21354935,2021,2021-09-18,Illumina MiSeq,Short,Contig,OK,Mycoplasma tauri,2026-09-29,736319,28,0.2706394918506788,0,0,False,False,False,False,False,Mycoplasma,2020-2022
GCA_020035435.1,Mycoplasma tauri,547987,PRJNA761560,SAMN21354936,2021,2021-09-18,Illumina MiSeq,Short,Contig,OK,Mycoplasma tauri,2026-09-29,717815,53,0.2714027987712711,1,0,True,False,False,False,True,Mycoplasma,2020-2022
GCA_020060005.1,Acholeplasmatales bacterium,2053494,PRJNA563685,SAMN18076624,2021,2021-09-20,Illumina HiSeq 2500,Short,Contig,Inconclusive,Acholeplasma equifetale,2026-09-29,1732568,23,0.3780030567342811,0,0,False,False,False,False,False,Acholeplasmatales,2020-2022
GCA_020312115.2,Candidatus Phytoplasma sp. AldY-WA1,2852100,PRJNA740265,SAMN19836676,2023,2023-06-07,Illumina MiSeq; Oxford Nanopore MinION,Hybrid,Contig,Inconclusive,Candidatus Phytoplasma stylosanthis,2026-09-29,943745,153,0.2279524659733296,0,3,False,False,False,False,False,Phytoplasma,2023-2026
GCA_020497585.1,Mycoplasma anserisalpingitidis,519450,PRJNA757899,SAMN20982331,2021,2021-10-14,Oxford Nanopore MiniION,Long,Complete Genome,OK,Mycoplasma anserisalpingitidis,2026-09-29,916353,1,0.2683452774203828,0,0,False,False,False,False,False,Mycoplasma,2020-2022
GCA_020497635.1,Mycoplasma anserisalpingitidis,519450,PRJNA602215,SAMN13885759,2021,2021-10-14,Oxford Nanopore MinION,Long,Complete Genome,OK,Mycoplasma anserisalpingitidis,2026-09-29,916347,1,0.268380864454186,0,0,False,False,False,False,False,Mycoplasma,2020-2022
GCA_020714625.1,Mulberry dwarf phytoplasma,186171,PRJNA773635,SAMN22502797,2021,2021-11-02,Illumina NovaSeq,Short,Complete Genome,Inconclusive,Candidatus Phytoplasma vignae,2026-09-29,622358,1,0.2908936657036625,0,0,False,False,False,False,False,Mulberry,2020-2022
GCA_021108415.1,Acholeplasmataceae bacterium,1898209,PRJNA758896,SAMN21083231,2021,2021-12-07,Illumina HiSeq,Short,Contig,Inconclusive,Mariniplasma anaerobium,2026-09-29,1783235,6,0.3047652160259304,0,0,False,False,False,False,False,Acholeplasmataceae,2020-2022
GCA_021162035.1,Candidatus Izemoplasma sp.,2979197,PRJNA713414,SAMN18353699,2021,2021-12-10,Illumina HiSeq,Short,Contig,Inconclusive,Candidatus Izemoplasma acidinucleici,2026-09-29,530975,119,0.2943114082583926,0,0,False,False,False,False,False,Izemoplasma,2020-2022
GCA_021209445.1,Acholeplasmataceae bacterium,1898209,PRJNA655112,SAMN23440118,2021,2021-12-14,IonTorrent,Unknown,Contig,Inconclusive,Acholeplasma oculi,2026-09-29,249175,47,0.3609110063208588,0,0,False,False,False,False,False,Acholeplasmataceae,2020-2022
GCA_021409605.1,Candidatus Moeniiplasma glomeromycotorum,1822367,PRJNA670049,SAMN16482783,2022,2022-01-10,Illumina HiSeq,Short,Contig,Inconclusive,[Mycoplasma] collis,2026-09-29,1506637,53,0.3267708147350689,0,0,False,False,False,False,False,Moeniiplasma,2020-2022
GCA_021409645.1,Candidatus Moeniiplasma glomeromycotorum,1822367,PRJNA670049,SAMN16482782,2022,2022-01-10,Illumina HiSeq,Short,Contig,Inconclusive,[Mycoplasma] collis,2026-09-29,1512906,54,0.3246050977390531,0,1,False,False,False,False,False,Moeniiplasma,2020-2022
GCA_021409665.1,Candidatus Moeniiplasma glomeromycotorum,1822367,PRJNA670049,SAMN16482781,2022,2022-01-10,Illumina HiSeq,Short,Contig,Inconclusive,[Mycoplasma] collis,2026-09-29,1544581,50,0.3255193479655647,0,0,False,False,False,False,False,Moeniiplasma,2020-2022
GCA_021409685.1,Candidatus Moeniiplasma glomeromycotorum,1822367,PRJNA670049,SAMN16482779,2022,2022-01-10,Illumina HiSeq,Short,Contig,Inconclusive,na,2026-09-29,555875,5,0.3303368563076231,0,0,False,False,False,False,False,Moeniiplasma,2020-2022
GCA_021409705.1,Candidatus Moeniiplasma glomeromycotorum,1822367,PRJNA670049,SAMN16482780,2022,2022-01-10,Illumina HiSeq,Short,Contig,Inconclusive,na,2026-09-29,500669,7,0.3304298848141187,0,0,False,False,False,False,False,Moeniiplasma,2020-2022
GCA_021409725.1,Candidatus Moeniiplasma glomeromycotorum,1822367,PRJNA670049,SAMN16482777,2022,2022-01-10,Illumina HiSeq,Short,Contig,Inconclusive,na,2026-09-29,565759,7,0.3301069890182922,0,0,False,False,False,False,False,Moeniiplasma,2020-2022
GCA_021409745.1,Candidatus Moeniiplasma glomeromycotorum,1822367,PRJNA670049,SAMN16482778,2022,2022-01-10,Illumina HiSeq,Short,Contig,Inconclusive,na,2026-09-29,507735,6,0.3305996238195121,0,0,False,False,False,False,False,Moeniiplasma,2020-2022
GCA_021496725.1,Spiroplasma platyhelix PALS-1,1276218,PRJNA184742,SAMN04274829,2022,2022-01-18,Illumina MiSeq,Short,Complete Genome,OK,Spiroplasma platyhelix,2026-09-29,744499,1,0.2866491425777603,0,0,False,False,False,False,False,Spiroplasma,2020-2022
GCA_021623605.1,Mycoplasma sp.,2108,PRJNA678454,SAMN23482915,2022,2022-01-26,Illumina HiSeq,Short,Scaffold,Inconclusive,Allocoprobacillus halotolerans,2026-09-29,1270779,386,0.2971358513163972,0,0,False,False,False,False,False,Mycoplasma,2020-2022
GCA_021628585.1,Mycoplasma sp.,2108,PRJNA678454,SAMN23483868,2022,2022-01-26,Oxford Nanopore MinION; Illumina HiSeq,Hybrid,Contig,Inconclusive,Oceanotoga teriensis,2026-09-29,1174805,3,0.2530224164861402,0,0,False,False,False,False,False,Mycoplasma,2020-2022
GCA_021628625.1,Mollicutes bacterium,37628,PRJNA678454,SAMN23483864,2022,2022-01-26,Oxford Nanopore MinION; Illumina HiSeq,Hybrid,Contig,Inconclusive,Clostridium thermobutyricum,2026-09-29,1682780,2,0.2807063311900545,0,0,False,False,False,False,False,Mollicutes,2020-2022
GCA_021633105.1,Mycoplasma sp.,2108,PRJNA678454,SAMN23483306,2022,2022-01-26,Illumina HiSeq,Short,Scaffold,Inconclusive,Fusobacterium hwasookii,2026-09-29,1014080,74,0.2419690754181129,0,0,False,False,False,False,False,Mycoplasma,2020-2022
GCA_021736205.1,Candidatus Izemoplasma sp.,2979197,PRJNA639779,SAMN21020558,2022,2022-01-31,Illumina HiSeq,Short,Contig,Inconclusive,Candidatus Xianfuyuplasma coldseepsis,2026-09-29,1561127,58,0.3210911091794581,0,0,False,False,False,False,False,Izemoplasma,2020-2022
GCA_021736285.1,Candidatus Izemoplasma sp.,2979197,PRJNA639779,SAMN21020513,2022,2022-01-31,Illumina HiSeq,Short,Contig,Inconclusive,Candidatus Xianfuyuplasma coldseepsis,2026-09-29,1058842,110,0.3464804002863506,0,0,False,False,False,False,False,Izemoplasma,2020-2022
GCA_021736305.1,Candidatus Izemoplasma sp.,2979197,PRJNA639779,SAMN21020512,2022,2022-01-31,Illumina HiSeq,Short,Contig,Inconclusive,Hujiaoplasma nucleasis,2026-09-29,1516644,83,0.2909588538905636,0,0,False,False,False,False,False,Izemoplasma,2020-2022
GCA_021736325.1,Acholeplasmataceae bacterium,1898209,PRJNA639779,SAMN21020453,2022,2022-01-31,Illumina HiSeq,Short,Contig,Inconclusive,Paracholeplasma morum,2026-09-29,1791246,105,0.4724811667409166,0,0,False,False,False,False,False,Acholeplasmataceae,2020-2022
GCA_021736335.1,Acholeplasmataceae bacterium,1898209,PRJNA639779,SAMN21020393,2022,2022-01-31,Illumina HiSeq,Short,Contig,Inconclusive,Haploplasma axanthum,2026-09-29,1750054,99,0.3334731385431535,0,0,False,False,False,False,False,Acholeplasmataceae,2020-2022
GCA_022058185.1,Candidatus Phytoplasma ziziphi,135727,PRJNA801779,SAMN25388284,2022,2022-02-08,Oxford Nanopore GridION,Long,Complete Genome,Inconclusive,Candidatus Phytoplasma stylosanthis,2026-09-29,764108,1,0.232257743669743,0,0,False,False,False,False,False,Phytoplasma,2020-2022
GCA_022343605.1,Candidatus Phytoplasma mali,37692,PRJNA804530,SAMN25756516,2022,2022-02-19,Illumina,Short,Contig,Inconclusive,Candidatus Phytoplasma stylosanthis,2026-09-29,518942,2052,0.2241078964508557,0,3,False,False,False,False,False,Phytoplasma,2020-2022
GCA_022569815.1,Spiroplasma poulsonii,2138,PRJNA640980,SAMN15339383,2022,2022-03-15,Oxford Nanopore MinION; Illumina HiSeq,Hybrid,Complete Genome,Inconclusive,Spiroplasma phoeniceum,2026-09-29,1723507,6,0.2763777576766442,0,0,False,False,False,False,False,Spiroplasma,2020-2022
GCA_022712415.1,Spiroplasma sp.,2135,PRJNA801070,SAMN26087348,2022,2022-03-28,Illumina NextSeq,Short,Contig,Inconclusive,Spiroplasma tabanidicola,2026-09-29,796909,81,0.350060044496925,0,0,False,False,False,False,False,Spiroplasma,2020-2022
GCA_022712555.1,Spiroplasma sp.,2135,PRJNA801070,SAMN26087346,2022,2022-03-28,Illumina NextSeq,Short,Contig,Inconclusive,Spiroplasma tabanidicola,2026-09-29,1242809,272,0.4103985407250832,0,20,False,False,False,False,False,Spiroplasma,2020-2022
GCA_022716915.1,Mycoplasmataceae bacterium,2685873,PRJNA747761,SAMN20301015,2022,2022-03-28,Illumina HiSeq,Short,Contig,Inconclusive,Ureaplasma zalophigenitalium,2026-09-29,810065,129,0.3184114854980773,0,12,False,False,False,False,False,Mycoplasmataceae,2020-2022
GCA_022717615.1,Mycoplasmataceae bacterium,2685873,PRJNA747761,SAMN20300980,2022,2022-03-28,Illumina HiSeq,Short,Contig,Inconclusive,Faecalibacillus faecis,2026-09-29,617884,77,0.2956202135028581,0,2,False,False,False,False,False,Mycoplasmataceae,2020-2022
GCA_022717815.1,Mollicutes bacterium,37628,PRJNA747761,SAMN20300970,2022,2022-03-28,Illumina HiSeq,Short,Contig,Inconclusive,Staphylococcus durrellii,2026-09-29,1010323,131,0.3312346645577701,0,32,False,False,False,False,False,Mollicutes,2020-2022
GCA_022718095.1,Mollicutes bacterium,37628,PRJNA747761,SAMN20300956,2022,2022-03-28,Illumina HiSeq,Short,Contig,Inconclusive,Staphylococcus petrasii,2026-09-29,835493,94,0.3028762658693729,0,0,False,False,False,False,False,Mollicutes,2020-2022
GCA_022727955.1,Mycoplasmataceae bacterium,2685873,PRJNA747761,SAMN20301521,2022,2022-03-28,Illumina HiSeq,Short,Contig,Inconclusive,Ureaplasma zalophigenitalium,2026-09-29,611228,26,0.2984990870837068,0,6,False,False,False,False,False,Mycoplasmataceae,2020-2022
GCA_022730835.1,Mollicutes bacterium,37628,PRJNA747761,SAMN20302256,2022,2022-03-28,Illumina HiSeq,Short,Contig,Inconclusive,Faecalibacillus intestinalis,2026-09-29,519595,231,0.3629076492268016,0,24,False,False,False,False,False,Mollicutes,2020-2022
GCA_022733275.1,Mollicutes bacterium,37628,PRJNA747761,SAMN20302133,2022,2022-03-28,Illumina HiSeq,Short,Contig,Inconclusive,Faecalibacillus intestinalis,2026-09-29,771714,89,0.3042266953819679,0,1,False,False,False,False,False,Mollicutes,2020-2022
GCA_022742945.1,Mollicutes bacterium,37628,PRJNA747761,SAMN20301223,2022,2022-03-28,Illumina HiSeq,Short,Contig,Inconclusive,Mycoplasma cottewii,2026-09-29,865104,67,0.303005187815569,0,3,False,False,False,False,False,Mollicutes,2020-2022
GCA_022745575.1,Mycoplasmataceae bacterium,2685873,PRJNA747761,SAMN20301424,2022,2022-03-28,Illumina HiSeq,Short,Contig,Inconclusive,Ureaplasma zalophigenitalium,2026-09-29,498737,213,0.3326462644640361,0,26,False,False,False,False,False,Mycoplasmataceae,2020-2022
GCA_022745665.1,Mollicutes bacterium,37628,PRJNA747761,SAMN20301363,2022,2022-03-28,Illumina HiSeq,Short,Contig,Inconclusive,[Clostridium] ammoniilyticum,2026-09-29,981098,242,0.3247249510242606,0,6,False,False,False,False,False,Mollicutes,2020-2022
GCA_022745795.1,Mycoplasmataceae bacterium,2685873,PRJNA747761,SAMN20301349,2022,2022-03-28,Illumina HiSeq,Short,Contig,Inconclusive,Ureaplasma parvum,2026-09-29,490943,152,0.290137551609861,0,3,False,False,False,False,False,Mycoplasmataceae,2020-2022
GCA_022746855.1,Mycoplasmataceae bacterium,2685873,PRJNA747761,SAMN20301175,2022,2022-03-28,Illumina HiSeq,Short,Contig,Inconclusive,Ureaplasma zalophigenitalium,2026-09-29,585412,18,0.2829579851455043,0,0,False,False,False,False,False,Mycoplasmataceae,2020-2022
GCA_022763865.1,Mollicutes bacterium,37628,PRJNA629856,SAMN26525475,2022,2022-03-31,Illumina NovaSeq,Short,Contig,Inconclusive,Marinitoga litoralis,2026-09-29,1482012,159,0.2724573080379916,0,0,False,False,False,False,False,Mollicutes,2020-2022
GCA_022766465.1,Acholeplasma sp.,33015,PRJNA629856,SAMN26525411,2022,2022-03-31,Illumina NovaSeq,Short,Contig,Inconclusive,na,2026-09-29,1060669,52,0.2600170269895698,0,0,False,False,False,False,False,Acholeplasma,2020-2022
GCA_022767655.1,Acholeplasmatales bacterium,2053494,PRJNA629856,SAMN26525353,2022,2022-03-31,Illumina NovaSeq,Short,Contig,Inconclusive,Thomasclavelia spiroformis,2026-09-29,1453586,64,0.295057189598689,0,0,False,False,False,False,False,Acholeplasmatales,2020-2022
GCA_022768655.1,Anaeroplasma sp.,1872523,PRJNA629856,SAMN26525458,2022,2022-03-31,Illumina NovaSeq,Short,Contig,Inconclusive,Anaeroplasma bactoclasticum,2026-09-29,1975334,228,0.2881264636765225,0,43,False,False,False,False,False,Anaeroplasma,2020-2022
GCA_022769765.1,Acholeplasmataceae bacterium,1898209,PRJNA629856,SAMN26525275,2022,2022-03-31,Illumina NovaSeq,Short,Contig,Inconclusive,Clostridium mediterraneense,2026-09-29,1616847,37,0.2737117364846519,0,0,False,False,False,False,False,Acholeplasmataceae,2020-2022
GCA_022772225.1,Mollicutes bacterium,37628,PRJNA629856,SAMN26525723,2022,2022-03-31,Illumina NovaSeq,Short,Contig,Inconclusive,Clostridium chrysemydis,2026-09-29,1672385,5,0.3504462190225337,0,0,False,False,False,False,False,Mollicutes,2020-2022
GCA_022773805.1,Mollicutes bacterium,37628,PRJNA629856,SAMN26526070,2022,2022-04-01,Illumina NovaSeq,Short,Contig,Inconclusive,na,2026-09-29,1492795,119,0.4205781771777103,0,0,False,False,False,False,False,Mollicutes,2020-2022
GCA_022774555.1,Mollicutes bacterium,37628,PRJNA629856,SAMN26526022,2022,2022-04-01,Illumina NovaSeq,Short,Contig,Inconclusive,na,2026-09-29,1478699,119,0.3859250597991883,0,0,False,False,False,False,False,Mollicutes,2020-2022
GCA_022774605.1,Mollicutes bacterium,37628,PRJNA629856,SAMN26526021,2022,2022-04-01,Illumina NovaSeq,Short,Contig,Inconclusive,Longibaculum muris,2026-09-29,1464672,155,0.3519279401804636,0,0,False,False,False,False,False,Mollicutes,2020-2022
GCA_022779105.1,Mollicutes bacterium,37628,PRJNA629856,SAMN26526174,2022,2022-04-01,Illumina NovaSeq,Short,Contig,Inconclusive,Clostridium lentum,2026-09-29,1277865,135,0.2695832501868351,0,0,False,False,False,False,False,Mollicutes,2020-2022
GCA_022779965.1,Mollicutes bacterium,37628,PRJNA629856,SAMN26525660,2022,2022-04-01,Illumina NovaSeq,Short,Contig,Inconclusive,Segatella copri,2026-09-29,1401935,212,0.4193967623320624,0,0,False,False,False,False,False,Mollicutes,2020-2022
GCA_022780025.1,Mollicutes bacterium,37628,PRJNA629856,SAMN26525655,2022,2022-04-01,Illumina NovaSeq,Short,Contig,Inconclusive,na,2026-09-29,1427138,82,0.2601773619649957,0,0,False,False,False,False,False,Mollicutes,2020-2022
GCA_022780525.1,Mollicutes bacterium,37628,PRJNA629856,SAMN26525582,2022,2022-04-01,Illumina NovaSeq,Short,Contig,Inconclusive,Clostridium lentum,2026-09-29,1114642,145,0.2716935123564337,0,0,False,False,False,False,False,Mollicutes,2020-2022
GCA_022780565.1,Mollicutes bacterium,37628,PRJNA629856,SAMN26525594,2022,2022-04-01,Illumina NovaSeq,Short,Contig,Inconclusive,Fusobacterium nucleatum,2026-09-29,1146755,118,0.2680494089844823,0,0,False,False,False,False,False,Mollicutes,2020-2022
GCA_022781545.1,Mollicutes bacterium,37628,PRJNA629856,SAMN26525544,2022,2022-04-01,Illumina NovaSeq,Short,Contig,Inconclusive,Clostridium moniliforme,2026-09-29,1653051,74,0.2971469119827519,0,0,False,False,False,False,False,Mollicutes,2020-2022
GCA_022782935.1,Mollicutes bacterium,37628,PRJNA629856,SAMN26526042,2022,2022-04-01,Illumina NovaSeq,Short,Contig,Inconclusive,Mycoplasma feriruminatoris,2026-09-29,1204165,144,0.2663281194852865,0,0,False,False,False,False,False,Mollicutes,2020-2022
GCA_022784165.1,Mollicutes bacterium,37628,PRJNA629856,SAMN26927348,2022,2022-04-01,Illumina NovaSeq,Short,Contig,Inconclusive,na,2026-09-29,1265033,21,0.2578359615915158,0,0,False,False,False,False,False,Mollicutes,2020-2022
GCA_022784745.1,Mollicutes bacterium,37628,PRJNA629856,SAMN26927446,2022,2022-04-01,Illumina NovaSeq,Short,Contig,Inconclusive,Clostridium tarantellae,2026-09-29,1092794,79,0.2675032988834126,0,0,False,False,False,False,False,Mollicutes,2020-2022
GCA_022785685.1,Mollicutes bacterium,37628,PRJNA629856,SAMN26526117,2022,2022-04-01,Illumina NovaSeq,Short,Contig,Inconclusive,na,2026-09-29,1317479,135,0.2694365526888854,0,0,False,False,False,False,False,Mollicutes,2020-2022
GCA_022787065.1,Mollicutes bacterium,37628,PRJNA629856,SAMN26927429,2022,2022-04-01,Illumina NovaSeq,Short,Contig,Inconclusive,na,2026-09-29,1585297,164,0.2708142385937777,0,0,False,False,False,False,False,Mollicutes,2020-2022
GCA_022787845.1,Mollicutes bacterium,37628,PRJNA629856,SAMN26525614,2022,2022-04-01,Illumina NovaSeq,Short,Contig,Inconclusive,na,2026-09-29,1482907,134,0.4218531573456731,0,0,False,False,False,False,False,Mollicutes,2020-2022
GCA_022788045.1,Mollicutes bacterium,37628,PRJNA629856,SAMN26525605,2022,2022-04-01,Illumina NovaSeq,Short,Contig,Inconclusive,Sarcina ventriculi,2026-09-29,1196483,135,0.2684317286580753,0,0,False,False,False,False,False,Mollicutes,2020-2022
GCA_022798355.1,Acholeplasmatales bacterium,2053494,PRJNA603829,SAMN14273803,2022,2022-04-01,Illumina NovaSeq,Short,Contig,Inconclusive,na,2026-09-29,1842852,39,0.3205922125053992,0,0,False,False,False,False,False,Acholeplasmatales,2020-2022
GCA_022804815.1,Acholeplasmatales bacterium,2053494,PRJNA603829,SAMN14273804,2022,2022-04-01,Illumina NovaSeq,Short,Contig,Inconclusive,Clostridium tepidum,2026-09-29,1922188,55,0.3212193604371685,0,1,False,False,False,False,False,Acholeplasmatales,2020-2022
GCA_022838575.1,Acholeplasmataceae bacterium,1898209,PRJNA818325,SAMN26856739,2022,2022-04-08,Illumina HiSeq,Short,Scaffold,Inconclusive,na,2026-09-29,1097671,66,0.3081533537826908,0,1,False,False,False,False,False,Acholeplasmataceae,2020-2022
GCA_022839325.1,Acholeplasmataceae bacterium,1898209,PRJNA818325,SAMN26856711,2022,2022-04-08,Illumina HiSeq,Short,Scaffold,Inconclusive,Xylanivirga thermophila,2026-09-29,1385663,143,0.3087020437148138,0,4,False,False,False,False,False,Acholeplasmataceae,2020-2022
GCA_023141095.1,Candidatus Izemoplasma sp.,2979197,PRJNA707313,SAMN18451976,2022,2022-04-26,Illumina HiSeq,Short,Contig,Inconclusive,Candidatus Izemoplasma acidinucleici,2026-09-29,1036420,302,0.3045464194052604,0,0,False,False,False,False,False,Izemoplasma,2020-2022
GCA_023145175.1,Candidatus Izemoplasma sp.,2979197,PRJNA707313,SAMN18451403,2022,2022-04-26,Illumina HiSeq,Short,Contig,Inconclusive,Haploplasma modicum,2026-09-29,1061125,353,0.3039679585345741,0,0,False,False,False,False,False,Izemoplasma,2020-2022
GCA_023145415.1,Mycoplasmataceae bacterium,2685873,PRJNA707313,SAMN18451390,2022,2022-04-26,Illumina HiSeq,Short,Contig,Inconclusive,[Mycoplasma] collis,2026-09-29,499920,161,0.3172607617218755,0,2,False,False,False,False,False,Mycoplasmataceae,2020-2022
GCA_023146155.1,Mycoplasmataceae bacterium,2685873,PRJNA707313,SAMN18451358,2022,2022-04-27,Illumina HiSeq,Short,Contig,Inconclusive,na,2026-09-29,1049696,320,0.3031458631832454,0,4,False,False,False,False,False,Mycoplasmataceae,2020-2022
GCA_023146625.1,Mycoplasmataceae bacterium,2685873,PRJNA707313,SAMN18451336,2022,2022-04-27,Illumina HiSeq,Short,Contig,Inconclusive,Candidatus Mycoplasma mahonii,2026-09-29,401101,113,0.3178077342115826,0,0,False,False,False,False,False,Mycoplasmataceae,2020-2022
GCA_023195465.1,Mycoplasma capricolum subsp. capricolum,40479,PRJNA828459,SAMN27670618,2022,2022-04-30,Illumina,Short,Scaffold,OK,Mycoplasma capricolum,2026-09-29,960401,93,0.2381026258823137,0,2,False,False,False,False,False,Mycoplasma,2020-2022
GCA_023228755.1,Acholeplasmataceae bacterium,1898209,PRJNA823399,SAMN27301887,2022,2022-05-03,Illumina HiSeq,Short,Contig,Inconclusive,Seramator thermalis,2026-09-29,1089986,171,0.3346758582220322,0,0,False,False,False,False,False,Acholeplasmataceae,2020-2022
GCA_023229195.1,Acholeplasmataceae bacterium,1898209,PRJNA823399,SAMN27301865,2022,2022-05-03,Illumina HiSeq,Short,Contig,Inconclusive,na,2026-09-29,1479707,57,0.3164646784802667,0,5,False,False,False,False,False,Acholeplasmataceae,2020-2022
GCA_023230365.1,Acholeplasmataceae bacterium,1898209,PRJNA823399,SAMN27301807,2022,2022-05-03,Illumina HiSeq,Short,Contig,Inconclusive,na,2026-09-29,1384954,55,0.3119619857410426,0,1,False,False,False,False,False,Acholeplasmataceae,2020-2022
GCA_023230745.1,Acholeplasmataceae bacterium,1898209,PRJNA823399,SAMN27301788,2022,2022-05-03,Illumina HiSeq,Short,Contig,Inconclusive,Arcobacter caeni,2026-09-29,1221626,141,0.3139905339277324,0,0,False,False,False,False,False,Acholeplasmataceae,2020-2022
GCA_023230825.1,Acholeplasmataceae bacterium,1898209,PRJNA823399,SAMN27301783,2022,2022-05-03,Illumina HiSeq,Short,Contig,Inconclusive,Peloplasma aerotolerans,2026-09-29,1901248,193,0.3593849934358905,0,2,False,False,False,False,False,Acholeplasmataceae,2020-2022
GCA_023231385.1,Acholeplasmataceae bacterium,1898209,PRJNA823399,SAMN27301753,2022,2022-05-03,Illumina HiSeq,Short,Contig,Inconclusive,Clostridium bornimense,2026-09-29,1268761,82,0.3141978670529753,0,2,False,False,False,False,False,Acholeplasmataceae,2020-2022
GCA_023249455.1,Mycoplasmataceae bacterium,2685873,PRJNA699054,SAMN19017181,2022,2022-05-06,Illumina HiSeq,Short,Scaffold,Inconclusive,Mycoplasmopsis cricetuli,2026-09-29,353071,104,0.2491538529077721,0,1,False,False,False,False,False,Mycoplasmataceae,2020-2022
GCA_023254895.1,Acholeplasmataceae bacterium,1898209,PRJNA730330,SAMN27177010,2022,2022-05-06,Illumina NovaSeq,Short,Contig,Inconclusive,Mariniplasma anaerobium,2026-09-29,604838,193,0.3301280673502657,1,0,True,False,False,False,True,Acholeplasmataceae,2020-2022
GCA_023264085.1,Acholeplasmataceae bacterium,1898209,PRJNA730330,SAMN27163604,2022,2022-05-06,Illumina NovaSeq,Short,Contig,Inconclusive,Acholeplasma laidlawii,2026-09-29,907189,88,0.3310159184028907,0,0,False,False,False,False,False,Acholeplasmataceae,2020-2022
GCA_023269015.1,Acholeplasmataceae bacterium,1898209,PRJNA730330,SAMN27177000,2022,2022-05-06,Illumina NovaSeq,Short,Contig,Inconclusive,Mariniplasma anaerobium,2026-09-29,638686,152,0.3354042518545889,1,0,True,False,False,False,True,Acholeplasmataceae,2020-2022
GCA_023509825.1,Spiroplasma attinicola,2904537,PRJNA762720,SAMN23742857,2022,2022-05-19,Illumina MiSeq,Short,Contig,OK,Spiroplasma attinicola,2026-09-29,835706,4,0.2569563937556988,0,1,False,False,False,False,False,Spiroplasma,2020-2022
GCA_023566085.1,Spiroplasma attinicola,2904537,PRJNA762720,SAMN23742859,2022,2022-05-27,Illumina MiSeq,Short,Contig,OK,Spiroplasma attinicola,2026-09-29,884052,5,0.2576737567473406,0,2,False,False,True,False,False,Spiroplasma,2020-2022
GCA_023566095.1,Spiroplasma attinicola,2904537,PRJNA762720,SAMN23742858,2022,2022-05-27,Illumina MiSeq,Short,Contig,OK,Spiroplasma platyhelix,2026-09-29,872740,7,0.2548972202488713,0,0,False,False,False,False,False,Spiroplasma,2020-2022
GCA_023566145.1,Mesoplasma whartonense,2878854,PRJNA762720,SAMN21844336,2022,2022-05-27,Illumina MiSeq,Short,Contig,OK,Mesoplasma whartonense,2026-09-29,765176,7,0.3270110405971959,0,1,False,False,False,False,False,Mesoplasma,2020-2022
GCA_023566245.1,Mesoplasma whartonense,2878854,PRJNA762720,SAMN21844335,2022,2022-05-27,Illumina MiSeq,Short,Contig,OK,Mesoplasma whartonense,2026-09-29,762874,7,0.3269858456311265,0,1,False,False,False,False,False,Mesoplasma,2020-2022
GCA_023566275.1,Mesoplasma whartonense,2878854,PRJNA762720,SAMN21844334,2022,2022-05-27,Illumina MiSeq,Short,Contig,OK,Mesoplasma whartonense,2026-09-29,767977,4,0.3278613812653243,0,0,False,False,False,False,False,Mesoplasma,2020-2022
GCA_023566295.1,Mesoplasma whartonense,2878854,PRJNA762720,SAMN21844333,2022,2022-05-27,Illumina MiSeq,Short,Contig,OK,Mesoplasma whartonense,2026-09-29,769577,5,0.3273863434068326,0,1,False,False,False,False,False,Mesoplasma,2020-2022
GCA_023566315.1,Mesoplasma whartonense,2878854,PRJNA762720,SAMN21844332,2022,2022-05-27,Illumina MiSeq,Short,Contig,OK,Williamsoniiplasma somnilux,2026-09-29,786541,6,0.3267839820174663,0,1,False,False,False,False,False,Mesoplasma,2020-2022
GCA_023566335.1,Mesoplasma whartonense,2878854,PRJNA762720,SAMN21844331,2022,2022-05-27,Illumina MiSeq,Short,Contig,OK,Mesoplasma whartonense,2026-09-29,770321,4,0.3278737045984726,0,0,False,False,False,False,False,Mesoplasma,2020-2022
GCA_023566355.1,Mesoplasma whartonense,2878854,PRJNA762720,SAMN21844330,2022,2022-05-27,Illumina MiSeq,Short,Contig,OK,Mesoplasma whartonense,2026-09-29,767909,4,0.3278617648705771,0,0,False,False,False,False,False,Mesoplasma,2020-2022
GCA_023566375.1,Mesoplasma whartonense,2878854,PRJNA762720,SAMN21844329,2022,2022-05-27,Illumina MiSeq,Short,Contig,OK,Mesoplasma whartonense,2026-09-29,769567,5,0.3273776032496195,0,1,False,False,False,False,False,Mesoplasma,2020-2022
GCA_023566395.1,Mesoplasma lactucae ATCC 49193,81460,PRJNA762720,SAMN21844328,2022,2022-05-27,Illumina MiSeq,Short,Contig,OK,Mesoplasma lactucae,2026-09-29,825483,7,0.2963307542372163,0,1,False,False,False,False,False,Mesoplasma,2020-2022
GCA_023612375.1,Mycoplasma sp. SG1,2810348,PRJNA699893,SAMN17814272,2022,2022-05-31,PacBio RSII; Illumina MiSeq,Hybrid,Chromosome,Inconclusive,Spiroplasma taiwanense,2026-09-29,622852,1,0.2577402015245997,0,0,False,False,False,False,False,Mycoplasma,2020-2022
GCA_023663825.1,Anaeroplasma bactoclasticum,2088,PRJNA833303,SAMN18820380,2022,2022-06-07,Illumina HiSeq,Short,Contig,Inconclusive,Anaeroplasma bactoclasticum,2026-09-29,2064325,98,0.3149431412204958,0,0,False,False,False,False,False,Anaeroplasma,2020-2022
GCA_023667245.1,Anaeroplasma bactoclasticum,2088,PRJNA833303,SAMN18820541,2022,2022-06-07,Illumina HiSeq,Short,Scaffold,Inconclusive,Fusobacterium hwasookii,2026-09-29,1631467,65,0.3275493773395355,0,0,False,False,False,False,False,Anaeroplasma,2020-2022
GCA_023667685.1,Anaeroplasma bactoclasticum,2088,PRJNA833303,SAMN18820555,2022,2022-06-07,Illumina HiSeq,Short,Scaffold,Inconclusive,Anaeroplasma bactoclasticum,2026-09-29,2308047,96,0.3138116338185487,0,0,False,False,False,False,False,Anaeroplasma,2020-2022
GCA_023846195.1,Spiroplasma endosymbiont of Lariophagus distinguendus,2935082,PRJNA826431,SAMN27670553,2022,2022-06-22,Illumina HiSeq; Oxford Nanopore MinION,Hybrid,Contig,Inconclusive,Spiroplasma floricola,2026-09-29,1163832,198,0.2427145842355254,0,0,False,False,False,False,False,Spiroplasma,2020-2022
GCA_023934045.1,Candidatus Phytoplasma vitis,131152,PRJNA838420,SAMN28422185,2022,2022-06-27,Oxford Nanopore and Illumina,Hybrid,Complete Genome,Inconclusive,Candidatus Phytoplasma stylosanthis,2026-09-29,654223,1,0.2173708353267922,0,0,False,False,False,False,False,Phytoplasma,2020-2022
GCA_024244685.1,Mycoplasma sp.,2108,PRJNA503328,SAMN13632625,2022,2022-07-12,Illumina HiSeq,Short,Contig,Inconclusive,[Mycoplasma] collis,2026-09-29,1210535,387,0.304401772769891,0,32,False,False,False,False,False,Mycoplasma,2020-2022
GCA_024338845.1,Mycoplasma bradburyae,2963128,PRJNA857427,SAMN29625309,2022,2022-07-20,Oxford Nanopore MinION; Illumina MiSeq,Hybrid,Complete Genome,OK,Mycoplasma bradburyae,2026-09-29,981938,1,0.2838814670580016,0,0,False,False,False,False,False,Mycoplasma,2020-2022
GCA_024339025.1,Mycoplasma bradburyae,2963128,PRJNA857429,SAMN29625316,2022,2022-07-20,Oxford Nanopore MinION; Illumina MiSeq,Hybrid,Complete Genome,OK,Mycoplasma bradburyae,2026-09-29,971445,1,0.2843557792772622,0,0,False,False,False,False,False,Mycoplasma,2020-2022
GCA_024425255.1,Candidatus Phytoplasma australasiaticum subsp. australasiaticum,2832407,PRJNA831585,SAMN27755119,2022,2022-07-25,Illumina NovaSeq,Short,Scaffold,OK,Candidatus Phytoplasma australasiaticum,2026-09-29,560297,31,0.2384895867727294,0,4,False,False,False,False,False,Phytoplasma,2020-2022
GCA_024425275.1,Candidatus Phytoplasma australasiaticum subsp. ipomoeae,101513,PRJNA831585,SAMN27755121,2022,2022-07-25,Illumina NovaSeq,Short,Scaffold,OK,Candidatus Phytoplasma australasiaticum,2026-09-29,558234,30,0.236698230491156,0,2,False,False,False,False,False,Phytoplasma,2020-2022
GCA_024582675.1,Mycoplasma sp. 1018B,2967302,PRJNA861820,SAMN29927644,2022,2022-08-07,Oxford Nanopore MinION; Illumina MiSeq,Hybrid,Complete Genome,Inconclusive,Mycoplasmopsis meleagridis,2026-09-29,687102,1,0.2327834877499992,0,0,False,False,False,False,False,Mycoplasma,2020-2022
GCA_024582695.1,Mycoplasma sp. 1578d,2967299,PRJNA861816,SAMN29927641,2022,2022-08-07,Oxford Nanopore MinION; Illumina MiSeq,Hybrid,Complete Genome,Inconclusive,Mycoplasmopsis citelli,2026-09-29,893515,1,0.2918160299491334,0,0,False,False,False,False,False,Mycoplasma,2020-2022
GCA_024582715.1,Mycoplasma sp. 2045,2967301,PRJNA861819,SAMN29927643,2022,2022-08-07,Oxford Nanopore MinION; Illumina MiSeq,Hybrid,Complete Genome,OK,Mycoplasma haliaeeti,2026-09-29,765084,1,0.2887068609459876,0,0,False,False,False,False,False,Mycoplasma,2020-2022
GCA_024582775.1,Mycoplasma sp. 3686d,2967300,PRJNA861817,SAMN29927642,2022,2022-08-07,Oxford Nanopore MinION; Illumina MiSeq,Hybrid,Complete Genome,Inconclusive,Mycoplasmopsis citelli,2026-09-29,969795,1,0.2885929500564552,0,0,False,False,False,False,False,Mycoplasma,2020-2022
GCA_024586395.1,Candidatus Phytoplasma pruni,479893,PRJNA857992,SAMN29999457,2022,2022-08-08,Illumina HiSeq,Short,Scaffold,Inconclusive,Candidatus Phytoplasma crotalariae,2026-09-29,588767,14,0.2703870971029287,0,0,False,False,False,False,False,Phytoplasma,2020-2022
GCA_024621845.1,Haploplasma modicum,2150,PRJNA856981,SAMN29598269,2022,2022-08-10,Illumina HiSeq,Short,Scaffold,OK,Haploplasma modicum,2026-09-29,989489,67,0.2800637500770599,0,1,False,False,False,False,False,Haploplasma,2020-2022
GCA_024681175.1,Acholeplasmatales bacterium,2053494,PRJNA746430,SAMN20247289,2022,2022-08-15,Illumina HiSeq,Short,Contig,Inconclusive,Anaeroplasma bactoclasticum,2026-09-29,1582297,295,0.2736407893082019,0,0,False,False,False,False,False,Acholeplasmatales,2020-2022
GCA_024690445.1,Acholeplasmatales bacterium,2053494,PRJNA746430,SAMN20247057,2022,2022-08-15,Illumina HiSeq,Short,Contig,Inconclusive,Anaeroplasma bactoclasticum,2026-09-29,1346931,130,0.2974666111330127,0,0,False,False,False,False,False,Acholeplasmatales,2020-2022
GCA_024695025.1,Acholeplasmatales bacterium,2053494,PRJNA746430,SAMN20246896,2022,2022-08-15,Illumina HiSeq,Short,Contig,Inconclusive,Clostridium tepidum,2026-09-29,1653443,178,0.2870797481376739,0,0,False,False,False,False,False,Acholeplasmatales,2020-2022
GCA_024696565.1,Acholeplasmatales bacterium,2053494,PRJNA746430,SAMN20246837,2022,2022-08-15,Illumina HiSeq,Short,Contig,Inconclusive,Anaeroplasma bactoclasticum,2026-09-29,1277435,259,0.2963313201845886,0,0,False,False,False,False,False,Acholeplasmatales,2020-2022
GCA_024697825.1,Acholeplasmatales bacterium,2053494,PRJNA746430,SAMN20246783,2022,2022-08-15,Illumina HiSeq,Short,Contig,Inconclusive,Anaeroplasma bactoclasticum,2026-09-29,1912483,142,0.3254125657587544,0,0,False,False,False,False,False,Acholeplasmatales,2020-2022
GCA_024698125.1,Acholeplasmatales bacterium,2053494,PRJNA746430,SAMN20247122,2022,2022-08-15,Illumina HiSeq,Short,Contig,Inconclusive,Anaeroplasma bactoclasticum,2026-09-29,1502998,120,0.3362426297307115,0,0,False,False,False,False,False,Acholeplasmatales,2020-2022
GCA_024698905.1,Acholeplasmatales bacterium,2053494,PRJNA746430,SAMN20247095,2022,2022-08-15,Illumina HiSeq,Short,Contig,Inconclusive,Anaeroplasma bactoclasticum,2026-09-29,1542164,177,0.2888097504545561,0,0,False,False,False,False,False,Acholeplasmatales,2020-2022
GCA_024709245.1,Acholeplasmataceae bacterium,1898209,PRJNA848245,SAMN28993224,2022,2022-08-18,Illumina NextSeq,Short,Contig,Inconclusive,Haploplasma modicum,2026-09-29,1540826,126,0.3889394389762374,0,0,False,False,False,False,False,Acholeplasmataceae,2020-2022
GCA_024709405.1,Acholeplasmataceae bacterium,1898209,PRJNA848245,SAMN28993216,2022,2022-08-18,Illumina NextSeq,Short,Contig,Inconclusive,Paracholeplasma manati,2026-09-29,1608218,142,0.3921427318933129,0,6,False,False,False,False,False,Acholeplasmataceae,2020-2022
GCA_024710645.1,Acholeplasmataceae bacterium,1898209,PRJNA848245,SAMN28990830,2022,2022-08-18,Illumina NextSeq,Short,Contig,Inconclusive,Paracholeplasma manati,2026-09-29,1538557,124,0.387422760417716,0,0,False,False,False,False,False,Acholeplasmataceae,2020-2022
GCA_024721275.1,Mycoplasma sp.,2108,PRJNA813845,SAMN28071671,2022,2022-08-19,Illumina NovaSeq,Short,Contig,Inconclusive,Mycoplasmopsis arginini,2026-09-29,613534,2,0.2617002480710115,0,0,False,False,False,False,False,Mycoplasma,2020-2022
GCA_024722375.1,Mycoplasma iguanae,292461,PRJNA869217,SAMN30297937,2022,2022-08-21,Oxford Nanopore MinION; Illumina MiSeq,Hybrid,Complete Genome,OK,Mesomycoplasma molare,2026-09-29,688439,1,0.2694777605568539,0,0,False,False,False,False,False,Mycoplasma,2020-2022
GCA_024742155.1,Mycoplasma zalophidermidis,398174,PRJNA870594,SAMN30380198,2022,2022-08-23,Illumina MiSeq,Short,Contig,OK,Mycoplasma zalophidermidis,2026-09-29,849686,14,0.2940380328733202,0,1,False,False,False,False,False,Mycoplasma,2020-2022
GCA_024758785.1,Mycoplasma capricolum subsp. capripneumoniae,40480,PRJNA857803,SAMN29636239,2022,2022-08-29,PacBio; Illumina,Hybrid,Complete Genome,OK,Mycoplasma capricolum,2026-09-29,1017137,1,0.2366603515553952,0,0,False,False,False,False,False,Mycoplasma,2020-2022
GCA_024834065.1,Mycoplasma sp. CSL7475-4,2973942,PRJNA871777,SAMN30428248,2022,2022-09-01,Illumina MiSeq,Short,Contig,OK,Mycoplasma zalophidermidis,2026-09-29,902741,29,0.3029174480831157,0,1,False,False,False,False,False,Mycoplasma,2020-2022
GCA_024918975.1,Mycoplasma cottewii,51364,PRJNA872557,SAMN30469643,2022,2022-09-04,Oxford Nanopore MinION; Illumina MiSeq,Hybrid,Complete Genome,OK,Mycoplasma yeatsii,2026-09-29,1016659,1,0.2570321022092953,0,0,False,False,False,False,False,Mycoplasma,2020-2022
GCA_025209835.1,Mycoplasma sp. HS2188,2976765,PRJNA876582,SAMN30661379,2022,2022-09-14,Illumina MiSeq,Short,Contig,OK,Mycoplasma zalophidermidis,2026-09-29,895482,81,0.2999278600798229,0,1,False,False,False,False,False,Mycoplasma,2020-2022
GCA_025446935.1,Paracholeplasma vituli,69473,PRJNA882918,SAMN30954114,2022,2022-09-27,Illumina MiSeq,Short,Contig,Inconclusive,Paracholeplasma manati,2026-09-29,1864220,43,0.3705699971033461,0,1,False,False,False,False,False,Paracholeplasma,2020-2022
GCA_025486335.1,Mycoplasma zalophi,191287,PRJNA883397,SAMN30964549,2022,2022-09-28,Illumina MiSeq,Short,Contig,OK,Mycoplasma miroungirhinis,2026-09-29,766979,11,0.2525545027960348,0,0,False,False,False,False,False,Mycoplasma,2020-2022
GCA_025515455.1,Mycoplasma sp. CSL7503-lung,536372,PRJNA883973,SAMN31004896,2022,2022-10-01,Illumina MiSeq,Short,Contig,Inconclusive,Mycoplasmopsis glycophila,2026-09-29,951081,73,0.2543064155418939,0,1,False,False,False,False,False,Mycoplasma,2020-2022
GCA_025742995.1,Paracholeplasma manati,591373,PRJNA882902,SAMN30953982,2022,2022-10-14,Illumina MiSeq,Short,Contig,OK,Acholeplasma granularum,2026-09-29,1873856,28,0.3834595614604324,0,0,False,False,False,False,False,Paracholeplasma,2020-2022
GCA_025779955.1,Mycoplasma enhydrae,2499220,PRJNA888795,SAMN31221232,2022,2022-10-20,Illumina MiSeq,Short,Contig,Inconclusive,Mycoplasmopsis arginini,2026-09-29,685315,30,0.2702844677265199,0,1,False,False,False,False,False,Mycoplasma,2020-2022
GCA_025780015.1,Mycoplasma enhydrae,2499220,PRJNA888794,SAMN31221183,2022,2022-10-20,Illumina MiSeq,Short,Contig,Inconclusive,Mycoplasmopsis arginini,2026-09-29,669954,28,0.2712544443349842,0,1,False,False,False,False,False,Mycoplasma,2020-2022
GCA_025884515.1,Acholeplasma laidlawii,2148,PRJNA874543,SAMN30552787,2022,2022-10-27,Oxford Nanopore,Long,Complete Genome,OK,Acholeplasma laidlawii,2026-09-29,1611024,1,0.317573170852824,0,0,False,False,False,False,False,Acholeplasma,2020-2022
GCA_026167645.1,Mycoplasma mycoides subsp. capri,40477,PRJNA813936,SAMN26528336,2022,2022-11-14,PacBio Sequel,Long,Complete Genome,OK,Mycoplasma mycoides,2026-09-29,1084691,1,0.2375856349872913,0,0,False,False,False,False,False,Mycoplasma,2020-2022
GCA_026239475.1,Spiroplasma phoeniceum,47835,PRJNA885610,SAMN31274528,2022,2022-11-19,PacBio Sequel,Long,Complete Genome,Inconclusive,Spiroplasma phoeniceum,2026-09-29,2171854,1,0.2436300966823736,0,0,False,False,False,False,False,Spiroplasma,2020-2022
GCA_026239495.1,Spiroplasma phoeniceum,47835,PRJNA885610,SAMN31274527,2022,2022-11-19,PacBio Sequel,Long,Complete Genome,Inconclusive,Spiroplasma phoeniceum,2026-09-29,2179570,1,0.243549874516533,0,0,False,False,False,False,False,Spiroplasma,2020-2022
GCA_026245995.1,Candidatus Phytoplasma australiense,59748,PRJNA878664,SAMN30742921,2022,2022-11-21,Illumina 1.9,Short,Contig,Inconclusive,Candidatus Phytoplasma vignae,2026-09-29,858965,1496,0.2582806051468919,0,3,False,False,False,False,False,Phytoplasma,2020-2022
GCA_026821955.1,Candidatus Phytoplasma rubi,399025,PRJNA906321,SAMN31868164,2022,2022-12-12,Illumina NovaSeq; Oxford Nanopore MinION,Hybrid,Complete Genome,Inconclusive,Candidatus Phytoplasma stylosanthis,2026-09-29,762251,1,0.2312820842478396,0,0,False,False,False,False,False,Phytoplasma,2020-2022
GCA_027318595.1,Acholeplasmataceae bacterium,1898209,PRJNA834572,SAMN28403795,2022,2022-12-27,Illumina,Short,Contig,Inconclusive,Haploplasma modicum,2026-09-29,1438512,470,0.3855817678267543,0,1,False,False,False,False,False,Acholeplasmataceae,2020-2022
GCA_027564955.1,Spiroplasma sp. Tabriz.8,2980106,PRJNA882433,SAMN30935147,2023,2023-01-03,Illumina 1.9,Short,Contig,Inconclusive,Candidatus Phytoplasma stylosanthis,2026-09-29,1199457,4958,0.2264324606884615,0,7,False,False,False,False,False,Spiroplasma,2023-2026
GCA_027594465.1,Candidatus Phytoplasma sacchari,2609813,PRJNA914864,SAMN32359426,2023,2023-01-09,Illumina NovaSeq; Oxford Nanopore,Hybrid,Complete Genome,Inconclusive,Candidatus Phytoplasma melaleucae,2026-09-29,541927,2,0.2054427994914444,0,0,False,False,False,False,False,Phytoplasma,2023-2026
GCA_027923845.1,Spiroplasma ixodetis,2141,PRJDB14468,SAMD00547685,2022,2022-11-11,Nanopore minion; Illumina HiSeq 4000,Hybrid,Complete Genome,Inconclusive,Spiroplasma floricola,2026-09-29,2138566,3,0.2507797280981741,0,0,False,False,False,False,False,Spiroplasma,2020-2022
GCA_027925225.1,Candidatus Hepatoplasma vulgare,3132032,PRJDB13888,SAMD00564981,2022,2022-12-21,ONT GridION; Illumina HiSeq4000,Short,Complete Genome,OK,Candidatus Hepatoplasma scabrum,2026-09-29,662108,1,0.2268919874099089,0,0,False,False,False,False,False,Hepatoplasma,2020-2022
GCA_027925265.1,Hepatoplasma crinochetorum (SeqCode),295596,PRJDB13888,SAMD00564982,2022,2022-12-21,Illumina HiSeq 4000; ONT GridION,Short,Complete Genome,OK,Hepatoplasma crinochetorum (SeqCode),2026-09-29,643039,1,0.2263237533026768,0,0,False,False,False,False,False,Hepatoplasma,2020-2022
GCA_027925325.1,Candidatus Hepatoplasma scabrum,3132033,PRJDB13888,SAMD00564983,2022,2022-12-21,Illumina HiSeq 4000; ONT GridION,Short,Complete Genome,OK,Hepatoplasma crinochetorum (SeqCode),2026-09-29,606194,1,0.2467526897329897,0,0,False,False,False,False,False,Hepatoplasma,2020-2022
GCA_027942315.1,Mycoplasma capricolum subsp. capricolum,40479,PRJNA861060,SAMN29881928,2023,2023-01-23,Oxford Nanopore,Long,Complete Genome,OK,Mycoplasma capricolum,2026-09-29,1117925,1,0.2378817899232954,0,0,False,False,False,False,False,Mycoplasma,2023-2026
GCA_027943885.1,Candidatus Tyloplasma litorale,3132031,PRJDB13886,SAMD00549921,2022,2022-12-13,ONT GridION; Illumina HiSeq4000,Short,Complete Genome,OK,Hepatoplasma crinochetorum (SeqCode),2026-09-29,615622,1,0.2438606807424036,0,0,False,False,False,False,False,Tyloplasma,2020-2022
GCA_027945135.1,Candidatus Phytoplasma oryzae,203274,PRJNA919199,SAMN32686720,2023,2023-01-24,Illumina paired end 150bp; PacBio HiFi,Hybrid,Complete Genome,Inconclusive,Candidatus Phytoplasma melaleucae,2026-09-29,511268,1,0.2025200090754751,0,0,False,False,False,False,False,Phytoplasma,2023-2026
GCA_028372015.1,Candidatus Izemoplasma sp.,2979197,PRJNA846736,SAMN29366194,2023,2023-01-31,Illumina NextSeq,Short,Contig,Inconclusive,Candidatus Izemoplasma acidinucleici,2026-09-29,409956,48,0.3274034286606367,0,0,False,False,False,False,False,Izemoplasma,2023-2026
GCA_028439365.1,Mycoplasma bradburyae,2963128,PRJNA778533,SAMN22963610,2023,2023-02-02,Illumina NovaSeq,Short,Contig,OK,Mycoplasma bradburyae,2026-09-29,998113,29,0.2838716658334276,2,2,True,False,False,False,True,Mycoplasma,2023-2026
GCA_028439375.1,Mycoplasma bradburyae,2963128,PRJNA778533,SAMN22963609,2023,2023-02-02,Illumina NovaSeq,Short,Contig,OK,Mycoplasma bradburyae,2026-09-29,956587,24,0.2850697322878107,1,4,True,False,False,False,True,Mycoplasma,2023-2026
GCA_028439405.1,Mycoplasma bradburyae,2963128,PRJNA778533,SAMN22963606,2023,2023-02-02,Illumina NovaSeq,Short,Contig,OK,Mycoplasma bradburyae,2026-09-29,974306,20,0.283155394711723,1,2,True,False,False,False,True,Mycoplasma,2023-2026
GCA_028439415.1,Mycoplasma bradburyae,2963128,PRJNA778533,SAMN22963608,2023,2023-02-02,Illumina NovaSeq,Short,Contig,OK,Mycoplasma bradburyae,2026-09-29,953327,37,0.2838197176834391,2,2,True,False,False,False,True,Mycoplasma,2023-2026
GCA_028439445.1,Mycoplasma bradburyae,2963128,PRJNA778533,SAMN22963607,2023,2023-02-02,Illumina NovaSeq,Short,Contig,OK,Mycoplasma bradburyae,2026-09-29,985556,33,0.2835090040545641,0,1,False,False,False,False,False,Mycoplasma,2023-2026
GCA_028595955.1,Columbia Basin potato purple top phytoplasma,307134,PRJNA839414,SAMN27545508,2023,2023-02-11,Illumina,Short,Contig,OK,Candidatus Phytoplasma stylosanthis,2026-09-29,512902,71,0.2255226144565628,0,1,False,False,False,False,False,Columbia,2023-2026
GCA_028622045.1,Spiroplasma endosymbiont of Drosophila atripex,614643,PRJNA928682,SAMN32939082,2023,2023-02-14,Illumina HiSeq; Oxford Nanopore MinION,Hybrid,Complete Genome,Inconclusive,Spiroplasma floricola,2026-09-29,1441401,9,0.2371054272891443,0,0,False,False,False,False,False,Spiroplasma,2023-2026
GCA_028681655.1,Acholeplasmataceae bacterium,1898209,PRJNA900590,SAMN32733896,2023,2023-02-17,Illumina HiSeq,Short,Scaffold,Inconclusive,Caproiciproducens galactitolivorans,2026-09-29,1256972,179,0.3375994055555732,0,6,False,False,False,False,False,Acholeplasmataceae,2023-2026
GCA_028685975.1,Acholeplasmataceae bacterium,1898209,PRJNA900590,SAMN32733768,2023,2023-02-17,Illumina HiSeq,Short,Scaffold,Inconclusive,Acholeplasma hippikon,2026-09-29,1083377,104,0.3196329624867428,1,0,True,False,False,False,True,Acholeplasmataceae,2023-2026
GCA_028690555.1,Acholeplasmataceae bacterium,1898209,PRJNA900590,SAMN32734634,2023,2023-02-17,Illumina HiSeq,Short,Scaffold,Inconclusive,Acholeplasma brassicae,2026-09-29,1321820,149,0.3419633535579731,0,2,False,False,False,False,False,Acholeplasmataceae,2023-2026
GCA_028691195.1,Candidatus Izemoplasmatales bacterium,3018265,PRJNA900590,SAMN32734600,2023,2023-02-17,Illumina HiSeq,Short,Scaffold,Inconclusive,Candidatus Yanofskyibacterium parasiticum,2026-09-29,1424414,154,0.4388920636837324,0,0,False,False,False,False,False,Izemoplasmatales,2023-2026
GCA_028691315.1,Candidatus Izemoplasmatales bacterium,3018265,PRJNA900590,SAMN32734595,2023,2023-02-17,Illumina HiSeq,Short,Scaffold,Inconclusive,na,2026-09-29,2418618,236,0.3248297168052169,0,1,False,False,False,False,False,Izemoplasmatales,2023-2026
GCA_028691335.1,Candidatus Izemoplasmatales bacterium,3018265,PRJNA900590,SAMN32734592,2023,2023-02-17,Illumina HiSeq,Short,Contig,Inconclusive,Hujiaoplasma nucleasis,2026-09-29,1449276,222,0.3012221274622639,0,0,False,False,False,False,False,Izemoplasmatales,2023-2026
GCA_028691485.1,Candidatus Izemoplasmatales bacterium,3018265,PRJNA900590,SAMN32734585,2023,2023-02-17,Illumina HiSeq,Short,Scaffold,Inconclusive,na,2026-09-29,1707866,191,0.3854318781450067,0,23,False,False,False,False,False,Izemoplasmatales,2023-2026
GCA_028694875.1,Candidatus Izemoplasmatales bacterium,3018265,PRJNA900590,SAMN32734922,2023,2023-02-17,Illumina HiSeq,Short,Scaffold,Inconclusive,Seramator thermalis,2026-09-29,1453397,277,0.4407900938284584,0,0,False,False,False,False,False,Izemoplasmatales,2023-2026
GCA_028697025.1,Candidatus Izemoplasmatales bacterium,3018265,PRJNA900590,SAMN32734816,2023,2023-02-18,Illumina HiSeq,Short,Scaffold,Inconclusive,Atribacter laminatus,2026-09-29,1355338,171,0.3699224842806739,0,5,False,False,False,False,False,Izemoplasmatales,2023-2026
GCA_028698755.1,Candidatus Izemoplasmatales bacterium,3018265,PRJNA900590,SAMN32737475,2023,2023-02-18,Illumina HiSeq,Short,Scaffold,Inconclusive,Spiroplasma citri,2026-09-29,1210979,162,0.381990934607454,0,0,False,False,False,False,False,Izemoplasmatales,2023-2026
GCA_028698875.1,Candidatus Izemoplasmatales bacterium,3018265,PRJNA900590,SAMN32737468,2023,2023-02-18,Illumina HiSeq,Short,Scaffold,Inconclusive,Hujiaoplasma nucleasis,2026-09-29,1423482,34,0.3790128712551335,0,2,False,False,False,False,False,Izemoplasmatales,2023-2026
GCA_028699855.1,Candidatus Izemoplasmatales bacterium,3018265,PRJNA900590,SAMN32737420,2023,2023-02-18,Illumina HiSeq,Short,Scaffold,Inconclusive,Peloplasma aerotolerans,2026-09-29,1335783,242,0.4654565898802425,0,1,False,False,False,False,False,Izemoplasmatales,2023-2026
GCA_028701025.1,Candidatus Izemoplasmatales bacterium,3018265,PRJNA900590,SAMN32737359,2023,2023-02-18,Illumina HiSeq,Short,Scaffold,Inconclusive,Hujiaoplasma nucleasis,2026-09-29,1996497,249,0.3043595858145542,0,0,False,False,False,False,False,Izemoplasmatales,2023-2026
GCA_028701445.1,Acholeplasmataceae bacterium,1898209,PRJNA900590,SAMN32737339,2023,2023-02-18,Illumina HiSeq,Short,Scaffold,Inconclusive,Clostridium oceanicum,2026-09-29,802356,176,0.3114515252581148,0,0,False,False,False,False,False,Acholeplasmataceae,2023-2026
GCA_028702245.1,Candidatus Izemoplasmatales bacterium,3018265,PRJNA900590,SAMN32737299,2023,2023-02-18,Illumina HiSeq,Short,Scaffold,Inconclusive,Hujiaoplasma nucleasis,2026-09-29,1187247,226,0.4464386938859395,0,1,False,False,False,False,False,Izemoplasmatales,2023-2026
GCA_028703125.1,Acholeplasmataceae bacterium,1898209,PRJNA900590,SAMN32737255,2023,2023-02-18,Illumina HiSeq,Short,Scaffold,Inconclusive,Paracholeplasma morum,2026-09-29,1112348,88,0.3356476570281962,0,0,False,False,False,False,False,Acholeplasmataceae,2023-2026
GCA_028703145.1,Acholeplasmataceae bacterium,1898209,PRJNA900590,SAMN32737253,2023,2023-02-18,Illumina HiSeq,Short,Scaffold,Inconclusive,Acholeplasma brassicae,2026-09-29,998000,68,0.3308226452905811,0,0,False,False,False,False,False,Acholeplasmataceae,2023-2026
GCA_028704245.1,Candidatus Izemoplasmatales bacterium,3018265,PRJNA900590,SAMN32737199,2023,2023-02-18,Illumina HiSeq,Short,Scaffold,Inconclusive,Hujiaoplasma nucleasis,2026-09-29,1384343,182,0.4387416991309235,0,0,False,False,False,False,False,Izemoplasmatales,2023-2026
GCA_028705515.1,Acholeplasmataceae bacterium,1898209,PRJNA900590,SAMN32737668,2023,2023-02-18,Illumina HiSeq,Short,Scaffold,Inconclusive,Methanocorpusculum parvum,2026-09-29,1214076,134,0.3387802740520362,0,2,False,False,False,False,False,Acholeplasmataceae,2023-2026
GCA_028707415.1,Candidatus Izemoplasmatales bacterium,3018265,PRJNA900590,SAMN32737609,2023,2023-02-18,Illumina HiSeq,Short,Contig,Inconclusive,Spiroplasma citri,2026-09-29,1212238,201,0.3831821803969187,0,0,False,False,False,False,False,Izemoplasmatales,2023-2026
GCA_028709895.1,Acholeplasmataceae bacterium,1898209,PRJNA900590,SAMN32734431,2023,2023-02-18,Illumina HiSeq,Short,Scaffold,Inconclusive,Acholeplasma brassicae,2026-09-29,1012590,69,0.331126122122478,0,0,False,False,False,False,False,Acholeplasmataceae,2023-2026
GCA_028710635.1,Candidatus Izemoplasmatales bacterium,3018265,PRJNA900590,SAMN32731939,2023,2023-02-18,Illumina HiSeq,Short,Scaffold,Inconclusive,Hujiaoplasma nucleasis,2026-09-29,1644589,166,0.4392623324125358,0,2,False,False,False,False,False,Izemoplasmatales,2023-2026
GCA_028717365.1,Candidatus Izemoplasmatales bacterium,3018265,PRJNA900590,SAMN32734292,2023,2023-02-18,Illumina HiSeq,Short,Scaffold,Inconclusive,na,2026-09-29,1121554,214,0.4361867551629257,0,0,False,False,False,False,False,Izemoplasmatales,2023-2026
GCA_028720585.1,Mollicutes bacterium,37628,PRJNA857725,SAMN32799639,2023,2023-02-18,Illumina NovaSeq,Short,Contig,Inconclusive,na,2026-09-29,1494901,157,0.4209817238733535,0,0,False,False,False,False,False,Mollicutes,2023-2026
GCA_028720705.1,Mollicutes bacterium,37628,PRJNA857725,SAMN32799633,2023,2023-02-18,Illumina NovaSeq,Short,Contig,Inconclusive,na,2026-09-29,1456525,112,0.3854118535555517,0,0,False,False,False,False,False,Mollicutes,2023-2026
GCA_028720805.1,Mollicutes bacterium,37628,PRJNA857725,SAMN32799628,2023,2023-02-18,Illumina NovaSeq,Short,Contig,Inconclusive,Solobacterium moorei,2026-09-29,1567219,152,0.4616483082453697,0,0,False,False,False,False,False,Mollicutes,2023-2026
GCA_028721765.1,Mycoplasma sp.,2108,PRJNA857725,SAMN32799578,2023,2023-02-18,Illumina NovaSeq,Short,Contig,Inconclusive,Oceanotoga teriensis,2026-09-29,1189715,122,0.2503406277974137,0,0,False,False,False,False,False,Mycoplasma,2023-2026
GCA_028724465.1,Acholeplasmatales bacterium,2053494,PRJNA857725,SAMN32799366,2023,2023-02-18,Illumina NovaSeq,Short,Contig,Inconclusive,Thomasclavelia spiroformis,2026-09-29,1501515,50,0.2944679207333926,0,0,False,False,False,False,False,Acholeplasmatales,2023-2026
GCA_028726965.1,Mollicutes bacterium,37628,PRJNA857725,SAMN32799687,2023,2023-02-18,Illumina NovaSeq,Short,Contig,Inconclusive,na,2026-09-29,1553770,50,0.4207205699685281,0,0,False,False,False,False,False,Mollicutes,2023-2026
GCA_028727645.1,Mollicutes bacterium,37628,PRJNA857725,SAMN32799507,2023,2023-02-18,Illumina NovaSeq,Short,Contig,Inconclusive,Streptococcus alactolyticus,2026-09-29,1709762,141,0.3512243224495573,0,0,False,False,False,False,False,Mollicutes,2023-2026
GCA_028728045.1,Mycoplasmataceae bacterium,2685873,PRJNA857725,SAMN32799484,2023,2023-02-18,Illumina NovaSeq,Short,Contig,Inconclusive,Malacoplasma muris,2026-09-29,868105,47,0.2656176384193156,0,0,False,False,False,False,False,Mycoplasmataceae,2023-2026
GCA_028748905.1,Candidatus Izemoplasmatales bacterium,3018265,PRJNA900590,SAMN32731823,2023,2023-02-18,Illumina HiSeq,Short,Scaffold,Inconclusive,Peloplasma aerotolerans,2026-09-29,1621476,330,0.4540375559058536,0,2,False,False,False,False,False,Izemoplasmatales,2023-2026
GCA_029007055.1,Mycoplasma sp.,2108,PRJNA857725,SAMN32798805,2023,2023-02-18,Illumina NovaSeq,Short,Contig,Inconclusive,na,2026-09-29,1155977,65,0.2513838943162364,0,0,False,False,False,False,False,Mycoplasma,2023-2026
GCA_029009155.1,Mycoplasmataceae bacterium,2685873,PRJNA857725,SAMN32798876,2023,2023-02-18,Illumina NovaSeq,Short,Contig,Inconclusive,Malacoplasma muris,2026-09-29,885581,33,0.2649288997844353,0,0,False,False,False,False,False,Mycoplasmataceae,2023-2026
GCA_029050385.1,Anaeroplasmataceae bacterium,2793037,PRJNA725899,SAMN19956091,2023,2023-03-08,Illumina NextSeq,Short,Scaffold,Inconclusive,Anaeroplasma bactoclasticum,2026-09-29,1554763,378,0.323307796751016,0,0,False,False,False,False,False,Anaeroplasmataceae,2023-2026
GCA_029050625.1,Anaeroplasmataceae bacterium,2793037,PRJNA725899,SAMN19956080,2023,2023-03-08,Illumina NextSeq,Short,Scaffold,Inconclusive,Anaeroplasma bactoclasticum,2026-09-29,1440134,450,0.308125493877653,2,0,True,False,False,False,True,Anaeroplasmataceae,2023-2026
GCA_029051735.1,Anaeroplasmataceae bacterium,2793037,PRJNA725899,SAMN19956043,2023,2023-03-08,Illumina NextSeq,Short,Scaffold,Inconclusive,Paeniclostridium hominis,2026-09-29,1552792,174,0.2991630559662852,0,0,False,False,False,False,False,Anaeroplasmataceae,2023-2026
GCA_029053665.1,Anaeroplasmataceae bacterium,2793037,PRJNA725899,SAMN19955931,2023,2023-03-08,Illumina NextSeq,Short,Scaffold,Inconclusive,Anaeroplasma bactoclasticum,2026-09-29,1193337,569,0.3266998341625207,0,0,False,False,False,False,False,Anaeroplasmataceae,2023-2026
GCA_029053715.1,Anaeroplasmataceae bacterium,2793037,PRJNA725899,SAMN19955928,2023,2023-03-08,Illumina NextSeq,Short,Scaffold,Inconclusive,Anaeroplasma bactoclasticum,2026-09-29,1275779,480,0.3111346087370932,0,0,False,False,False,False,False,Anaeroplasmataceae,2023-2026
GCA_029055445.1,Anaeroplasmataceae bacterium,2793037,PRJNA725899,SAMN19955842,2023,2023-03-08,Illumina NextSeq,Short,Scaffold,Inconclusive,Anaeroplasma bactoclasticum,2026-09-29,720536,427,0.3209027723805611,0,0,False,False,False,False,False,Anaeroplasmataceae,2023-2026
GCA_029055765.1,Anaeroplasmataceae bacterium,2793037,PRJNA725899,SAMN19955825,2023,2023-03-08,Illumina NextSeq,Short,Scaffold,Inconclusive,Anaeroplasma bactoclasticum,2026-09-29,994743,499,0.3305949375868943,0,0,False,False,False,False,False,Anaeroplasmataceae,2023-2026
GCA_029057785.1,Anaeroplasmataceae bacterium,2793037,PRJNA725899,SAMN19956410,2023,2023-03-08,Illumina NextSeq,Short,Scaffold,Inconclusive,Anaeroplasma bactoclasticum,2026-09-29,1756723,44,0.3197681136980617,0,0,False,False,False,False,False,Anaeroplasmataceae,2023-2026
GCA_029060945.1,Anaeroplasmataceae bacterium,2793037,PRJNA725899,SAMN19956252,2023,2023-03-08,Illumina NextSeq,Short,Scaffold,Inconclusive,Anaeroplasma bactoclasticum,2026-09-29,1676508,466,0.3249742918017689,0,0,False,False,False,False,False,Anaeroplasmataceae,2023-2026
GCA_029061055.1,Anaeroplasmataceae bacterium,2793037,PRJNA725899,SAMN19956245,2023,2023-03-08,Illumina NextSeq,Short,Scaffold,Inconclusive,Anaeroplasma bactoclasticum,2026-09-29,1741441,48,0.3207648148860627,0,0,False,False,False,False,False,Anaeroplasmataceae,2023-2026
GCA_029061445.1,Anaeroplasmataceae bacterium,2793037,PRJNA725899,SAMN19956227,2023,2023-03-08,Illumina NextSeq,Short,Scaffold,Inconclusive,Anaeroplasma bactoclasticum,2026-09-29,1208217,509,0.3382869136918285,0,0,False,False,False,False,False,Anaeroplasmataceae,2023-2026
GCA_029062065.1,Anaeroplasmataceae bacterium,2793037,PRJNA725899,SAMN19956197,2023,2023-03-08,Illumina NextSeq,Short,Scaffold,Inconclusive,Anaeroplasma bactoclasticum,2026-09-29,1500929,417,0.330098892086168,0,0,False,False,False,False,False,Anaeroplasmataceae,2023-2026
GCA_029062305.1,Anaeroplasmataceae bacterium,2793037,PRJNA725899,SAMN19956186,2023,2023-03-08,Illumina NextSeq,Short,Scaffold,Inconclusive,Anaeroplasma bactoclasticum,2026-09-29,1588301,587,0.3281745714445813,0,0,False,False,False,False,False,Anaeroplasmataceae,2023-2026
GCA_029064665.1,Anaeroplasmataceae bacterium,2793037,PRJNA725899,SAMN19956692,2023,2023-03-08,Illumina NextSeq,Short,Scaffold,Inconclusive,na,2026-09-29,2438155,263,0.328431539422227,0,0,False,False,False,False,False,Anaeroplasmataceae,2023-2026
GCA_029066075.1,Anaeroplasmataceae bacterium,2793037,PRJNA725899,SAMN19956618,2023,2023-03-08,Illumina NextSeq,Short,Contig,Inconclusive,Anaeroplasma bactoclasticum,2026-09-29,943070,505,0.3363833013456053,0,0,False,False,False,False,False,Anaeroplasmataceae,2023-2026
GCA_029066345.1,Anaeroplasmataceae bacterium,2793037,PRJNA725899,SAMN19956606,2023,2023-03-08,Illumina NextSeq,Short,Scaffold,Inconclusive,Anaeroplasma bactoclasticum,2026-09-29,1113161,376,0.3358759424737302,0,0,False,False,False,False,False,Anaeroplasmataceae,2023-2026
GCA_029066385.1,Anaeroplasmataceae bacterium,2793037,PRJNA725899,SAMN19956604,2023,2023-03-08,Illumina NextSeq,Short,Scaffold,Inconclusive,Anaeroplasma bactoclasticum,2026-09-29,820108,487,0.3114845849571032,0,0,False,False,False,False,False,Anaeroplasmataceae,2023-2026
GCA_029066905.1,Anaeroplasmataceae bacterium,2793037,PRJNA725899,SAMN19956576,2023,2023-03-09,Illumina NextSeq,Short,Scaffold,Inconclusive,Anaeroplasma bactoclasticum,2026-09-29,1258529,524,0.3298001079037511,0,0,False,False,False,False,False,Anaeroplasmataceae,2023-2026
GCA_029067355.1,Anaeroplasmataceae bacterium,2793037,PRJNA725899,SAMN19956554,2023,2023-03-09,Illumina NextSeq,Short,Scaffold,Inconclusive,Clostridium fallax,2026-09-29,1791861,89,0.3333232879112833,0,0,False,False,False,False,False,Anaeroplasmataceae,2023-2026
GCA_029067585.1,Anaeroplasmataceae bacterium,2793037,PRJNA725899,SAMN19956544,2023,2023-03-09,Illumina NextSeq,Short,Scaffold,Inconclusive,Anaeroplasma bactoclasticum,2026-09-29,1220202,573,0.3309902786587794,0,0,False,False,False,False,False,Anaeroplasmataceae,2023-2026
GCA_029068835.1,Anaeroplasmataceae bacterium,2793037,PRJNA725899,SAMN19956482,2023,2023-03-09,Illumina NextSeq,Short,Scaffold,Inconclusive,Tannockella kyphosi,2026-09-29,1425770,500,0.3275668586097336,0,0,False,False,False,False,False,Anaeroplasmataceae,2023-2026
GCA_029203615.1,Mycoplasma sp.,2108,PRJNA797924,SAMN25134305,2023,2023-03-14,Illumina NovaSeq; Sanger,Short,Complete Genome,Inconclusive,Malacoplasma muris,2026-09-29,656646,1,0.2880577967428416,0,0,False,False,False,False,False,Mycoplasma,2023-2026
GCA_029219325.1,Mollicutes bacterium,37628,PRJNA857725,SAMN32799115,2023,2023-02-18,Illumina NovaSeq,Short,Contig,Inconclusive,na,2026-09-29,1833590,44,0.4590339170697921,0,0,False,False,False,False,False,Mollicutes,2023-2026
GCA_029240795.1,Haloplasmataceae bacterium,2862752,PRJNA725542,SAMN20393985,2023,2023-03-17,Illumina NovaSeq,Short,Contig,Inconclusive,na,2026-09-29,2674951,181,0.2857667299326231,0,0,False,False,False,False,False,Haloplasmataceae,2023-2026
GCA_029258155.1,Mycoplasma sp.,2108,PRJNA735411,SAMN33569511,2023,2023-03-17,Illumina NovaSeq 6000,Short,Contig,OK,Mycoplasma phocimorsus,2026-09-29,592524,315,0.2638728557830569,0,0,False,False,False,False,False,Mycoplasma,2023-2026
GCA_029338495.1,Mollicutes bacterium,37628,PRJNA857725,SAMN32799306,2023,2023-02-18,Illumina NovaSeq,Short,Contig,Inconclusive,na,2026-09-29,1708092,45,0.2603237998889989,0,0,False,False,False,False,False,Mollicutes,2023-2026
GCA_029457555.1,Candidatus Phytoplasma citri,180978,PRJNA937424,SAMN33408018,2023,2023-03-29,Oxford Nanopore; Illumina,Hybrid,Complete Genome,Failed,Candidatus Phytoplasma australasiaticum,2026-09-29,670073,1,0.2500070887798792,0,0,False,False,False,False,False,Phytoplasma,2023-2026
GCA_029536585.1,Paracholeplasma manati,591373,PRJNA948473,SAMN33906258,2023,2023-04-01,Illumina MiSeq,Short,Contig,OK,Paracholeplasma manati,2026-09-29,2034736,43,0.382228947637433,0,0,False,False,False,False,False,Paracholeplasma,2023-2026
GCA_029607405.2,Spiroplasma citri,2133,PRJNA830316,SAMN27687095,2023,2023-04-07,illumines,Short,Complete Genome,OK,Spiroplasma citri,2026-09-29,1734640,2,0.2541357284508601,0,0,False,False,False,False,False,Spiroplasma,2023-2026
GCA_029607425.2,Spiroplasma citri,2133,PRJNA830316,SAMN27863602,2023,2023-04-07,illumines,Short,Complete Genome,OK,Spiroplasma citri,2026-09-29,1734611,2,0.2538044552928581,0,0,False,False,True,False,False,Spiroplasma,2023-2026
GCA_029607445.2,Spiroplasma citri,2133,PRJNA830316,SAMN27865096,2023,2023-04-07,illumines,Short,Complete Genome,OK,Spiroplasma citri,2026-09-29,1734658,2,0.2536586462576485,0,0,False,False,False,False,False,Spiroplasma,2023-2026
GCA_029677685.1,Mycoplasma feriruminatoris,1179777,PRJNA576434,SAMN12993633,2023,2023-04-11,Oxford Nanopore GridION; Illumina MiSeq,Hybrid,Complete Genome,OK,Mycoplasma feriruminatoris,2026-09-29,1084341,1,0.2434271137953835,0,0,False,False,False,False,False,Mycoplasma,2023-2026
GCA_029677705.1,Mycoplasma feriruminatoris,1179777,PRJNA814635,SAMN26561933,2023,2023-04-11,Oxford Nanopore GridION; Illumina MiSeq,Hybrid,Complete Genome,OK,Mycoplasma feriruminatoris,2026-09-29,1020119,2,0.241814925513592,0,0,False,False,False,False,False,Mycoplasma,2023-2026
GCA_029677725.1,Mycoplasma feriruminatoris,1179777,PRJNA814632,SAMN26561918,2023,2023-04-11,Oxford Nanopore GridION; Illumina MiSeq,Hybrid,Complete Genome,OK,Mycoplasma feriruminatoris,2026-09-29,1018092,1,0.2419123222655712,0,0,False,False,False,False,False,Mycoplasma,2023-2026
GCA_029677745.1,Mycoplasma feriruminatoris,1179777,PRJNA814633,SAMN26561922,2023,2023-04-11,Oxford Nanopore GridION; Illumina MiSeq,Hybrid,Complete Genome,OK,Mycoplasma feriruminatoris,2026-09-29,1042884,1,0.2422388300136927,0,0,False,False,False,False,False,Mycoplasma,2023-2026
GCA_029677885.1,Mycoplasma feriruminatoris,1179777,PRJNA814636,SAMN26561936,2023,2023-04-11,Oxford Nanopore GridION; Illumina MiSeq,Hybrid,Complete Genome,OK,Mycoplasma feriruminatoris,2026-09-29,1026425,1,0.2419933263511703,0,0,False,False,False,False,False,Mycoplasma,2023-2026
GCA_029677985.1,Mycoplasma feriruminatoris,1179777,PRJNA814638,SAMN26561941,2023,2023-04-11,Oxford Nanopore GridION; Illumina MiSeq,Hybrid,Complete Genome,OK,Mycoplasma feriruminatoris,2026-09-29,1016114,1,0.2416776070401549,0,0,False,False,False,False,False,Mycoplasma,2023-2026
GCA_029678005.1,Mycoplasma feriruminatoris,1179777,PRJNA814639,SAMN26561942,2023,2023-04-11,Oxford Nanopore GridION; Illumina MiSeq,Hybrid,Complete Genome,OK,Mycoplasma feriruminatoris,2026-09-29,1011470,1,0.2421070323390708,0,0,False,False,False,False,False,Mycoplasma,2023-2026
GCA_029678025.1,Mycoplasma feriruminatoris,1179777,PRJNA579028,SAMN13090985,2023,2023-04-11,Oxford Nanopore GridION; Illumina MiSeq,Hybrid,Complete Genome,OK,Mycoplasma feriruminatoris,2026-09-29,1021626,1,0.2420357351907645,0,0,False,False,False,False,False,Mycoplasma,2023-2026
GCA_029746895.1,Candidatus Phytoplasma pruni,479893,PRJNA939941,SAMN33549442,2023,2023-04-14,Illumina NovaSeq; Oxford Nanopore MinION,Hybrid,Complete Genome,Inconclusive,Candidatus Phytoplasma crotalariae,2026-09-29,709895,2,0.2664830714401425,0,0,False,False,False,False,False,Phytoplasma,2023-2026
GCA_029783395.1,Mycoplasma capricolum subsp. capripneumoniae,40480,PRJNA940743,SAMN33578400,2023,2023-04-17,Illumina MiSeq; Oxford Nanopore GridION,Hybrid,Complete Genome,OK,Mycoplasma capricolum,2026-09-29,1017286,1,0.2366492805366435,0,0,False,False,False,False,False,Mycoplasma,2023-2026
GCA_029866545.1,Mycoplasma sp. B17,2933905,PRJNA816903,SAMN27302535,2023,2023-04-25,Illumina NovaSeq,Short,Chromosome,Inconclusive,Malacoplasma muris,2026-09-29,656646,1,0.2742177672596803,0,0,False,False,False,False,False,Mycoplasma,2023-2026
GCA_029939615.1,Candidatus Izemoplasma sp.,2979197,PRJNA879229,SAMN30800585,2023,2023-05-03,Illumina NovaSeq,Short,Scaffold,Inconclusive,Malaciobacter molluscorum,2026-09-29,1631388,209,0.3024210059164343,0,1,False,False,False,False,False,Izemoplasma,2023-2026
GCA_029939945.1,Candidatus Izemoplasma sp.,2979197,PRJNA879229,SAMN30800584,2023,2023-05-03,Illumina NovaSeq,Short,Scaffold,Inconclusive,Candidatus Izemoplasma acidinucleici,2026-09-29,1721360,145,0.2966172096481851,0,0,False,False,False,False,False,Izemoplasma,2023-2026
GCA_029976705.1,Mollicutes bacterium,37628,PRJNA574146,SAMN34130285,2023,2023-05-11,Illumina HiSeq,Short,Contig,Inconclusive,Candidatus Phytoplasma vignae,2026-09-29,445436,21,0.2492164979929776,0,0,False,False,False,False,False,Mollicutes,2023-2026
GCA_029992245.1,Mycoplasma sp.,2108,PRJNA532511,SAMN11401879,2023,2023-05-12,Illumina MiSeq,Short,Scaffold,Inconclusive,Mycoplasmopsis cricetuli,2026-09-29,705814,668,0.287652270994908,0,2,False,False,False,False,False,Mycoplasma,2023-2026
GCA_030012175.1,Peloplasma aerotolerans,3044389,PRJNA966931,SAMN34567019,2023,2023-05-14,Illumina MiSeq,Short,Contig,OK,Candidatus Methanocrinis alkalitolerans,2026-09-29,2043143,88,0.3242156814280743,0,2,False,False,False,False,False,Peloplasma,2023-2026
GCA_030059765.1,Mollicutes bacterium,37628,PRJNA574146,SAMN34130284,2023,2023-05-22,Illumina HiSeq,Short,Chromosome,Inconclusive,[Mycoplasma] collis,2026-09-29,446099,1,0.3100813944886673,0,0,False,False,False,False,False,Mollicutes,2023-2026
GCA_030060925.1,Spiroplasma sp. SV19,2570468,PRJNA532512,SAMN11401880,2023,2023-05-22,Nanopore,Long,Complete Genome,OK,Spiroplasma citri,2026-09-29,1456516,1,0.2831537724268048,0,0,False,False,False,False,False,Spiroplasma,2023-2026
GCA_030077715.1,Mycoplasma phocimorsus,3045839,PRJNA970269,SAMN35005828,2023,2023-05-25,Illumina NextSeq,Short,Contig,OK,Mycoplasma phocimorsus,2026-09-29,758898,50,0.2496554214136814,0,2,False,False,False,False,False,Mycoplasma,2023-2026
GCA_030077805.1,Mycoplasma phocimorsus,3045839,PRJNA970269,SAMN35005787,2023,2023-05-25,Illumina NextSeq,Short,Contig,OK,Mycoplasma phocimorsus,2026-09-29,752889,34,0.251108729175217,0,0,False,False,False,False,False,Mycoplasma,2023-2026
GCA_030077825.1,Mycoplasma phocimorsus,3045839,PRJNA970269,SAMN35005779,2023,2023-05-25,Illumina NextSeq,Short,Contig,OK,Mycoplasma phocimorsus,2026-09-29,772409,51,0.2517733480578294,0,0,False,False,False,False,False,Mycoplasma,2023-2026
GCA_030077835.1,Mycoplasma phocimorsus,3045839,PRJNA970269,SAMN35005798,2023,2023-05-25,Illumina NextSeq,Short,Contig,OK,Mycoplasma phocimorsus,2026-09-29,745732,12,0.2509815858780366,0,0,False,False,False,False,False,Mycoplasma,2023-2026
GCA_030077865.1,Mycoplasma phocimorsus,3045839,PRJNA970269,SAMN34997323,2023,2023-05-25,Illumina NextSeq,Short,Contig,OK,Mycoplasma elephantis,2026-09-29,755408,28,0.2517182767458115,0,0,False,False,False,False,False,Mycoplasma,2023-2026
GCA_030077875.1,Mycoplasma phocimorsus,3045839,PRJNA970269,SAMN35005777,2023,2023-05-25,Illumina NextSeq,Short,Contig,OK,Mycoplasma phocimorsus,2026-09-29,744321,12,0.2510905912905856,0,0,False,False,False,False,False,Mycoplasma,2023-2026
GCA_030127385.1,Candidatus Phytoplasma cynodontis,72990,PRJNA318828,SAMN04868714,2023,2023-05-30,Oxford Nanopore MinION; Illumina MiSeq,Hybrid,Complete Genome,Inconclusive,Candidatus Phytoplasma australasiaticum,2026-09-29,498922,1,0.2106200969289788,0,0,False,False,False,False,False,Phytoplasma,2023-2026
GCA_030154525.1,Mycoplasmataceae bacterium,2685873,PRJNA720530,SAMN18653201,2023,2023-06-02,Illumina MiSeq,Short,Contig,Inconclusive,Mycoplasmopsis cricetuli,2026-09-29,852238,153,0.2622682865584496,0,0,False,False,False,False,False,Mycoplasmataceae,2023-2026
GCA_030166555.2,Acholeplasma laidlawii,2148,PRJNA975591,SAMN35335681,2025,2025-08-08,Oxford Nanopore,Long,Complete Genome,Inconclusive,Acholeplasma laidlawii,2026-09-29,1461114,1,0.3185350355961273,0,0,False,False,False,False,False,Acholeplasma,2023-2026
GCA_030266845.1,Acholeplasma sp. OttesenSCG-928-E16,2885269,PRJNA734875,SAMN19548035,2023,2023-06-13,Illumina NextSeq,Short,Contig,Inconclusive,Peloplasma aerotolerans,2026-09-29,1131646,34,0.3206417908073726,0,0,False,False,False,False,False,Acholeplasma,2023-2026
GCA_030316605.1,Spiroplasma ixodetis Y32,1276219,PRJNA184743,SAMN04275153,2023,2023-06-21,PacBio,Long,Complete Genome,Inconclusive,Spiroplasma phoeniceum,2026-09-29,2231425,6,0.2439987900108675,0,0,False,False,False,False,False,Spiroplasma,2023-2026
GCA_030544865.1,Candidatus Phytoplasma australasiaticum,2754999,PRJNA834592,SAMN28048762,2023,2023-07-26,Illumina NovaSeq; Oxford Nanopore MinION,Hybrid,Complete Genome,OK,Candidatus Phytoplasma australasiaticum,2026-09-29,637217,2,0.2451707973892724,0,0,False,False,False,False,False,Phytoplasma,2023-2026
GCA_030550815.1,Candidatus Mycoplasma mahonii,3004105,PRJNA912223,SAMN32235174,2023,2023-07-28,PacBio Sequel,Long,Complete Genome,OK,Mesomycoplasma neurolyticum,2026-09-29,796768,1,0.3007186533595726,0,0,False,False,False,False,False,Mycoplasma,2023-2026
GCA_030586665.1,Candidatus Phytoplasma australasiaticum subsp. ipomoeae,101513,PRJNA884151,SAMN31013027,2023,2023-08-02,Illumina NovaSeq,Short,Scaffold,OK,Candidatus Phytoplasma australasiaticum,2026-09-29,561556,39,0.2376236742194901,0,4,False,False,False,False,False,Phytoplasma,2023-2026
GCA_030586685.1,Candidatus Phytoplasma australasiaticum subsp. ipomoeae,101513,PRJNA884151,SAMN31013024,2023,2023-08-02,Illumina NovaSeq,Short,Scaffold,OK,Candidatus Phytoplasma australasiaticum,2026-09-29,559416,36,0.2380589757890371,0,3,False,False,False,False,False,Phytoplasma,2023-2026
GCA_030586705.1,Candidatus Phytoplasma australasiaticum subsp. ipomoeae,101513,PRJNA884151,SAMN31013026,2023,2023-08-02,Illumina NovaSeq,Short,Scaffold,OK,Candidatus Phytoplasma australasiaticum,2026-09-29,670520,86,0.2551571914335143,0,14,False,False,False,False,False,Phytoplasma,2023-2026
GCA_030586715.1,Candidatus Phytoplasma australasiaticum subsp. ipomoeae,101513,PRJNA884151,SAMN31013025,2023,2023-08-02,Illumina NovaSeq,Short,Scaffold,OK,Candidatus Phytoplasma australasiaticum,2026-09-29,556003,27,0.2395958295189054,0,4,False,False,False,False,False,Phytoplasma,2023-2026
GCA_030586785.1,Candidatus Phytoplasma fabacearum,2982628,PRJNA884151,SAMN31013021,2023,2023-08-02,Illumina HiSeq,Short,Scaffold,OK,Candidatus Phytoplasma fabacearum,2026-09-29,561377,56,0.2383353788986723,0,2,False,False,False,False,False,Phytoplasma,2023-2026
GCA_030586805.1,Candidatus Phytoplasma fabacearum,2982628,PRJNA884151,SAMN31013020,2023,2023-08-02,Illumina HiSeq,Short,Scaffold,OK,Candidatus Phytoplasma bonamiae,2026-09-29,568901,51,0.2397077874709308,0,4,False,False,False,False,False,Phytoplasma,2023-2026
GCA_030586815.1,Candidatus Phytoplasma planchoniae,2982631,PRJNA884151,SAMN31013017,2023,2023-08-02,Illumina NovaSeq,Short,Scaffold,Inconclusive,Candidatus Phytoplasma australasiaticum,2026-09-29,876297,130,0.2735328319051646,0,11,False,False,False,False,False,Phytoplasma,2023-2026
GCA_030586845.1,Candidatus Phytoplasma bonamiae,2982626,PRJNA884151,SAMN31013016,2023,2023-08-02,Illumina NovaSeq,Short,Scaffold,OK,Candidatus Phytoplasma fabacearum,2026-09-29,574701,59,0.2468066003017221,0,1,False,False,False,False,False,Phytoplasma,2023-2026
GCA_030586865.1,Candidatus Phytoplasma crotalariae,2982627,PRJNA884151,SAMN31013015,2023,2023-08-02,Illumina NovaSeq,Short,Scaffold,Inconclusive,Candidatus Phytoplasma citri,2026-09-29,534563,62,0.2470821961115902,0,1,False,False,False,False,False,Phytoplasma,2023-2026
GCA_030586885.1,Candidatus Phytoplasma australasiaticum subsp. australasiaticum,2832407,PRJNA884151,SAMN31013012,2023,2023-08-02,Illumina NovaSeq,Short,Scaffold,OK,Candidatus Phytoplasma australasiaticum,2026-09-29,549631,35,0.2372646375477365,0,3,False,False,False,False,False,Phytoplasma,2023-2026
GCA_030586905.1,Candidatus Phytoplasma fabacearum,2982628,PRJNA884151,SAMN31013018,2023,2023-08-02,Illumina HiSeq,Short,Scaffold,OK,Candidatus Phytoplasma fabacearum,2026-09-29,629394,58,0.2419438380410363,0,4,False,False,False,False,False,Phytoplasma,2023-2026
GCA_030586915.1,'Vigna radiata' phytoplasma,1177238,PRJNA884151,SAMN31013014,2023,2023-08-02,Illumina NovaSeq,Short,Scaffold,OK,Candidatus Phytoplasma australasiaticum,2026-09-29,588580,53,0.2415457541880458,0,2,False,False,False,False,False,Vigna,2023-2026
GCA_030586945.1,Candidatus Phytoplasma australasiaticum subsp. australasiaticum,2832407,PRJNA884151,SAMN31013011,2023,2023-08-02,Illumina NovaSeq,Short,Scaffold,OK,Candidatus Phytoplasma australasiaticum,2026-09-29,575928,40,0.2397712908558014,0,3,False,False,False,False,False,Phytoplasma,2023-2026
GCA_030586965.1,Candidatus Phytoplasma australasiaticum subsp. australasiaticum,2832407,PRJNA884151,SAMN31013010,2023,2023-08-02,Illumina NovaSeq,Short,Scaffold,OK,Candidatus Phytoplasma australasiaticum,2026-09-29,587003,53,0.2400549912010671,0,2,False,False,False,False,False,Phytoplasma,2023-2026
GCA_030586975.1,Candidatus Phytoplasma gossypii,2982629,PRJNA884151,SAMN31013013,2023,2023-08-02,Illumina NovaSeq,Short,Scaffold,Inconclusive,Candidatus Phytoplasma citri,2026-09-29,639459,81,0.2622717015477145,0,2,False,False,False,False,False,Phytoplasma,2023-2026
GCA_030586985.1,Candidatus Phytoplasma australasiaticum subsp. australasiaticum,2832407,PRJNA884151,SAMN31013006,2023,2023-08-02,Illumina NovaSeq,Short,Scaffold,OK,Candidatus Phytoplasma australasiaticum,2026-09-29,555608,37,0.2376873623129976,0,3,False,False,False,False,False,Phytoplasma,2023-2026
GCA_030587015.1,Candidatus Phytoplasma australasiaticum subsp. australasiaticum,2832407,PRJNA884151,SAMN31013008,2023,2023-08-02,Illumina NovaSeq,Short,Scaffold,OK,Candidatus Phytoplasma australasiaticum,2026-09-29,553923,32,0.2378994914455619,0,2,False,False,False,False,False,Phytoplasma,2023-2026
GCA_030587035.1,Candidatus Phytoplasma australasiaticum subsp. australasiaticum,2832407,PRJNA884151,SAMN31013009,2023,2023-08-02,Illumina NovaSeq,Short,Scaffold,OK,Candidatus Phytoplasma australasiaticum,2026-09-29,552385,27,0.2376603274889796,0,3,False,False,False,False,False,Phytoplasma,2023-2026
GCA_030587065.1,Candidatus Phytoplasma australasiaticum subsp. australasiaticum,2832407,PRJNA884151,SAMN31013005,2023,2023-08-02,Illumina NovaSeq,Short,Scaffold,OK,Candidatus Phytoplasma australasiaticum,2026-09-29,542717,33,0.2379895967880129,0,3,False,False,False,False,False,Phytoplasma,2023-2026
GCA_030587075.1,Candidatus Phytoplasma australasiaticum subsp. australasiaticum,2832407,PRJNA884151,SAMN31013004,2023,2023-08-02,Illumina NovaSeq,Short,Scaffold,OK,Candidatus Phytoplasma australasiaticum,2026-09-29,552344,34,0.2389959880074736,0,4,False,False,False,False,False,Phytoplasma,2023-2026
GCA_030587105.1,Candidatus Phytoplasma australasiaticum subsp. australasiaticum,2832407,PRJNA884151,SAMN31013003,2023,2023-08-02,Illumina NovaSeq,Short,Scaffold,OK,Candidatus Phytoplasma australasiaticum,2026-09-29,557567,46,0.2380395539908208,0,4,False,False,False,False,False,Phytoplasma,2023-2026
GCA_030587125.1,Candidatus Phytoplasma australasiaticum subsp. australasiaticum,2832407,PRJNA884151,SAMN31013001,2023,2023-08-02,Illumina NovaSeq,Short,Scaffold,OK,Candidatus Phytoplasma australasiaticum,2026-09-29,576950,35,0.2397764104341797,0,3,False,False,False,False,False,Phytoplasma,2023-2026
GCA_030587135.1,Candidatus Phytoplasma australasiaticum subsp. australasiaticum,2832407,PRJNA884151,SAMN31013002,2023,2023-08-02,Illumina NovaSeq,Short,Scaffold,OK,Candidatus Phytoplasma australasiaticum,2026-09-29,545142,25,0.2374537276526116,0,2,False,False,False,False,False,Phytoplasma,2023-2026
GCA_030587165.1,Candidatus Phytoplasma asiaticum,2763338,PRJNA884151,SAMN31013000,2023,2023-08-02,Illumina NovaSeq,Short,Scaffold,OK,Candidatus Phytoplasma asiaticum,2026-09-29,503462,76,0.2424870198743897,0,3,False,False,False,False,False,Phytoplasma,2023-2026
GCA_030587175.1,Candidatus Phytoplasma asiaticum,2763338,PRJNA884151,SAMN31012999,2023,2023-08-02,Illumina NovaSeq,Short,Scaffold,OK,Candidatus Phytoplasma asiaticum,2026-09-29,495918,76,0.2458027335164281,0,1,False,False,False,False,False,Phytoplasma,2023-2026
GCA_030587205.1,Candidatus Phytoplasma australasiaticum subsp. taiwanense,1123738,PRJNA884151,SAMN31012995,2023,2023-08-02,Illumina NovaSeq,Short,Scaffold,OK,Candidatus Phytoplasma australasiaticum,2026-09-29,549455,31,0.241457444194702,0,3,False,False,False,False,False,Phytoplasma,2023-2026
GCA_030587215.1,Candidatus Phytoplasma citri,180978,PRJNA884151,SAMN31012998,2023,2023-08-02,Illumina NovaSeq,Short,Contig,Inconclusive,Candidatus Phytoplasma asiaticum,2026-09-29,505682,168,0.2480373040764749,0,4,False,False,False,False,False,Phytoplasma,2023-2026
GCA_030587225.1,Candidatus Phytoplasma citri,180978,PRJNA884151,SAMN31012996,2023,2023-08-02,Illumina NovaSeq,Short,Scaffold,OK,Candidatus Phytoplasma citri,2026-09-29,507502,105,0.2515930971700604,0,2,False,False,False,False,False,Phytoplasma,2023-2026
GCA_030588185.1,Candidatus Phytoplasma melaleucae,2982630,PRJNA884151,SAMN31013030,2023,2023-08-02,Illumina NovaSeq,Short,Scaffold,OK,Candidatus Phytoplasma stylosanthis,2026-09-29,504639,24,0.2621557192369199,0,8,False,False,False,False,False,Phytoplasma,2023-2026
GCA_030603805.1,Acholeplasmataceae bacterium,1898209,PRJNA950938,SAMN34049220,2023,2023-08-03,Illumina HiSeq,Short,Contig,Inconclusive,Acholeplasma equirhinis,2026-09-29,2061734,38,0.3514755055695837,0,0,False,False,False,False,False,Acholeplasmataceae,2023-2026
GCA_030621645.1,Mycoplasmataceae bacterium,2685873,PRJNA950938,SAMN34051144,2023,2023-08-03,Illumina HiSeq,Short,Contig,Inconclusive,Candidatus Hepatoplasma vulgare,2026-09-29,564691,39,0.2870561067911477,0,0,False,False,False,False,False,Mycoplasmataceae,2023-2026
GCA_030656435.1,Acholeplasmataceae bacterium,1898209,PRJNA700657,SAMN36304426,2023,2023-08-05,Illumina NovaSeq,Short,Contig,Inconclusive,Mariniplasma anaerobium,2026-09-29,2015978,304,0.3428574121344578,0,0,False,False,False,False,False,Acholeplasmataceae,2023-2026
GCA_030686925.1,Candidatus Phytoplasma asteris,85620,PRJNA937408,SAMN33407024,2023,2023-03-29,Illumina; Oxford Nanopore,Hybrid,Complete Genome,Inconclusive,Candidatus Phytoplasma vignae,2026-09-29,834303,1,0.2757199722403012,0,0,False,False,False,False,False,Phytoplasma,2023-2026
GCA_030700385.1,Mycoplasma mycoides,2102,PRJNA954307,SAMN34138617,2023,2023-08-08,Illumina MiSeq,Short,Contig,OK,Mycoplasma mycoides,2026-09-29,1074151,66,0.2371426363704916,0,1,False,False,False,False,False,Mycoplasma,2023-2026
GCA_030700395.1,Mycoplasma mycoides,2102,PRJNA954307,SAMN34138616,2023,2023-08-08,Illumina MiSeq,Short,Contig,OK,Mycoplasma mycoides,2026-09-29,1073250,58,0.237043559282553,0,3,False,False,False,False,False,Mycoplasma,2023-2026
GCA_030700425.1,Mycoplasma mycoides,2102,PRJNA954307,SAMN34138618,2023,2023-08-08,Illumina MiSeq,Short,Contig,OK,Mycoplasma mycoides,2026-09-29,1074452,68,0.2371078466045947,0,3,False,False,False,False,False,Mycoplasma,2023-2026
GCA_030700445.1,Mycoplasma mycoides,2102,PRJNA954307,SAMN34138615,2023,2023-08-08,Illumina MiSeq,Short,Contig,OK,Mycoplasma mycoides,2026-09-29,1073953,61,0.2371044170461836,0,2,False,False,False,False,False,Mycoplasma,2023-2026
GCA_030700465.1,Mycoplasma mycoides,2102,PRJNA954307,SAMN34138613,2023,2023-08-08,Illumina MiSeq,Short,Contig,OK,Mycoplasma mycoides,2026-09-29,1074721,66,0.2371378246075028,0,2,False,False,False,False,False,Mycoplasma,2023-2026
GCA_030700485.1,Mycoplasma mycoides,2102,PRJNA954307,SAMN34138614,2023,2023-08-08,Illumina MiSeq,Short,Contig,OK,Mycoplasma mycoides,2026-09-29,1073578,61,0.2371089944093489,0,2,False,False,False,False,False,Mycoplasma,2023-2026
GCA_030700495.1,Mycoplasma mycoides,2102,PRJNA954307,SAMN34138611,2023,2023-08-08,Illumina MiSeq,Short,Contig,OK,Mycoplasma mycoides,2026-09-29,1073196,55,0.2370517594176646,0,2,False,False,False,False,False,Mycoplasma,2023-2026
GCA_030700545.1,Mycoplasma mycoides,2102,PRJNA954307,SAMN36781233,2023,2023-08-08,Illumina MiSeq,Short,Contig,OK,Mycoplasma mycoides,2026-09-29,1073758,60,0.2371260563367164,0,2,False,False,False,False,False,Mycoplasma,2023-2026
GCA_030700565.1,Mycoplasma mycoides,2102,PRJNA954307,SAMN34138610,2023,2023-08-08,Illumina MiSeq,Short,Contig,OK,Mycoplasma mycoides,2026-09-29,1073025,55,0.2370364157405466,0,3,False,False,False,False,False,Mycoplasma,2023-2026
GCA_030700585.1,Mycoplasma mycoides,2102,PRJNA954307,SAMN34138609,2023,2023-08-08,Illumina MiSeq,Short,Contig,OK,Mycoplasma mycoides,2026-09-29,1074229,60,0.2371114538892545,0,2,False,False,False,False,False,Mycoplasma,2023-2026
GCA_030700595.1,Mycoplasma mycoides,2102,PRJNA954307,SAMN36781232,2023,2023-08-08,Illumina MiSeq,Short,Contig,OK,Mycoplasma mycoides,2026-09-29,1074343,64,0.2372045054512385,0,1,False,False,False,False,False,Mycoplasma,2023-2026
GCA_030700645.1,Mycoplasma mycoides,2102,PRJNA954307,SAMN34138608,2023,2023-08-08,Illumina MiSeq,Short,Contig,OK,Mycoplasma mycoides,2026-09-29,1094148,86,0.2369460073043135,0,3,False,False,False,False,False,Mycoplasma,2023-2026
GCA_030718845.1,Mycoplasma seminis,512749,PRJNA1002399,SAMN36843426,2023,2023-08-14,Oxford Nanopore MinION; Illumina MiniSeq,Hybrid,Complete Genome,Inconclusive,Mycoplasmopsis verecunda,2026-09-29,1064223,1,0.2829378805006093,0,0,False,False,False,False,False,Mycoplasma,2023-2026
GCA_030815295.1,Mycoplasma yeatsii,51365,PRJNA709630,SAMN18247817,2023,2023-08-18,Illumina,Short,Contig,OK,Mycoplasma cottewii,2026-09-29,935627,22,0.2556638489483522,0,2,False,False,False,False,False,Mycoplasma,2023-2026
GCA_030913225.1,Spiroplasma sp. AdecLV25b,3027162,PRJNA921942,SAMN32746590,2023,2023-08-27,Illumina NovaSeq,Short,Contig,Inconclusive,Spiroplasma citri,2026-09-29,965424,55,0.2677041382853544,0,1,False,False,False,False,False,Spiroplasma,2023-2026
GCA_031119525.1,Spiroplasma sp.,2135,PRJNA995601,SAMN36993585,2023,2023-09-04,Illumina NovaSeq,Short,Scaffold,OK,Spiroplasma attinicola,2026-09-29,807291,7,0.2674772789489787,0,0,False,False,False,False,False,Spiroplasma,2023-2026
GCA_031255095.1,Mycoplasmataceae bacterium,2685873,PRJNA732531,SAMN21241283,2023,2023-09-07,Illumina NovaSeq,Short,Contig,Inconclusive,[Mycoplasma] collis,2026-09-29,996691,52,0.2616919386249098,0,0,False,False,False,False,False,Mycoplasmataceae,2023-2026
GCA_031257095.1,Mycoplasmataceae bacterium,2685873,PRJNA732531,SAMN21241183,2023,2023-09-07,Illumina NovaSeq,Short,Contig,Inconclusive,Candidatus Hennigella equi,2026-09-29,664759,27,0.3144553138806695,0,0,False,False,False,False,False,Mycoplasmataceae,2023-2026
GCA_031258945.1,Mycoplasmataceae bacterium,2685873,PRJNA732531,SAMN21241101,2023,2023-09-07,Illumina NovaSeq,Short,Contig,Inconclusive,Mycoplasmoides pirum,2026-09-29,835014,46,0.3047493814474967,0,0,False,False,False,False,False,Mycoplasmataceae,2023-2026
GCA_031259945.1,Mycoplasmataceae bacterium,2685873,PRJNA732531,SAMN21241065,2023,2023-09-07,Illumina NovaSeq,Short,Contig,Inconclusive,Ureaplasma urealyticum,2026-09-29,847890,28,0.3075634811119367,0,0,False,False,False,False,False,Mycoplasmataceae,2023-2026
GCA_031260145.1,Mycoplasmataceae bacterium,2685873,PRJNA732531,SAMN21241056,2023,2023-09-07,Illumina NovaSeq,Short,Contig,Inconclusive,Mycoplasmoides pirum,2026-09-29,658242,33,0.2549092886810626,0,0,False,False,False,False,False,Mycoplasmataceae,2023-2026
GCA_031261045.1,Mycoplasmataceae bacterium,2685873,PRJNA732531,SAMN21241725,2023,2023-09-07,Illumina NovaSeq,Short,Contig,Inconclusive,na,2026-09-29,583590,105,0.3394746311622886,1,0,True,False,False,False,True,Mycoplasmataceae,2023-2026
GCA_031261065.1,Mycoplasmataceae bacterium,2685873,PRJNA732531,SAMN21241724,2023,2023-09-07,Illumina NovaSeq,Short,Contig,Inconclusive,Malacoplasma iowae,2026-09-29,704890,12,0.3225453616876392,0,0,False,False,False,False,False,Mycoplasmataceae,2023-2026
GCA_031262935.1,Mycoplasmataceae bacterium,2685873,PRJNA732531,SAMN21241637,2023,2023-09-07,Illumina NovaSeq,Short,Contig,Inconclusive,Ureaplasma parvum,2026-09-29,741621,46,0.2818353309844246,0,0,False,False,False,False,False,Mycoplasmataceae,2023-2026
GCA_031265955.1,Mycoplasmataceae bacterium,2685873,PRJNA732531,SAMN21241511,2023,2023-09-07,Illumina NovaSeq,Short,Contig,Inconclusive,Candidatus Hennigella equi,2026-09-29,980658,11,0.3192285179950604,0,0,False,False,False,False,False,Mycoplasmataceae,2023-2026
GCA_031271425.1,Spiroplasmataceae bacterium,2872178,PRJNA732531,SAMN21242026,2023,2023-09-08,Illumina NovaSeq,Short,Contig,Inconclusive,Spiroplasma taiwanense,2026-09-29,774928,30,0.3010666797431503,0,0,False,False,False,False,False,Spiroplasmataceae,2023-2026
GCA_031273215.1,Mycoplasmataceae bacterium,2685873,PRJNA732531,SAMN21241934,2023,2023-09-08,Illumina NovaSeq,Short,Contig,Inconclusive,Malacoplasma iowae,2026-09-29,549362,20,0.3007870948482057,0,0,False,False,False,False,False,Mycoplasmataceae,2023-2026
GCA_031275175.1,Mycoplasmataceae bacterium,2685873,PRJNA732531,SAMN21241854,2023,2023-09-08,Illumina NovaSeq,Short,Contig,Inconclusive,Malacoplasma iowae,2026-09-29,833179,33,0.3055801934518273,0,0,False,False,False,False,False,Mycoplasmataceae,2023-2026
GCA_031278855.1,Mycoplasmataceae bacterium,2685873,PRJNA732531,SAMN21242389,2023,2023-09-08,Illumina NovaSeq,Short,Contig,Inconclusive,na,2026-09-29,895118,111,0.3319942175221591,0,0,False,False,False,False,False,Mycoplasmataceae,2023-2026
GCA_031279765.1,Mycoplasmataceae bacterium,2685873,PRJNA732531,SAMN21242340,2023,2023-09-08,Illumina NovaSeq,Short,Contig,Inconclusive,Malacoplasma muris,2026-09-29,612919,48,0.2621080436403505,1,0,True,False,False,False,True,Mycoplasmataceae,2023-2026
GCA_031281465.1,Mycoplasmataceae bacterium,2685873,PRJNA732531,SAMN21242275,2023,2023-09-08,Illumina NovaSeq,Short,Contig,Inconclusive,Malacoplasma iowae,2026-09-29,1251107,72,0.3034264855044373,0,0,False,False,False,False,False,Mycoplasmataceae,2023-2026
GCA_031281575.1,Mycoplasmataceae bacterium,2685873,PRJNA732531,SAMN21242271,2023,2023-09-08,Illumina NovaSeq,Short,Contig,Inconclusive,Mycoplasmoides alvi,2026-09-29,775766,52,0.3252901003653163,1,0,True,False,False,False,True,Mycoplasmataceae,2023-2026
GCA_031282505.1,Mycoplasmataceae bacterium,2685873,PRJNA732531,SAMN21242231,2023,2023-09-08,Illumina NovaSeq,Short,Contig,Inconclusive,Mycoplasmoides pirum,2026-09-29,501284,10,0.2834540898971441,0,0,False,False,False,False,False,Mycoplasmataceae,2023-2026
GCA_031282725.1,Mycoplasmataceae bacterium,2685873,PRJNA732531,SAMN21242219,2023,2023-09-08,Illumina NovaSeq,Short,Contig,Inconclusive,Mycoplasmoides pirum,2026-09-29,876029,51,0.2973965473745732,0,0,False,False,False,False,False,Mycoplasmataceae,2023-2026
GCA_031284565.1,Mycoplasmataceae bacterium,2685873,PRJNA732531,SAMN21242756,2023,2023-09-08,Illumina NovaSeq,Short,Contig,Inconclusive,[Mycoplasma] collis,2026-09-29,406100,71,0.2851514405318887,0,0,False,False,False,False,False,Mycoplasmataceae,2023-2026
GCA_031284585.1,Acholeplasmatales bacterium,2053494,PRJNA732531,SAMN21242755,2023,2023-09-08,Illumina NovaSeq,Short,Contig,Inconclusive,Haploplasma modicum,2026-09-29,1227297,29,0.2773012563381153,0,0,False,False,False,False,False,Acholeplasmatales,2023-2026
GCA_031284595.1,Mycoplasmataceae bacterium,2685873,PRJNA732531,SAMN21242758,2023,2023-09-08,Illumina NovaSeq,Short,Contig,Inconclusive,Mycoplasmoides pirum,2026-09-29,573443,59,0.2887645328306388,0,0,False,False,False,False,False,Mycoplasmataceae,2023-2026
GCA_031284605.1,Acholeplasmatales bacterium,2053494,PRJNA732531,SAMN21242757,2023,2023-09-08,Illumina NovaSeq,Short,Contig,Inconclusive,na,2026-09-29,1318937,132,0.2727234128696063,0,0,False,False,False,False,False,Acholeplasmatales,2023-2026
GCA_031284745.1,Acholeplasmatales bacterium,2053494,PRJNA732531,SAMN21242745,2023,2023-09-08,Illumina NovaSeq,Short,Contig,Inconclusive,na,2026-09-29,968181,49,0.3383458258321533,0,0,False,False,False,False,False,Acholeplasmatales,2023-2026
GCA_031284865.1,Mycoplasmataceae bacterium,2685873,PRJNA732531,SAMN21242742,2023,2023-09-08,Illumina NovaSeq,Short,Contig,Inconclusive,Candidatus Hennigella equi,2026-09-29,654150,54,0.3446105633264542,0,0,False,False,False,False,False,Mycoplasmataceae,2023-2026
GCA_031284985.1,Mycoplasmataceae bacterium,2685873,PRJNA732531,SAMN21242735,2023,2023-09-08,Illumina NovaSeq,Short,Contig,Inconclusive,Malacoplasma iowae,2026-09-29,824176,61,0.3102844538059832,0,0,False,False,False,False,False,Mycoplasmataceae,2023-2026
GCA_031288285.1,Mycoplasmataceae bacterium,2685873,PRJNA732531,SAMN21242596,2023,2023-09-08,Illumina NovaSeq,Short,Contig,Inconclusive,Ureaplasma parvum,2026-09-29,534199,17,0.3214700888620158,0,0,False,False,False,False,False,Mycoplasmataceae,2023-2026
GCA_031289475.1,Mycoplasmataceae bacterium,2685873,PRJNA732531,SAMN21242538,2023,2023-09-08,Illumina NovaSeq,Short,Contig,Inconclusive,Mycoplasmoides alvi,2026-09-29,853247,85,0.3371497350708529,0,0,False,False,False,False,False,Mycoplasmataceae,2023-2026
GCA_031289655.1,Mycoplasmataceae bacterium,2685873,PRJNA732531,SAMN21242530,2023,2023-09-08,Illumina NovaSeq,Short,Contig,Inconclusive,Malacoplasma muris,2026-09-29,572366,43,0.2825097926851,0,0,False,False,False,False,False,Mycoplasmataceae,2023-2026
GCA_031290395.1,Mycoplasmataceae bacterium,2685873,PRJNA732531,SAMN21242489,2023,2023-09-08,Illumina NovaSeq,Short,Contig,Inconclusive,Ureaplasma urealyticum,2026-09-29,1014839,21,0.3296946609265115,0,0,False,False,False,False,False,Mycoplasmataceae,2023-2026
GCA_031323815.1,Acholeplasmataceae bacterium,1898209,PRJNA1010173,SAMN37182644,2023,2023-09-10,Illumina MiSeq,Short,Scaffold,Inconclusive,Peloplasma aerotolerans,2026-09-29,1312659,634,0.3288218798636965,0,2,False,False,False,False,False,Acholeplasmataceae,2023-2026
GCA_031326065.1,Candidatus Phytoplasma australasiaticum,2754999,PRJNA1008853,SAMN37131271,2023,2023-09-11,Illumina NovaSeq,Short,Complete Genome,OK,Candidatus Phytoplasma australasiaticum,2026-09-29,633005,1,0.2449617301601093,0,0,False,False,False,False,False,Phytoplasma,2023-2026
GCA_031549865.1,Anaeroplasmataceae bacterium,2793037,PRJNA948469,SAMN36469739,2023,2023-09-15,Illumina NovaSeq,Short,Contig,Inconclusive,Oceanotoga teriensis,2026-09-29,2090936,35,0.2726984470112906,0,0,False,False,False,False,False,Anaeroplasmataceae,2023-2026
GCA_031550255.1,Anaeroplasmataceae bacterium,2793037,PRJNA948469,SAMN36469727,2023,2023-09-15,Illumina NovaSeq,Short,Contig,Inconclusive,Clostridium tarantellae,2026-09-29,1486018,199,0.2716057275214701,0,0,False,False,False,False,False,Anaeroplasmataceae,2023-2026
GCA_031553215.1,Anaeroplasmataceae bacterium,2793037,PRJNA948469,SAMN36469653,2023,2023-09-15,Illumina NovaSeq,Short,Contig,Inconclusive,na,2026-09-29,1856843,26,0.2839184572955279,0,0,False,False,False,False,False,Anaeroplasmataceae,2023-2026
GCA_031673075.1,Mycoplasmataceae bacterium,2685873,PRJNA924830,SAMN32772238,2023,2023-09-19,PacBio Sequel,Long,Complete Genome,Inconclusive,Candidatus Hepatoplasma vulgare,2026-09-29,402237,1,0.2281615067733699,0,0,False,False,False,False,False,Mycoplasmataceae,2023-2026
GCA_031673915.1,Mycoplasmataceae bacterium,2685873,PRJNA924830,SAMN32772237,2023,2023-09-19,PacBio Sequel,Long,Complete Genome,Inconclusive,Spiroplasma taiwanense,2026-09-29,326911,1,0.2471590126976455,0,0,False,False,False,False,False,Mycoplasmataceae,2023-2026
GCA_031674855.1,Mycoplasmataceae bacterium,2685873,PRJNA924830,SAMN32772240,2023,2023-09-19,PacBio Sequel,Long,Complete Genome,Inconclusive,na,2026-09-29,615212,1,0.2952088060701026,0,0,False,False,False,False,False,Mycoplasmataceae,2023-2026
GCA_031675535.1,Mycoplasmataceae bacterium,2685873,PRJNA924830,SAMN32772239,2023,2023-09-19,PacBio RSII,Long,Complete Genome,Inconclusive,Mycoplasma mycoides,2026-09-29,486155,1,0.3045263341938271,0,0,False,False,False,False,False,Mycoplasmataceae,2023-2026
GCA_032251215.1,Candidatus Izemoplasmatales bacterium,3018265,PRJNA1019644,SAMN37487601,2023,2023-10-01,DNBseq,Short,Scaffold,Inconclusive,Hujiaoplasma nucleasis,2026-09-29,1332215,184,0.3153710174408785,0,0,False,False,False,False,False,Izemoplasmatales,2023-2026
GCA_032665465.1,Haloplasma sp. T6-7.5,3070057,PRJNA1004092,SAMN36922727,2023,2023-10-13,Illumina,Short,Contig,Inconclusive,na,2026-09-29,908238,1231,0.6115764810545253,0,3,False,False,False,False,False,Haloplasma,2023-2026
GCA_032666485.1,Haloplasma sp. T6-6.55,3070056,PRJNA1004092,SAMN36922699,2023,2023-10-13,Illumina,Short,Contig,Inconclusive,na,2026-09-29,1104225,1392,0.4709592700762978,0,4,False,False,False,False,False,Haloplasma,2023-2026
GCA_032884535.1,Pigeon pea little leaf phytoplasma,126583,PRJNA980440,SAMN35636900,2023,2023-10-20,Illumina NovaSeq,Short,Scaffold,OK,Candidatus Phytoplasma fabacearum,2026-09-29,532256,28,0.2366643119100583,0,0,False,False,False,False,False,Pigeon,2023-2026
GCA_032884545.1,Candidatus Phytoplasma melaleucae,2982630,PRJNA980440,SAMN35636919,2023,2023-10-20,Illumina NovaSeq,Short,Scaffold,OK,Candidatus Phytoplasma melaleucae,2026-09-29,463752,12,0.2561131811830461,0,2,False,False,False,False,False,Phytoplasma,2023-2026
GCA_032884575.1,Candidatus Phytoplasma stylosanthis,2798314,PRJNA980440,SAMN35636996,2023,2023-10-20,Illumina NovaSeq,Short,Scaffold,OK,Candidatus Phytoplasma australasiaticum,2026-09-29,523215,13,0.214833290329979,0,0,False,False,False,False,False,Phytoplasma,2023-2026
GCA_032884585.1,Candidatus Phytoplasma australasiaticum subsp. ipomoeae,101513,PRJNA980440,SAMN35636893,2023,2023-10-20,Illumina NovaSeq,Short,Scaffold,OK,Candidatus Phytoplasma australasiaticum,2026-09-29,603040,26,0.2382329530379411,0,1,False,False,False,False,False,Phytoplasma,2023-2026
GCA_032884595.1,Candidatus Phytoplasma australasiaticum subsp. ipomoeae,101513,PRJNA980440,SAMN35636889,2023,2023-10-20,Illumina NovaSeq,Short,Scaffold,OK,Candidatus Phytoplasma australasiaticum,2026-09-29,563045,35,0.2419575699988455,0,5,False,False,False,False,False,Phytoplasma,2023-2026
GCA_032884735.1,Candidatus Phytoplasma australasiaticum subsp. ipomoeae,101513,PRJNA980440,SAMN35636909,2023,2023-10-20,Illumina NovaSeq,Short,Scaffold,OK,Candidatus Phytoplasma australasiaticum,2026-09-29,549173,25,0.2353538866623086,0,1,False,False,False,False,False,Phytoplasma,2023-2026
GCA_032884755.1,Candidatus Phytoplasma australasiaticum,2754999,PRJNA980440,SAMN35636875,2023,2023-10-20,Illumina NovaSeq,Short,Scaffold,OK,Candidatus Phytoplasma australasiaticum,2026-09-29,655838,218,0.2500526044541487,0,5,False,False,False,False,False,Phytoplasma,2023-2026
GCA_032884775.1,Candidatus Phytoplasma stylosanthis,2798314,PRJNA980440,SAMN35636874,2023,2023-10-20,Illumina NovaSeq,Short,Scaffold,OK,Candidatus Phytoplasma stylosanthis,2026-09-29,667204,213,0.2357255052427743,0,10,False,False,False,False,False,Phytoplasma,2023-2026
GCA_032884785.1,Candidatus Phytoplasma australasiaticum,2754999,PRJNA980440,SAMN35636879,2023,2023-10-20,Illumina NovaSeq,Short,Scaffold,Failed,Candidatus Phytoplasma australasiaticum,2026-09-29,617998,139,0.2485299305175745,0,4,False,False,False,False,False,Phytoplasma,2023-2026
GCA_032884815.1,Candidatus Phytoplasma australasiaticum subsp. ipomoeae,101513,PRJNA980440,SAMN35636880,2023,2023-10-20,Illumina NovaSeq,Short,Scaffold,OK,Candidatus Phytoplasma australasiaticum,2026-09-29,578701,87,0.2412593031634644,0,6,False,False,False,False,False,Phytoplasma,2023-2026
GCA_032884915.1,Candidatus Phytoplasma australasiaticum,2754999,PRJNA980440,SAMN35636866,2023,2023-10-20,Illumina NovaSeq,Short,Scaffold,OK,Candidatus Phytoplasma australasiaticum,2026-09-29,639627,144,0.2561805552298449,0,8,False,False,False,False,False,Phytoplasma,2023-2026
GCA_032884955.1,Candidatus Phytoplasma vignae,126585,PRJNA980440,SAMN35636887,2023,2023-10-20,Illumina NovaSeq,Short,Scaffold,OK,Candidatus Phytoplasma australasiaticum,2026-09-29,569885,23,0.2383322951121717,0,3,False,False,False,False,False,Phytoplasma,2023-2026
GCA_032884965.1,Candidatus Phytoplasma australasiaticum subsp. ipomoeae,101513,PRJNA980440,SAMN35636946,2023,2023-10-20,Illumina NovaSeq,Short,Scaffold,OK,Candidatus Phytoplasma australasiaticum,2026-09-29,616316,152,0.2478322808429442,0,5,False,False,False,False,False,Phytoplasma,2023-2026
GCA_032884975.1,Candidatus Phytoplasma australasiaticum,2754999,PRJNA980440,SAMN35636993,2023,2023-10-20,Illumina NovaSeq,Short,Scaffold,OK,Candidatus Phytoplasma australasiaticum,2026-09-29,692492,193,0.2640839172149281,0,29,False,False,False,False,False,Phytoplasma,2023-2026
GCA_032885015.1,Candidatus Phytoplasma australasiaticum subsp. ipomoeae,101513,PRJNA980440,SAMN35636995,2023,2023-10-20,Illumina NovaSeq,Short,Scaffold,OK,Candidatus Phytoplasma australasiaticum,2026-09-29,586672,80,0.2493250061363078,0,7,False,False,False,False,False,Phytoplasma,2023-2026
GCA_032885135.1,Candidatus Phytoplasma australasiaticum,2754999,PRJNA980440,SAMN35636907,2023,2023-10-20,Illumina NovaSeq,Short,Scaffold,OK,Candidatus Phytoplasma australasiaticum,2026-09-29,466782,490,0.2505837842933103,0,1,False,False,False,False,False,Phytoplasma,2023-2026
GCA_032885155.1,Pigeon pea little leaf phytoplasma,126583,PRJNA980440,SAMN35636891,2023,2023-10-20,Illumina NovaSeq,Short,Scaffold,OK,Candidatus Phytoplasma fabacearum,2026-09-29,712943,173,0.2546683255183093,0,10,False,False,False,False,False,Pigeon,2023-2026
GCA_032885165.1,Pigeon pea little leaf phytoplasma,126583,PRJNA980440,SAMN35636870,2023,2023-10-20,Illumina NovaSeq,Short,Scaffold,OK,Candidatus Phytoplasma fabacearum,2026-09-29,594522,217,0.2473230595335412,0,3,False,False,False,False,False,Pigeon,2023-2026
GCA_032885195.1,Candidatus Phytoplasma australasiaticum,2754999,PRJNA980440,SAMN35636918,2023,2023-10-20,Illumina NovaSeq,Short,Scaffold,OK,Candidatus Phytoplasma australasiaticum,2026-09-29,694508,179,0.2541986557390268,0,6,False,False,False,False,False,Phytoplasma,2023-2026
GCA_032885235.1,Candidatus Phytoplasma australasiaticum subsp. ipomoeae,101513,PRJNA980440,SAMN35636897,2023,2023-10-20,Illumina NovaSeq,Short,Scaffold,OK,Candidatus Phytoplasma australasiaticum,2026-09-29,1086521,609,0.2891587001079592,0,19,False,False,False,False,False,Phytoplasma,2023-2026
GCA_032885335.1,Candidatus Phytoplasma australasiaticum subsp. ipomoeae,101513,PRJNA980440,SAMN35636868,2023,2023-10-20,Illumina NovaSeq,Short,Scaffold,OK,Candidatus Phytoplasma australasiaticum,2026-09-29,773355,191,0.2628378946279522,0,8,False,False,False,False,False,Phytoplasma,2023-2026
GCA_032885355.1,Candidatus Phytoplasma australasiaticum subsp. ipomoeae,101513,PRJNA980440,SAMN35636920,2023,2023-10-20,Illumina NovaSeq,Short,Scaffold,OK,Candidatus Phytoplasma australasiaticum,2026-09-29,949379,266,0.3039987191627369,0,65,False,False,False,False,False,Phytoplasma,2023-2026
GCA_032885375.1,Candidatus Phytoplasma australasiaticum subsp. ipomoeae,101513,PRJNA980440,SAMN35636892,2023,2023-10-20,Illumina NovaSeq,Short,Scaffold,OK,Candidatus Phytoplasma australasiaticum,2026-09-29,561225,46,0.2380809835627422,0,3,False,False,False,False,False,Phytoplasma,2023-2026
GCA_032885455.1,Candidatus Phytoplasma australasiaticum subsp. ipomoeae,101513,PRJNA980440,SAMN35636867,2023,2023-10-20,Illumina NovaSeq,Short,Scaffold,OK,Candidatus Phytoplasma australasiaticum,2026-09-29,643280,142,0.2394898022634,0,4,False,False,False,False,False,Phytoplasma,2023-2026
GCA_032885465.1,Candidatus Phytoplasma australasiaticum,2754999,PRJNA980440,SAMN35636888,2023,2023-10-20,Illumina NovaSeq,Short,Contig,OK,Candidatus Phytoplasma australasiaticum,2026-09-29,570439,484,0.2728810617787353,0,24,False,False,False,False,False,Phytoplasma,2023-2026
GCA_032885475.1,Candidatus Phytoplasma australasiaticum subsp. ipomoeae,101513,PRJNA980440,SAMN35636886,2023,2023-10-20,Illumina NovaSeq,Short,Scaffold,OK,Candidatus Phytoplasma australasiaticum,2026-09-29,601834,66,0.2420102553195731,1,5,True,False,False,False,True,Phytoplasma,2023-2026
GCA_032885485.1,Candidatus Phytoplasma australasiaticum,2754999,PRJNA980440,SAMN35636998,2023,2023-10-20,Illumina NovaSeq,Short,Scaffold,OK,Candidatus Phytoplasma australasiaticum,2026-09-29,623353,87,0.2464446308913248,0,7,False,False,False,False,False,Phytoplasma,2023-2026
GCA_032885555.1,Candidatus Phytoplasma australasiaticum subsp. ipomoeae,101513,PRJNA980440,SAMN35636885,2023,2023-10-20,Illumina NovaSeq,Short,Scaffold,OK,Candidatus Phytoplasma australasiaticum,2026-09-29,705738,145,0.2516627983756011,0,9,False,False,False,False,False,Phytoplasma,2023-2026
GCA_032885685.1,Candidatus Phytoplasma australasiaticum,2754999,PRJNA980440,SAMN35636992,2023,2023-10-20,Illumina NovaSeq,Short,Scaffold,OK,Candidatus Phytoplasma australasiaticum,2026-09-29,767352,252,0.2592043807796161,0,12,False,False,False,False,False,Phytoplasma,2023-2026
GCA_032885715.1,Candidatus Phytoplasma australasiaticum,2754999,PRJNA980440,SAMN35636991,2023,2023-10-20,Illumina NovaSeq,Short,Scaffold,OK,Candidatus Phytoplasma australasiaticum,2026-09-29,568936,292,0.2439676870509161,0,6,False,False,False,False,False,Phytoplasma,2023-2026
GCA_032885725.1,Candidatus Phytoplasma australasiaticum subsp. ipomoeae,101513,PRJNA980440,SAMN35636881,2023,2023-10-20,Illumina NovaSeq,Short,Scaffold,OK,Candidatus Phytoplasma australasiaticum,2026-09-29,988125,606,0.2816354206198608,0,14,False,False,False,False,False,Phytoplasma,2023-2026
GCA_032885735.1,Candidatus Phytoplasma australasiaticum,2754999,PRJNA980440,SAMN35636990,2023,2023-10-20,Illumina NovaSeq,Short,Scaffold,OK,Candidatus Phytoplasma australasiaticum,2026-09-29,617848,99,0.2427215107922984,0,7,False,False,False,False,False,Phytoplasma,2023-2026
GCA_032885795.1,Candidatus Phytoplasma australasiaticum,2754999,PRJNA980440,SAMN35636989,2023,2023-10-20,Illumina NovaSeq,Short,Scaffold,OK,Candidatus Phytoplasma australasiaticum,2026-09-29,739662,210,0.2619493768775467,0,17,False,False,False,False,False,Phytoplasma,2023-2026
GCA_032885895.1,Candidatus Phytoplasma australasiaticum,2754999,PRJNA980440,SAMN35636988,2023,2023-10-20,Illumina NovaSeq,Short,Scaffold,OK,Candidatus Phytoplasma australasiaticum,2026-09-29,687391,193,0.2599874016389507,0,19,False,False,False,False,False,Phytoplasma,2023-2026
GCA_032885905.1,Candidatus Phytoplasma australasiaticum,2754999,PRJNA980440,SAMN35636985,2023,2023-10-20,Illumina NovaSeq,Short,Scaffold,OK,Candidatus Phytoplasma australasiaticum,2026-09-29,564170,72,0.2399879468954393,0,2,False,False,False,False,False,Phytoplasma,2023-2026
GCA_032885935.1,Pigeon pea little leaf phytoplasma,126583,PRJNA980440,SAMN35636911,2023,2023-10-20,Illumina NovaSeq,Short,Scaffold,OK,Candidatus Phytoplasma fabacearum,2026-09-29,735078,222,0.2523038371438133,0,5,False,False,False,False,False,Pigeon,2023-2026
GCA_032885945.1,Candidatus Phytoplasma australasiaticum,2754999,PRJNA980440,SAMN35636987,2023,2023-10-20,Illumina NovaSeq,Short,Contig,OK,Candidatus Phytoplasma australasiaticum,2026-09-29,1319922,924,0.3016663105850194,0,17,False,False,False,False,False,Phytoplasma,2023-2026
GCA_032886075.1,Candidatus Phytoplasma australasiaticum subsp. ipomoeae,101513,PRJNA980440,SAMN35636983,2023,2023-10-20,Illumina NovaSeq,Short,Scaffold,OK,Candidatus Phytoplasma australasiaticum,2026-09-29,648611,118,0.2520123772183943,0,10,False,False,False,False,False,Phytoplasma,2023-2026
GCA_032886095.1,Candidatus Phytoplasma australasiaticum,2754999,PRJNA980440,SAMN35636986,2023,2023-10-20,Illumina NovaSeq,Short,Scaffold,OK,Candidatus Phytoplasma australasiaticum,2026-09-29,804112,280,0.2755548978251785,0,22,False,False,False,False,False,Phytoplasma,2023-2026
GCA_032886105.1,Candidatus Phytoplasma australasiaticum,2754999,PRJNA980440,SAMN35636997,2023,2023-10-20,Illumina NovaSeq,Short,Scaffold,OK,Candidatus Phytoplasma australasiaticum,2026-09-29,560272,63,0.2403778878830282,0,4,False,False,False,False,False,Phytoplasma,2023-2026
GCA_032886155.1,Candidatus Phytoplasma australasiaticum,2754999,PRJNA980440,SAMN35636862,2023,2023-10-20,Illumina NovaSeq,Short,Scaffold,OK,Candidatus Phytoplasma australasiaticum,2026-09-29,684018,188,0.259098444777769,0,7,False,False,False,False,False,Phytoplasma,2023-2026
GCA_032886175.1,Candidatus Phytoplasma australasiaticum,2754999,PRJNA980440,SAMN35636861,2023,2023-10-20,Illumina NovaSeq,Short,Scaffold,OK,Candidatus Phytoplasma australasiaticum,2026-09-29,613653,94,0.2452053522104511,0,2,False,False,False,False,False,Phytoplasma,2023-2026
GCA_032886195.1,Candidatus Phytoplasma australasiaticum subsp. ipomoeae,101513,PRJNA980440,SAMN35636945,2023,2023-10-20,Illumina NovaSeq,Short,Contig,OK,Candidatus Phytoplasma australasiaticum,2026-09-29,475902,399,0.2679900483713033,1,3,True,False,False,False,True,Phytoplasma,2023-2026
GCA_032886215.1,Candidatus Phytoplasma australasiaticum subsp. ipomoeae,101513,PRJNA980440,SAMN35636944,2023,2023-10-20,Illumina NovaSeq,Short,Contig,OK,Candidatus Phytoplasma australasiaticum,2026-09-29,375383,400,0.2778415644821422,0,2,False,False,False,False,False,Phytoplasma,2023-2026
GCA_032886225.1,Candidatus Phytoplasma australasiaticum,2754999,PRJNA980440,SAMN35636860,2023,2023-10-20,Illumina NovaSeq,Short,Scaffold,OK,Candidatus Phytoplasma australasiaticum,2026-09-29,624217,163,0.251274797065764,0,2,False,False,False,False,False,Phytoplasma,2023-2026
GCA_032886255.1,Candidatus Phytoplasma australasiaticum,2754999,PRJNA980440,SAMN35636982,2023,2023-10-20,Illumina NovaSeq,Short,Scaffold,OK,Candidatus Phytoplasma australasiaticum,2026-09-29,562088,39,0.2394767367387313,0,2,False,False,False,False,False,Phytoplasma,2023-2026
GCA_032886275.1,Candidatus Phytoplasma australasiaticum,2754999,PRJNA980440,SAMN35636943,2023,2023-10-20,Illumina NovaSeq,Short,Contig,OK,Candidatus Phytoplasma australasiaticum,2026-09-29,637997,492,0.2711517452276421,0,2,False,False,False,False,False,Phytoplasma,2023-2026
GCA_032886295.1,Candidatus Phytoplasma australasiaticum subsp. ipomoeae,101513,PRJNA980440,SAMN35636981,2023,2023-10-20,Illumina NovaSeq,Short,Scaffold,OK,Candidatus Phytoplasma australasiaticum,2026-09-29,561519,63,0.237240413948593,0,2,False,False,False,False,False,Phytoplasma,2023-2026
GCA_032886315.1,Candidatus Phytoplasma australasiaticum,2754999,PRJNA980440,SAMN35636980,2023,2023-10-20,Illumina NovaSeq,Short,Scaffold,OK,Candidatus Phytoplasma australasiaticum,2026-09-29,570810,54,0.2404180024876929,0,2,False,False,False,False,False,Phytoplasma,2023-2026
GCA_032886335.1,Candidatus Phytoplasma australasiaticum,2754999,PRJNA980440,SAMN35636979,2023,2023-10-20,Illumina NovaSeq,Short,Scaffold,OK,Candidatus Phytoplasma australasiaticum,2026-09-29,586654,63,0.2426097836203281,0,3,False,False,False,False,False,Phytoplasma,2023-2026
GCA_032886355.1,Candidatus Phytoplasma australasiaticum subsp. ipomoeae,101513,PRJNA980440,SAMN35636977,2023,2023-10-20,Illumina NovaSeq,Short,Scaffold,OK,Candidatus Phytoplasma australasiaticum,2026-09-29,562213,53,0.2398041311744836,0,4,False,False,False,False,False,Phytoplasma,2023-2026
GCA_032886375.1,Candidatus Phytoplasma australasiaticum subsp. ipomoeae,101513,PRJNA980440,SAMN35636976,2023,2023-10-20,Illumina NovaSeq,Short,Scaffold,OK,Candidatus Phytoplasma australasiaticum,2026-09-29,557550,50,0.2372145995874809,0,2,False,False,False,False,False,Phytoplasma,2023-2026
GCA_032886395.1,Candidatus Phytoplasma australasiaticum,2754999,PRJNA980440,SAMN35636975,2023,2023-10-20,Illumina NovaSeq,Short,Scaffold,OK,Candidatus Phytoplasma australasiaticum,2026-09-29,565371,54,0.2401025167544851,0,3,False,False,False,False,False,Phytoplasma,2023-2026
GCA_032886415.1,Candidatus Phytoplasma australasiaticum,2754999,PRJNA980440,SAMN35636878,2023,2023-10-20,Illumina NovaSeq,Short,Scaffold,OK,Candidatus Phytoplasma australasiaticum,2026-09-29,563824,55,0.2397645364510911,0,3,False,False,False,False,False,Phytoplasma,2023-2026
GCA_032886435.1,Candidatus Phytoplasma stylosanthis,2798314,PRJNA980440,SAMN35636905,2023,2023-10-20,Illumina NovaSeq,Short,Scaffold,OK,Candidatus Phytoplasma stylosanthis,2026-09-29,560943,55,0.2162180471099559,0,1,False,False,False,False,False,Phytoplasma,2023-2026
GCA_032886455.1,Candidatus Phytoplasma stylosanthis,2798314,PRJNA980440,SAMN35636906,2023,2023-10-20,Illumina NovaSeq,Short,Scaffold,OK,Candidatus Phytoplasma stylosanthis,2026-09-29,502289,98,0.2181075038473866,0,3,False,False,False,False,False,Phytoplasma,2023-2026
GCA_032886475.1,Candidatus Phytoplasma australasiaticum,2754999,PRJNA980440,SAMN35636978,2023,2023-10-20,Illumina NovaSeq,Short,Contig,OK,Candidatus Phytoplasma australasiaticum,2026-09-29,448309,403,0.2487949160065936,0,3,False,False,False,False,False,Phytoplasma,2023-2026
GCA_032886495.1,Candidatus Phytoplasma stylosanthis,2798314,PRJNA980440,SAMN35636904,2023,2023-10-20,Illumina NovaSeq,Short,Scaffold,OK,Candidatus Phytoplasma stylosanthis,2026-09-29,559319,30,0.2140334943028933,0,1,False,False,False,False,False,Phytoplasma,2023-2026
GCA_032886515.1,Candidatus Phytoplasma stylosanthis,2798314,PRJNA980440,SAMN35636873,2023,2023-10-20,Illumina NovaSeq,Short,Scaffold,OK,Candidatus Phytoplasma stylosanthis,2026-09-29,504360,10,0.2109901657546197,0,1,False,False,False,False,False,Phytoplasma,2023-2026
GCA_032886535.1,Candidatus Phytoplasma australasiaticum subsp. ipomoeae,101513,PRJNA980440,SAMN35636974,2023,2023-10-20,Illumina NovaSeq,Short,Scaffold,OK,Candidatus Phytoplasma australasiaticum,2026-09-29,610109,105,0.2451955306346898,0,3,False,False,False,False,False,Phytoplasma,2023-2026
GCA_032886555.1,Candidatus Phytoplasma vignae,126585,PRJNA980440,SAMN35636864,2023,2023-10-20,Illumina NovaSeq,Short,Scaffold,OK,Candidatus Phytoplasma vignae,2026-09-29,540232,34,0.2341956788935124,0,3,False,False,False,False,False,Phytoplasma,2023-2026
GCA_032886575.1,Candidatus Phytoplasma australasiaticum subsp. ipomoeae,101513,PRJNA980440,SAMN35636912,2023,2023-10-20,Illumina NovaSeq,Short,Scaffold,OK,Candidatus Phytoplasma australasiaticum,2026-09-29,631298,133,0.2538405000491052,0,3,False,False,False,False,False,Phytoplasma,2023-2026
GCA_032886595.1,Candidatus Phytoplasma australasiaticum,2754999,PRJNA980440,SAMN35636941,2023,2023-10-20,Illumina NovaSeq,Short,Scaffold,OK,Candidatus Phytoplasma australasiaticum,2026-09-29,594503,80,0.2392502645066551,0,2,False,False,False,False,False,Phytoplasma,2023-2026
GCA_032886615.1,Candidatus Phytoplasma australasiaticum,2754999,PRJNA980440,SAMN35636863,2023,2023-10-20,Illumina NovaSeq,Short,Scaffold,OK,Candidatus Phytoplasma australasiaticum,2026-09-29,573831,35,0.2418185842173044,0,4,False,False,False,False,False,Phytoplasma,2023-2026
GCA_032886635.1,Candidatus Phytoplasma australasiaticum subsp. ipomoeae,101513,PRJNA980440,SAMN35636942,2023,2023-10-20,Illumina NovaSeq,Short,Scaffold,OK,Candidatus Phytoplasma australasiaticum,2026-09-29,661032,122,0.2472512677147248,0,8,False,False,False,False,False,Phytoplasma,2023-2026
GCA_032886655.1,Candidatus Phytoplasma australasiaticum,2754999,PRJNA980440,SAMN35636973,2023,2023-10-20,Illumina NovaSeq,Short,Scaffold,OK,Candidatus Phytoplasma australasiaticum,2026-09-29,561048,74,0.2378584363548216,0,4,False,False,False,False,False,Phytoplasma,2023-2026
GCA_032886675.1,Pigeon pea little leaf phytoplasma,126583,PRJNA980440,SAMN35636972,2023,2023-10-20,Illumina NovaSeq,Short,Scaffold,OK,Candidatus Phytoplasma fabacearum,2026-09-29,588735,97,0.2422838798440724,0,4,False,False,False,False,False,Pigeon,2023-2026
GCA_032886695.1,'Waltheria sp.' little leaf phytoplasma,3052092,PRJNA980440,SAMN35636916,2023,2023-10-20,Illumina NovaSeq,Short,Scaffold,OK,Candidatus Phytoplasma crotalariae,2026-09-29,1053989,448,0.2878777672252746,0,18,False,False,False,False,False,Waltheria,2023-2026
GCA_032886705.1,Candidatus Phytoplasma bonamiae,2982626,PRJNA980440,SAMN35636877,2023,2023-10-20,Illumina NovaSeq,Short,Scaffold,OK,Candidatus Phytoplasma bonamiae,2026-09-29,606868,54,0.2495979356301535,0,1,False,False,False,False,False,Phytoplasma,2023-2026
GCA_032886735.1,Candidatus Phytoplasma australasiaticum,2754999,PRJNA980440,SAMN35636970,2023,2023-10-20,Illumina NovaSeq,Short,Scaffold,OK,Candidatus Phytoplasma australasiaticum,2026-09-29,560105,51,0.2385338463323841,0,2,False,False,False,False,False,Phytoplasma,2023-2026
GCA_032886745.1,Candidatus Phytoplasma australasiaticum,2754999,PRJNA980440,SAMN35636971,2023,2023-10-20,Illumina NovaSeq,Short,Scaffold,OK,Candidatus Phytoplasma australasiaticum,2026-09-29,560145,51,0.2384846780744271,0,4,False,False,False,False,False,Phytoplasma,2023-2026
GCA_032886765.1,Candidatus Phytoplasma australasiaticum,2754999,PRJNA980440,SAMN35636915,2023,2023-10-20,Illumina NovaSeq,Short,Scaffold,OK,Candidatus Phytoplasma australasiaticum,2026-09-29,576398,144,0.2408891078733791,0,7,False,False,False,False,False,Phytoplasma,2023-2026
GCA_032886795.1,Candidatus Phytoplasma australasiaticum,2754999,PRJNA980440,SAMN35636914,2023,2023-10-20,Illumina NovaSeq,Short,Scaffold,OK,Candidatus Phytoplasma australasiaticum,2026-09-29,572902,68,0.2411389731577128,0,5,False,False,False,False,False,Phytoplasma,2023-2026
GCA_032886835.1,Candidatus Phytoplasma australasiaticum,2754999,PRJNA980440,SAMN35636913,2023,2023-10-20,Illumina NovaSeq,Short,Contig,OK,Candidatus Phytoplasma australasiaticum,2026-09-29,459071,405,0.242097627600088,0,4,False,False,False,False,False,Phytoplasma,2023-2026
GCA_032886915.1,Candidatus Phytoplasma australasiaticum,2754999,PRJNA980440,SAMN35636968,2023,2023-10-20,Illumina NovaSeq,Short,Scaffold,OK,Candidatus Phytoplasma australasiaticum,2026-09-29,558109,46,0.2389497392086492,0,2,False,False,False,False,False,Phytoplasma,2023-2026
GCA_032886935.1,Candidatus Phytoplasma australasiaticum,2754999,PRJNA980440,SAMN35636969,2023,2023-10-20,Illumina NovaSeq,Short,Scaffold,OK,Candidatus Phytoplasma australasiaticum,2026-09-29,545813,243,0.2384699521631035,0,0,False,False,False,False,False,Phytoplasma,2023-2026
GCA_032886955.1,Candidatus Phytoplasma australasiaticum,2754999,PRJNA980440,SAMN35636940,2023,2023-10-20,Illumina NovaSeq,Short,Scaffold,OK,Candidatus Phytoplasma australasiaticum,2026-09-29,585707,44,0.2440008400104489,0,4,False,False,False,False,False,Phytoplasma,2023-2026
GCA_032886995.1,Candidatus Phytoplasma australasiaticum,2754999,PRJNA980440,SAMN35636967,2023,2023-10-20,Illumina NovaSeq,Short,Scaffold,OK,Candidatus Phytoplasma australasiaticum,2026-09-29,572311,51,0.2380995647471392,0,2,False,False,False,False,False,Phytoplasma,2023-2026
GCA_032887035.1,Candidatus Phytoplasma australasiaticum,2754999,PRJNA980440,SAMN35636966,2023,2023-10-20,Illumina NovaSeq,Short,Scaffold,OK,Candidatus Phytoplasma australasiaticum,2026-09-29,557881,54,0.2388520132429676,0,2,False,False,False,False,False,Phytoplasma,2023-2026
GCA_032887095.1,Candidatus Phytoplasma australasiaticum,2754999,PRJNA980440,SAMN35636964,2023,2023-10-20,Illumina NovaSeq,Short,Contig,OK,Candidatus Phytoplasma australasiaticum,2026-09-29,581733,221,0.2453565467319199,0,3,False,False,False,False,False,Phytoplasma,2023-2026
GCA_032887115.1,Candidatus Phytoplasma australasiaticum,2754999,PRJNA980440,SAMN35636965,2023,2023-10-20,Illumina NovaSeq,Short,Contig,OK,Candidatus Phytoplasma australasiaticum,2026-09-29,465725,388,0.2737344999731601,0,5,False,False,False,False,False,Phytoplasma,2023-2026
GCA_032887135.1,Candidatus Phytoplasma australasiaticum,2754999,PRJNA980440,SAMN35636939,2023,2023-10-20,Illumina NovaSeq,Short,Contig,OK,Candidatus Phytoplasma australasiaticum,2026-09-29,321651,363,0.2483716823513684,0,3,False,False,False,False,False,Phytoplasma,2023-2026
GCA_032887215.1,Candidatus Phytoplasma australasiaticum,2754999,PRJNA980440,SAMN35636938,2023,2023-10-20,Illumina NovaSeq,Short,Contig,OK,Candidatus Phytoplasma australasiaticum,2026-09-29,352472,390,0.2453357997230985,0,5,False,False,False,False,False,Phytoplasma,2023-2026
GCA_032887235.1,Pigeon pea little leaf phytoplasma,126583,PRJNA980440,SAMN35636937,2023,2023-10-20,Illumina NovaSeq,Short,Scaffold,OK,Candidatus Phytoplasma fabacearum,2026-09-29,608171,110,0.2428280861797093,0,5,False,False,False,False,False,Pigeon,2023-2026
GCA_032887275.1,Candidatus Phytoplasma australasiaticum,2754999,PRJNA980440,SAMN35636936,2023,2023-10-20,Illumina NovaSeq,Short,Scaffold,OK,Candidatus Phytoplasma australasiaticum,2026-09-29,565063,150,0.2401626013382578,0,2,False,False,False,False,False,Phytoplasma,2023-2026
GCA_032887315.1,Candidatus Phytoplasma australasiaticum,2754999,PRJNA980440,SAMN35636935,2023,2023-10-20,Illumina NovaSeq,Short,Contig,OK,Candidatus Phytoplasma australasiaticum,2026-09-29,580905,180,0.2417262719377523,0,3,False,False,False,False,False,Phytoplasma,2023-2026
GCA_032887335.1,Candidatus Phytoplasma australasiaticum subsp. ipomoeae,101513,PRJNA980440,SAMN35636883,2023,2023-10-20,Illumina NovaSeq,Short,Scaffold,OK,Candidatus Phytoplasma australasiaticum,2026-09-29,556375,45,0.2374369804538306,0,3,False,False,False,False,False,Phytoplasma,2023-2026
GCA_032887395.1,Candidatus Phytoplasma australasiaticum subsp. ipomoeae,101513,PRJNA980440,SAMN35636934,2023,2023-10-20,Illumina NovaSeq,Short,Scaffold,OK,Candidatus Phytoplasma australasiaticum,2026-09-29,600632,51,0.2423414003915875,0,3,False,False,False,False,False,Phytoplasma,2023-2026
GCA_032887435.1,Candidatus Phytoplasma australasiaticum subsp. ipomoeae,101513,PRJNA980440,SAMN35636882,2023,2023-10-20,Illumina NovaSeq,Short,Scaffold,OK,Candidatus Phytoplasma australasiaticum,2026-09-29,556883,43,0.2371144387600268,0,3,False,False,False,False,False,Phytoplasma,2023-2026
GCA_032887495.1,Candidatus Phytoplasma australasiaticum,2754999,PRJNA980440,SAMN35636984,2023,2023-10-20,Illumina NovaSeq,Short,Scaffold,OK,Candidatus Phytoplasma australasiaticum,2026-09-29,565669,164,0.244006654068015,0,2,False,False,False,False,False,Phytoplasma,2023-2026
GCA_032887515.1,Candidatus Phytoplasma australasiaticum subsp. ipomoeae,101513,PRJNA980440,SAMN35636910,2023,2023-10-20,Illumina NovaSeq,Short,Scaffold,OK,Candidatus Phytoplasma australasiaticum,2026-09-29,547433,66,0.2379268330553693,0,3,False,False,False,False,False,Phytoplasma,2023-2026
GCA_032887535.1,Candidatus Phytoplasma australasiaticum subsp. ipomoeae,101513,PRJNA980440,SAMN35636963,2023,2023-10-20,Illumina NovaSeq,Short,Scaffold,OK,Candidatus Phytoplasma australasiaticum,2026-09-29,537638,65,0.2402062354223473,0,2,False,False,False,False,False,Phytoplasma,2023-2026
GCA_032887555.1,Candidatus Phytoplasma australasiaticum subsp. ipomoeae,101513,PRJNA980440,SAMN35636994,2023,2023-10-20,Illumina NovaSeq,Short,Scaffold,OK,Candidatus Phytoplasma australasiaticum,2026-09-29,572239,37,0.2400185936295848,0,2,False,False,False,False,False,Phytoplasma,2023-2026
GCA_032887635.1,Candidatus Phytoplasma australasiaticum,2754999,PRJNA980440,SAMN35636876,2023,2023-10-20,Illumina NovaSeq,Short,Scaffold,OK,Candidatus Phytoplasma australasiaticum,2026-09-29,591458,58,0.2448626952378698,0,3,False,False,False,False,False,Phytoplasma,2023-2026
GCA_032887655.1,Candidatus Phytoplasma australasiaticum subsp. ipomoeae,101513,PRJNA980440,SAMN35636962,2023,2023-10-20,Illumina NovaSeq,Short,Scaffold,OK,Candidatus Phytoplasma australasiaticum,2026-09-29,557755,22,0.2381977750087404,0,2,False,False,False,False,False,Phytoplasma,2023-2026
GCA_032887675.1,Pigeon pea little leaf phytoplasma,126583,PRJNA980440,SAMN35636933,2023,2023-10-20,Illumina NovaSeq,Short,Scaffold,OK,Candidatus Phytoplasma fabacearum,2026-09-29,601452,95,0.2420542287663853,0,3,False,False,False,False,False,Pigeon,2023-2026
GCA_032887695.1,Pigeon pea little leaf phytoplasma,126583,PRJNA980440,SAMN35636902,2023,2023-10-20,Illumina NovaSeq,Short,Scaffold,OK,Candidatus Phytoplasma fabacearum,2026-09-29,598340,81,0.2428485476484941,0,4,False,False,False,False,False,Pigeon,2023-2026
GCA_032887715.1,Candidatus Phytoplasma australasiaticum,2754999,PRJNA980440,SAMN35636903,2023,2023-10-20,Illumina NovaSeq,Short,Scaffold,Failed,Candidatus Phytoplasma australasiaticum,2026-09-29,614694,101,0.2419317579153204,0,8,False,False,False,False,False,Phytoplasma,2023-2026
GCA_032887735.1,Pigeon pea little leaf phytoplasma,126583,PRJNA980440,SAMN35636901,2023,2023-10-20,Illumina NovaSeq,Short,Scaffold,OK,Candidatus Phytoplasma fabacearum,2026-09-29,603255,96,0.2428475520302359,0,3,False,False,False,False,False,Pigeon,2023-2026
GCA_032887755.1,Candidatus Phytoplasma australasiaticum subsp. ipomoeae,101513,PRJNA980440,SAMN35636895,2023,2023-10-20,Illumina NovaSeq,Short,Scaffold,OK,Candidatus Phytoplasma australasiaticum,2026-09-29,632325,155,0.263527458190013,1,23,True,False,False,False,True,Phytoplasma,2023-2026
GCA_032887775.1,Pigeon pea little leaf phytoplasma,126583,PRJNA980440,SAMN35636899,2023,2023-10-20,Illumina NovaSeq,Short,Contig,OK,Candidatus Phytoplasma fabacearum,2026-09-29,380807,171,0.2534906133553217,0,1,False,False,False,False,False,Pigeon,2023-2026
GCA_032887795.1,Candidatus Phytoplasma australasiaticum subsp. ipomoeae,101513,PRJNA980440,SAMN35636961,2023,2023-10-20,Illumina NovaSeq,Short,Scaffold,OK,Candidatus Phytoplasma australasiaticum,2026-09-29,572790,59,0.2390090609123762,0,3,False,False,False,False,False,Phytoplasma,2023-2026
GCA_032887815.1,Candidatus Phytoplasma australasiaticum,2754999,PRJNA980440,SAMN35636898,2023,2023-10-20,Illumina NovaSeq,Short,Scaffold,OK,Candidatus Phytoplasma australasiaticum,2026-09-29,594156,73,0.2394135546893408,0,2,False,False,False,False,False,Phytoplasma,2023-2026
GCA_032887835.1,Candidatus Phytoplasma australasiaticum subsp. ipomoeae,101513,PRJNA980440,SAMN35636932,2023,2023-10-20,Illumina NovaSeq,Short,Scaffold,OK,Candidatus Phytoplasma australasiaticum,2026-09-29,519765,72,0.2395698055852164,0,1,False,False,False,False,False,Phytoplasma,2023-2026
GCA_032887855.1,Candidatus Phytoplasma australasiaticum,2754999,PRJNA980440,SAMN35636959,2023,2023-10-20,Illumina NovaSeq,Short,Contig,OK,Candidatus Phytoplasma australasiaticum,2026-09-29,554659,48,0.2388007766934278,0,2,False,False,False,False,False,Phytoplasma,2023-2026
GCA_032887865.1,Candidatus Phytoplasma australasiaticum,2754999,PRJNA980440,SAMN35636960,2023,2023-10-20,Illumina NovaSeq,Short,Scaffold,OK,Candidatus Phytoplasma australasiaticum,2026-09-29,566840,71,0.2408210429750899,0,3,False,False,False,False,False,Phytoplasma,2023-2026
GCA_032887895.1,Candidatus Phytoplasma australasiaticum,2754999,PRJNA980440,SAMN35636930,2023,2023-10-20,Illumina NovaSeq,Short,Scaffold,OK,Candidatus Phytoplasma australasiaticum,2026-09-29,550692,43,0.2379932884443572,0,2,False,False,False,False,False,Phytoplasma,2023-2026
GCA_032887915.1,Candidatus Phytoplasma australasiaticum,2754999,PRJNA980440,SAMN35636931,2023,2023-10-20,Illumina NovaSeq,Short,Scaffold,OK,Candidatus Phytoplasma australasiaticum,2026-09-29,549108,53,0.2388910742513312,0,1,False,False,False,False,False,Phytoplasma,2023-2026
GCA_032887935.1,Candidatus Phytoplasma australasiaticum,2754999,PRJNA980440,SAMN35636929,2023,2023-10-20,Illumina NovaSeq,Short,Scaffold,OK,Candidatus Phytoplasma australasiaticum,2026-09-29,554549,77,0.2386281464757848,1,2,True,False,False,False,True,Phytoplasma,2023-2026
GCA_032887955.1,Candidatus Phytoplasma australasiaticum,2754999,PRJNA980440,SAMN35636958,2023,2023-10-20,Illumina NovaSeq,Short,Scaffold,OK,Candidatus Phytoplasma australasiaticum,2026-09-29,538084,36,0.2382973662104801,0,3,False,False,False,False,False,Phytoplasma,2023-2026
GCA_032887975.1,Candidatus Phytoplasma australasiaticum,2754999,PRJNA980440,SAMN35636957,2023,2023-10-20,Illumina NovaSeq,Short,Scaffold,OK,Candidatus Phytoplasma australasiaticum,2026-09-29,550013,44,0.2386325414126575,0,2,False,False,False,False,False,Phytoplasma,2023-2026
GCA_032887995.1,Candidatus Phytoplasma australasiaticum,2754999,PRJNA980440,SAMN35636928,2023,2023-10-20,Illumina NovaSeq,Short,Scaffold,OK,Candidatus Phytoplasma australasiaticum,2026-09-29,554227,54,0.2391799749921963,0,4,False,False,False,False,False,Phytoplasma,2023-2026
GCA_032888005.1,Candidatus Phytoplasma australasiaticum,2754999,PRJNA980440,SAMN35636956,2023,2023-10-20,Illumina NovaSeq,Short,Scaffold,OK,Candidatus Phytoplasma australasiaticum,2026-09-29,588290,58,0.2433476686668139,0,2,False,False,False,False,False,Phytoplasma,2023-2026
GCA_032888035.1,Candidatus Phytoplasma australasiaticum,2754999,PRJNA980440,SAMN35636927,2023,2023-10-20,Illumina NovaSeq,Short,Scaffold,OK,Candidatus Phytoplasma australasiaticum,2026-09-29,512952,80,0.2400361047427439,0,3,False,False,False,False,False,Phytoplasma,2023-2026
GCA_032888055.1,Candidatus Phytoplasma australasiaticum,2754999,PRJNA980440,SAMN35636865,2023,2023-10-20,Illumina NovaSeq,Short,Scaffold,OK,Candidatus Phytoplasma australasiaticum,2026-09-29,959422,631,0.28823499982281,0,5,False,False,False,False,False,Phytoplasma,2023-2026
GCA_032888075.1,Candidatus Phytoplasma australasiaticum,2754999,PRJNA980440,SAMN35636926,2023,2023-10-20,Illumina NovaSeq,Short,Scaffold,OK,Candidatus Phytoplasma australasiaticum,2026-09-29,544961,43,0.2396043019592227,0,1,False,False,False,False,False,Phytoplasma,2023-2026
GCA_032888095.1,Candidatus Phytoplasma australasiaticum,2754999,PRJNA980440,SAMN35636924,2023,2023-10-20,Illumina NovaSeq,Short,Contig,OK,Candidatus Phytoplasma australasiaticum,2026-09-29,508649,84,0.2464862803229732,0,0,False,False,False,False,False,Phytoplasma,2023-2026
GCA_032888115.1,Candidatus Phytoplasma australasiaticum,2754999,PRJNA980440,SAMN35636925,2023,2023-10-20,Illumina NovaSeq,Short,Scaffold,OK,Candidatus Phytoplasma australasiaticum,2026-09-29,510386,84,0.2429494539427022,0,1,False,False,False,False,False,Phytoplasma,2023-2026
GCA_032888135.1,Candidatus Phytoplasma australasiaticum,2754999,PRJNA980440,SAMN35636955,2023,2023-10-20,Illumina NovaSeq,Short,Scaffold,OK,Candidatus Phytoplasma australasiaticum,2026-09-29,542105,42,0.2386124459283718,0,3,False,False,False,False,False,Phytoplasma,2023-2026
GCA_032888155.1,Candidatus Phytoplasma australasiaticum,2754999,PRJNA980440,SAMN35636953,2023,2023-10-20,Illumina NovaSeq,Short,Scaffold,OK,Candidatus Phytoplasma australasiaticum,2026-09-29,542050,38,0.2381975832487778,0,2,False,False,False,False,False,Phytoplasma,2023-2026
GCA_032888175.1,Candidatus Phytoplasma australasiaticum,2754999,PRJNA980440,SAMN35636952,2023,2023-10-20,Illumina NovaSeq,Short,Scaffold,OK,Candidatus Phytoplasma australasiaticum,2026-09-29,560628,45,0.2398149931862126,0,3,False,False,False,False,False,Phytoplasma,2023-2026
GCA_032888195.1,Candidatus Phytoplasma australasiaticum subsp. ipomoeae,101513,PRJNA980440,SAMN35636884,2023,2023-10-20,Illumina NovaSeq,Short,Scaffold,OK,Candidatus Phytoplasma australasiaticum,2026-09-29,807237,304,0.2780484541714515,0,22,False,False,False,False,False,Phytoplasma,2023-2026
GCA_032888215.1,Candidatus Phytoplasma australasiaticum,2754999,PRJNA980440,SAMN35636954,2023,2023-10-20,Illumina NovaSeq,Short,Scaffold,OK,Candidatus Phytoplasma australasiaticum,2026-09-29,574079,49,0.2423986942563654,0,2,False,False,False,False,False,Phytoplasma,2023-2026
GCA_032888235.1,Candidatus Phytoplasma australasiaticum subsp. ipomoeae,101513,PRJNA980440,SAMN35636890,2023,2023-10-20,Illumina NovaSeq,Short,Scaffold,OK,Candidatus Phytoplasma australasiaticum,2026-09-29,766288,269,0.2667665420833942,0,15,False,False,False,False,False,Phytoplasma,2023-2026
GCA_032888275.1,Candidatus Phytoplasma australasiaticum,2754999,PRJNA980440,SAMN35636921,2023,2023-10-20,Illumina NovaSeq,Short,Scaffold,OK,Candidatus Phytoplasma australasiaticum,2026-09-29,662825,157,0.2476641647493682,0,7,False,False,False,False,False,Phytoplasma,2023-2026
GCA_032888295.1,Candidatus Phytoplasma australasiaticum subsp. ipomoeae,101513,PRJNA980440,SAMN35636923,2023,2023-10-20,Illumina NovaSeq,Short,Scaffold,OK,Candidatus Phytoplasma australasiaticum,2026-09-29,511113,85,0.2392523766759992,0,2,False,False,False,False,False,Phytoplasma,2023-2026
GCA_032888315.1,Candidatus Phytoplasma australasiaticum subsp. ipomoeae,101513,PRJNA980440,SAMN35636869,2023,2023-10-20,Illumina NovaSeq,Short,Scaffold,OK,Candidatus Phytoplasma australasiaticum,2026-09-29,536792,61,0.2372352792142953,0,4,False,False,False,False,False,Phytoplasma,2023-2026
GCA_032888335.1,Candidatus Phytoplasma australasiaticum,2754999,PRJNA980440,SAMN35636999,2023,2023-10-20,Illumina NovaSeq,Short,Scaffold,OK,Candidatus Phytoplasma australasiaticum,2026-09-29,558502,54,0.2377377341531454,0,1,False,False,False,False,False,Phytoplasma,2023-2026
GCA_032888355.1,Candidatus Phytoplasma australasiaticum,2754999,PRJNA980440,SAMN35636951,2023,2023-10-20,Illumina NovaSeq,Short,Scaffold,OK,Candidatus Phytoplasma australasiaticum,2026-09-29,543230,35,0.2390718480201756,0,2,False,False,False,False,False,Phytoplasma,2023-2026
GCA_032888375.1,Candidatus Phytoplasma australasiaticum subsp. ipomoeae,101513,PRJNA980440,SAMN35636922,2023,2023-10-20,Illumina NovaSeq,Short,Scaffold,OK,Candidatus Phytoplasma australasiaticum,2026-09-29,496348,83,0.2378915599539033,0,1,False,False,False,False,False,Phytoplasma,2023-2026
GCA_032888385.1,Candidatus Phytoplasma australasiaticum,2754999,PRJNA980440,SAMN35636950,2023,2023-10-20,Illumina NovaSeq,Short,Scaffold,OK,Candidatus Phytoplasma australasiaticum,2026-09-29,549360,44,0.2390763797873889,0,2,False,False,False,False,False,Phytoplasma,2023-2026
GCA_032888415.1,Candidatus Phytoplasma australasiaticum,2754999,PRJNA980440,SAMN35636948,2023,2023-10-20,Illumina NovaSeq,Short,Scaffold,OK,Candidatus Phytoplasma australasiaticum,2026-09-29,552912,43,0.2390922967850218,0,1,False,False,False,False,False,Phytoplasma,2023-2026
GCA_032888435.1,Candidatus Phytoplasma australasiaticum,2754999,PRJNA980440,SAMN35636949,2023,2023-10-20,Illumina NovaSeq,Short,Scaffold,OK,Candidatus Phytoplasma australasiaticum,2026-09-29,552208,37,0.2389914669834555,0,3,False,False,False,False,False,Phytoplasma,2023-2026
GCA_032888455.1,Candidatus Phytoplasma australasiaticum subsp. ipomoeae,101513,PRJNA980440,SAMN35636896,2023,2023-10-20,Illumina NovaSeq,Short,Scaffold,OK,Candidatus Phytoplasma australasiaticum,2026-09-29,639813,141,0.2505231997474262,0,10,False,False,False,False,False,Phytoplasma,2023-2026
GCA_032888475.1,Pigeon pea little leaf phytoplasma,126583,PRJNA980440,SAMN35636894,2023,2023-10-20,Illumina NovaSeq,Short,Scaffold,OK,Candidatus Phytoplasma fabacearum,2026-09-29,579914,200,0.2423497277182478,0,3,False,False,False,False,False,Pigeon,2023-2026
GCA_032888495.1,Candidatus Phytoplasma australasiaticum subsp. ipomoeae,101513,PRJNA980440,SAMN35636908,2023,2023-10-20,Illumina NovaSeq,Short,Scaffold,OK,Candidatus Phytoplasma australasiaticum,2026-09-29,688055,223,0.2549970569213217,0,7,False,False,False,False,False,Phytoplasma,2023-2026
GCA_032888515.1,Candidatus Phytoplasma australasiaticum subsp. ipomoeae,101513,PRJNA980440,SAMN35636871,2023,2023-10-20,Illumina NovaSeq,Short,Scaffold,OK,Candidatus Phytoplasma australasiaticum,2026-09-29,650635,134,0.252089112943509,0,10,False,False,False,False,False,Phytoplasma,2023-2026
GCA_032888535.1,Candidatus Phytoplasma australasiaticum subsp. ipomoeae,101513,PRJNA980440,SAMN35636872,2023,2023-10-20,Illumina NovaSeq,Short,Scaffold,OK,Candidatus Phytoplasma australasiaticum,2026-09-29,562472,69,0.2385416518511143,0,4,False,False,False,False,False,Phytoplasma,2023-2026
GCA_032888555.1,Candidatus Phytoplasma australasiaticum,2754999,PRJNA980440,SAMN35636917,2023,2023-10-20,Illumina NovaSeq,Short,Contig,OK,Candidatus Phytoplasma australasiaticum,2026-09-29,427384,402,0.2429407745727495,0,2,False,False,False,False,False,Phytoplasma,2023-2026
GCA_032888575.1,Candidatus Phytoplasma australasiaticum,2754999,PRJNA980440,SAMN35636947,2023,2023-10-20,Illumina NovaSeq,Short,Contig,OK,Candidatus Phytoplasma australasiaticum,2026-09-29,548845,257,0.2451530031247437,0,1,False,False,False,False,False,Phytoplasma,2023-2026
GCA_033103385.1,Mollicutes bacterium LVI A0039,3081163,PRJNA1026580,SAMN37752267,2023,2023-10-30,PacBio Sequel; Illumina NovaSeq,Hybrid,Complete Genome,Inconclusive,Clostridium diolis,2026-09-29,2059158,1,0.3423326427598076,0,0,False,False,False,False,False,Mollicutes,2023-2026
GCA_033104825.1,Mollicutes bacterium LVI A0075,3081164,PRJNA1026582,SAMN37752287,2023,2023-10-30,PacBio Sequel; Illumina NovaSeq,Hybrid,Complete Genome,Inconclusive,Clostridium sardiniense,2026-09-29,1907082,2,0.3215336309608081,0,0,False,False,False,False,False,Mollicutes,2023-2026
GCA_033105485.1,Mollicutes bacterium LVI A0078,3081165,PRJNA1026587,SAMN37752324,2023,2023-10-30,PacBio Sequel; Illumina NovaSeq,Hybrid,Complete Genome,Inconclusive,Clostridium sardiniense,2026-09-29,1965949,2,0.3212387503439814,0,0,False,False,False,False,False,Mollicutes,2023-2026
GCA_033111965.1,Mollicutes bacterium LVI A0006,3081162,PRJNA1026579,SAMN37751819,2023,2023-10-30,PacBio Sequel; Illumina NovaSeq,Hybrid,Complete Genome,Inconclusive,Haploplasma axanthum,2026-09-29,2079178,3,0.3411516474298978,0,0,False,False,False,False,False,Mollicutes,2023-2026
GCA_033391615.1,Candidatus Phytoplasma pruni,479893,PRJNA958240,SAMN34292745,2023,2023-11-06,Illumina MiSeq; Oxford Nanopore MinION,Hybrid,Contig,Inconclusive,Candidatus Phytoplasma crotalariae,2026-09-29,625168,2,0.2732193586363985,0,0,False,False,False,False,False,Phytoplasma,2023-2026
GCA_034002825.1,Acholeplasmataceae bacterium,1898209,PRJNA1003442,SAMN36911095,2023,2023-11-30,Illumina NovaSeq,Short,Scaffold,Inconclusive,Mariniplasma anaerobium,2026-09-29,1690531,298,0.3305210019810343,0,0,False,False,False,False,False,Acholeplasmataceae,2023-2026
GCA_034003265.1,Acholeplasma sp.,33015,PRJNA1003442,SAMN36911072,2023,2023-11-30,Illumina NovaSeq,Short,Scaffold,Inconclusive,Paracholeplasma manati,2026-09-29,1688131,77,0.3857005173176726,0,0,False,False,False,False,False,Acholeplasma,2023-2026
GCA_034004745.1,Candidatus Izemoplasmatales bacterium,3018265,PRJNA1003442,SAMN36910999,2023,2023-11-30,Illumina NovaSeq,Short,Scaffold,Inconclusive,Haploplasma axanthum,2026-09-29,1127427,160,0.3595487778809625,0,0,False,False,False,False,False,Izemoplasmatales,2023-2026
GCA_034005025.1,Candidatus Izemoplasmatales bacterium,3018265,PRJNA1003442,SAMN36910984,2023,2023-11-30,Illumina NovaSeq,Short,Scaffold,Inconclusive,Hujiaoplasma nucleasis,2026-09-29,1015589,166,0.3165768829713595,1,0,True,False,False,False,True,Izemoplasmatales,2023-2026
GCA_034005105.1,Acholeplasmataceae bacterium,1898209,PRJNA1003442,SAMN36910980,2023,2023-11-30,Illumina NovaSeq,Short,Scaffold,Inconclusive,Paracholeplasma manati,2026-09-29,1408119,103,0.3710162280318638,0,0,False,False,False,False,False,Acholeplasmataceae,2023-2026
GCA_034005725.1,Acholeplasmatales bacterium,2053494,PRJNA1003442,SAMN36910949,2023,2023-11-30,Illumina HiSeq,Short,Scaffold,Inconclusive,Hypnocyclicus thermotrophus,2026-09-29,1156681,79,0.3100414029451508,0,0,False,False,False,False,False,Acholeplasmatales,2023-2026
GCA_034005905.1,Acholeplasmatales bacterium,2053494,PRJNA1003442,SAMN36910939,2023,2023-11-30,Illumina HiSeq,Short,Scaffold,Inconclusive,na,2026-09-29,635718,139,0.308997071028349,0,0,False,False,False,False,False,Acholeplasmatales,2023-2026
GCA_034006105.1,Candidatus Izemoplasmatales bacterium,3018265,PRJNA1003442,SAMN36910929,2023,2023-11-30,Illumina HiSeq,Short,Contig,Inconclusive,Haploplasma axanthum,2026-09-29,2197453,359,0.3026239924130345,0,0,False,False,False,False,False,Izemoplasmatales,2023-2026
GCA_034006705.1,Acholeplasma sp.,33015,PRJNA1003442,SAMN36910899,2023,2023-11-30,Illumina HiSeq,Short,Contig,Inconclusive,Hujiaoplasma nucleasis,2026-09-29,2582253,367,0.308822954218661,0,2,False,False,False,False,False,Acholeplasma,2023-2026
GCA_034006765.1,Acholeplasma sp.,33015,PRJNA1003442,SAMN36910898,2023,2023-11-30,Illumina HiSeq,Short,Contig,Inconclusive,Paracholeplasma morum,2026-09-29,1656618,47,0.3571082772250452,0,1,False,False,False,False,False,Acholeplasma,2023-2026
GCA_034007225.1,Acholeplasmatales bacterium,2053494,PRJNA1003442,SAMN36910872,2023,2023-11-30,Illumina HiSeq,Short,Contig,Inconclusive,Alkalibaculum bacchi,2026-09-29,751116,143,0.3302725544389948,0,0,False,False,False,False,False,Acholeplasmatales,2023-2026
GCA_034007385.1,Candidatus Izemoplasmatales bacterium,3018265,PRJNA1003442,SAMN36910863,2023,2023-11-30,Illumina NovaSeq,Short,Scaffold,Inconclusive,Hujiaoplasma nucleasis,2026-09-29,1434980,128,0.3243954619576579,0,0,False,False,False,False,False,Izemoplasmatales,2023-2026
GCA_034007435.1,Acholeplasmataceae bacterium,1898209,PRJNA1003442,SAMN36910862,2023,2023-11-30,Illumina NovaSeq,Short,Scaffold,Inconclusive,Haploplasma axanthum,2026-09-29,1371702,172,0.3343940593510835,0,1,False,False,False,False,False,Acholeplasmataceae,2023-2026
GCA_034007485.1,Acholeplasmataceae bacterium,1898209,PRJNA1003442,SAMN36910860,2023,2023-11-30,Illumina NovaSeq,Short,Scaffold,Inconclusive,Paracholeplasma morum,2026-09-29,1562975,134,0.34755962187495,0,0,False,False,False,False,False,Acholeplasmataceae,2023-2026
GCA_034007515.1,Acholeplasma sp.,33015,PRJNA1003442,SAMN36910858,2023,2023-11-30,Illumina NovaSeq,Short,Scaffold,Inconclusive,Paracholeplasma morum,2026-09-29,1125556,107,0.3615262145997178,0,0,False,False,False,False,False,Acholeplasma,2023-2026
GCA_034007925.1,Candidatus Izemoplasmatales bacterium,3018265,PRJNA1003442,SAMN36910838,2023,2023-11-30,Illumina HiSeq,Short,Contig,Inconclusive,Candidatus Yanofskyibacterium parasiticum,2026-09-29,1661834,230,0.434036732910748,0,3,False,False,False,False,False,Izemoplasmatales,2023-2026
GCA_034092265.1,Paracholeplasma sp.,2903117,PRJNA1003442,SAMN36910923,2023,2023-12-05,Illumina HiSeq,Short,Contig,Inconclusive,Acholeplasma brassicae,2026-09-29,1683505,111,0.3617262793992296,0,0,False,False,False,False,False,Paracholeplasma,2023-2026
GCA_034179385.1,Anaeroplasma sp.,1872523,PRJNA779404,SAMN37949679,2023,2023-12-06,Illumina NovaSeq,Short,Contig,OK,Anaeroplasma bactoclasticum,2026-09-29,1895180,135,0.322269652486835,0,0,False,False,False,False,False,Anaeroplasma,2023-2026
GCA_034369885.1,Candidatus Izemoplasmatales bacterium,3018265,PRJNA700657,SAMN38185384,2023,2023-12-14,Illumina NovaSeq,Short,Contig,Inconclusive,Paracholeplasma manati,2026-09-29,1924611,567,0.3791389532741941,0,0,False,False,False,False,False,Izemoplasmatales,2023-2026
GCA_034863245.1,Mycoplasma sp. 2248,3108528,PRJNA1053383,SAMN38858602,2023,2023-12-31,Illumina MiniSeq,Short,Contig,Inconclusive,Mycoplasma tracheobuteonis,2026-09-29,733118,16,0.2873248235618277,0,0,False,False,False,False,False,Mycoplasma,2023-2026
GCA_034863285.1,Mycoplasma sp. 2704,3108529,PRJNA1053383,SAMN38858603,2023,2023-12-31,Illumina MiniSeq,Short,Contig,Inconclusive,Mycoplasma tracheobuteonis,2026-09-29,730860,7,0.2864064253071723,0,0,False,False,False,False,False,Mycoplasma,2023-2026
GCA_034863305.1,Mycoplasma sp. 744,3108531,PRJNA1053383,SAMN38858605,2023,2023-12-31,Illumina MiniSeq,Short,Contig,Inconclusive,Mycoplasmopsis meleagridis,2026-09-29,681112,13,0.2312806117055638,0,1,False,False,False,False,False,Mycoplasma,2023-2026
GCA_034863325.1,Mycoplasma sp. 4404,3108530,PRJNA1053383,SAMN38858604,2023,2023-12-31,Illumina MiniSeq,Short,Contig,Inconclusive,Mycoplasma tracheobuteonis,2026-09-29,762977,4,0.2863192468449245,0,0,False,False,False,False,False,Mycoplasma,2023-2026
GCA_034863345.1,Mycoplasma sp. 1232,3108527,PRJNA1053383,SAMN38858601,2023,2023-12-31,Illumina MiniSeq,Short,Contig,Inconclusive,Mycoplasma tracheobuteonis,2026-09-29,716632,15,0.2867468938032351,0,0,False,False,False,False,False,Mycoplasma,2023-2026
GCA_034863365.1,Mycoplasma sp. 1199,3108526,PRJNA1053383,SAMN38858600,2023,2023-12-31,Illumina MiniSeq,Short,Contig,Inconclusive,Mycoplasma aquilae,2026-09-29,735343,5,0.2861548964224858,0,0,False,False,False,False,False,Mycoplasma,2023-2026
GCA_034863425.1,Mycoplasma sp. 21DD0573,3108525,PRJNA1053383,SAMN38858599,2023,2023-12-31,Illumina MiniSeq,Short,Contig,Inconclusive,Mycoplasma tracheobuteonis,2026-09-29,737228,23,0.2867132013434107,0,0,False,False,False,False,False,Mycoplasma,2023-2026
GCA_035187685.1,Phytoplasma sp.,2155,PRJNA994945,SAMN36470877,2024,2024-01-02,Illumina NovaSeq; Oxford Nanopore MinION,Hybrid,Complete Genome,OK,Candidatus Phytoplasma stylosanthis,2026-09-29,559940,2,0.2281851626960031,0,0,False,False,False,False,False,Phytoplasma,2023-2026
GCA_035269605.1,Candidatus Izemoplasmatales bacterium,3018265,PRJNA983538,SAMN37964272,2024,2024-01-08,Illumina HiSeq,Short,Contig,Inconclusive,Hujiaoplasma nucleasis,2026-09-29,893827,250,0.3381303093327903,0,0,False,False,False,False,False,Izemoplasmatales,2023-2026
GCA_035270345.1,Haploplasma sp.,2903113,PRJNA983538,SAMN37964254,2024,2024-01-08,Illumina HiSeq,Short,Contig,Inconclusive,Haploplasma modicum,2026-09-29,823705,114,0.2935565524065047,0,0,False,False,False,False,False,Haploplasma,2023-2026
GCA_035270705.1,Acholeplasma sp.,33015,PRJNA983538,SAMN37964244,2024,2024-01-08,Illumina HiSeq,Short,Contig,Inconclusive,Acholeplasma brassicae,2026-09-29,967409,195,0.3348077183487025,0,0,False,False,False,False,False,Acholeplasma,2023-2026
GCA_035303805.1,Acholeplasma sp.,33015,PRJNA983538,SAMN37957216,2024,2024-01-09,Illumina HiSeq,Short,Contig,OK,Acholeplasma equirhinis,2026-09-29,674349,107,0.3260507541347284,0,0,False,False,False,False,False,Acholeplasma,2023-2026
GCA_035362595.1,Acholeplasmataceae bacterium,1898209,PRJNA925477,SAMN32863353,2024,2024-01-09,Illumina MiSeq,Short,Scaffold,Inconclusive,Haploplasma modicum,2026-09-29,1877569,74,0.3824892720320798,0,0,False,False,False,False,False,Acholeplasmataceae,2023-2026
GCA_035399265.1,Acholeplasmataceae bacterium,1898209,PRJNA925477,SAMN32865031,2024,2024-01-09,Illumina MiSeq,Short,Scaffold,Inconclusive,Acholeplasma laidlawii,2026-09-29,1754715,352,0.3542894430149625,0,0,False,False,False,False,False,Acholeplasmataceae,2023-2026
GCA_035406905.1,Acholeplasmataceae bacterium,1898209,PRJNA925477,SAMN32866061,2024,2024-01-09,Illumina MiSeq,Short,Scaffold,Inconclusive,Haploplasma modicum,2026-09-29,1123242,72,0.3147594196085972,0,0,False,False,False,False,False,Acholeplasmataceae,2023-2026
GCA_035410225.1,Acholeplasmataceae bacterium,1898209,PRJNA925477,SAMN32866295,2024,2024-01-09,Illumina MiSeq,Short,Scaffold,Inconclusive,Haploplasma modicum,2026-09-29,1156999,77,0.3153805664481992,0,0,False,False,False,False,False,Acholeplasmataceae,2023-2026
GCA_035439785.1,Candidatus Pelethenecus sp.,3022886,PRJNA925477,SAMN32867728,2024,2024-01-09,Illumina MiSeq,Short,Scaffold,Inconclusive,Brachyspira hampsonii,2026-09-29,1083366,247,0.3226961156248211,0,0,False,False,False,False,False,Pelethenecus,2023-2026
GCA_035446505.1,Candidatus Izemoplasmatales bacterium,3018265,PRJNA925477,SAMN33868132,2024,2024-01-09,Illumina MiSeq,Short,Scaffold,Inconclusive,Paracholeplasma morum,2026-09-29,1278873,155,0.4509806681351471,0,0,False,False,False,False,False,Izemoplasmatales,2023-2026
GCA_035447465.1,Acholeplasmataceae bacterium,1898209,PRJNA925477,SAMN33868085,2024,2024-01-09,Illumina MiSeq,Short,Scaffold,Inconclusive,Acholeplasma hippikon,2026-09-29,1344538,291,0.3572528258777364,0,0,False,False,False,False,False,Acholeplasmataceae,2023-2026
GCA_035453945.1,Candidatus Izemoplasmatales bacterium,3018265,PRJNA925477,SAMN33868163,2024,2024-01-09,Illumina MiSeq,Short,Scaffold,Inconclusive,Tistrella bauzanensis,2026-09-29,1671602,261,0.512711757942381,0,0,False,False,False,False,False,Izemoplasmatales,2023-2026
GCA_035602975.1,Mycoplasmatales bacterium,2023991,PRJNA983538,SAMN37946018,2024,2024-01-11,Illumina HiSeq,Short,Contig,Inconclusive,Hypnocyclicus thermotrophus,2026-09-29,250742,61,0.2394612789241531,0,0,False,False,False,False,False,Mycoplasmatales,2023-2026
GCA_035609225.1,Mycoplasma sp. 888,3108483,PRJNA1053371,SAMN38858416,2024,2024-01-12,Illumina MiniSeq; Oxford Nanopore MinION,Hybrid,Complete Genome,OK,Mycoplasma tracheobuteonis,2026-09-29,714928,1,0.2820759572991965,0,0,False,False,False,False,False,Mycoplasma,2023-2026
GCA_035853675.1,'Conium maculatum' witches'-broom phytoplasma,3109357,PRJNA1054987,SAMN38957063,2024,2024-01-18,Illumina NovaSeq; Oxford Nanopore MinION,Hybrid,Contig,Inconclusive,Candidatus Phytoplasma gossypii,2026-09-29,758186,16,0.2778302421833165,0,0,False,False,False,False,False,Conium,2023-2026
GCA_036172455.1,Candidatus Izemoplasma sp.,2979197,PRJNA1033173,SAMN38037521,2024,2024-01-26,Illumina,Short,Contig,Inconclusive,Candidatus Izemoplasma acidinucleici,2026-09-29,1688629,10,0.3478046391480899,0,0,False,False,False,False,False,Izemoplasma,2023-2026
GCA_036562215.1,Haloplasmataceae bacterium,2862752,PRJNA983538,SAMN37954913,2024,2024-02-12,Illumina HiSeq,Short,Contig,Inconclusive,Acholeplasma equifetale,2026-09-29,1534520,218,0.295251935458645,0,0,False,False,False,False,False,Haloplasmataceae,2023-2026
GCA_036562345.1,Acholeplasma sp.,33015,PRJNA983538,SAMN37954908,2024,2024-02-12,Illumina HiSeq,Short,Contig,Inconclusive,Acholeplasma equifetale,2026-09-29,1046904,268,0.3356410903005433,0,0,False,False,False,False,False,Acholeplasma,2023-2026
GCA_036562595.1,Haloplasmataceae bacterium,2862752,PRJNA983538,SAMN37954895,2024,2024-02-12,Illumina HiSeq,Short,Contig,Inconclusive,Geobacillus kaustophilus,2026-09-29,1588020,156,0.4434024760393446,0,0,False,False,False,False,False,Haloplasmataceae,2023-2026
GCA_036584525.1,Acholeplasmataceae bacterium,1898209,PRJNA1070658,SAMN39710828,2024,2024-02-13,Illumina MiSeq,Short,Contig,Inconclusive,Mariniplasma anaerobium,2026-09-29,1174949,105,0.3351260352577005,0,0,False,False,False,False,False,Acholeplasmataceae,2023-2026
GCA_036677365.1,Acholeplasma sp.,33015,PRJNA912230,SAMN34210189,2024,2024-02-16,Illumina NovaSeq,Short,Contig,Inconclusive,Paracholeplasma manati,2026-09-29,1967679,37,0.3828159979346224,0,0,False,False,False,False,False,Acholeplasma,2023-2026
GCA_036721815.1,Anaeroplasmataceae bacterium,2793037,PRJNA843551,SAMN28745913,2024,2024-02-21,Illumina,Short,Scaffold,Inconclusive,Anaeroplasma bactoclasticum,2026-09-29,1908490,380,0.322525661648738,0,0,False,False,False,False,False,Anaeroplasmataceae,2023-2026
GCA_036734805.1,Acholeplasmatales bacterium,2053494,PRJNA843551,SAMN28746087,2024,2024-02-21,Illumina,Short,Scaffold,Inconclusive,Acholeplasma hippikon,2026-09-29,1085041,43,0.3318464463554833,0,0,False,False,False,False,False,Acholeplasmatales,2023-2026
GCA_036735045.1,Acholeplasmataceae bacterium,1898209,PRJNA843551,SAMN28746392,2024,2024-02-21,Illumina,Short,Scaffold,Inconclusive,Acholeplasma equifetale,2026-09-29,2115841,98,0.3469395857250143,0,0,False,False,False,False,False,Acholeplasmataceae,2023-2026
GCA_036747195.1,Acholeplasmatales bacterium,2053494,PRJNA843551,SAMN28747021,2024,2024-02-21,Illumina,Short,Scaffold,Inconclusive,Companilactobacillus nuruki,2026-09-29,958418,91,0.332229778656077,0,0,False,False,False,False,False,Acholeplasmatales,2023-2026
GCA_036752885.1,Acholeplasmatales bacterium,2053494,PRJNA843551,SAMN28747446,2024,2024-02-21,Illumina,Short,Scaffold,Inconclusive,Acholeplasma equifetale,2026-09-29,1128858,32,0.3328886361260672,0,0,False,False,False,False,False,Acholeplasmatales,2023-2026
GCA_036753085.1,Acholeplasmataceae bacterium,1898209,PRJNA843551,SAMN28747770,2024,2024-02-21,Illumina,Short,Scaffold,Inconclusive,Acholeplasma laidlawii,2026-09-29,1640790,432,0.3496053730215323,0,0,False,False,False,False,False,Acholeplasmataceae,2023-2026
GCA_036757805.1,Acholeplasmataceae bacterium,1898209,PRJNA843551,SAMN28747452,2024,2024-02-21,Illumina,Short,Scaffold,Inconclusive,Acholeplasma laidlawii,2026-09-29,1456149,19,0.3063985897047623,0,0,False,False,False,False,False,Acholeplasmataceae,2023-2026
GCA_036758425.1,Acholeplasmataceae bacterium,1898209,PRJNA843551,SAMN28747605,2024,2024-02-21,Illumina,Short,Scaffold,Inconclusive,Haploplasma modicum,2026-09-29,1715180,158,0.3830017840693105,0,0,False,False,False,False,False,Acholeplasmataceae,2023-2026
GCA_036768825.1,Acholeplasmataceae bacterium,1898209,PRJNA843551,SAMN28747872,2024,2024-02-22,Illumina,Short,Scaffold,Inconclusive,Acholeplasma granularum,2026-09-29,1081136,270,0.3328517411315505,0,0,False,False,False,False,False,Acholeplasmataceae,2023-2026
GCA_036789215.1,Acholeplasmatales bacterium,2053494,PRJNA843551,SAMN28748889,2024,2024-02-22,Illumina,Short,Scaffold,Inconclusive,Haploplasma modicum,2026-09-29,1138454,58,0.3113801699497739,0,0,False,False,False,False,False,Acholeplasmatales,2023-2026
GCA_036797185.1,Acholeplasmatales bacterium,2053494,PRJNA843551,SAMN28749280,2024,2024-02-22,Illumina,Short,Scaffold,Inconclusive,Acholeplasma equifetale,2026-09-29,1362734,31,0.3315753477934798,0,0,False,False,False,False,False,Acholeplasmatales,2023-2026
GCA_036816885.1,Anaeroplasmataceae bacterium,2793037,PRJNA843551,SAMN28750249,2024,2024-02-23,Illumina,Short,Scaffold,Inconclusive,na,2026-09-29,1984056,34,0.3214344756398005,0,0,False,False,False,False,False,Anaeroplasmataceae,2023-2026
GCA_036823035.1,Acholeplasmatales bacterium,2053494,PRJNA843551,SAMN28750141,2024,2024-02-23,Illumina,Short,Scaffold,Inconclusive,Hujiaoplasma nucleasis,2026-09-29,901684,204,0.3306901309106073,0,0,False,False,False,False,False,Acholeplasmatales,2023-2026
GCA_036826795.1,Acholeplasmatales bacterium,2053494,PRJNA843551,SAMN28750526,2024,2024-02-23,Illumina,Short,Scaffold,Inconclusive,Hujiaoplasma nucleasis,2026-09-29,1089588,75,0.3319428995179829,0,0,False,False,False,False,False,Acholeplasmatales,2023-2026
GCA_036844665.1,Haloplasmataceae bacterium,2862752,PRJNA843551,SAMN28751408,2024,2024-02-23,Illumina,Short,Scaffold,Inconclusive,na,2026-09-29,1746469,131,0.3010399841050714,0,0,False,False,False,False,False,Haloplasmataceae,2023-2026
GCA_036848055.1,Haloplasmataceae bacterium,2862752,PRJNA843551,SAMN28751778,2024,2024-02-23,Illumina,Short,Scaffold,Inconclusive,na,2026-09-29,1827270,107,0.3003464184274902,0,0,False,False,False,False,False,Haloplasmataceae,2023-2026
GCA_036851215.1,Mollicutes bacterium UO1,2976330,PRJNA875092,SAMN30598659,2024,2024-02-23,Illumina,Short,Scaffold,Inconclusive,Catellicoccus marimammalium,2026-09-29,815589,18,0.3053756242421121,0,15,False,False,False,False,False,Mollicutes,2023-2026
GCA_036924395.2,Candidatus Phytoplasma prunorum,47565,PRJNA1068968,SAMN39606365,2024,2024-07-25,Illumina MiSeq,Short,Scaffold,Inconclusive,Candidatus Phytoplasma bonamiae,2026-09-29,480123,28,0.2101628124459774,0,1,False,False,False,False,False,Phytoplasma,2023-2026
GCA_036924415.2,Candidatus Phytoplasma prunorum,47565,PRJNA1068968,SAMN39606366,2024,2024-07-25,Illumina MiSeq,Short,Scaffold,Inconclusive,Candidatus Phytoplasma bonamiae,2026-09-29,490930,16,0.2072332104373332,0,1,False,False,False,False,False,Phytoplasma,2023-2026
GCA_036985145.1,Paulownia witches'-broom phytoplasma,39647,PRJDB14779,SAMD00560600,2024,2024-01-12,Illumina Miseq,Short,Contig,Inconclusive,Candidatus Phytoplasma vignae,2026-09-29,776015,103,0.2765139849100855,0,1,False,False,False,False,False,Paulownia,2023-2026
GCA_036985165.1,Rhus yellows phytoplasma,1225349,PRJDB14779,SAMD00560599,2024,2024-01-12,Illumina Miseq,Short,Contig,Inconclusive,Candidatus Phytoplasma vignae,2026-09-29,609849,43,0.2837030150086332,0,1,False,False,False,False,False,Rhus,2023-2026
GCA_036985185.1,Hydrangea phyllody phytoplasma,238673,PRJDB14779,SAMD00562891,2024,2024-01-12,Illumina Miseq; PacBio Sequal II,Hybrid,Contig,Inconclusive,Candidatus Phytoplasma vignae,2026-09-29,641311,34,0.2836798370837238,0,1,False,False,False,False,False,Hydrangea,2023-2026
GCA_037963615.1,Candidatus Phytoplasma australasiaticum subsp. ipomoeae,101513,PRJNA884151,SAMN31013029,2024,2024-04-04,Illumina NovaSeq,Short,Scaffold,OK,Candidatus Phytoplasma australasiaticum,2026-09-29,550018,40,0.2369049740190321,0,6,False,False,False,False,False,Phytoplasma,2023-2026
GCA_037963625.1,Candidatus Phytoplasma fabacearum,2982628,PRJNA884151,SAMN31013022,2024,2024-04-04,Illumina NovaSeq,Short,Scaffold,OK,Candidatus Phytoplasma fabacearum,2026-09-29,659232,89,0.2476154070190767,0,8,False,False,False,False,False,Phytoplasma,2023-2026
GCA_037963645.1,Candidatus Phytoplasma australasiaticum subsp. ipomoeae,101513,PRJNA884151,SAMN31013028,2024,2024-04-04,Illumina NovaSeq,Short,Scaffold,OK,Candidatus Phytoplasma australasiaticum,2026-09-29,544662,33,0.2351091135419765,0,2,False,False,False,False,False,Phytoplasma,2023-2026
GCA_037963655.1,Candidatus Phytoplasma fabacearum,2982628,PRJNA884151,SAMN31013019,2024,2024-04-04,Illumina NovaSeq,Short,Scaffold,OK,Candidatus Phytoplasma fabacearum,2026-09-29,587737,82,0.2481381978674134,0,11,False,False,False,False,False,Phytoplasma,2023-2026
GCA_037963665.1,Candidatus Phytoplasma australasiaticum subsp. ipomoeae,101513,PRJNA884151,SAMN31013023,2024,2024-04-04,Illumina NovaSeq,Short,Scaffold,OK,Candidatus Phytoplasma australasiaticum,2026-09-29,557895,37,0.2428180930103335,0,10,False,False,False,False,False,Phytoplasma,2023-2026
GCA_037963715.1,Candidatus Phytoplasma citri,180978,PRJNA884151,SAMN31012997,2024,2024-04-04,Illumina NovaSeq,Short,Scaffold,OK,Candidatus Phytoplasma citri,2026-09-29,562757,51,0.2481586190842584,0,1,False,False,False,False,False,Phytoplasma,2023-2026
GCA_037963735.1,Candidatus Phytoplasma australasiaticum subsp. australasiaticum,2832407,PRJNA884151,SAMN31013007,2024,2024-04-04,Illumina NovaSeq,Short,Scaffold,OK,Candidatus Phytoplasma australasiaticum,2026-09-29,566739,49,0.2414409454793123,0,7,False,False,False,False,False,Phytoplasma,2023-2026
GCA_038024965.1,Candidatus Phytoplasma fraxini,35780,PRJNA1081420,SAMN40175287,2024,2024-04-09,,Unknown,Complete Genome,Inconclusive,Candidatus Phytoplasma stylosanthis,2026-09-29,598519,1,0.2324270407455736,0,0,False,False,False,False,False,Phytoplasma,2023-2026
GCA_038100755.1,Acholeplasmataceae bacterium,1898209,PRJNA1024631,SAMN37860789,2024,2024-04-15,Illumina NovaSeq,Short,Scaffold,Inconclusive,Haploplasma modicum,2026-09-29,613403,206,0.3317688371266524,0,0,False,False,False,False,False,Acholeplasmataceae,2023-2026
GCA_038117465.1,Acholeplasmataceae bacterium,1898209,PRJNA1024631,SAMN37860521,2024,2024-04-15,Illumina NovaSeq,Short,Scaffold,Inconclusive,Haploplasma modicum,2026-09-29,964926,149,0.3344474084023023,0,0,False,False,False,False,False,Acholeplasmataceae,2023-2026
GCA_038123675.1,Acholeplasmataceae bacterium,1898209,PRJNA1024631,SAMN37861631,2024,2024-04-15,Illumina NovaSeq,Short,Scaffold,Inconclusive,Acholeplasma hippikon,2026-09-29,649232,26,0.3330673780713212,0,0,False,False,False,False,False,Acholeplasmataceae,2023-2026
GCA_038124275.1,Acholeplasmataceae bacterium,1898209,PRJNA1024631,SAMN37861601,2024,2024-04-15,Illumina NovaSeq,Short,Scaffold,Inconclusive,Candidatus Phytoplasma stylosanthis,2026-09-29,915553,92,0.3313309005595525,0,0,False,False,False,False,False,Acholeplasmataceae,2023-2026
GCA_038131975.1,Acholeplasmataceae bacterium,1898209,PRJNA1024631,SAMN37862048,2024,2024-04-15,Illumina NovaSeq,Short,Contig,Inconclusive,Haploplasma modicum,2026-09-29,1567285,76,0.3284960935630724,0,0,False,False,False,False,False,Acholeplasmataceae,2023-2026
GCA_038133275.1,Acholeplasmataceae bacterium,1898209,PRJNA1024631,SAMN37861985,2024,2024-04-15,Illumina NovaSeq,Short,Scaffold,Inconclusive,Acholeplasma palmae,2026-09-29,720677,255,0.3307861913173308,0,0,False,False,False,False,False,Acholeplasmataceae,2023-2026
GCA_038134025.1,Acholeplasmataceae bacterium,1898209,PRJNA1024631,SAMN37861943,2024,2024-04-15,Illumina NovaSeq,Short,Scaffold,Inconclusive,Candidatus Phytoplasma stylosanthis,2026-09-29,809414,198,0.3290788150439701,0,0,False,False,False,False,False,Acholeplasmataceae,2023-2026
GCA_038135635.1,Acholeplasmataceae bacterium,1898209,PRJNA1024631,SAMN37861857,2024,2024-04-15,Illumina NovaSeq,Short,Scaffold,Inconclusive,Candidatus Phytoplasma stylosanthis,2026-09-29,710418,176,0.3287121103350421,0,0,False,False,False,False,False,Acholeplasmataceae,2023-2026
GCA_038136115.1,Acholeplasmataceae bacterium,1898209,PRJNA1024631,SAMN37861818,2024,2024-04-15,Illumina NovaSeq,Short,Scaffold,Inconclusive,Candidatus Phytoplasma stylosanthis,2026-09-29,756543,212,0.3309606988631181,0,0,False,False,False,False,False,Acholeplasmataceae,2023-2026
GCA_038137365.1,Acholeplasmataceae bacterium,1898209,PRJNA1024631,SAMN37861755,2024,2024-04-15,Illumina NovaSeq,Short,Scaffold,Inconclusive,Hujiaoplasma nucleasis,2026-09-29,813346,286,0.3318452417544317,0,0,False,False,False,False,False,Acholeplasmataceae,2023-2026
GCA_038142625.1,Acholeplasmataceae bacterium,1898209,PRJNA1024631,SAMN37862323,2024,2024-04-15,Illumina NovaSeq,Short,Contig,Inconclusive,Haploplasma modicum,2026-09-29,2280827,46,0.3231468234986696,0,0,False,False,False,False,False,Acholeplasmataceae,2023-2026
GCA_038396745.1,Candidatus Phytoplasma asteris,85620,PRJNA975459,SAMN35528337,2024,2024-04-20,Illumina HiSeq 2500; PacBio Sequel II,Hybrid,Complete Genome,Inconclusive,Candidatus Phytoplasma stylosanthis,2026-09-29,662369,2,0.2677178430753855,0,0,False,False,False,False,False,Phytoplasma,2023-2026
GCA_038505995.1,Candidatus Phytoplasma asteris,85620,PRJNA975436,SAMN35327278,2024,2024-04-26,PacBio Sequel IIe; Illumina HiSeq 2500,Hybrid,Complete Genome,Inconclusive,Candidatus Phytoplasma vignae,2026-09-29,778308,2,0.2783486743037461,0,0,False,False,False,False,False,Phytoplasma,2023-2026
GCA_039206795.1,Spiroplasma sp.,2135,PRJNA1088826,SAMN40501461,2024,2024-05-02,Illumina,Short,Scaffold,OK,Spiroplasma attinicola,2026-09-29,807964,8,0.2674747884806749,0,0,False,False,False,False,False,Spiroplasma,2023-2026
GCA_039907745.1,Mycoplasma feriruminatoris,1179777,PRJNA1062711,SAMN39309755,2024,2024-05-29,PacBio Sequel,Long,Complete Genome,OK,Mycoplasma feriruminatoris,2026-09-29,1011471,1,0.2426782379326743,0,0,False,False,True,False,False,Mycoplasma,2023-2026
GCA_040062715.1,Mycoplasma sp. 21DD0294,3138068,PRJNA1096763,SAMN40763004,2024,2024-06-04,Illumina MiSeq,Short,Contig,Inconclusive,Mycoplasma tracheobuteonis,2026-09-29,738188,24,0.2866613924908018,0,0,False,False,False,False,False,Mycoplasma,2023-2026
GCA_040126175.1,Candidatus Phytoplasma solani,69896,PRJNA1107139,SAMN40861605,2024,2024-06-11,PacBio Sequel II,Long,Complete Genome,Inconclusive,Candidatus Phytoplasma vignae,2026-09-29,704525,1,0.2616614030729924,0,0,False,False,False,False,False,Phytoplasma,2023-2026
GCA_040307535.1,Acholeplasmataceae bacterium,1898209,PRJNA1023249,SAMN37796643,2024,2024-06-25,Illumina NextSeq,Short,Contig,Inconclusive,na,2026-09-29,1164463,18,0.3019778215366224,0,0,False,False,False,False,False,Acholeplasmataceae,2023-2026
GCA_040369795.1,Spiroplasma ixodetis,2141,PRJDB16501,SAMD00647262,2024,2024-04-24,Nanopore minION,Long,Complete Genome,Inconclusive,Spiroplasma platyhelix,2026-09-29,1560223,2,0.2319033881695116,0,0,False,False,False,False,False,Spiroplasma,2023-2026
GCA_040372085.1,Spiroplasma phoeniceum,47835,PRJDB17847,SAMD00763153,2024,2024-04-20,NovaSeq 6000,Short,Scaffold,OK,Spiroplasma phoeniceum,2026-09-29,1059205,91,0.2631275343299927,0,2,False,False,False,False,False,Spiroplasma,2023-2026
GCA_040940205.1,Spiroplasma sp. DGKH1,3050074,PRJNA977199,SAMN35453574,2024,2024-07-29,Illumina HiSeq,Short,Contig,OK,Spiroplasma eriocheiris,2026-09-29,1451778,20,0.3005735036624057,0,0,False,False,False,False,False,Spiroplasma,2023-2026
GCA_041021285.1,Mycoplasma capricolum subsp. capricolum,40479,PRJNA1134619,SAMN42421372,2024,2024-08-02,Illumina MiSeq,Short,Scaffold,OK,Mycoplasma capricolum,2026-09-29,964491,64,0.2371966145873834,0,2,False,False,False,False,False,Mycoplasma,2023-2026
GCA_041021605.1,Candidatus Phytoplasma citri,180978,PRJNA435955,SAMN08606574,2024,2024-08-02,Illumina HiSeq,Short,Contig,OK,Candidatus Phytoplasma citri,2026-09-29,555897,100,0.2403862586054611,0,3,False,False,False,False,False,Phytoplasma,2023-2026
GCA_041252775.1,Acholeplasmataceae bacterium,1898209,PRJNA1081583,SAMN41429862,2024,2024-08-13,Illumina NovaSeq,Short,Contig,Inconclusive,Candidatus Phytoplasma stylosanthis,2026-09-29,779661,93,0.3314325072050545,0,0,False,False,False,False,False,Acholeplasmataceae,2023-2026
GCA_041259795.1,Acholeplasmataceae bacterium,1898209,PRJNA1081583,SAMN41429983,2024,2024-08-13,Illumina NovaSeq,Short,Contig,Inconclusive,Acholeplasma oculi,2026-09-29,867431,97,0.3329705763340254,0,0,False,False,False,False,False,Acholeplasmataceae,2023-2026
GCA_041276565.1,'Camptotheca acuminata' phytoplasma,3239192,PRJNA1141264,SAMN42884353,2024,2024-08-13,Illumina,Short,Contig,OK,Candidatus Phytoplasma stylosanthis,2026-09-29,608891,57,0.2328150687068785,0,5,False,False,False,False,False,Camptotheca,2023-2026
GCA_041531585.1,Candidatus Izemoplasma sp. B36,3242468,PRJNA1146427,SAMN43101239,2024,2024-08-28,Illumina NovaSeq,Short,Complete Genome,Inconclusive,Paraclostridium tenue,2026-09-29,1940101,1,0.2939145951679835,0,0,False,False,False,False,False,Izemoplasma,2023-2026
GCA_041554935.1,Candidatus Izemoplasma sp.,2979197,PRJNA1129210,SAMN42102059,2024,2024-08-29,Illumina NovaSeq,Short,Contig,Inconclusive,Fusobacterium hwasookii,2026-09-29,1790598,152,0.3298948172621661,0,0,False,False,False,False,False,Izemoplasma,2023-2026
GCA_041555275.1,Xianfuyuplasma sp.,3101264,PRJNA1129210,SAMN42102042,2024,2024-08-29,Illumina NovaSeq,Short,Contig,Inconclusive,Candidatus Xianfuyuplasma coldseepsis,2026-09-29,1852853,392,0.3190906132326741,0,0,False,False,False,False,False,Xianfuyuplasma,2023-2026
GCA_041597145.1,Acholeplasmataceae bacterium,1898209,PRJNA1129210,SAMN42103352,2024,2024-08-29,Illumina NovaSeq,Short,Contig,Inconclusive,Acholeplasma palmae,2026-09-29,1039655,308,0.2907416402556617,0,0,False,False,False,False,False,Acholeplasmataceae,2023-2026
GCA_041649275.1,Candidatus Izemoplasmatales bacterium,3018265,PRJNA823399,SAMN39904615,2024,2024-08-29,Illumina HiSeq,Short,Contig,Inconclusive,Conexibacter arvalis,2026-09-29,1981136,31,0.6105815047528287,0,0,False,False,False,False,False,Izemoplasmatales,2023-2026
GCA_041649795.1,Candidatus Izemoplasmatales bacterium,3018265,PRJNA823399,SAMN39904587,2024,2024-08-29,Illumina HiSeq,Short,Contig,Inconclusive,Clostridium rectalis,2026-09-29,2312297,205,0.3908265244473353,0,10,False,False,False,False,False,Izemoplasmatales,2023-2026
GCA_041649935.1,Candidatus Izemoplasmatales bacterium,3018265,PRJNA823399,SAMN39904580,2024,2024-08-29,Illumina HiSeq,Short,Contig,Inconclusive,Candidatus Yanofskyibacterium parasiticum,2026-09-29,2109552,249,0.4182518373569364,0,19,False,False,False,False,False,Izemoplasmatales,2023-2026
GCA_041652035.1,Candidatus Izemoplasmatales bacterium,3018265,PRJNA823399,SAMN39904476,2024,2024-08-29,Illumina HiSeq,Short,Contig,Inconclusive,na,2026-09-29,1182487,10,0.3776904101271303,0,0,False,False,False,False,False,Izemoplasmatales,2023-2026
GCA_041652855.1,Candidatus Izemoplasmatales bacterium,3018265,PRJNA823399,SAMN39904433,2024,2024-08-29,Illumina HiSeq,Short,Scaffold,Inconclusive,Acholeplasma brassicae,2026-09-29,1267899,204,0.4626827531215026,0,0,False,False,False,False,False,Izemoplasmatales,2023-2026
GCA_041652955.1,Candidatus Izemoplasmatales bacterium,3018265,PRJNA823399,SAMN39904430,2024,2024-08-29,Illumina HiSeq,Short,Scaffold,Inconclusive,Hujiaoplasma nucleasis,2026-09-29,1538319,141,0.4374872831967882,0,0,False,False,False,False,False,Izemoplasmatales,2023-2026
GCA_041653095.1,Candidatus Izemoplasmatales bacterium,3018265,PRJNA823399,SAMN39904424,2024,2024-08-29,Illumina HiSeq,Short,Scaffold,Inconclusive,Spiroplasma citri,2026-09-29,1295999,90,0.381676992034716,0,0,False,False,False,False,False,Izemoplasmatales,2023-2026
GCA_041654375.1,Candidatus Izemoplasmatales bacterium,3018265,PRJNA823399,SAMN39904359,2024,2024-08-29,Illumina HiSeq,Short,Scaffold,Inconclusive,Carnobacterium jeotgali,2026-09-29,1132454,239,0.4536025304339072,0,2,False,False,False,False,False,Izemoplasmatales,2023-2026
GCA_041654835.1,Acholeplasmataceae bacterium,1898209,PRJNA823399,SAMN39904334,2024,2024-08-29,Illumina HiSeq,Short,Contig,Inconclusive,Haploplasma modicum,2026-09-29,1282799,8,0.354695474505359,0,0,False,False,False,False,False,Acholeplasmataceae,2023-2026
GCA_041654955.1,Acholeplasmataceae bacterium,1898209,PRJNA823399,SAMN39904328,2024,2024-08-29,Illumina HiSeq,Short,Contig,Inconclusive,Mariniplasma anaerobium,2026-09-29,1601870,120,0.3104577774725789,0,1,False,False,False,False,False,Acholeplasmataceae,2023-2026
GCA_041655235.1,Acholeplasmataceae bacterium,1898209,PRJNA823399,SAMN39905094,2024,2024-08-29,Illumina HiSeq,Short,Contig,Inconclusive,Paracholeplasma manati,2026-09-29,1704965,190,0.4095685248670794,0,17,False,False,False,False,False,Acholeplasmataceae,2023-2026
GCA_041655795.1,Acholeplasmataceae bacterium,1898209,PRJNA823399,SAMN39905065,2024,2024-08-29,Illumina HiSeq,Short,Contig,Inconclusive,Acholeplasma laidlawii,2026-09-29,888895,42,0.3459666214794773,0,0,False,False,False,False,False,Acholeplasmataceae,2023-2026
GCA_041656395.1,Acholeplasmataceae bacterium,1898209,PRJNA823399,SAMN39905036,2024,2024-08-29,Illumina HiSeq,Short,Contig,Inconclusive,Acholeplasma laidlawii,2026-09-29,1105284,221,0.3372689734041205,0,0,False,False,False,False,False,Acholeplasmataceae,2023-2026
GCA_041656835.1,Acholeplasmataceae bacterium,1898209,PRJNA823399,SAMN39905015,2024,2024-08-29,Illumina HiSeq,Short,Contig,Inconclusive,Fusobacterium polymorphum,2026-09-29,1600536,253,0.3501751913109108,0,71,False,False,False,False,False,Acholeplasmataceae,2023-2026
GCA_041657025.1,Candidatus Izemoplasmatales bacterium,3018265,PRJNA823399,SAMN39905003,2024,2024-08-29,Illumina HiSeq,Short,Scaffold,Inconclusive,Spiroplasma citri,2026-09-29,1315318,157,0.3827196160928384,1,0,True,False,False,False,True,Izemoplasmatales,2023-2026
GCA_041657495.1,Candidatus Izemoplasmatales bacterium,3018265,PRJNA823399,SAMN39904987,2024,2024-08-29,Illumina HiSeq,Short,Scaffold,Inconclusive,na,2026-09-29,1085061,253,0.3793759060550513,0,0,False,False,False,False,False,Izemoplasmatales,2023-2026
GCA_041664025.1,Acholeplasmataceae bacterium,1898209,PRJNA823399,SAMN39889826,2024,2024-08-30,Illumina HiSeq,Short,Contig,Inconclusive,Peloplasma aerotolerans,2026-09-29,1096649,257,0.3452599692335469,0,0,False,False,False,False,False,Acholeplasmataceae,2023-2026
GCA_041667705.1,Candidatus Izemoplasmatales bacterium,3018265,PRJNA823399,SAMN39889643,2024,2024-08-30,Illumina HiSeq,Short,Contig,Inconclusive,na,2026-09-29,1240303,154,0.383366000082238,0,0,False,False,False,False,False,Izemoplasmatales,2023-2026
GCA_041667805.1,Candidatus Izemoplasmatales bacterium,3018265,PRJNA823399,SAMN39889638,2024,2024-08-30,Illumina HiSeq,Short,Contig,Inconclusive,Haploplasma axanthum,2026-09-29,1505997,257,0.3106586533704914,0,15,False,False,False,False,False,Izemoplasmatales,2023-2026
GCA_041667945.1,Acholeplasmataceae bacterium,1898209,PRJNA823399,SAMN39889631,2024,2024-08-30,Illumina HiSeq,Short,Contig,Inconclusive,Haploplasma modicum,2026-09-29,1016677,84,0.3125987899795117,0,3,False,False,False,False,False,Acholeplasmataceae,2023-2026
GCA_041668025.1,Acholeplasmataceae bacterium,1898209,PRJNA823399,SAMN39889627,2024,2024-08-30,Illumina HiSeq,Short,Contig,Inconclusive,na,2026-09-29,998269,90,0.3130879552505387,0,1,False,False,False,False,False,Acholeplasmataceae,2023-2026
GCA_041668625.1,Acholeplasmataceae bacterium,1898209,PRJNA823399,SAMN39889597,2024,2024-08-30,Illumina HiSeq,Short,Contig,Inconclusive,Haploplasma modicum,2026-09-29,1016502,207,0.3350116379505402,0,0,False,False,False,False,False,Acholeplasmataceae,2023-2026
GCA_041669425.1,Candidatus Izemoplasmatales bacterium,3018265,PRJNA823399,SAMN39889556,2024,2024-08-30,Illumina HiSeq,Short,Contig,Inconclusive,Hujiaoplasma nucleasis,2026-09-29,1572824,156,0.4371290112561863,0,0,False,False,False,False,False,Izemoplasmatales,2023-2026
GCA_041669715.1,Acholeplasmataceae bacterium,1898209,PRJNA823399,SAMN39889542,2024,2024-08-30,Illumina HiSeq,Short,Contig,Inconclusive,Peloplasma aerotolerans,2026-09-29,1356949,185,0.2928628857827376,0,0,False,False,False,False,False,Acholeplasmataceae,2023-2026
GCA_041671865.1,Acholeplasmataceae bacterium,1898209,PRJNA823399,SAMN39891868,2024,2024-08-30,Illumina HiSeq,Short,Contig,Inconclusive,Acholeplasma hippikon,2026-09-29,1000254,127,0.3329534298288235,0,0,False,False,False,False,False,Acholeplasmataceae,2023-2026
GCA_041672005.1,Candidatus Izemoplasmatales bacterium,3018265,PRJNA823399,SAMN39891860,2024,2024-08-30,Illumina HiSeq,Short,Contig,Inconclusive,Lentimicrobium saccharophilum,2026-09-29,1495058,184,0.4355115319940765,0,3,False,False,False,False,False,Izemoplasmatales,2023-2026
GCA_041672325.1,Candidatus Izemoplasmatales bacterium,3018265,PRJNA823399,SAMN39891845,2024,2024-08-30,Illumina HiSeq,Short,Contig,Inconclusive,Hujiaoplasma nucleasis,2026-09-29,1841431,217,0.3117863227022897,0,4,False,False,False,False,False,Izemoplasmatales,2023-2026
GCA_041672505.1,Candidatus Izemoplasmatales bacterium,3018265,PRJNA823399,SAMN39891834,2024,2024-08-30,Illumina HiSeq,Short,Contig,Inconclusive,Malaciobacter mytili,2026-09-29,1873497,322,0.3088400995571383,0,0,False,False,False,False,False,Izemoplasmatales,2023-2026
GCA_041672605.1,Acholeplasmataceae bacterium,1898209,PRJNA823399,SAMN39891830,2024,2024-08-30,Illumina HiSeq,Short,Contig,Inconclusive,Acholeplasma equifetale,2026-09-29,950688,186,0.3363111767477869,0,0,False,False,False,False,False,Acholeplasmataceae,2023-2026
GCA_041673685.1,Candidatus Izemoplasmatales bacterium,3018265,PRJNA823399,SAMN39891779,2024,2024-08-30,Illumina HiSeq,Short,Contig,Inconclusive,Hypnocyclicus thermotrophus,2026-09-29,1345632,188,0.3801210137689947,0,4,False,False,False,False,False,Izemoplasmatales,2023-2026
GCA_041675665.1,Acholeplasma sp.,33015,PRJNA823399,SAMN39891677,2024,2024-08-30,Illumina HiSeq,Short,Contig,OK,Acholeplasma laidlawii,2026-09-29,1133232,135,0.3245963756759428,0,0,False,False,False,False,False,Acholeplasma,2023-2026
GCA_041675925.1,Acholeplasmataceae bacterium,1898209,PRJNA823399,SAMN39891669,2024,2024-08-30,Illumina HiSeq,Short,Contig,Inconclusive,Acholeplasma brassicae,2026-09-29,1265117,222,0.360004647791469,0,1,False,False,False,False,False,Acholeplasmataceae,2023-2026
GCA_041675965.1,Acholeplasmataceae bacterium,1898209,PRJNA823399,SAMN39891663,2024,2024-08-30,Illumina HiSeq,Short,Contig,Inconclusive,Mariniplasma anaerobium,2026-09-29,1284707,222,0.3140902945185166,0,7,False,False,False,False,False,Acholeplasmataceae,2023-2026
GCA_041677365.1,Candidatus Izemoplasmatales bacterium,3018265,PRJNA823399,SAMN39891592,2024,2024-08-30,Illumina HiSeq,Short,Contig,Inconclusive,Hujiaoplasma nucleasis,2026-09-29,1395517,153,0.3191161411863847,0,0,False,False,False,False,False,Izemoplasmatales,2023-2026
GCA_041677425.1,Acholeplasmataceae bacterium,1898209,PRJNA823399,SAMN39891590,2024,2024-08-30,Illumina HiSeq,Short,Contig,Inconclusive,Haploplasma modicum,2026-09-29,1008841,50,0.3099844276749259,0,0,False,False,False,False,False,Acholeplasmataceae,2023-2026
GCA_041677585.1,Acholeplasmataceae bacterium,1898209,PRJNA823399,SAMN39891579,2024,2024-08-30,Illumina HiSeq,Short,Contig,Inconclusive,Mariniplasma anaerobium,2026-09-29,1035886,129,0.3447280878397816,0,0,False,False,False,False,False,Acholeplasmataceae,2023-2026
GCA_041678925.1,Candidatus Izemoplasmatales bacterium,3018265,PRJNA823399,SAMN39891518,2024,2024-08-30,Illumina HiSeq,Short,Contig,Inconclusive,Mariniplasma anaerobium,2026-09-29,1408585,112,0.3770301401761342,0,0,False,False,False,False,False,Izemoplasmatales,2023-2026
GCA_041687555.1,Haloplasmataceae bacterium,2862752,PRJNA1012852,SAMN37277784,2024,2024-08-30,Illumina HiSeq,Short,Contig,Inconclusive,na,2026-09-29,2642567,131,0.3298550235433955,0,0,False,False,False,False,False,Haloplasmataceae,2023-2026
GCA_041729675.1,Candidatus Phytoplasma solani,69896,PRJNA830658,SAMN27736172,2024,2024-09-03,Oxford Nanopore MinION; Illumina NovaSeq,Hybrid,Complete Genome,Inconclusive,Candidatus Phytoplasma stylosanthis,2026-09-29,973640,1,0.2857555153855634,0,0,False,False,False,False,False,Phytoplasma,2023-2026
GCA_041729685.1,Candidatus Phytoplasma solani,69896,PRJNA830658,SAMN27736171,2024,2024-09-03,Oxford Nanopore MinION; Illumina NovaSeq,Hybrid,Complete Genome,Inconclusive,Candidatus Phytoplasma stylosanthis,2026-09-29,824084,1,0.2807432252051975,0,0,False,False,False,False,False,Phytoplasma,2023-2026
GCA_041729695.1,Candidatus Phytoplasma solani,69896,PRJNA830658,SAMN27736170,2024,2024-09-03,Oxford Nanopore MinION; Illumina NovaSeq,Hybrid,Complete Genome,Inconclusive,Candidatus Phytoplasma stylosanthis,2026-09-29,751188,1,0.2837358956745848,0,0,False,False,False,False,False,Phytoplasma,2023-2026
GCA_041729705.1,Candidatus Phytoplasma solani,69896,PRJNA830658,SAMN27736169,2024,2024-09-03,Oxford Nanopore MinION; Illumina NovaSeq,Hybrid,Complete Genome,Inconclusive,Candidatus Phytoplasma stylosanthis,2026-09-29,751320,1,0.2836940318372997,0,0,False,False,False,False,False,Phytoplasma,2023-2026
GCA_041869975.1,Candidatus Phytoplasma solani,69896,PRJNA1135947,SAMN42496723,2024,2024-09-09,Illumina MiSeq; Oxford Nanopore MinION,Hybrid,Contig,Inconclusive,Candidatus Phytoplasma stylosanthis,2026-09-29,707036,28,0.282790409540674,0,0,False,False,False,False,False,Phytoplasma,2023-2026
GCA_041920595.1,Areca yellow leaf disease phytoplasma,927614,PRJNA835721,SAMN41883633,2024,2024-09-14,Oxford Nanopore,Long,Chromosome,Inconclusive,Candidatus Phytoplasma vignae,2026-09-29,625107,1,0.2915196918287589,0,0,False,False,False,False,False,Areca,2023-2026
GCA_041984945.1,Candidatus Phytoplasma pruni,479893,PRJNA1090061,SAMN40554789,2024,2024-09-18,Illumina NovaSeq,Short,Contig,Inconclusive,Candidatus Phytoplasma crotalariae,2026-09-29,594969,61,0.2695955587602043,0,1,False,False,False,False,False,Phytoplasma,2023-2026
GCA_042465095.1,Spiroplasma endosymbiont of Anurida maritima,2967972,PRJNA860916,SAMN29869145,2024,2024-10-01,Oxford Nanopore MinION,Long,Complete Genome,Inconclusive,Spiroplasma phoeniceum,2026-09-29,801388,1,0.2669543342301108,0,0,False,False,False,False,False,Spiroplasma,2023-2026
GCA_043420575.1,Candidatus Phytoplasma solani,69896,PRJNA1135948,SAMN42496734,2024,2024-10-18,Illumina MiSeq; Oxford Nanopore MinION,Hybrid,Contig,Inconclusive,Candidatus Phytoplasma stylosanthis,2026-09-29,658652,20,0.2824480909493936,0,0,False,False,False,False,False,Phytoplasma,2023-2026
GCA_043756005.1,Spiroplasmataceae bacterium,2872178,PRJNA781406,SAMN39315479,2024,2024-10-24,Illumina NovaSeq,Short,Contig,Inconclusive,Spiroplasma citri,2026-09-29,501793,15,0.2782063520216503,0,0,False,False,False,False,False,Spiroplasmataceae,2023-2026
GCA_043951795.1,Liberiplasma polymorphum,3374570,PRJNA1174714,SAMN44345300,2024,2024-10-27,DNBSEQ-G400,Short,Contig,OK,Candidatus Izemoplasma acidinucleici,2026-09-29,1974846,80,0.3292656743867623,0,1,False,False,False,False,False,Liberiplasma,2023-2026
GCA_044714355.1,Spiroplasma sp. ald,2490849,PRJNA506491,SAMN10461773,2024,2024-11-08,Illumina NovaSeq,Short,Contig,OK,Spiroplasma phoeniceum,2026-09-29,1109497,202,0.2676564244878535,0,1,False,False,False,False,False,Spiroplasma,2023-2026
GCA_044714365.2,Spiroplasma sp. hy2,2490850,PRJNA506493,SAMN10461797,2025,2025-03-25,Illumina NovaSeq,Short,Contig,OK,Spiroplasma phoeniceum,2026-09-29,1230639,384,0.2641188845794746,0,1,False,False,False,False,False,Spiroplasma,2023-2026
GCA_045046715.1,Candidatus Izemoplasma sp.,2979197,PRJNA938062,SAMN33424471,2024,2024-11-19,Illumina NovaSeq,Short,Contig,Inconclusive,Candidatus Izemoplasma acidinucleici,2026-09-29,1480782,131,0.3055770532056711,0,0,False,False,False,False,False,Izemoplasma,2023-2026
GCA_045111675.1,Anaeroplasmataceae bacterium,2793037,PRJNA987743,SAMN43293666,2024,2024-11-20,Illumina NextSeq,Short,Contig,Inconclusive,Clostridium celatum,2026-09-29,1610224,483,0.2812875724122854,0,0,False,False,False,False,False,Anaeroplasmataceae,2023-2026
GCA_045121295.1,Candidatus Pelethenecus sp.,3022886,PRJNA987743,SAMN43292606,2024,2024-11-20,Illumina NextSeq,Short,Contig,Inconclusive,Clostridium aquiflavi,2026-09-29,2117397,132,0.2787370530892412,0,1,False,False,False,False,False,Pelethenecus,2023-2026
GCA_045124155.1,Anaeroplasma sp.,1872523,PRJNA987743,SAMN43292500,2024,2024-11-21,Illumina NextSeq,Short,Contig,Inconclusive,na,2026-09-29,2326873,205,0.2691247008324047,0,0,False,False,False,False,False,Anaeroplasma,2023-2026
GCA_045126355.1,Anaeroplasmataceae bacterium,2793037,PRJNA987743,SAMN43292424,2024,2024-11-21,Illumina NextSeq,Short,Contig,Inconclusive,Clostridium oceanicum,2026-09-29,2103806,140,0.2807093429717379,0,0,False,False,False,False,False,Anaeroplasmataceae,2023-2026
GCA_045127575.1,Candidatus Pelethenecus sp.,3022886,PRJNA987743,SAMN43292362,2024,2024-11-21,Illumina NextSeq,Short,Contig,Inconclusive,na,2026-09-29,2104193,134,0.2745636925890353,0,0,False,False,False,False,False,Pelethenecus,2023-2026
GCA_045127955.1,Anaeroplasmataceae bacterium,2793037,PRJNA987743,SAMN43292350,2024,2024-11-21,Illumina NextSeq,Short,Contig,Inconclusive,Clostridium thermobutyricum,2026-09-29,2555615,127,0.2731037343261798,0,0,False,False,False,False,False,Anaeroplasmataceae,2023-2026
GCA_045276875.1,Mycoplasma corogypsi,2106,PRJNA1187186,SAMN44786002,2024,2024-11-25,Illumina MiniSeq; Oxford Nanopore MinION,Hybrid,Complete Genome,OK,Mycoplasmopsis cricetuli,2026-09-29,862285,1,0.2930469624312147,0,0,False,False,False,False,False,Mycoplasma,2023-2026
GCA_045586145.1,Candidatus Phytoplasma australasiaticum,2754999,PRJNA1172979,SAMN44286694,2024,2024-12-03,Illumina NovaSeq,Short,Complete Genome,OK,Candidatus Phytoplasma australasiaticum,2026-09-29,602816,1,0.2740421621191209,0,0,False,False,False,False,False,Phytoplasma,2023-2026
GCA_045594225.1,Anaeroplasma sp.,1872523,PRJNA1030165,SAMN37891924,2024,2024-12-03,Complete Genomics,Unknown,Contig,Inconclusive,Anaeroplasma bactoclasticum,2026-09-29,1169549,331,0.3103905864568308,6,0,True,False,False,False,True,Anaeroplasma,2023-2026
GCA_045594405.1,Anaeroplasma sp.,1872523,PRJNA1030165,SAMN37891914,2024,2024-12-03,Complete Genomics,Unknown,Contig,Inconclusive,Clostridium isatidis,2026-09-29,1667705,227,0.322736335263131,5,0,True,False,False,False,True,Anaeroplasma,2023-2026
GCA_045597825.1,Candidatus Izemoplasmatales bacterium,3018265,PRJNA1030165,SAMN37892622,2024,2024-12-03,Complete Genomics,Unknown,Contig,Inconclusive,Clostridium gasigenes,2026-09-29,2174502,560,0.3539150573326674,2,0,True,False,False,False,True,Izemoplasmatales,2023-2026
GCA_045599405.1,Anaeroplasmataceae bacterium,2793037,PRJNA1030165,SAMN37892544,2024,2024-12-03,Complete Genomics,Unknown,Contig,Inconclusive,Clostridium paraputrificum,2026-09-29,1296980,170,0.3153842002189702,0,0,False,False,False,False,False,Anaeroplasmataceae,2023-2026
GCA_045631605.1,Anaeroplasma sp.,1872523,PRJNA1030165,SAMN37893157,2024,2024-12-03,Complete Genomics,Unknown,Contig,Inconclusive,Thomasclavelia cocleata,2026-09-29,1837468,288,0.3020939684391782,2,0,True,False,False,False,True,Anaeroplasma,2023-2026
GCA_045657345.1,Mycoplasma sp.,2108,PRJNA1030165,SAMN37894442,2024,2024-12-03,Complete Genomics,Unknown,Contig,Inconclusive,Malacoplasma iowae,2026-09-29,796352,92,0.2502348207827694,0,0,False,False,False,False,False,Mycoplasma,2023-2026
GCA_046483695.1,Candidatus Izemoplasmatales bacterium,3018265,PRJNA1026782,SAMN37758137,2025,2025-01-03,Illumina HiSeq,Short,Contig,Inconclusive,Hujiaoplasma nucleasis,2026-09-29,1564311,129,0.2832109471837761,0,0,False,False,False,False,False,Izemoplasmatales,2023-2026
GCA_046538775.1,Candidatus Izemoplasmataceae bacterium,3107147,PRJNA847603,SAMN35735012,2025,2025-01-07,Illumina MiSeq,Short,Contig,Inconclusive,na,2026-09-29,1485238,157,0.5210626175737492,0,0,False,False,False,False,False,Izemoplasmataceae,2023-2026
GCA_046539505.1,Acholeplasmataceae bacterium,1898209,PRJNA847603,SAMN35734976,2025,2025-01-07,Illumina MiSeq,Short,Contig,Inconclusive,na,2026-09-29,1382613,149,0.5416454206636275,0,0,False,False,False,False,False,Acholeplasmataceae,2023-2026
GCA_046540115.1,Acholeplasmataceae bacterium,1898209,PRJNA847603,SAMN35734946,2025,2025-01-07,Illumina MiSeq,Short,Contig,Inconclusive,na,2026-09-29,1332380,122,0.5375748660292109,0,0,False,False,False,False,False,Acholeplasmataceae,2023-2026
GCA_046541015.1,Candidatus Izemoplasmataceae bacterium,3107147,PRJNA847603,SAMN35734903,2025,2025-01-07,Illumina MiSeq,Short,Contig,Inconclusive,Liberiplasma polymorphum,2026-09-29,1605020,41,0.3320681362226015,0,0,False,False,False,False,False,Izemoplasmataceae,2023-2026
GCA_046542225.1,Candidatus Izemoplasmatales bacterium,3018265,PRJNA847603,SAMN35734843,2025,2025-01-07,Illumina MiSeq,Short,Contig,Inconclusive,Hujiaoplasma nucleasis,2026-09-29,1513247,61,0.3237924806723555,0,0,False,False,False,False,False,Izemoplasmatales,2023-2026
GCA_046600495.1,Candidatus Phytoplasma pyri,47566,PRJNA1206467,SAMN46078053,2025,2025-01-11,DNBSEQ-G400,Short,Scaffold,Inconclusive,Candidatus Phytoplasma stylosanthis,2026-09-29,456478,14,0.2040317386599135,0,1,False,False,False,False,False,Phytoplasma,2023-2026
GCA_046896035.1,Candidatus Phytoplasma palmae,85624,PRJNA1176128,SAMN44380884,2025,2025-01-22,DNBSEQ,Short,Scaffold,Inconclusive,Candidatus Phytoplasma bonamiae,2026-09-29,425433,49,0.2158577261284385,0,3,False,False,False,False,False,Phytoplasma,2023-2026
GCA_047530585.1,Candidatus Phytoplasma asteris,85620,PRJNA1218696,SAMN46529968,2025,2025-02-09,Illumina NovaSeq,Short,Contig,Inconclusive,Candidatus Phytoplasma vignae,2026-09-29,634631,225,0.2781947304811772,0,0,False,False,False,False,False,Phytoplasma,2023-2026
GCA_047637955.1,Paracholeplasma sp.,2903117,PRJNA1054980,SAMN46430394,2025,2025-02-11,Illumina HiSeq,Short,Contig,OK,Paracholeplasma manati,2026-09-29,1101571,256,0.371852563293696,0,0,False,False,False,False,False,Paracholeplasma,2023-2026
GCA_047715995.1,Mycoplasma feriruminatoris,1179777,PRJNA1139390,SAMN42772346,2025,2025-02-12,PacBio Sequel,Long,Complete Genome,OK,Mycoplasma feriruminatoris,2026-09-29,1028806,1,0.2430176340340161,0,0,False,False,True,False,False,Mycoplasma,2023-2026
GCA_047785185.1,Mycoplasma sp. 4079,3398615,PRJNA1220171,SAMN46712901,2025,2025-02-16,Illumina MiniSeq,Short,Contig,Inconclusive,Mycoplasma tracheobuteonis,2026-09-29,760106,17,0.2860061622984163,0,0,False,False,False,False,False,Mycoplasma,2023-2026
GCA_047873465.1,Candidatus Phytoplasma citri,180978,PRJNA1215802,SAMN46419732,2025,2025-02-18,Illumina,Short,Contig,Inconclusive,Candidatus Phytoplasma vignae,2026-09-29,576881,32,0.2837205593527954,0,1,False,False,False,False,False,Phytoplasma,2023-2026
GCA_047920815.1,Candidatus Izemoplasmataceae bacterium,3107147,PRJNA1220009,SAMN46706405,2025,2025-02-19,DNBSEQ-G400,Short,Scaffold,Inconclusive,Liberiplasma polymorphum,2026-09-29,1671272,272,0.3339713703095606,0,0,False,False,False,False,False,Izemoplasmataceae,2023-2026
GCA_047921055.1,Acholeplasmataceae bacterium,1898209,PRJNA1220009,SAMN46706393,2025,2025-02-19,DNBSEQ-G400,Short,Scaffold,Inconclusive,Acholeplasma palmae,2026-09-29,1426444,73,0.3569954376056823,0,0,False,False,False,False,False,Acholeplasmataceae,2023-2026
GCA_047971455.1,Mycoplasmatales bacterium,2023991,PRJNA1141481,SAMN42991886,2025,2025-02-24,Illumina NovaSeq,Short,Contig,Inconclusive,Hypnocyclicus thermotrophus,2026-09-29,1460251,127,0.2558258819887813,0,0,False,False,False,False,False,Mycoplasmatales,2023-2026
GCA_047971545.1,Mycoplasmatales bacterium,2023991,PRJNA1141481,SAMN42991891,2025,2025-02-24,Illumina NovaSeq,Short,Contig,Inconclusive,Hypnocyclicus thermotrophus,2026-09-29,981184,64,0.2687120866218772,0,0,False,False,False,False,False,Mycoplasmatales,2023-2026
GCA_048074515.1,Mycoplasma paraquilae,3398773,PRJNA1220869,SAMN46724115,2025,2025-02-26,Illumina MiniSeq; Oxford Nanopore MinION,Hybrid,Complete Genome,OK,Mycoplasma aquilae,2026-09-29,885996,1,0.2922078654982641,0,0,False,False,False,False,False,Mycoplasma,2023-2026
GCA_048074525.1,Mycoplasma aquilae ATCC BAA-1896,547986,PRJNA1220846,SAMN46724038,2025,2025-02-26,Illumina MiniSeq; Oxford Nanopore MinION,Hybrid,Complete Genome,OK,Mycoplasma haliaeeti,2026-09-29,941164,1,0.2968462457127557,0,0,False,False,False,False,False,Mycoplasma,2023-2026
GCA_048074655.1,Mycoplasma haliaeeti,3398774,PRJNA1220933,SAMN46724208,2025,2025-02-26,Illumina MiniSeq; Oxford Nanopore MinION,Hybrid,Complete Genome,OK,Mycoplasma milvi,2026-09-29,887399,1,0.3024220221118122,0,0,False,False,False,False,False,Mycoplasma,2023-2026
GCA_048076865.1,Mycoplasma razini,3398776,PRJNA1220966,SAMN46724344,2025,2025-02-26,Illumina MiniSeq; Oxford Nanopore MinION,Hybrid,Complete Genome,OK,Mycoplasma haliaeeti,2026-09-29,823238,1,0.291893717248232,0,0,False,False,False,False,False,Mycoplasma,2023-2026
GCA_048076875.1,Mycoplasma milvi,3398775,PRJNA1220950,SAMN46724289,2025,2025-02-26,Illumina MiniSeq; Oxford Nanopore MinION,Hybrid,Complete Genome,OK,Mycoplasma haliaeeti,2026-09-29,844529,1,0.2989630906694737,0,0,False,False,False,False,False,Mycoplasma,2023-2026
GCA_048263885.1,Acholeplasmataceae bacterium,1898209,PRJNA1211307,SAMN46274284,2025,2025-02-28,Illumina; Oxford Nanopore,Hybrid,Contig,Inconclusive,Mariniplasma anaerobium,2026-09-29,1745397,7,0.3138701395728307,0,0,False,False,False,False,False,Acholeplasmataceae,2023-2026
GCA_048268125.1,Acholeplasmataceae bacterium,1898209,PRJNA1211307,SAMN46274087,2025,2025-02-28,Illumina; Oxford Nanopore,Hybrid,Contig,Inconclusive,Mariniplasma anaerobium,2026-09-29,1584551,36,0.3056190681145637,0,0,False,False,False,False,False,Acholeplasmataceae,2023-2026
GCA_048284315.1,Mycoplasma haliaeeti,3398774,PRJNA1225755,SAMN46902119,2025,2025-03-02,Illumina MiniSeq,Short,Contig,OK,Mycoplasma haliaeeti,2026-09-29,807646,29,0.3018116848223107,0,0,False,False,False,False,False,Mycoplasma,2023-2026
GCA_048284415.1,Mycoplasma paraquilae,3398773,PRJNA1225755,SAMN46902117,2025,2025-03-02,Illumina MiniSeq,Short,Contig,OK,Mycoplasma paraquilae,2026-09-29,870660,8,0.2891484620862334,0,0,False,False,False,False,False,Mycoplasma,2023-2026
GCA_048284425.1,Mycoplasma paraquilae,3398773,PRJNA1225755,SAMN46902107,2025,2025-03-02,Illumina MiniSeq,Short,Contig,OK,Mycoplasma paraquilae,2026-09-29,838922,5,0.2900055070674032,0,0,False,False,False,False,False,Mycoplasma,2023-2026
GCA_048284435.1,Mycoplasma aquilae,1312741,PRJNA1225755,SAMN46902106,2025,2025-03-02,Illumina MiniSeq,Short,Contig,OK,Mycoplasma aquilae,2026-09-29,834148,37,0.2972769820223749,0,0,False,False,False,False,False,Mycoplasma,2023-2026
GCA_048284475.1,Mycoplasma aquilae,1312741,PRJNA1225755,SAMN46902105,2025,2025-03-02,Illumina MiniSeq,Short,Contig,OK,Mycoplasma aquilae,2026-09-29,829019,31,0.297743477531878,0,0,False,False,False,False,False,Mycoplasma,2023-2026
GCA_048284615.1,Mycoplasma haliaeeti,3398774,PRJNA1225755,SAMN46902125,2025,2025-03-02,Illumina MiniSeq,Short,Contig,OK,Mycoplasma haliaeeti,2026-09-29,822586,36,0.3011976863209439,0,0,False,False,False,False,False,Mycoplasma,2023-2026
GCA_048284625.1,Mycoplasma paraquilae,3398773,PRJNA1225755,SAMN46902116,2025,2025-03-02,Illumina MiniSeq,Short,Contig,OK,Mycoplasma paraquilae,2026-09-29,839168,12,0.2911276407107993,0,0,False,False,False,False,False,Mycoplasma,2023-2026
GCA_048284635.1,Mycoplasma paraquilae,3398773,PRJNA1225755,SAMN46902114,2025,2025-03-02,Illumina MiniSeq,Short,Contig,OK,Mycoplasma paraquilae,2026-09-29,827792,12,0.2920274658368286,0,1,False,False,False,False,False,Mycoplasma,2023-2026
GCA_048284645.1,Mycoplasma haliaeeti,3398774,PRJNA1225755,SAMN46902124,2025,2025-03-02,Illumina MiniSeq,Short,Contig,OK,Mycoplasma haliaeeti,2026-09-29,838115,16,0.3002451930820949,0,0,False,False,False,False,False,Mycoplasma,2023-2026
GCA_048284655.1,Mycoplasma paraquilae,3398773,PRJNA1225755,SAMN46902108,2025,2025-03-02,Illumina MiniSeq,Short,Contig,OK,Mycoplasma paraquilae,2026-09-29,839844,10,0.2898264439586399,0,0,False,False,False,False,False,Mycoplasma,2023-2026
GCA_048284715.1,Mycoplasma milvi,3398775,PRJNA1225755,SAMN46902130,2025,2025-03-02,Illumina MiniSeq,Short,Contig,OK,Mycoplasma milvi,2026-09-29,803202,7,0.2976150457792685,0,0,False,False,False,False,False,Mycoplasma,2023-2026
GCA_048284735.1,Mycoplasma milvi,3398775,PRJNA1225755,SAMN46902134,2025,2025-03-02,Illumina MiniSeq,Short,Contig,OK,Mycoplasma milvi,2026-09-29,816880,5,0.2969481441582607,0,0,False,False,False,False,False,Mycoplasma,2023-2026
GCA_048284745.1,Mycoplasma milvi,3398775,PRJNA1225755,SAMN46902131,2025,2025-03-02,Illumina MiniSeq,Short,Contig,OK,Mycoplasma milvi,2026-09-29,791229,10,0.2966043964515962,0,0,False,False,False,False,False,Mycoplasma,2023-2026
GCA_048284765.1,Mycoplasma milvi,3398775,PRJNA1225755,SAMN46902129,2025,2025-03-02,Illumina MiniSeq,Short,Contig,OK,Mycoplasma milvi,2026-09-29,807252,11,0.2956164865494294,0,0,False,False,False,False,False,Mycoplasma,2023-2026
GCA_048285035.1,Mycoplasma haliaeeti,3398774,PRJNA1225755,SAMN46902126,2025,2025-03-02,Illumina MiniSeq,Short,Contig,OK,Mycoplasma haliaeeti,2026-09-29,838356,28,0.3012121342246014,0,0,False,False,False,False,False,Mycoplasma,2023-2026
GCA_048285065.1,Mycoplasma milvi,3398775,PRJNA1225755,SAMN46902137,2025,2025-03-02,Illumina MiniSeq,Short,Contig,OK,Mycoplasma milvi,2026-09-29,784544,15,0.2961911632744626,0,0,False,False,False,False,False,Mycoplasma,2023-2026
GCA_048285335.1,Mycoplasma paraquilae,3398773,PRJNA1225755,SAMN46902115,2025,2025-03-02,Illumina MiniSeq,Short,Contig,OK,Mycoplasma paraquilae,2026-09-29,870163,8,0.2891538711712633,0,0,False,False,False,False,False,Mycoplasma,2023-2026
GCA_048285635.1,Mycoplasma milvi,3398775,PRJNA1225755,SAMN46902127,2025,2025-03-02,Illumina MiniSeq,Short,Contig,OK,Mycoplasma milvi,2026-09-29,770733,7,0.297076938446907,0,0,False,False,False,False,False,Mycoplasma,2023-2026
GCA_048285655.1,Mycoplasma haliaeeti,3398774,PRJNA1225755,SAMN46902118,2025,2025-03-02,Illumina MiniSeq,Short,Contig,OK,Mycoplasma haliaeeti,2026-09-29,790700,34,0.3028974326546098,0,0,False,False,False,False,False,Mycoplasma,2023-2026
GCA_048285675.1,Mycoplasma milvi,3398775,PRJNA1225755,SAMN46902128,2025,2025-03-02,Illumina MiniSeq,Short,Contig,OK,Mycoplasma milvi,2026-09-29,816349,11,0.2975969836430252,0,0,False,False,False,False,False,Mycoplasma,2023-2026
GCA_048285685.1,Mycoplasma paraquilae,3398773,PRJNA1225755,SAMN46902110,2025,2025-03-02,Illumina MiniSeq,Short,Contig,OK,Mycoplasma paraquilae,2026-09-29,854339,8,0.2904654943763541,0,2,False,False,False,False,False,Mycoplasma,2023-2026
GCA_048285715.1,Mycoplasma haliaeeti,3398774,PRJNA1225755,SAMN46902120,2025,2025-03-02,Illumina MiniSeq,Short,Contig,OK,Mycoplasma haliaeeti,2026-09-29,882263,18,0.3003038776419276,0,0,False,False,False,False,False,Mycoplasma,2023-2026
GCA_048286135.1,Mycoplasma razini,3398776,PRJNA1225755,SAMN46902139,2025,2025-03-02,Illumina MiniSeq,Short,Contig,OK,Mycoplasma razini,2026-09-29,765475,5,0.2900760965413632,0,0,False,False,False,False,False,Mycoplasma,2023-2026
GCA_048286155.1,Mycoplasma paraquilae,3398773,PRJNA1225755,SAMN46902111,2025,2025-03-02,Illumina MiniSeq,Short,Contig,OK,Mycoplasma paraquilae,2026-09-29,927253,19,0.2900750927740325,0,0,False,False,False,False,False,Mycoplasma,2023-2026
GCA_048286175.1,Mycoplasma paraquilae,3398773,PRJNA1225755,SAMN46902113,2025,2025-03-02,Illumina MiniSeq,Short,Contig,OK,Mycoplasma paraquilae,2026-09-29,845170,78,0.2921175621472603,0,0,False,False,False,False,False,Mycoplasma,2023-2026
GCA_048286195.1,Mycoplasma paraquilae,3398773,PRJNA1225755,SAMN46902109,2025,2025-03-02,Illumina MiniSeq,Short,Contig,OK,Mycoplasma paraquilae,2026-09-29,866618,32,0.2892300875356847,0,0,False,False,False,False,False,Mycoplasma,2023-2026
GCA_048286215.1,Mycoplasma haliaeeti,3398774,PRJNA1225755,SAMN46902122,2025,2025-03-02,Illumina MiniSeq,Short,Contig,OK,Mycoplasma haliaeeti,2026-09-29,792702,12,0.3018208608026724,0,0,False,False,False,False,False,Mycoplasma,2023-2026
GCA_048286235.1,Mycoplasma haliaeeti,3398774,PRJNA1225755,SAMN46902121,2025,2025-03-02,Illumina MiniSeq,Short,Contig,OK,Mycoplasma haliaeeti,2026-09-29,834232,32,0.3003720787502757,0,0,False,False,False,False,False,Mycoplasma,2023-2026
GCA_048286255.1,Mycoplasma paraquilae,3398773,PRJNA1225755,SAMN46902112,2025,2025-03-02,Illumina MiniSeq,Short,Contig,OK,Mycoplasma paraquilae,2026-09-29,823770,12,0.2908166114328028,0,0,False,False,False,False,False,Mycoplasma,2023-2026
GCA_048286275.1,Mycoplasma haliaeeti,3398774,PRJNA1225755,SAMN46902123,2025,2025-03-02,Illumina MiniSeq,Short,Contig,OK,Mycoplasma haliaeeti,2026-09-29,824933,16,0.3003698482179764,0,0,False,False,False,False,False,Mycoplasma,2023-2026
GCA_048286295.1,Mycoplasma milvi,3398775,PRJNA1225755,SAMN46902135,2025,2025-03-02,Illumina MiniSeq,Short,Contig,OK,Mycoplasma milvi,2026-09-29,790218,17,0.2963979560070765,0,0,False,False,False,False,False,Mycoplasma,2023-2026
GCA_048286395.1,Mycoplasma milvi,3398775,PRJNA1225755,SAMN46902133,2025,2025-03-02,Illumina MiniSeq,Short,Contig,OK,Mycoplasma milvi,2026-09-29,797349,13,0.2964385733223469,0,1,False,False,False,False,False,Mycoplasma,2023-2026
GCA_048286415.1,Mycoplasma razini,3398776,PRJNA1225755,SAMN46902138,2025,2025-03-02,Illumina MiniSeq,Short,Contig,OK,Mycoplasma razini,2026-09-29,847921,6,0.2887721851446066,0,2,False,False,False,False,False,Mycoplasma,2023-2026
GCA_048286855.1,Mycoplasma milvi,3398775,PRJNA1225755,SAMN46902136,2025,2025-03-02,Illumina MiniSeq,Short,Contig,OK,Mycoplasma milvi,2026-09-29,850327,20,0.2957873853235285,0,0,False,False,False,False,False,Mycoplasma,2023-2026
GCA_048286875.1,Mycoplasma razini,3398776,PRJNA1225755,SAMN46902140,2025,2025-03-02,Illumina MiniSeq,Short,Contig,OK,Mycoplasma razini,2026-09-29,781583,7,0.2903837468317504,0,0,False,False,False,False,False,Mycoplasma,2023-2026
GCA_048286885.1,Mycoplasma milvi,3398775,PRJNA1225755,SAMN46902132,2025,2025-03-02,Illumina MiniSeq,Short,Contig,OK,Mycoplasma milvi,2026-09-29,816191,4,0.2949591455921469,0,0,False,False,False,False,False,Mycoplasma,2023-2026
GCA_048286915.1,Mycoplasma razini,3398776,PRJNA1225755,SAMN46902141,2025,2025-03-02,Illumina MiniSeq,Short,Contig,OK,Mycoplasma razini,2026-09-29,782534,7,0.2905420083983571,0,0,False,False,False,False,False,Mycoplasma,2023-2026
GCA_048360495.1,Candidatus Pelethenecus sp.,3022886,PRJNA1196825,SAMN46336788,2025,2025-03-04,Illumina,Short,Contig,Inconclusive,Clostridium combesii,2026-09-29,2045847,48,0.3312774611200153,0,0,False,False,False,False,False,Pelethenecus,2023-2026
GCA_048381515.1,Mycoplasma sp. 4463,3400998,PRJNA1225216,SAMN46880256,2025,2025-03-04,Illumina MiniSeq,Short,Contig,Inconclusive,Mycoplasma aquilae,2026-09-29,736662,46,0.2867950294707749,0,0,False,False,False,False,False,Mycoplasma,2023-2026
GCA_048590285.1,Spiroplasma sp. K21,3404574,PRJNA1215795,SAMN46419713,2025,2025-03-16,Illumina,Short,Contig,OK,Spiroplasma phoeniceum,2026-09-29,1833004,5142,0.2367147043868971,0,8,False,False,False,False,False,Spiroplasma,2023-2026
GCA_048619735.1,Candidatus Izemoplasmataceae bacterium,3107147,PRJNA847603,SAMN47233981,2025,2025-03-18,Illumina MiSeq,Short,Contig,Inconclusive,na,2026-09-29,944220,154,0.3269502870093834,0,0,False,False,False,False,False,Izemoplasmataceae,2023-2026
GCA_048820805.1,Candidatus Phytoplasma citri,180978,PRJNA1236523,SAMN47393721,2025,2025-03-23,Illumina,Short,Contig,OK,Candidatus Phytoplasma citri,2026-09-29,424689,618,0.2534230931340345,0,2,False,False,False,False,False,Phytoplasma,2023-2026
GCA_049070185.1,Mollicutes bacterium SLUWU-24,3402861,PRJNA1230354,SAMN47176890,2025,2025-03-26,Illumina NovaSeq,Short,Scaffold,Inconclusive,Clostridium aquiflavi,2026-09-29,1478830,10,0.2856291798245911,0,1,False,False,False,False,False,Mollicutes,2023-2026
GCA_049439405.1,Acholeplasmataceae bacterium,1898209,PRJNA1171802,SAMN45205992,2025,2025-04-09,Illumina NextSeq,Short,Contig,Inconclusive,Peloplasma aerotolerans,2026-09-29,814395,125,0.3433297110124694,1,0,True,False,False,False,True,Acholeplasmataceae,2023-2026
GCA_049440465.1,Candidatus Phytoplasma pyri,47566,PRJNA1212062,SAMN46290475,2025,2025-04-09,Illumina NovaSeq; ONT,Short,Contig,Inconclusive,Candidatus Phytoplasma melaleucae,2026-09-29,575431,17,0.2054755478936658,0,1,False,False,False,False,False,Phytoplasma,2023-2026
GCA_049478495.1,Mycoplasma sp. P36-A1,3252900,PRJNA1143146,SAMN42994895,2025,2025-04-11,Illumina NovaSeq; PacBio Sequel,Hybrid,Complete Genome,Inconclusive,Hypnocyclicus thermotrophus,2026-09-29,1966006,1,0.2753714892019658,0,0,False,False,False,False,False,Mycoplasma,2023-2026
GCA_049595475.1,Acholeplasmataceae bacterium,1898209,PRJNA1214517,SAMN46375584,2025,2025-04-14,Illumina HiSeq,Short,Scaffold,Inconclusive,Acholeplasma palmae,2026-09-29,872784,31,0.3328360739885241,0,0,False,False,False,False,False,Acholeplasmataceae,2023-2026
GCA_049595615.1,Acholeplasmataceae bacterium,1898209,PRJNA1214517,SAMN46375580,2025,2025-04-14,Illumina HiSeq,Short,Contig,Inconclusive,Mariniplasma anaerobium,2026-09-29,742686,191,0.3450771927840299,0,0,False,False,False,False,False,Acholeplasmataceae,2023-2026
GCA_049597715.1,Acholeplasmataceae bacterium,1898209,PRJNA1214517,SAMN46375524,2025,2025-04-15,Illumina HiSeq,Short,Scaffold,Inconclusive,Candidatus Phytoplasma stylosanthis,2026-09-29,736302,136,0.334512197440724,0,0,False,False,False,False,False,Acholeplasmataceae,2023-2026
GCA_049598735.1,Acholeplasmataceae bacterium,1898209,PRJNA1214517,SAMN46376336,2025,2025-04-15,Illumina HiSeq,Short,Contig,Inconclusive,Candidatus Phytoplasma stylosanthis,2026-09-29,811673,76,0.3332819990316297,0,0,False,False,False,False,False,Acholeplasmataceae,2023-2026
GCA_049601595.1,Acholeplasmataceae bacterium,1898209,PRJNA1214517,SAMN46376260,2025,2025-04-15,Illumina HiSeq,Short,Contig,Inconclusive,Candidatus Phytoplasma stylosanthis,2026-09-29,848446,48,0.3339151814022342,0,0,False,False,False,False,False,Acholeplasmataceae,2023-2026
GCA_049612185.1,Acholeplasmataceae bacterium,1898209,PRJNA1214517,SAMN46376416,2025,2025-04-15,Illumina HiSeq,Short,Scaffold,Inconclusive,Staphylococcus cornubiensis,2026-09-29,574535,283,0.3403970167178675,0,0,False,False,False,False,False,Acholeplasmataceae,2023-2026
GCA_049654325.1,Acholeplasmatales bacterium,2053494,PRJNA1071982,SAMN40012327,2025,2025-04-15,Illumina,Short,Contig,Inconclusive,Haploplasma modicum,2026-09-29,1012787,132,0.3108116514133771,0,2,False,False,False,False,False,Acholeplasmatales,2023-2026
GCA_049669535.1,Spiroplasma endosymbiont of Glossina fuscipes fuscipes,2004463,PRJNA1235259,SAMN47572768,2025,2025-04-16,Oxford Nanopore MinION,Long,Complete Genome,Inconclusive,Spiroplasma phoeniceum,2026-09-29,1538965,5,0.2716371067568138,0,0,False,False,False,False,False,Spiroplasma,2023-2026
GCA_049942695.1,Mycoplasma hafezii,525886,PRJNA1252156,SAMN48041017,2025,2025-04-27,Oxford Nanopore MinION; Illumina MiniSeq,Hybrid,Complete Genome,Inconclusive,Mycoplasma buteonis,2026-09-29,954558,1,0.2878505025362524,0,0,False,False,False,False,False,Mycoplasma,2023-2026
GCA_049949145.1,Spiroplasma endosymbiont of Glossina fuscipes fuscipes,2004463,PRJNA1235259,SAMN48057343,2025,2025-04-28,Oxford Nanopore MinION,Long,Complete Genome,Inconclusive,Spiroplasma phoeniceum,2026-09-29,1518855,5,0.2720904892172063,0,0,False,False,False,False,False,Spiroplasma,2023-2026
GCA_049949155.1,Spiroplasma endosymbiont of Glossina fuscipes fuscipes,2004463,PRJNA1235259,SAMN48057344,2025,2025-04-28,Oxford Nanopore MinION,Long,Complete Genome,Inconclusive,Spiroplasma phoeniceum,2026-09-29,1453704,4,0.2729083774963816,0,0,False,False,False,False,False,Spiroplasma,2023-2026
GCA_050176955.1,Candidatus Izemoplasmatales bacterium,3018265,PRJNA1070006,SAMN40405788,2025,2025-05-06,Illumina HiSeq,Short,Scaffold,Inconclusive,Hujiaoplasma nucleasis,2026-09-29,1314868,72,0.3272244818491285,0,0,False,False,False,False,False,Izemoplasmatales,2023-2026
GCA_050177605.1,Candidatus Izemoplasmatales bacterium,3018265,PRJNA1070006,SAMN40405771,2025,2025-05-06,Illumina HiSeq,Short,Scaffold,Inconclusive,Mariniplasma anaerobium,2026-09-29,1943821,66,0.343816122986633,0,0,False,False,False,False,False,Izemoplasmatales,2023-2026
GCA_050177815.1,Candidatus Izemoplasmatales bacterium,3018265,PRJNA1070006,SAMN40405765,2025,2025-05-06,Illumina HiSeq,Short,Scaffold,Inconclusive,Hujiaoplasma nucleasis,2026-09-29,1126950,182,0.3031110519543901,0,0,False,False,False,False,False,Izemoplasmatales,2023-2026
GCA_050179625.1,Candidatus Izemoplasmatales bacterium,3018265,PRJNA1070006,SAMN40405720,2025,2025-05-06,Illumina HiSeq,Short,Contig,Inconclusive,Hujiaoplasma nucleasis,2026-09-29,998144,207,0.4451361727365991,0,0,False,False,False,False,False,Izemoplasmatales,2023-2026
GCA_050204485.1,Candidatus Phytoplasma citri,180978,PRJNA1241832,SAMN47571843,2025,2025-05-06,Illumina,Short,Contig,Inconclusive,Anaerofustis butyriciformans,2026-09-29,72017,318,0.4153880333810072,0,0,False,False,False,False,False,Phytoplasma,2023-2026
GCA_050251655.1,Acholeplasmataceae bacterium,1898209,PRJNA1070006,SAMN40405031,2025,2025-05-07,Illumina HiSeq,Short,Scaffold,Inconclusive,Acholeplasma palmae,2026-09-29,1620347,36,0.3087986709019735,0,0,False,False,False,False,False,Acholeplasmataceae,2023-2026
GCA_050252175.1,Candidatus Izemoplasmatales bacterium,3018265,PRJNA1070006,SAMN40405008,2025,2025-05-07,Illumina HiSeq,Short,Scaffold,Inconclusive,Hujiaoplasma nucleasis,2026-09-29,1059228,95,0.3014063072350806,0,0,False,False,False,False,False,Izemoplasmatales,2023-2026
GCA_050256095.1,Candidatus Izemoplasmatales bacterium,3018265,PRJNA1070006,SAMN40404927,2025,2025-05-07,Illumina HiSeq,Short,Contig,Inconclusive,Hujiaoplasma nucleasis,2026-09-29,1690623,135,0.3046788077531182,0,0,False,False,False,False,False,Izemoplasmatales,2023-2026
GCA_050286905.1,Candidatus Phytoplasma pruni,479893,PRJNA958240,SAMN48207542,2025,2025-05-08,Illumina NovaSeq; Oxford Nanopore MinION,Hybrid,Contig,Inconclusive,Candidatus Phytoplasma melaleucae,2026-09-29,693867,7,0.2674518315469679,0,0,False,False,False,False,False,Phytoplasma,2023-2026
GCA_050632985.1,Mycoplasma sp.,2108,PRJNA1211045,SAMN46275457,2025,2025-06-01,Illumina NovaSeq,Short,Contig,Inconclusive,Mycoplasma capricolum,2026-09-29,634516,15,0.2855782990499845,0,0,False,False,False,False,False,Mycoplasma,2023-2026
GCA_050872705.1,Anaeroplasma sp.,1872523,PRJNA1164203,SAMN45146767,2025,2025-06-10,Illumina NovaSeq,Short,Contig,Inconclusive,Sarcina ventriculi,2026-09-29,1256232,359,0.2874660094632201,0,0,False,False,False,False,False,Anaeroplasma,2023-2026
GCA_050897995.1,Candidatus Phytoplasma vitis,131152,PRJNA1231790,SAMN47220747,2025,2025-06-11,Illumina NovaSeq; Oxford Nanopore MinION,Hybrid,Contig,Inconclusive,Candidatus Phytoplasma stylosanthis,2026-09-29,629190,17,0.2150669908930529,0,0,False,False,False,False,False,Phytoplasma,2023-2026
GCA_050915965.1,Candidatus Phytoplasma australasiaticum,2754999,PRJNA1172984,SAMN44286704,2025,2025-06-13,Illumina NovaSeq,Short,Complete Genome,OK,Candidatus Phytoplasma australasiaticum,2026-09-29,399462,1,0.2864652958228817,0,0,False,False,False,False,False,Phytoplasma,2023-2026
GCA_050916135.1,'Prunus avium' virescence phytoplasma,2056121,PRJNA695030,SAMN17598643,2025,2025-06-13,BGISEQ; PacBio,Hybrid,Complete Genome,OK,Candidatus Phytoplasma stylosanthis,2026-09-29,775344,1,0.232135671392311,0,0,False,False,False,False,False,Prunus,2023-2026
GCA_050949045.1,Candidatus Izemoplasmatales bacterium,3018265,PRJNA1178125,SAMN44461974,2025,2025-06-17,PacBio Sequel,Long,Contig,Inconclusive,Hujiaoplasma nucleasis,2026-09-29,1356138,1,0.4427226432708175,0,0,False,False,False,False,False,Izemoplasmatales,2023-2026
GCA_050949105.1,Acholeplasmatales bacterium,2053494,PRJNA1178125,SAMN44462063,2025,2025-06-17,PacBio Sequel,Long,Contig,Inconclusive,Haploplasma modicum,2026-09-29,1321663,12,0.3015995756860864,0,0,False,False,False,False,False,Acholeplasmatales,2023-2026
GCA_050953705.1,Acholeplasmataceae bacterium,1898209,PRJNA1178125,SAMN44462192,2025,2025-06-17,PacBio Sequel,Long,Contig,Inconclusive,Haploplasma modicum,2026-09-29,1320715,11,0.3168336847843782,0,0,False,False,False,False,False,Acholeplasmataceae,2023-2026
GCA_050953805.1,Acholeplasmataceae bacterium,1898209,PRJNA1178125,SAMN44462182,2025,2025-06-17,PacBio Sequel,Long,Contig,Inconclusive,Haploplasma axanthum,2026-09-29,1165444,2,0.3110093663874025,0,0,False,False,False,False,False,Acholeplasmataceae,2023-2026
GCA_050953825.1,Acholeplasmataceae bacterium,1898209,PRJNA1178125,SAMN44462038,2025,2025-06-17,PacBio Sequel,Long,Contig,Inconclusive,Methanobrevibacter acididurans,2026-09-29,1680201,13,0.3158401881679632,0,0,False,False,False,False,False,Acholeplasmataceae,2023-2026
GCA_051048235.1,Mycoplasma capricolum subsp. capricolum,40479,PRJNA1069633,SAMN39617662,2025,2025-06-25,PacBio Sequel,Long,Complete Genome,OK,Mycoplasma capricolum,2026-09-29,1018278,1,0.2383828384782937,0,0,False,False,False,False,False,Mycoplasma,2023-2026
GCA_051052265.1,Mycoplasma mycoides subsp. mycoides,2103,PRJNA1069633,SAMN39617676,2025,2025-06-25,PacBio Sequel,Long,Complete Genome,OK,Mycoplasma mycoides,2026-09-29,1180914,1,0.2393544322448544,0,0,False,False,False,False,False,Mycoplasma,2023-2026
GCA_051052395.1,Mycoplasma mycoides subsp. mycoides,2103,PRJNA1069633,SAMN39617675,2025,2025-06-25,PacBio Sequel,Long,Complete Genome,OK,Mycoplasma mycoides,2026-09-29,1196106,1,0.2393241067263269,0,0,False,False,False,False,False,Mycoplasma,2023-2026
GCA_051052405.1,Mycoplasma capricolum subsp. capricolum,40479,PRJNA1069633,SAMN39617660,2025,2025-06-25,PacBio Sequel,Long,Complete Genome,OK,Mycoplasma capricolum,2026-09-29,1056966,1,0.2379357519541783,0,0,False,False,False,False,False,Mycoplasma,2023-2026
GCA_051052415.1,Mycoplasma capricolum subsp. capricolum,40479,PRJNA1069633,SAMN39617661,2025,2025-06-25,PacBio Sequel,Long,Complete Genome,OK,Mycoplasma capricolum,2026-09-29,1056842,1,0.2377479320466067,0,0,False,False,False,False,False,Mycoplasma,2023-2026
GCA_051052425.1,Mycoplasma mycoides subsp. mycoides,2103,PRJNA1069633,SAMN39617674,2025,2025-06-25,PacBio Sequel,Long,Complete Genome,OK,Mycoplasma mycoides,2026-09-29,1182751,1,0.2394375485626307,0,0,False,False,False,False,False,Mycoplasma,2023-2026
GCA_051052435.1,Mycoplasma mycoides subsp. mycoides,2103,PRJNA1069633,SAMN39617673,2025,2025-06-25,PacBio Sequel,Long,Complete Genome,OK,Mycoplasma mycoides,2026-09-29,1197144,1,0.2394599145967402,0,0,False,False,False,False,False,Mycoplasma,2023-2026
GCA_051052445.1,Mycoplasma capricolum subsp. capricolum,40479,PRJNA1069633,SAMN39617659,2025,2025-06-25,PacBio Sequel,Long,Complete Genome,OK,Mycoplasma capricolum,2026-09-29,981842,1,0.2383713469173247,0,0,False,False,False,False,False,Mycoplasma,2023-2026
GCA_051052455.1,Mycoplasma leachii,2105,PRJNA1069633,SAMN39617668,2025,2025-06-25,PacBio Sequel,Long,Complete Genome,OK,Mycoplasma leachii,2026-09-29,1078914,1,0.2377483284117177,0,0,False,False,False,False,False,Mycoplasma,2023-2026
GCA_051052485.1,Mycoplasma capricolum subsp. capricolum,40479,PRJNA1069633,SAMN39617657,2025,2025-06-25,PacBio Sequel,Long,Complete Genome,OK,Mycoplasma capricolum,2026-09-29,983251,1,0.2386471002826338,0,0,False,False,False,False,False,Mycoplasma,2023-2026
GCA_051052495.1,Mycoplasma putrefaciens,2123,PRJNA1069633,SAMN39617658,2025,2025-06-25,PacBio Sequel,Long,Complete Genome,OK,Mycoplasma putrefaciens,2026-09-29,865696,1,0.2694259878756515,0,0,False,False,False,False,False,Mycoplasma,2023-2026
GCA_051052765.1,Mycoplasma capricolum subsp. capricolum,40479,PRJNA1069633,SAMN39617656,2025,2025-06-25,PacBio Sequel,Long,Complete Genome,OK,Mycoplasma capricolum,2026-09-29,1010506,1,0.2387130803775534,0,0,False,False,False,False,False,Mycoplasma,2023-2026
GCA_051052775.1,Mycoplasma leachii,2105,PRJNA1069633,SAMN39617667,2025,2025-06-25,PacBio Sequel,Long,Complete Genome,OK,Mycoplasma leachii,2026-09-29,1019182,1,0.2372981469452953,0,0,False,False,False,False,False,Mycoplasma,2023-2026
GCA_051053165.1,Mycoplasma leachii,2105,PRJNA1069633,SAMN39617666,2025,2025-06-25,PacBio Sequel,Long,Complete Genome,OK,Mycoplasma leachii,2026-09-29,1149979,1,0.23622953114796,0,0,False,False,False,False,False,Mycoplasma,2023-2026
GCA_051053175.1,Mycoplasma leachii,2105,PRJNA1069633,SAMN39617665,2025,2025-06-25,PacBio Sequel,Long,Complete Genome,OK,Mycoplasma leachii,2026-09-29,1029250,1,0.2374534855477289,0,0,False,False,False,False,False,Mycoplasma,2023-2026
GCA_051053425.1,Mycoplasma capricolum subsp. capricolum,40479,PRJNA1069633,SAMN39617655,2025,2025-06-25,PacBio Sequel,Long,Complete Genome,OK,Mycoplasma capricolum,2026-09-29,1057220,1,0.2380072264996878,0,0,False,False,False,False,False,Mycoplasma,2023-2026
GCA_051053435.1,Mycoplasma capricolum subsp. capricolum,40479,PRJNA1069633,SAMN39617654,2025,2025-06-25,PacBio Sequel,Long,Complete Genome,OK,Mycoplasma capricolum,2026-09-29,1033595,1,0.2382925613997745,0,0,False,False,False,False,False,Mycoplasma,2023-2026
GCA_051053445.1,Mycoplasma capricolum subsp. capricolum,40479,PRJNA1069633,SAMN39617653,2025,2025-06-25,PacBio Sequel,Long,Complete Genome,OK,Mycoplasma capricolum,2026-09-29,1013440,1,0.2375611777707609,0,0,False,False,False,False,False,Mycoplasma,2023-2026
GCA_051053455.1,Mycoplasma leachii,2105,PRJNA1069633,SAMN39617664,2025,2025-06-25,PacBio Sequel,Long,Complete Genome,OK,Mycoplasma leachii,2026-09-29,1008924,1,0.2374777485717457,0,0,False,False,False,False,False,Mycoplasma,2023-2026
GCA_051053465.1,Mycoplasma capricolum subsp. capricolum,40479,PRJNA1069633,SAMN39617652,2025,2025-06-25,PacBio Sequel,Long,Complete Genome,OK,Mycoplasma capricolum,2026-09-29,1096304,1,0.2380781243158831,0,0,False,False,False,False,False,Mycoplasma,2023-2026
GCA_051053475.1,Mycoplasma leachii,2105,PRJNA1069633,SAMN39617663,2025,2025-06-25,PacBio Sequel,Long,Complete Genome,OK,Mycoplasma leachii,2026-09-29,1008742,1,0.2374452535930892,0,0,False,False,False,False,False,Mycoplasma,2023-2026
GCA_051053605.1,Mycoplasma capricolum subsp. capricolum,40479,PRJNA1069633,SAMN39617649,2025,2025-06-25,PacBio Sequel,Long,Complete Genome,OK,Mycoplasma capricolum,2026-09-29,1109375,1,0.2378285070422535,0,0,False,False,False,False,False,Mycoplasma,2023-2026
GCA_051053615.1,Mycoplasma capricolum subsp. capricolum,40479,PRJNA1069633,SAMN39617650,2025,2025-06-25,PacBio Sequel,Long,Complete Genome,OK,Mycoplasma capricolum,2026-09-29,993557,1,0.2385238089007475,0,0,False,False,False,False,False,Mycoplasma,2023-2026
GCA_051053785.1,Mycoplasma capricolum subsp. capricolum,40479,PRJNA1069633,SAMN39617648,2025,2025-06-25,PacBio Sequel,Long,Complete Genome,OK,Mycoplasma capricolum,2026-09-29,1109331,1,0.237825319945084,0,0,False,False,False,False,False,Mycoplasma,2023-2026
GCA_051053795.1,Mycoplasma capricolum subsp. capricolum,40479,PRJNA1069633,SAMN39617645,2025,2025-06-25,PacBio Sequel,Long,Complete Genome,OK,Mycoplasma capricolum,2026-09-29,1017958,1,0.2381502969670654,0,0,False,False,False,False,False,Mycoplasma,2023-2026
GCA_051053925.1,Mycoplasma sp. 06067-C1-B144P-99-0482-3,3117438,PRJNA1069633,SAMN39617677,2025,2025-06-25,PacBio Sequel,Long,Complete Genome,OK,Mycoplasma leachii,2026-09-29,1170184,1,0.2403416898539033,0,0,False,False,False,False,False,Mycoplasma,2023-2026
GCA_051053935.1,Mycoplasma capricolum subsp. capricolum,40479,PRJNA1069633,SAMN39617644,2025,2025-06-25,PacBio Sequel,Long,Complete Genome,OK,Mycoplasma capricolum,2026-09-29,1017273,1,0.2392976123420163,0,0,False,False,False,False,False,Mycoplasma,2023-2026
GCA_051054145.1,Mycoplasma capricolum subsp. capricolum,40479,PRJNA1069633,SAMN39617647,2025,2025-06-25,PacBio Sequel,Long,Complete Genome,OK,Mycoplasma capricolum,2026-09-29,1076390,1,0.2387935599550348,0,0,False,False,False,False,False,Mycoplasma,2023-2026
GCA_051054155.1,Mycoplasma capricolum subsp. capricolum,40479,PRJNA1069633,SAMN39617646,2025,2025-06-25,PacBio Sequel,Long,Complete Genome,OK,Mycoplasma capricolum,2026-09-29,1024039,1,0.2380749170685882,0,0,False,False,False,False,False,Mycoplasma,2023-2026
GCA_051054165.1,Mycoplasma capricolum subsp. capricolum,40479,PRJNA1069633,SAMN39617643,2025,2025-06-25,PacBio Sequel,Long,Complete Genome,OK,Mycoplasma capricolum,2026-09-29,1105024,1,0.2379034301517433,0,0,False,False,False,False,False,Mycoplasma,2023-2026
GCA_051054175.1,Mycoplasma mycoides subsp. mycoides,2103,PRJNA1069633,SAMN39617672,2025,2025-06-25,PacBio Sequel,Long,Complete Genome,OK,Mycoplasma mycoides,2026-09-29,1177501,1,0.2392516014848395,0,0,False,False,False,False,False,Mycoplasma,2023-2026
GCA_051054185.1,Mycoplasma mycoides subsp. mycoides,2103,PRJNA1069633,SAMN39617671,2025,2025-06-25,PacBio Sequel,Long,Complete Genome,OK,Mycoplasma mycoides,2026-09-29,1197145,1,0.2394588792502161,0,0,False,False,False,False,False,Mycoplasma,2023-2026
GCA_051054195.1,Mycoplasma mycoides subsp. mycoides,2103,PRJNA1069633,SAMN39617670,2025,2025-06-25,PacBio Sequel,Long,Complete Genome,OK,Mycoplasma mycoides,2026-09-29,1179881,1,0.2393885485061629,0,0,False,False,False,False,False,Mycoplasma,2023-2026
GCA_051054225.1,Mycoplasma capricolum subsp. capricolum,40479,PRJNA1069633,SAMN39617651,2025,2025-06-25,PacBio Sequel,Long,Complete Genome,OK,Mycoplasma capricolum,2026-09-29,1109370,1,0.2378295789502149,0,0,False,False,False,False,False,Mycoplasma,2023-2026
GCA_051054235.1,Mycoplasma mycoides subsp. mycoides,2103,PRJNA1069633,SAMN39617669,2025,2025-06-25,PacBio Sequel,Long,Complete Genome,OK,Mycoplasma mycoides,2026-09-29,1171396,1,0.2393016537532994,0,0,False,False,False,False,False,Mycoplasma,2023-2026
GCA_051094275.1,symbiont of Argiope bruennichi,2810479,PRJNA629526,SAMN17496637,2025,2025-06-26,PacBio; Illumina,Hybrid,Complete Genome,Inconclusive,Candidatus Hepatoplasma vulgare,2026-09-29,575551,1,0.2412331835058926,0,0,False,False,False,False,False,symbiont,2023-2026
GCA_051200785.1,Mycoplasma sp. 6243,3440865,PRJNA1280645,SAMN49527329,2025,2025-07-03,Illumina MiniSeq; Oxford Nanopore MinION,Hybrid,Complete Genome,Inconclusive,Mycoplasmopsis canis,2026-09-29,1124702,1,0.2790356912319885,0,0,False,False,False,False,False,Mycoplasma,2023-2026
GCA_051353065.1,Mycoplasma sp. 480,3440155,PRJNA1277850,SAMN49158811,2025,2025-07-15,Illumina MiniSeq; Oxford Nanopore MinION,Hybrid,Complete Genome,Inconclusive,Mesomycoplasma molare,2026-09-29,1002506,1,0.2466379253590502,0,0,False,False,False,False,False,Mycoplasma,2023-2026
GCA_051397825.1,Lettuce witches'-broom phytoplasma,1535678,PRJNA1137329,SAMN42585983,2025,2025-07-17,Oxford Nanopore PromethION,Long,Complete Genome,Inconclusive,Candidatus Phytoplasma melaleucae,2026-09-29,664119,2,0.2703747370576658,0,0,False,False,False,False,False,Lettuce,2023-2026
GCA_051549845.1,Mycoplasma sp. 125,3447505,PRJNA1285970,SAMN49784649,2025,2025-07-28,Illumina MiniSeq; Oxford Nanopore MinION,Hybrid,Complete Genome,Inconclusive,Mycoplasmopsis arginini,2026-09-29,840473,1,0.2779042277384282,0,0,False,False,False,False,False,Mycoplasma,2023-2026
GCA_051549855.1,Mycoplasma sp. 3341,3447506,PRJNA1285971,SAMN49785198,2025,2025-07-28,Illumina MiniSeq; Oxford Nanopore MinION,Hybrid,Complete Genome,Inconclusive,Mycoplasma phocoenae,2026-09-29,684838,1,0.3106661721458214,0,0,False,False,False,False,False,Mycoplasma,2023-2026
GCA_051649085.1,Mycoplasmatales bacterium,2023991,PRJNA1263156,SAMN48513025,2025,2025-07-30,Illumina NovaSeq,Short,Contig,Inconclusive,Myroides odoratimimus,2026-09-29,1807833,64,0.3059027022960638,0,0,False,False,False,False,False,Mycoplasmatales,2023-2026
GCA_051651665.1,Mycoplasma sp.,2108,PRJNA1263156,SAMN48522913,2025,2025-07-30,Illumina NovaSeq,Short,Contig,Inconclusive,Malacoplasma iowae,2026-09-29,843926,136,0.2657578982043449,0,0,False,False,False,False,False,Mycoplasma,2023-2026
GCA_051651705.1,Mycoplasma sp.,2108,PRJNA1263156,SAMN48522912,2025,2025-07-30,Illumina NovaSeq,Short,Contig,Inconclusive,Malacoplasma muris,2026-09-29,1157397,125,0.266568860987198,0,0,False,False,False,False,False,Mycoplasma,2023-2026
GCA_051651765.1,Anaeroplasmataceae bacterium,2793037,PRJNA1263156,SAMN48522908,2025,2025-07-30,Illumina NovaSeq,Short,Contig,Inconclusive,Clostridium aestuarii,2026-09-29,1470640,241,0.2722046183974324,0,0,False,False,False,False,False,Anaeroplasmataceae,2023-2026
GCA_051651845.1,Mycoplasma sp.,2108,PRJNA1263156,SAMN48522904,2025,2025-07-30,Illumina NovaSeq,Short,Contig,Inconclusive,Mycoplasma bradburyae,2026-09-29,1144181,193,0.2910850643385967,0,14,False,False,False,False,False,Mycoplasma,2023-2026
GCA_051652265.1,Mycoplasmatales bacterium,2023991,PRJNA1263156,SAMN48522883,2025,2025-07-30,Illumina NovaSeq,Short,Contig,Inconclusive,Clostridium mediterraneense,2026-09-29,1149442,311,0.2751247996854126,0,0,False,False,False,False,False,Mycoplasmatales,2023-2026
GCA_051653845.1,Spiroplasma sp.,2135,PRJNA1263156,SAMN48522801,2025,2025-07-30,Illumina NovaSeq,Short,Contig,OK,Spiroplasma platyhelix,2026-09-29,818422,52,0.2512713490106571,0,1,False,False,False,False,False,Spiroplasma,2023-2026
GCA_051710685.1,Candidatus Phytoplasma sp. TWB_XP,3418720,PRJNA1256155,SAMN48173560,2025,2025-08-01,Illumina,Short,Contig,Inconclusive,Candidatus Phytoplasma vignae,2026-09-29,849708,380,0.2762572554336313,0,4,False,False,False,False,False,Phytoplasma,2023-2026
GCA_051777485.1,Columbia Basin potato purple top phytoplasma,307134,PRJNA1130149,SAMN42186291,2025,2025-08-03,Illumina NovaSeq,Short,Contig,Inconclusive,Candidatus Phytoplasma stylosanthis,2026-09-29,229347,109,0.2530096316934601,0,4,False,False,False,False,False,Columbia,2023-2026
GCA_051874255.1,Anaeroplasmataceae bacterium,2793037,PRJNA1158959,SAMN43789206,2025,2025-08-07,Illumina HiSeq,Short,Scaffold,Inconclusive,na,2026-09-29,1745233,128,0.287869298827148,0,0,False,False,False,False,False,Anaeroplasmataceae,2023-2026
GCA_051874325.1,Anaeroplasma sp.,1872523,PRJNA1158959,SAMN43789205,2025,2025-08-07,Illumina HiSeq,Short,Scaffold,Inconclusive,Anaeroplasma bactoclasticum,2026-09-29,2142263,185,0.2793821300185831,0,0,False,False,False,False,False,Anaeroplasma,2023-2026
GCA_051972695.1,Anaeroplasmataceae bacterium,2793037,PRJNA1135155,SAMN42495702,2025,2025-08-12,Illumina,Short,Contig,Inconclusive,Anaeroplasma bactoclasticum,2026-09-29,1671174,96,0.3211293378188028,0,0,False,False,False,False,False,Anaeroplasmataceae,2023-2026
GCA_052276315.1,Anaeroplasmataceae bacterium,2793037,PRJNA1032156,SAMN37995038,2025,2025-08-27,ILLUMINA,Short,Contig,Inconclusive,na,2026-09-29,1657380,173,0.2985627918763349,2,0,True,False,False,False,True,Anaeroplasmataceae,2023-2026
GCA_052336485.1,Anaeroplasmataceae bacterium,2793037,PRJNA1032156,SAMN37995586,2025,2025-08-29,ILLUMINA,Short,Contig,Inconclusive,na,2026-09-29,2358446,240,0.3008417407055324,0,0,False,False,False,False,False,Anaeroplasmataceae,2023-2026
GCA_052378275.1,Mycoplasma sp. 332,3458236,PRJNA1310014,SAMN50764359,2025,2025-09-01,Illumina MiniSeq; Oxford Nanopore MinION,Hybrid,Complete Genome,Inconclusive,Mycoplasmopsis arginini,2026-09-29,811576,1,0.2790816879750017,0,0,False,False,False,False,False,Mycoplasma,2023-2026
GCA_052740895.1,Acholeplasmataceae bacterium,1898209,PRJNA1134408,SAMN42463779,2025,2025-09-19,Illumina,Short,Contig,Inconclusive,Acholeplasma granularum,2026-09-29,736914,230,0.3363309694211265,0,0,False,False,False,False,False,Acholeplasmataceae,2023-2026
GCA_052849495.1,Anaeroplasma sp.,1872523,PRJNA1030165,SAMN38009246,2025,2025-09-25,Complete Genomics,Unknown,Contig,Inconclusive,Anaeroplasma bactoclasticum,2026-09-29,1407108,369,0.3068627283762156,1,0,True,False,False,False,True,Anaeroplasma,2023-2026
GCA_052978905.1,Izemobacterium crustae (SeqCode),3570443,PRJNA1293150,SAMN50015286,2025,2025-10-05,Illumina NovaSeq,Short,Contig,OK,Candidatus Xianfuyuplasma coldseepsis,2026-09-29,2223184,34,0.3359335079777472,0,0,False,False,False,False,False,Izemobacterium,2023-2026
GCA_053527055.1,Mollicutes bacterium,37628,PRJNA728813,SAMN19069422,2025,2025-11-18,Illumina HiSeq,Short,Contig,Inconclusive,Acholeplasma palmae,2026-09-29,1770878,35,0.3238969595872781,0,0,False,False,False,False,False,Mollicutes,2023-2026
GCA_053528235.1,Mollicutes bacterium,37628,PRJNA728813,SAMN19069368,2025,2025-11-18,Illumina HiSeq,Short,Contig,Inconclusive,Acholeplasma equifetale,2026-09-29,1680579,37,0.4540185257580869,0,0,False,False,False,False,False,Mollicutes,2023-2026
GCA_053851515.1,Mycoplasma sp. 773,3458462,PRJNA1310017,SAMN50764371,2025,2025-12-07,Illumina MiniSeq,Short,Contig,Inconclusive,Mycoplasmopsis arginini,2026-09-29,758767,19,0.2777717006670032,0,0,False,False,False,False,False,Mycoplasma,2023-2026
GCA_053851555.1,Mycoplasma sp. 3398,3458461,PRJNA1310017,SAMN50764370,2025,2025-12-07,Illumina MiniSeq,Short,Contig,Inconclusive,Mycoplasmopsis arginini,2026-09-29,772435,18,0.2777761235573219,0,0,False,False,False,False,False,Mycoplasma,2023-2026
GCA_053851575.1,Mycoplasma sp. 2261,3458460,PRJNA1310017,SAMN50764369,2025,2025-12-07,Illumina MiniSeq,Short,Contig,Inconclusive,Mycoplasmopsis arginini,2026-09-29,751824,22,0.278086360637596,0,0,False,False,False,False,False,Mycoplasma,2023-2026
GCA_053851595.1,Mycoplasma sp. 527,3458459,PRJNA1310017,SAMN50764368,2025,2025-12-07,Illumina MiniSeq,Short,Contig,Inconclusive,Mycoplasmopsis arginini,2026-09-29,765314,12,0.2786346519206495,0,2,False,False,False,False,False,Mycoplasma,2023-2026
GCA_053851615.1,Mycoplasma sp. 1890,3458458,PRJNA1310017,SAMN50764367,2025,2025-12-07,Illumina MiniSeq,Short,Contig,Inconclusive,Mycoplasmopsis arginini,2026-09-29,761802,23,0.2775379954371346,0,0,False,False,False,False,False,Mycoplasma,2023-2026
GCA_053851635.1,Mycoplasma sp. 2575,3458456,PRJNA1310017,SAMN50764365,2025,2025-12-07,Illumina MiniSeq,Short,Contig,Inconclusive,Mycoplasmopsis arginini,2026-09-29,763958,25,0.2777430172862906,0,0,False,False,False,False,False,Mycoplasma,2023-2026
GCA_053851655.1,Mycoplasma sp. 327,3458457,PRJNA1310017,SAMN50764366,2025,2025-12-07,Illumina MiniSeq,Short,Contig,Inconclusive,Mycoplasmopsis arginini,2026-09-29,766644,16,0.2779086512122967,0,1,False,False,False,False,False,Mycoplasma,2023-2026
GCA_053851675.1,Mycoplasma sp. 1781,3458455,PRJNA1310017,SAMN50764364,2025,2025-12-07,Illumina MiniSeq,Short,Contig,Inconclusive,Mycoplasmopsis arginini,2026-09-29,760124,29,0.2783598465513521,0,0,False,False,False,False,False,Mycoplasma,2023-2026
GCA_053851695.1,Mycoplasma sp. 4044,3458467,PRJNA1310019,SAMN50764377,2025,2025-12-07,Illumina MiniSeq,Short,Contig,Inconclusive,Mycoplasma phocoenae,2026-09-29,717270,8,0.3096741812706512,0,2,False,False,False,False,False,Mycoplasma,2023-2026
GCA_053851715.1,Mycoplasma sp. 392,3458466,PRJNA1310019,SAMN50764376,2025,2025-12-07,Illumina MiniSeq,Short,Contig,Inconclusive,Mycoplasma phocoenae,2026-09-29,739900,9,0.3087957832139478,0,1,False,False,False,False,False,Mycoplasma,2023-2026
GCA_053851735.1,Mycoplasma sp. 128,3458463,PRJNA1310019,SAMN50764373,2025,2025-12-07,Illumina MiniSeq,Short,Contig,Inconclusive,Mycoplasma phocoenae,2026-09-29,696768,7,0.3104878524846147,0,2,False,False,False,False,False,Mycoplasma,2023-2026
GCA_053851755.1,Mycoplasma sp. 3392,3458465,PRJNA1310019,SAMN50764375,2025,2025-12-07,Illumina MiniSeq,Short,Contig,Inconclusive,[Mycoplasma] gypis,2026-09-29,697232,7,0.3106225761296096,0,2,False,False,False,False,False,Mycoplasma,2023-2026
GCA_053851775.1,Mycoplasma sp. 1573,3458464,PRJNA1310019,SAMN50764374,2025,2025-12-07,Illumina MiniSeq,Short,Contig,Inconclusive,Mycoplasma phocoenae,2026-09-29,714053,4,0.3091941354493294,0,1,False,False,False,False,False,Mycoplasma,2023-2026
GCA_053985895.1,Candidatus Izemoplasmataceae bacterium,3107147,PRJNA1244896,SAMN47791137,2025,2025-12-16,Illumina NextSeq,Short,Contig,Inconclusive,Clostridium tarantellae,2026-09-29,1750360,111,0.282796681825453,0,0,False,False,False,False,False,Izemoplasmataceae,2023-2026
GCA_054003355.1,Candidatus Izemoplasmataceae bacterium,3107147,PRJNA1244896,SAMN49582488,2025,2025-12-16,Illumina NextSeq,Short,Contig,Inconclusive,Caminibacter mediatlanticus,2026-09-29,1464295,39,0.3063084965802656,0,0,False,False,False,False,False,Izemoplasmataceae,2023-2026
GCA_054039195.1,Hujiaoplasmataceae bacterium,3107429,PRJNA1244896,SAMN49581751,2025,2025-12-16,Illumina NextSeq,Short,Contig,Inconclusive,Hujiaoplasma nucleasis,2026-09-29,1630797,32,0.2822834479092125,0,0,False,False,False,False,False,Hujiaoplasmataceae,2023-2026
GCA_054039595.1,Xianfuyuplasma sp.,3101264,PRJNA1244896,SAMN49581732,2025,2025-12-16,Illumina NextSeq,Short,Contig,Inconclusive,Hathewaya histolytica,2026-09-29,1381175,41,0.3242138034644415,0,0,False,False,False,False,False,Xianfuyuplasma,2023-2026
GCA_054040475.1,Candidatus Izemoplasmataceae bacterium,3107147,PRJNA1244896,SAMN49581689,2025,2025-12-16,Illumina NextSeq,Short,Contig,Inconclusive,Thomasclavelia cocleata,2026-09-29,1372065,46,0.307696792790429,0,0,False,False,False,False,False,Izemoplasmataceae,2023-2026
GCA_054170725.1,Mycoplasma pogonae,3472838,PRJNA1333947,SAMN53362816,2025,2025-12-24,Illumina NovaSeq,Short,Contig,OK,[Mycoplasma] collis,2026-09-29,1298485,26,0.2702826755796177,0,0,False,False,False,False,False,Mycoplasma,2023-2026
GCA_054300735.1,Candidatus Phytoplasma solani,69896,PRJNA1327367,SAMN51278244,2026,2026-01-02,PacBio Revio,Long,Complete Genome,Inconclusive,Candidatus Phytoplasma stylosanthis,2026-09-29,832614,1,0.2820610751200436,0,0,False,False,False,False,False,Phytoplasma,2023-2026
GCA_054343375.1,Mycoplasma sp. Z386,3452160,PRJNA1294577,SAMN50110095,2026,2026-01-04,Illumina MiniSeq,Short,Contig,Inconclusive,Mesomycoplasma molare,2026-09-29,939926,42,0.2443564706157718,0,0,False,False,False,False,False,Mycoplasma,2023-2026
GCA_054343395.1,Mycoplasma sp. CB776,3452159,PRJNA1294577,SAMN50110094,2026,2026-01-04,Illumina MiniSeq,Short,Contig,Inconclusive,Mesomycoplasma molare,2026-09-29,942932,46,0.2449434317639023,0,0,False,False,False,False,False,Mycoplasma,2023-2026
GCA_054343415.1,Mycoplasma sp. AC157,3452158,PRJNA1294577,SAMN50110093,2026,2026-01-04,Illumina MiniSeq,Short,Contig,Inconclusive,Mesomycoplasma molare,2026-09-29,963400,45,0.2443429520448412,0,0,False,False,False,False,False,Mycoplasma,2023-2026
GCA_054343435.1,Mycoplasma sp. 5370,3452157,PRJNA1294577,SAMN50110092,2026,2026-01-04,Illumina MiniSeq,Short,Contig,Inconclusive,Mesomycoplasma molare,2026-09-29,952176,49,0.2442437112466602,0,0,False,False,False,False,False,Mycoplasma,2023-2026
GCA_054343455.1,Mycoplasma sp. 1012,3452156,PRJNA1294577,SAMN50110091,2026,2026-01-04,Illumina MiniSeq,Short,Contig,Inconclusive,Mesomycoplasma molare,2026-09-29,939209,43,0.2445760208856601,0,0,False,False,False,False,False,Mycoplasma,2023-2026
GCA_054343485.1,Mycoplasma sp. 613B,3452155,PRJNA1294577,SAMN50110090,2026,2026-01-04,Illumina MiniSeq,Short,Contig,Inconclusive,Mesomycoplasma molare,2026-09-29,958422,39,0.2446177153696388,0,0,False,False,False,False,False,Mycoplasma,2023-2026
GCA_054353815.1,Mycoplasma sp. AC1221,3453140,PRJNA1294989,SAMN50143812,2026,2026-01-05,Illumina MiniSeq,Short,Contig,Inconclusive,Mycoplasmopsis cynos,2026-09-29,1028920,32,0.2784463320763519,0,0,False,False,False,False,False,Mycoplasma,2023-2026
GCA_054353835.1,Mycoplasma sp. 5912,3453139,PRJNA1294989,SAMN50143811,2026,2026-01-05,Illumina MiniSeq,Short,Contig,Inconclusive,Mycoplasma leonicaptivi,2026-09-29,1023699,20,0.278270272804799,0,0,False,False,False,False,False,Mycoplasma,2023-2026
GCA_054353855.1,Mycoplasma sp. 4423,3453138,PRJNA1294989,SAMN50143810,2026,2026-01-05,Illumina MiniSeq,Short,Contig,Inconclusive,Mycoplasma leonicaptivi,2026-09-29,1046900,35,0.2775413124462699,0,0,False,False,False,False,False,Mycoplasma,2023-2026
GCA_054353875.1,Mycoplasma sp. 4013,3453137,PRJNA1294989,SAMN50143809,2026,2026-01-05,Illumina MiniSeq,Short,Contig,Inconclusive,Mycoplasma buteonis,2026-09-29,1021857,21,0.2785879041783733,0,0,False,False,False,False,False,Mycoplasma,2023-2026
GCA_054353895.1,Mycoplasma sp. 394,3453136,PRJNA1294989,SAMN50143808,2026,2026-01-05,Illumina MiniSeq,Short,Contig,Inconclusive,Mycoplasma leonicaptivi,2026-09-29,1050681,16,0.2775171531606644,0,0,False,False,False,False,False,Mycoplasma,2023-2026
GCA_054353935.1,Mycoplasma sp. 246B,3453135,PRJNA1294989,SAMN50143807,2026,2026-01-05,Illumina MiniSeq,Short,Contig,Inconclusive,Mycoplasma leonicaptivi,2026-09-29,1022973,20,0.2784032423143133,0,0,False,False,False,False,False,Mycoplasma,2023-2026
GCA_054355835.1,Mycoplasma tracheobuteonis,3568880,PRJNA1395664,SAMN54369055,2026,2026-01-05,Illumina MiniSeq; Oxford Nanopore MinION,Hybrid,Complete Genome,OK,Mycoplasmopsis verecunda,2026-09-29,897976,1,0.2924142738781437,0,0,False,False,False,False,False,Mycoplasma,2023-2026
GCA_054366285.1,Candidatus Phytoplasma australasiaticum,2754999,PRJNA1336984,SAMN52096781,2026,2026-01-05,Illumina NovaSeq,Short,Contig,OK,Candidatus Phytoplasma australasiaticum,2026-09-29,558801,33,0.2370915585333598,0,1,False,False,False,False,False,Phytoplasma,2023-2026
GCA_054456895.1,Mycoplasma tracheobuteonis,3568880,PRJNA1395666,SAMN54369147,2026,2026-01-10,Illumina MiniSeq,Short,Contig,OK,Mycoplasma tracheobuteonis,2026-09-29,814766,31,0.2909129737863387,0,0,False,False,False,False,False,Mycoplasma,2023-2026
GCA_054456915.1,Mycoplasma tracheobuteonis,3568880,PRJNA1395666,SAMN54369148,2026,2026-01-10,Illumina MiniSeq,Short,Contig,OK,Mycoplasma tracheobuteonis,2026-09-29,909243,45,0.2909750198791742,0,0,False,False,False,False,False,Mycoplasma,2023-2026
GCA_054456935.1,Mycoplasma tracheobuteonis,3568880,PRJNA1395666,SAMN54369146,2026,2026-01-10,Illumina MiniSeq,Short,Contig,OK,Mycoplasma tracheobuteonis,2026-09-29,879432,50,0.2896016974592691,0,0,False,False,False,False,False,Mycoplasma,2023-2026
GCA_054456945.1,Mycoplasma tracheobuteonis,3568880,PRJNA1395666,SAMN54369145,2026,2026-01-10,Illumina MiniSeq,Short,Contig,OK,Mycoplasma tracheobuteonis,2026-09-29,852966,49,0.2895402630351034,0,0,False,False,False,False,False,Mycoplasma,2023-2026
GCA_054456975.1,Mycoplasma tracheobuteonis,3568880,PRJNA1395666,SAMN54369144,2026,2026-01-10,Illumina MiniSeq,Short,Contig,OK,Mycoplasma tracheobuteonis,2026-09-29,839335,58,0.2907289699583599,0,0,False,False,False,False,False,Mycoplasma,2023-2026
GCA_054456995.1,Mycoplasma tracheobuteonis,3568880,PRJNA1395666,SAMN54369143,2026,2026-01-10,Illumina MiniSeq,Short,Contig,OK,Mycoplasma tracheobuteonis,2026-09-29,873148,34,0.2922047579562686,0,0,False,False,False,False,False,Mycoplasma,2023-2026
GCA_054457015.1,Mycoplasma tracheobuteonis,3568880,PRJNA1395666,SAMN54369142,2026,2026-01-10,Illumina MiniSeq,Short,Contig,OK,Mycoplasma tracheobuteonis,2026-09-29,872886,44,0.2895635856228648,0,0,False,False,False,False,False,Mycoplasma,2023-2026
GCA_054457035.1,Mycoplasma tracheobuteonis,3568880,PRJNA1395666,SAMN54369141,2026,2026-01-10,Illumina MiniSeq,Short,Contig,OK,Mycoplasma tracheobuteonis,2026-09-29,847403,37,0.2931745580320107,0,0,False,False,False,False,False,Mycoplasma,2023-2026
GCA_054457055.1,Mycoplasma tracheobuteonis,3568880,PRJNA1395666,SAMN54369140,2026,2026-01-10,Illumina MiniSeq,Short,Contig,OK,Mycoplasma tracheobuteonis,2026-09-29,845754,39,0.2908860023127292,0,0,False,False,False,False,False,Mycoplasma,2023-2026
GCA_054956695.1,Acholeplasma laidlawii,2148,PRJNA975591,SAMN55012048,2026,2026-02-09,Oxford Nanopore,Long,Complete Genome,Inconclusive,Acholeplasma laidlawii,2026-09-29,1465932,1,0.3186621207532136,0,0,False,False,True,False,False,Acholeplasma,2023-2026
GCA_054963775.1,Spiroplasma endosymbiont of Tabanus sp.,3683210,PRJNA1417962,SAMN55031548,2026,2026-02-10,Complete Genomics,Unknown,Contig,Inconclusive,Spiroplasma phoeniceum,2026-09-29,1397726,329,0.2639573135221066,0,0,False,False,False,False,False,Spiroplasma,2023-2026
GCA_055119855.1,Acholeplasmataceae bacterium,1898209,PRJNA308326,SAMN50304721,2026,2026-02-14,Illumina NovaSeq,Short,Contig,Inconclusive,Acholeplasma brassicae,2026-09-29,1123156,108,0.3599054806278023,0,0,False,False,False,False,False,Acholeplasmataceae,2023-2026
GCA_055145325.1,Candidatus Izemoplasmatales bacterium,3018265,PRJNA308326,SAMN50305304,2026,2026-02-14,Illumina NovaSeq,Short,Contig,Inconclusive,Hujiaoplasma nucleasis,2026-09-29,2256970,96,0.2911336880862395,0,0,False,False,False,False,False,Izemoplasmatales,2023-2026
GCA_055145625.1,Candidatus Izemoplasmataceae bacterium,3107147,PRJNA308326,SAMN50305289,2026,2026-02-14,Illumina NovaSeq,Short,Contig,Inconclusive,Izemobacterium crustae (SeqCode),2026-09-29,1381154,112,0.3341473868953064,0,0,False,False,False,False,False,Izemoplasmataceae,2023-2026
GCA_055523495.1,Mycoplasma sp. 13536,3458679,PRJNA1309601,SAMN50749099,2026,2026-02-25,Complete Genomics,Unknown,Contig,Inconclusive,Mycoplasmopsis bovirhinis,2026-09-29,1055235,8,0.2804181059195345,0,0,False,False,False,False,False,Mycoplasma,2023-2026
GCA_055523525.1,Mycoplasma sp. 10961,3458677,PRJNA1309601,SAMN50749097,2026,2026-02-25,Complete Genomics,Unknown,Contig,Inconclusive,Mycoplasmopsis bovirhinis,2026-09-29,1025481,1,0.2809530356973946,0,0,False,False,False,False,False,Mycoplasma,2023-2026
GCA_055523555.1,Mycoplasma sp. 11548,3458678,PRJNA1309601,SAMN50749098,2026,2026-02-25,Complete Genomics,Unknown,Contig,Inconclusive,Mycoplasmopsis bovirhinis,2026-09-29,1127662,1,0.2760330666458566,0,0,False,False,False,False,False,Mycoplasma,2023-2026
GCA_055523595.1,Mycoplasma sp. 6934,3458676,PRJNA1309601,SAMN50749096,2026,2026-02-25,Complete Genomics,Unknown,Contig,Inconclusive,Mycoplasmopsis bovirhinis,2026-09-29,1045168,1,0.2806419637799856,0,0,False,False,False,False,False,Mycoplasma,2023-2026
GCA_056113255.1,Candidatus Phytoplasma solani,69896,PRJNA1215974,SAMN55080066,2026,2026-03-17,Oxford Nanopore Technologies MinION,Long,Complete Genome,Inconclusive,Candidatus Phytoplasma stylosanthis,2026-09-29,774234,1,0.2834401485855697,0,0,False,False,False,False,False,Phytoplasma,2023-2026
GCA_056185615.1,Anaeroplasmataceae bacterium,2793037,PRJNA1030165,SAMN38006812,2026,2026-03-22,Complete Genomics,Unknown,Contig,Inconclusive,na,2026-09-29,1313521,156,0.292982753987184,2,0,True,False,False,False,True,Anaeroplasmataceae,2023-2026
GCA_056189355.1,Anaeroplasma sp.,1872523,PRJNA1030165,SAMN38004475,2026,2026-03-22,Complete Genomics,Unknown,Contig,OK,Anaeroplasma bactoclasticum,2026-09-29,1231716,367,0.3267165482952239,1,0,True,False,False,False,True,Anaeroplasma,2023-2026
GCA_056199335.1,Candidatus Pelethenecus sp.,3022886,PRJNA1030165,SAMN38004691,2026,2026-03-22,Complete Genomics,Unknown,Contig,Inconclusive,Candidatus Cacconaster stercorequi,2026-09-29,1790116,149,0.5542936882302599,2,0,True,False,False,False,True,Pelethenecus,2023-2026
GCA_056201455.1,Candidatus Pelethenecus sp.,3022886,PRJNA1030165,SAMN38004586,2026,2026-03-22,Complete Genomics,Unknown,Contig,Inconclusive,Oscillibacter acetigenes,2026-09-29,2068625,318,0.5619065804580338,3,1,True,False,False,False,True,Pelethenecus,2023-2026
GCA_056207215.1,Anaeroplasma sp.,1872523,PRJNA1030165,SAMN38004161,2026,2026-03-22,Complete Genomics,Unknown,Contig,Inconclusive,Clostridium tarantellae,2026-09-29,1968032,72,0.3131900294304157,1,0,True,False,False,False,True,Anaeroplasma,2023-2026
GCA_056213535.1,Anaeroplasma sp.,1872523,PRJNA1030165,SAMN38001983,2026,2026-03-22,Complete Genomics,Unknown,Contig,Inconclusive,Anaeroplasma bactoclasticum,2026-09-29,1526418,238,0.2971518941731557,1,0,True,False,False,False,True,Anaeroplasma,2023-2026
GCA_056217475.1,Anaeroplasma sp.,1872523,PRJNA1030165,SAMN38002339,2026,2026-03-22,Complete Genomics,Unknown,Contig,Inconclusive,Anaeroplasma bactoclasticum,2026-09-29,1668781,100,0.3046427302324271,8,7,True,False,False,False,True,Anaeroplasma,2023-2026
GCA_056258425.1,Candidatus Pelethenecus sp.,3022886,PRJNA1030165,SAMN38007195,2026,2026-03-23,Complete Genomics,Unknown,Contig,Inconclusive,Anaeroplasma bactoclasticum,2026-09-29,1972054,284,0.2840900908392975,0,0,False,False,False,False,False,Pelethenecus,2023-2026
GCA_056264685.1,Anaeroplasma sp.,1872523,PRJNA1030165,SAMN38004951,2026,2026-03-23,Complete Genomics,Unknown,Contig,Inconclusive,Anaeroplasma bactoclasticum,2026-09-29,1413255,351,0.319841076097378,8,0,True,False,False,False,True,Anaeroplasma,2023-2026
GCA_056265085.1,Anaeroplasmataceae bacterium,2793037,PRJNA1030165,SAMN38004931,2026,2026-03-23,Complete Genomics,Unknown,Contig,Inconclusive,na,2026-09-29,2015140,102,0.2814444653969451,0,0,False,False,False,False,False,Anaeroplasmataceae,2023-2026
GCA_056292515.1,Mycoplasma sp.,2108,PRJNA1030165,SAMN38006620,2026,2026-03-24,Complete Genomics,Unknown,Contig,Inconclusive,Malacoplasma iowae,2026-09-29,892379,131,0.2490444082615122,0,0,False,False,False,False,False,Mycoplasma,2023-2026
GCA_056298855.1,Anaeroplasma sp.,1872523,PRJNA1030165,SAMN38008205,2026,2026-03-24,Complete Genomics,Unknown,Contig,Inconclusive,Anaeroplasma bactoclasticum,2026-09-29,1665349,321,0.305035160798127,1,0,True,False,False,False,True,Anaeroplasma,2023-2026
GCA_056387995.1,Mycoplasma crocodyli MP145,512564,PRJNA1333947,SAMN56575077,2026,2026-03-28,Illumina NovaSeq; Oxford Nanopore,Hybrid,Complete Genome,OK,Mycoplasma crocodyli,2026-09-29,934376,1,0.2695456647002919,0,0,False,False,False,False,False,Mycoplasma,2023-2026
GCA_056504655.1,Mulberry dwarf phytoplasma,186171,PRJNA1440177,SAMN56604826,2026,2026-04-01,Oxford Nanopore PromethION; Illumina NovaSeq,Hybrid,Complete Genome,Inconclusive,Candidatus Phytoplasma vignae,2026-09-29,782702,1,0.2816257017357819,0,0,False,False,False,False,False,Mulberry,2023-2026
GCA_056558745.1,Anaeroplasma sp.,1872523,PRJNA1030165,SAMN37894705,2026,2026-04-03,Complete Genomics,Unknown,Contig,Inconclusive,Anaeroplasma bactoclasticum,2026-09-29,1551829,183,0.2887760184917281,0,0,False,False,False,False,False,Anaeroplasma,2023-2026
GCA_056617465.1,Xianfuyuplasma sp.,3101264,PRJNA1357641,SAMN53087416,2026,2026-04-06,Illumina NovaSeq,Short,Contig,Inconclusive,Candidatus Xianfuyuplasma coldseepsis,2026-09-29,907293,208,0.3913377486655358,0,0,False,False,False,False,False,Xianfuyuplasma,2023-2026
GCA_056618065.1,Candidatus Izemoplasma sp.,2979197,PRJNA1357641,SAMN53087401,2026,2026-04-06,Illumina NovaSeq,Short,Contig,Inconclusive,Izemobacterium crustae (SeqCode),2026-09-29,1800556,212,0.350368997131997,0,0,False,False,False,False,False,Izemoplasma,2023-2026
GCA_056781225.1,Mycoplasma sp. 3686h,3699019,PRJNA1449732,SAMN57129923,2026,2026-04-18,Illumina MiniSeq; Oxford Nanopore MinION,Hybrid,Complete Genome,Inconclusive,Mycoplasmopsis citelli,2026-09-29,956265,1,0.2884242338682269,0,0,False,False,False,False,False,Mycoplasma,2023-2026
GCA_056781245.1,Mycoplasma sp. 1579d,3699021,PRJNA1449737,SAMN57129976,2026,2026-04-18,Illumina MiniSeq; Oxford Nanopore MinION,Hybrid,Complete Genome,Inconclusive,Mycoplasmopsis citelli,2026-09-29,893530,1,0.2918088928183721,0,0,False,False,False,False,False,Mycoplasma,2023-2026
GCA_056829745.1,Mycoplasma mycoides subsp. capri,40477,PRJNA1150559,SAMN43288965,2026,2026-04-21,Illumina MiSeq,Short,Complete Genome,OK,Mycoplasma mycoides,2026-09-29,1035414,1,0.2380632288147542,0,0,False,False,False,False,False,Mycoplasma,2023-2026
GCA_056945795.1,Candidatus Phytoplasma phoenicium,198422,PRJNA1449988,SAMN57139241,2026,2026-04-28,PacBio Revio,Long,Complete Genome,Inconclusive,Candidatus Phytoplasma vignae,2026-09-29,552248,1,0.2429198476046993,0,0,False,False,False,False,False,Phytoplasma,2023-2026
GCA_057269875.1,Acholeplasmataceae bacterium,1898209,PRJNA1206836,SAMN47000532,2026,2026-05-06,ILLUMINA,Short,Scaffold,Inconclusive,na,2026-09-29,879666,137,0.2928577437345538,0,0,False,False,False,False,False,Acholeplasmataceae,2023-2026
GCA_057269895.1,Acholeplasmataceae bacterium,1898209,PRJNA1206836,SAMN47000533,2026,2026-05-06,ILLUMINA,Short,Scaffold,Inconclusive,na,2026-09-29,1125719,30,0.2736313413915906,0,0,False,False,False,False,False,Acholeplasmataceae,2023-2026
GCA_057269915.1,Acholeplasmataceae bacterium,1898209,PRJNA1206836,SAMN47000531,2026,2026-05-06,DNBSEQ,Short,Scaffold,Inconclusive,Fusobacterium animalis,2026-09-29,856169,152,0.2631676689999287,0,0,False,False,False,False,False,Acholeplasmataceae,2023-2026
GCA_057269935.1,Acholeplasmataceae bacterium,1898209,PRJNA1206836,SAMN47000530,2026,2026-05-06,ILLUMINA,Short,Scaffold,Inconclusive,na,2026-09-29,929273,24,0.2734417119619315,0,0,False,False,False,False,False,Acholeplasmataceae,2023-2026
GCA_057269945.1,Acholeplasmataceae bacterium,1898209,PRJNA1206836,SAMN47000529,2026,2026-05-06,ILLUMINA,Short,Scaffold,Inconclusive,Acholeplasma granularum,2026-09-29,648857,209,0.3410813168386871,0,1,False,False,False,False,False,Acholeplasmataceae,2023-2026
GCA_057269975.1,Acholeplasmataceae bacterium,1898209,PRJNA1206836,SAMN47000527,2026,2026-05-06,ILLUMINA,Short,Scaffold,Inconclusive,na,2026-09-29,712543,18,0.3397577409363365,0,0,False,False,False,False,False,Acholeplasmataceae,2023-2026
GCA_057269995.1,Acholeplasmataceae bacterium,1898209,PRJNA1206836,SAMN47000526,2026,2026-05-06,ILLUMINA,Short,Scaffold,Inconclusive,na,2026-09-29,704836,30,0.3399386523957346,0,0,False,False,False,False,False,Acholeplasmataceae,2023-2026
GCA_057270015.1,Acholeplasmataceae bacterium,1898209,PRJNA1206836,SAMN47000528,2026,2026-05-06,ILLUMINA,Short,Scaffold,Inconclusive,Candidatus Phytoplasma stylosanthis,2026-09-29,703579,59,0.3427674788474357,0,0,False,False,False,False,False,Acholeplasmataceae,2023-2026
GCA_057270035.1,Acholeplasmataceae bacterium,1898209,PRJNA1206836,SAMN47000525,2026,2026-05-06,ILLUMINA,Short,Scaffold,Inconclusive,Candidatus Phytoplasma vignae,2026-09-29,743191,81,0.3432280530846041,0,0,False,False,False,False,False,Acholeplasmataceae,2023-2026
GCA_057270055.1,Acholeplasmataceae bacterium,1898209,PRJNA1206836,SAMN47000524,2026,2026-05-06,ILLUMINA,Short,Scaffold,Inconclusive,na,2026-09-29,714753,96,0.3415991258518677,0,0,False,False,False,False,False,Acholeplasmataceae,2023-2026
GCA_057270075.1,Acholeplasmataceae bacterium,1898209,PRJNA1206836,SAMN47000523,2026,2026-05-06,ILLUMINA,Short,Scaffold,Inconclusive,na,2026-09-29,709295,76,0.3434762686893323,0,0,False,False,False,False,False,Acholeplasmataceae,2023-2026
GCA_057270095.1,Acholeplasmataceae bacterium,1898209,PRJNA1206836,SAMN47000521,2026,2026-05-06,ILLUMINA,Short,Scaffold,Inconclusive,na,2026-09-29,743827,18,0.3431362400127987,0,0,False,False,False,False,False,Acholeplasmataceae,2023-2026
GCA_057270115.1,Acholeplasmataceae bacterium,1898209,PRJNA1206836,SAMN47000522,2026,2026-05-06,ILLUMINA,Short,Scaffold,Inconclusive,na,2026-09-29,740725,79,0.3410631475918863,0,0,False,False,False,False,False,Acholeplasmataceae,2023-2026
GCA_057270135.1,Acholeplasmataceae bacterium,1898209,PRJNA1206836,SAMN47000520,2026,2026-05-06,ILLUMINA,Short,Scaffold,Inconclusive,na,2026-09-29,748423,37,0.341086524599057,0,0,False,False,False,False,False,Acholeplasmataceae,2023-2026
GCA_057270155.1,Acholeplasmataceae bacterium,1898209,PRJNA1206836,SAMN47000519,2026,2026-05-06,ILLUMINA,Short,Scaffold,Inconclusive,Mycoplasma leachii,2026-09-29,723967,21,0.3434424497249184,0,0,False,False,False,False,False,Acholeplasmataceae,2023-2026
GCA_057270175.1,Acholeplasmataceae bacterium,1898209,PRJNA1206836,SAMN47000518,2026,2026-05-06,ILLUMINA,Short,Scaffold,Inconclusive,na,2026-09-29,736413,22,0.3418204187052646,0,0,False,False,False,False,False,Acholeplasmataceae,2023-2026
GCA_057270195.1,Acholeplasmataceae bacterium,1898209,PRJNA1206836,SAMN47000517,2026,2026-05-06,ILLUMINA,Short,Scaffold,Inconclusive,na,2026-09-29,699838,87,0.3436595326346954,0,0,False,False,False,False,False,Acholeplasmataceae,2023-2026
GCA_057270215.1,Acholeplasmataceae bacterium,1898209,PRJNA1206836,SAMN47000516,2026,2026-05-06,ILLUMINA,Short,Scaffold,Inconclusive,na,2026-09-29,727837,17,0.3425272416763643,0,0,False,False,False,False,False,Acholeplasmataceae,2023-2026
GCA_057270235.1,Acholeplasmataceae bacterium,1898209,PRJNA1206836,SAMN47000515,2026,2026-05-06,ILLUMINA,Short,Scaffold,Inconclusive,na,2026-09-29,721941,20,0.3417619999418235,0,0,False,False,False,False,False,Acholeplasmataceae,2023-2026
GCA_057270255.1,Acholeplasmataceae bacterium,1898209,PRJNA1206836,SAMN47000514,2026,2026-05-06,ILLUMINA,Short,Scaffold,Inconclusive,na,2026-09-29,760297,19,0.3429607114062005,0,0,False,False,False,False,False,Acholeplasmataceae,2023-2026
GCA_057270275.1,Acholeplasmataceae bacterium,1898209,PRJNA1206836,SAMN47000513,2026,2026-05-06,ILLUMINA,Short,Scaffold,Inconclusive,na,2026-09-29,738175,13,0.3422115352050665,0,0,False,False,False,False,False,Acholeplasmataceae,2023-2026
GCA_057270295.1,Acholeplasmataceae bacterium,1898209,PRJNA1206836,SAMN47000512,2026,2026-05-06,ILLUMINA,Short,Scaffold,Inconclusive,na,2026-09-29,741237,27,0.34167074768259,0,0,False,False,False,False,False,Acholeplasmataceae,2023-2026
GCA_057270315.1,Acholeplasmataceae bacterium,1898209,PRJNA1206836,SAMN47000511,2026,2026-05-06,ILLUMINA,Short,Scaffold,Inconclusive,na,2026-09-29,718457,18,0.3416961627487797,0,0,False,False,False,False,False,Acholeplasmataceae,2023-2026
GCA_057270335.1,Acholeplasmataceae bacterium,1898209,PRJNA1206836,SAMN47000510,2026,2026-05-06,ILLUMINA,Short,Contig,Inconclusive,na,2026-09-29,722343,11,0.3417503872813884,0,0,False,False,False,False,False,Acholeplasmataceae,2023-2026
GCA_057270355.1,Acholeplasmataceae bacterium,1898209,PRJNA1206836,SAMN47000509,2026,2026-05-06,ILLUMINA,Short,Scaffold,Inconclusive,na,2026-09-29,727341,20,0.3422864928554832,0,0,False,False,False,False,False,Acholeplasmataceae,2023-2026
GCA_057270375.1,Acholeplasmataceae bacterium,1898209,PRJNA1206836,SAMN47000508,2026,2026-05-06,ILLUMINA,Short,Scaffold,Inconclusive,na,2026-09-29,723055,121,0.3437041442213939,0,0,False,False,False,False,False,Acholeplasmataceae,2023-2026
GCA_057274415.1,Mycoplasma amphoriforme,273136,PRJNA1206836,SAMN47000772,2026,2026-05-06,ILLUMINA,Short,Scaffold,OK,Mycoplasma amphoriforme,2026-09-29,981091,7,0.3167157786586565,0,0,False,False,False,False,False,Mycoplasma,2023-2026
GCA_057452035.1,Candidatus Izemoplasmatales bacterium,3018265,PRJNA1152756,SAMN44813133,2026,2026-05-12,Illumina NovaSeq,Short,Contig,Inconclusive,Hujiaoplasma nucleasis,2026-09-29,966723,499,0.3418652499216425,0,0,False,False,False,False,False,Izemoplasmatales,2023-2026
GCA_057465085.1,Mycoplasmatales bacterium,2023991,PRJNA1280765,SAMN49533969,2026,2026-05-13,Illumina,Short,Contig,Inconclusive,na,2026-09-29,454242,112,0.3391606236323369,0,0,False,False,False,False,False,Mycoplasmatales,2023-2026
GCA_057808485.1,Acholeplasma sp. ORD1043,3020827,PRJNA923665,SAMN32730483,2026,2026-06-01,Illumina,Short,Contig,OK,Acholeplasma equirhinis,2026-09-29,1472290,30,0.3179292123155084,0,2,False,False,False,False,False,Acholeplasma,2023-2026
GCA_058162405.1,Spiroplasma sp.,2135,PRJNA1288376,SAMN49845686,2026,2026-06-11,Illumina NovaSeq,Short,Contig,Inconclusive,Spiroplasma cantharicola,2026-09-29,1233347,202,0.2283728747870631,0,1,False,False,False,False,False,Spiroplasma,2023-2026
GCA_058162415.1,Spiroplasma sp.,2135,PRJNA1288376,SAMN49845685,2026,2026-06-11,Illumina NovaSeq,Short,Contig,Inconclusive,Spiroplasma cantharicola,2026-09-29,1246252,176,0.2280582097360726,0,1,False,False,False,False,False,Spiroplasma,2023-2026
GCA_058528065.1,Mariniplasma sp.,2903102,PRJNA1467875,SAMN60675028,2026,2026-06-27,Illumina HiSeq,Short,Contig,OK,Mariniplasma anaerobium,2026-09-29,1640946,167,0.3218515417326347,0,0,False,False,False,False,False,Mariniplasma,2023-2026
GCA_058528865.1,Acholeplasmataceae bacterium,1898209,PRJNA1467875,SAMN60674988,2026,2026-06-27,Illumina HiSeq,Short,Contig,Inconclusive,Paracholeplasma manati,2026-09-29,870858,127,0.41747678726038,0,0,False,False,False,False,False,Acholeplasmataceae,2023-2026
GCA_058528905.1,Candidatus Izemoplasmataceae bacterium,3107147,PRJNA1467875,SAMN60674986,2026,2026-06-27,Illumina HiSeq,Short,Contig,Inconclusive,Candidatus Izemoplasma acidinucleici,2026-09-29,1246748,158,0.3506001212755104,0,0,False,False,False,False,False,Izemoplasmataceae,2023-2026
GCA_058773145.1,Peloplasma sp.,3156478,PRJNA1467875,SAMN60663587,2026,2026-07-02,Illumina HiSeq,Short,Contig,Inconclusive,Haploplasma axanthum,2026-09-29,1244004,365,0.336010173600728,0,0,False,False,False,False,False,Peloplasma,2023-2026
GCA_059112975.1,Spiroplasma sp.,2135,PRJNA1415341,SAMN54931020,2026,2026-07-08,Illumina NextSeq,Short,Contig,Inconclusive,Spiroplasma platyhelix,2026-09-29,1017373,244,0.236050101585161,0,1,False,False,False,False,False,Spiroplasma,2023-2026
GCA_059410195.1,Acholeplasmataceae bacterium,1898209,PRJNA1108931,SAMN44501174,2026,2026-07-14,Illumina MiSeq,Short,Contig,Inconclusive,Acholeplasma oculi,2026-09-29,1966718,23,0.3424710609248504,0,0,False,False,False,False,False,Acholeplasmataceae,2023-2026
GCA_059431375.1,Candidatus Izemoplasmataceae bacterium,3107147,PRJNA1196970,SAMN45315825,2026,2026-07-15,Illumina NovaSeq,Short,Contig,Inconclusive,Candidatus Xianfuyuplasma coldseepsis,2026-09-29,1455458,14,0.3988421514052621,0,0,False,False,False,False,False,Izemoplasmataceae,2023-2026
GCA_059470825.1,Candidatus Pelethenecus sp.,3022886,PRJNA1030165,SAMN38007722,2026,2026-07-16,Complete Genomics,Unknown,Contig,Inconclusive,Vescimonas sanitatis,2026-09-29,2376172,151,0.5645033272002196,1,0,True,False,False,False,True,Pelethenecus,2023-2026
GCA_059476995.1,Anaeroplasmataceae bacterium,2793037,PRJNA1030165,SAMN38007879,2026,2026-07-16,Complete Genomics,Unknown,Contig,Inconclusive,na,2026-09-29,1413771,148,0.2916172421134682,0,0,False,False,False,False,False,Anaeroplasmataceae,2023-2026
GCA_059481195.1,Candidatus Pelethenecus sp.,3022886,PRJNA1030165,SAMN38009181,2026,2026-07-16,Complete Genomics,Unknown,Contig,Inconclusive,Anaeroplasma bactoclasticum,2026-09-29,1666932,172,0.2867159548199927,1,0,True,False,False,False,True,Pelethenecus,2023-2026
GCA_059482455.1,Candidatus Pelethenecus sp.,3022886,PRJNA1030165,SAMN38009133,2026,2026-07-16,Complete Genomics,Unknown,Contig,Inconclusive,Flintibacter porci,2026-09-29,2264777,317,0.5428786145390915,2,1,True,False,False,False,True,Pelethenecus,2023-2026
GCA_059597155.1,Phytoplasma sp. OVSP_S01,3472737,PRJNA1347793,SAMN52869104,2026,2026-07-24,Illumina NextSeq; Oxford Nanopore MinION,Hybrid,Chromosome,Inconclusive,Candidatus Phytoplasma gossypii,2026-09-29,599901,1,0.2763656003240535,0,0,False,False,False,False,False,Phytoplasma,2023-2026
GCA_059597165.1,Phytoplasma sp. OVSP_L01,3682894,PRJNA1347793,SAMN52870867,2026,2026-07-24,Illumina NextSeq; Oxford Nanopore MinION,Hybrid,Chromosome,Inconclusive,Candidatus Phytoplasma gossypii,2026-09-29,601536,1,0.2758305404830301,0,0,False,False,False,False,False,Phytoplasma,2023-2026
GCA_059697825.1,Mollicutes bacterium,37628,PRJDB42418,SAMD01925043,2026,2026-06-17,Illumina Miseq,Short,Scaffold,Inconclusive,na,2026-09-29,1275843,20,0.2964831879784582,0,0,False,False,False,False,False,Mollicutes,2023-2026
GCA_059718655.1,Mycoplasma mycoides subsp. capri,40477,PRJDB40072,SAMD01796194,2026,2026-05-12,PacBio Revio,Long,Complete Genome,OK,Mycoplasma mycoides,2026-09-29,1116456,1,0.2377048446154618,0,0,False,False,False,False,False,Mycoplasma,2023-2026
GCA_059718665.1,Mycoplasma mycoides subsp. mycoides,2103,PRJDB40071,SAMD01795714,2026,2026-05-12,PacBio Revio,Long,Complete Genome,OK,Mycoplasma mycoides,2026-09-29,1180098,1,0.2392725010973665,0,0,False,False,False,False,False,Mycoplasma,2023-2026
GCA_059729505.1,Spiroplasma ixodetis,2141,PRJDB18434,SAMD00800793,2026,2026-02-18,PacBio,Long,Complete Genome,Inconclusive,Spiroplasma floricola,2026-09-29,1534179,2,0.2413408083411388,0,0,False,False,False,False,False,Spiroplasma,2023-2026
GCA_059729515.1,Spiroplasma ixodetis,2141,PRJDB18434,SAMD00800792,2026,2026-02-18,PacBio,Long,Complete Genome,Inconclusive,Spiroplasma floricola,2026-09-29,1534172,2,0.2413412576947043,0,0,False,False,False,False,False,Spiroplasma,2023-2026
GCA_059729525.1,Spiroplasma ixodetis,2141,PRJDB18434,SAMD00800791,2026,2026-02-18,PacBio,Long,Complete Genome,Inconclusive,Spiroplasma platyhelix,2026-09-29,1740382,4,0.2288750400774083,0,0,False,False,False,False,False,Spiroplasma,2023-2026
GCA_059729535.1,Spiroplasma ixodetis,2141,PRJDB18434,SAMD00800790,2026,2026-02-18,PacBio,Long,Complete Genome,Inconclusive,Spiroplasma platyhelix,2026-09-29,1728439,4,0.2287943051504855,0,0,False,False,False,False,False,Spiroplasma,2023-2026
GCA_059729545.1,Spiroplasma ixodetis,2141,PRJDB18434,SAMD00800789,2026,2026-02-18,PacBio,Long,Complete Genome,Inconclusive,Spiroplasma platyhelix,2026-09-29,1740050,4,0.2289664090112353,0,0,False,False,False,False,False,Spiroplasma,2023-2026
GCA_059729555.1,Spiroplasma ixodetis,2141,PRJDB18434,SAMD00800788,2026,2026-02-18,PacBio,Long,Complete Genome,Inconclusive,Spiroplasma platyhelix,2026-09-29,1557724,2,0.2318883191117297,0,0,False,False,False,False,False,Spiroplasma,2023-2026
GCA_059738275.1,Spiroplasma endosymbiont of Nesidiocoris tenuis,3050081,PRJDB16217,SAMD00662386,2024,2024-02-20,Nanopore MinION,Long,Complete Genome,Inconclusive,Spiroplasma phoeniceum,2026-09-29,1682642,7,0.2723639371892535,0,0,False,False,False,False,False,Spiroplasma,2023-2026
GCA_059865695.1,Hujiaoplasmataceae bacterium,3107429,PRJNA1468499,SAMN60421465,2026,2026-08-05,Illumina HiSeq,Short,Contig,Inconclusive,Liberiplasma polymorphum,2026-09-29,1658887,226,0.3160673391255703,0,0,False,False,False,False,False,Hujiaoplasmataceae,2023-2026
GCA_059865715.1,Acholeplasmataceae bacterium,1898209,PRJNA1468499,SAMN60421464,2026,2026-08-05,Illumina HiSeq,Short,Contig,Inconclusive,Liberiplasma polymorphum,2026-09-29,1420532,53,0.3523841771955859,0,0,False,False,False,False,False,Acholeplasmataceae,2023-2026
GCA_059910025.1,Hujiaoplasmataceae bacterium,3107429,PRJNA1467875,SAMN60671105,2026,2026-08-06,Illumina HiSeq,Short,Contig,Inconclusive,Hujiaoplasma nucleasis,2026-09-29,1859047,178,0.4098998035014714,0,2,False,False,False,False,False,Hujiaoplasmataceae,2023-2026
GCA_059985755.1,Anaeroplasma sp.,1872523,PRJNA1465404,SAMN61870880,2026,2026-08-10,Illumina NovaSeq,Short,Contig,OK,Anaeroplasma bactoclasticum,2026-09-29,2045479,77,0.3258581486292453,0,0,False,False,False,False,False,Anaeroplasma,2023-2026
GCA_060016975.1,Candidatus Phytoplasma sp. IND,3715110,PRJNA1474283,SAMN60589858,2026,2026-08-11,Illumina NovaSeq,Short,Contig,Inconclusive,Spiroplasma taiwanense,2026-09-29,488294,36,0.2053783171613822,0,2,False,False,False,False,False,Phytoplasma,2023-2026
GCA_060086545.1,Mycoplasmatales bacterium,2023991,PRJNA1235427,SAMN56298329,2026,2026-08-13,Oxford Nanopore PromethION,Long,Contig,Inconclusive,Hepatoplasma crinochetorum (SeqCode),2026-09-29,761234,9,0.3048064064400697,0,0,False,False,False,False,False,Mycoplasmatales,2023-2026
GCA_060113895.1,Mycoplasmatales bacterium,2023991,PRJNA875098,SAMN61074954,2026,2026-08-14,Illumina HiSeq,Short,Scaffold,Inconclusive,Mesomycoplasma neurolyticum,2026-09-29,685544,44,0.2198356341824886,0,0,False,False,False,False,False,Mycoplasmatales,2023-2026
GCA_060211345.1,Mycoplasma sp. CL002,3800599,PRJNA1508378,SAMN62231562,2026,2026-08-18,Illumina,Short,Contig,OK,Mycoplasma cottewii,2026-09-29,973274,91,0.2535411405215797,0,1,False,False,False,False,False,Mycoplasma,2023-2026
GCA_060284925.1,Candidatus Phytoplasma solani,69896,PRJNA1215974,SAMN51795599,2026,2026-08-20,Oxford Nanopore MinION,Long,Contig,Inconclusive,Candidatus Phytoplasma stylosanthis,2026-09-29,774234,1,0.2834401485855697,0,0,False,False,False,False,False,Phytoplasma,2023-2026
GCA_060445045.1,Acholeplasmatales bacterium,2053494,PRJNA1395050,SAMN54346160,2026,2026-08-25,Illumina NovaSeq,Short,Contig,Inconclusive,Haploplasma modicum,2026-09-29,873193,96,0.3150884168792008,0,0,False,False,False,False,False,Acholeplasmatales,2023-2026
GCA_060446645.1,Acholeplasmataceae bacterium,1898209,PRJNA1395050,SAMN54346111,2026,2026-08-25,Illumina NovaSeq,Short,Contig,Inconclusive,Mesomycoplasma lagogenitalium,2026-09-29,702084,84,0.2960058910329818,0,0,False,False,False,False,False,Acholeplasmataceae,2023-2026
GCA_060594835.1,Acholeplasmataceae bacterium,1898209,PRJNA900060,SAMN62380192,2026,2026-08-30,DNBSEQ,Short,Contig,Inconclusive,Mariniplasma anaerobium,2026-09-29,1659836,10,0.3091540369048508,0,0,False,False,False,False,False,Acholeplasmataceae,2023-2026
GCA_060594855.1,Hujiaoplasmataceae bacterium,3107429,PRJNA900060,SAMN62380871,2026,2026-08-30,DNBSEQ,Short,Scaffold,Inconclusive,Hujiaoplasma nucleasis,2026-09-29,1865981,12,0.3381449221615868,0,0,False,False,False,False,False,Hujiaoplasmataceae,2023-2026
GCA_060822055.1,Acholeplasmataceae bacterium,1898209,PRJNA1497497,SAMN61802123,2026,2026-09-02,Illumina,Short,Contig,Inconclusive,na,2026-09-29,729360,227,0.2967546890424481,0,0,False,False,False,False,False,Acholeplasmataceae,2023-2026
GCA_061231925.1,Candidatus Phytoplasma phoenicium,198422,PRJNA1236668,SAMN47401122,2026,2026-09-13,Illumina,Short,Contig,Inconclusive,Candidatus Phytoplasma citri,2026-09-29,403918,843,0.2751325764140246,1,1,True,False,False,False,True,Phytoplasma,2023-2026
GCA_061336345.1,Spiroplasma sp. sMd,3438326,PRJNA1274929,SAMN49005944,2026,2026-09-17,PacBio Sequel,Long,Complete Genome,OK,Spiroplasma phoeniceum,2026-09-29,3137804,1,0.2351233537850038,0,0,False,False,False,False,False,Spiroplasma,2023-2026
GCA_061437675.1,Candidatus Izemoplasmatales bacterium,3018265,PRJNA1492604,SAMN61526990,2026,2026-09-20,Illumina HiSeq 2000,Short,Contig,Inconclusive,Candidatus Xianfuyuplasma coldseepsis,2026-09-29,1956638,77,0.3704589198410743,0,0,False,False,False,False,False,Izemoplasmatales,2023-2026
GCA_061454555.1,Candidatus Izemoplasma sp.,2979197,PRJNA1492604,SAMN61526146,2026,2026-09-20,Illumina HiSeq 2500,Short,Contig,Inconclusive,Candidatus Xianfuyuplasma coldseepsis,2026-09-29,1757450,55,0.3269970696179123,0,0,False,False,False,False,False,Izemoplasma,2023-2026
GCA_061454575.1,Candidatus Izemoplasma sp.,2979197,PRJNA1492604,SAMN61526145,2026,2026-09-20,Illumina HiSeq 2500,Short,Contig,Inconclusive,Candidatus Xianfuyuplasma coldseepsis,2026-09-29,2048053,12,0.3339962393551339,0,0,False,False,False,False,False,Izemoplasma,2023-2026
GCA_061454615.1,Candidatus Izemoplasma sp.,2979197,PRJNA1492604,SAMN61526143,2026,2026-09-20,Illumina HiSeq 2500,Short,Contig,Inconclusive,Candidatus Izemoplasma acidinucleici,2026-09-29,1729821,67,0.3266395771585615,0,0,False,False,False,False,False,Izemoplasma,2023-2026
GCA_061458585.1,Candidatus Izemoplasma sp.,2979197,PRJNA1492604,SAMN61525990,2026,2026-09-20,Illumina HiSeq 2500,Short,Contig,Inconclusive,Candidatus Izemoplasma acidinucleici,2026-09-29,1865556,61,0.328309093910877,0,2,False,False,False,False,False,Izemoplasma,2023-2026
GCA_061463085.1,Acholeplasmataceae bacterium,1898209,PRJNA1492604,SAMN61526645,2026,2026-09-20,Illumina HiSeq 2500,Short,Contig,Inconclusive,Acholeplasma palmae,2026-09-29,1433849,205,0.328056162120279,0,0,False,False,False,False,False,Acholeplasmataceae,2023-2026
GCA_061468525.1,Mycoplasmatales bacterium,2023991,PRJNA1492604,SAMN61526434,2026,2026-09-20,Illumina HiSeq 1000,Short,Contig,Inconclusive,Mesoplasma tabanidae,2026-09-29,616074,54,0.2833588172849365,0,0,False,False,False,False,False,Mycoplasmatales,2023-2026
GCA_062000640.1,Mariniplasma sp.,2903102,PRJNA1340876,SAMN52941274,2026,2026-09-25,Illumina NovaSeq,Short,Contig,OK,Mariniplasma anaerobium,2026-09-29,2146869,93,0.3214560366748041,0,0,False,False,False,False,False,Mariniplasma,2023-2026
GCA_062000741.1,Acholeplasmataceae bacterium,1898209,PRJNA1340876,SAMN52941213,2026,2026-09-25,Illumina NovaSeq,Short,Contig,Inconclusive,Mariniplasma anaerobium,2026-09-29,1803166,141,0.3105482246226914,0,0,False,False,False,False,False,Acholeplasmataceae,2023-2026
GCA_062000761.1,Mariniplasma sp.,2903102,PRJNA1340876,SAMN52941196,2026,2026-09-25,Illumina NovaSeq,Short,Contig,OK,Mariniplasma anaerobium,2026-09-29,1265339,357,0.3137135581848027,0,0,False,False,False,False,False,Mariniplasma,2023-2026
GCA_062000794.1,Mariniplasma sp.,2903102,PRJNA1340876,SAMN52941161,2026,2026-09-25,Illumina NovaSeq,Short,Contig,OK,Mariniplasma anaerobium,2026-09-29,1900014,10,0.3148645220508901,0,0,False,False,False,False,False,Mariniplasma,2023-2026
GCA_900166985.1,Acholeplasma oculi,35623,PRJEB19584,SAMN02745122,2017,2017-03-09,"Illumina HiSeq 2000,Illumina HiSeq 2500",Short,Scaffold,OK,Acholeplasma oculi,2026-09-29,1600172,7,0.3125663991120954,0,1,False,False,False,False,False,Acholeplasma,2016-2019
GCA_900316595.1,uncultured Mycoplasmataceae bacterium,300027,PRJEB21624,SAMEA104666903,2018,2018-03-21,Illumina,Short,Contig,Inconclusive,Candidatus Hennigella equi,2026-09-29,510657,84,0.268602995748614,0,0,False,False,False,False,False,Mycoplasmataceae,2016-2019
GCA_900444665.1,Acholeplasma oculi,35623,PRJEB6403,SAMEA104224792,2018,2018-08-07,PacBio,Long,Contig,OK,Acholeplasma oculi,2026-09-29,1600576,2,0.3128148866408093,0,0,False,False,False,False,False,Acholeplasma,2016-2019
GCA_900476025.1,Acholeplasma laidlawii,2148,PRJEB6403,SAMEA4384074,2018,2018-06-17,PacBio,Long,Complete Genome,OK,Acholeplasma laidlawii,2026-09-29,1497557,1,0.3192138930271102,0,0,False,False,False,False,False,Acholeplasma,2016-2019
GCA_900476175.1,Mycoplasma putrefaciens,2123,PRJEB6403,SAMEA4412699,2018,2018-08-19,PacBio,Long,Complete Genome,OK,Mycoplasma putrefaciens,2026-09-29,832598,1,0.2693989176048945,0,0,False,False,False,False,False,Mycoplasma,2016-2019
GCA_900489515.1,Mycoplasma mycoides subsp. capri,40477,PRJEB26626,SAMEA4666033,2019,2019-02-12,private,Unknown,Complete Genome,OK,Mycoplasma mycoides,2026-09-29,1081613,1,0.2389403603691893,0,0,False,False,True,True,False,Mycoplasma,2016-2019
GCA_900489525.1,Mycoplasma mycoides subsp. capri,40477,PRJEB26626,SAMEA4666029,2019,2019-02-12,private,Unknown,Complete Genome,OK,Mycoplasma mycoides,2026-09-29,1081653,1,0.2390359939832829,0,0,False,False,True,True,False,Mycoplasma,2016-2019
GCA_900489545.1,Mycoplasma mycoides subsp. capri,40477,PRJEB26626,SAMEA4666031,2019,2019-02-12,private,Unknown,Complete Genome,OK,Mycoplasma mycoides,2026-09-29,1082015,1,0.2391574978165737,0,0,False,False,True,True,False,Mycoplasma,2016-2019
GCA_900489555.1,Mycoplasma mycoides subsp. capri,40477,PRJEB26626,SAMEA4666025,2019,2019-02-12,private,Unknown,Complete Genome,OK,Mycoplasma mycoides,2026-09-29,977253,1,0.2394917181118911,0,0,False,False,True,True,False,Mycoplasma,2016-2019
GCA_900489565.1,Mycoplasma mycoides subsp. capri,40477,PRJEB26626,SAMEA4666026,2019,2019-02-12,private,Unknown,Complete Genome,OK,Mycoplasma mycoides,2026-09-29,1084991,1,0.2390406925034401,0,0,False,False,True,True,False,Mycoplasma,2016-2019
GCA_900489575.1,Mycoplasma mycoides subsp. capri,40477,PRJEB26626,SAMEA4666032,2019,2019-02-12,private,Unknown,Complete Genome,OK,Mycoplasma mycoides,2026-09-29,1084063,1,0.2390728214135156,0,0,False,False,True,True,False,Mycoplasma,2016-2019
GCA_900489595.1,Mycoplasma mycoides subsp. capri,40477,PRJEB26626,SAMEA4666028,2019,2019-02-12,private,Unknown,Complete Genome,OK,Mycoplasma mycoides,2026-09-29,1075685,1,0.2389714461017863,0,0,False,False,True,True,False,Mycoplasma,2016-2019
GCA_900489625.1,Mycoplasma mycoides subsp. capri,40477,PRJEB26626,SAMEA4666030,2019,2019-02-12,private,Unknown,Complete Genome,OK,Mycoplasma mycoides,2026-09-29,1069002,1,0.2393447346216377,0,0,False,False,True,True,False,Mycoplasma,2016-2019
GCA_900489655.1,Mycoplasma mycoides subsp. capri,40477,PRJEB26626,SAMEA4666023,2019,2019-02-12,private,Unknown,Complete Genome,OK,Mycoplasma mycoides,2026-09-29,1082927,1,0.2388748272044191,0,0,False,False,True,True,False,Mycoplasma,2016-2019
GCA_900489665.1,Mycoplasma mycoides subsp. capri,40477,PRJEB26626,SAMEA4666034,2019,2019-02-12,private,Unknown,Complete Genome,OK,Mycoplasma mycoides,2026-09-29,1077420,1,0.2389402461435651,0,0,False,False,True,True,False,Mycoplasma,2016-2019
GCA_900489675.1,Mycoplasma mycoides subsp. capri,40477,PRJEB26626,SAMEA4666035,2019,2019-02-12,private,Unknown,Complete Genome,OK,Mycoplasma mycoides,2026-09-29,1080782,1,0.2391971738981589,0,0,False,False,True,True,False,Mycoplasma,2016-2019
GCA_900489685.1,Mycoplasma mycoides subsp. capri,40477,PRJEB26626,SAMEA4666036,2019,2019-02-12,private,Unknown,Complete Genome,OK,Mycoplasma mycoides,2026-09-29,1075322,1,0.239081875010462,0,0,False,False,True,True,False,Mycoplasma,2016-2019
GCA_900489705.1,Mycoplasma mycoides subsp. capri,40477,PRJEB26626,SAMEA4666039,2019,2019-02-12,private,Unknown,Complete Genome,OK,Mycoplasma mycoides,2026-09-29,1083426,1,0.2389706357425426,0,0,False,False,True,True,False,Mycoplasma,2016-2019
GCA_900489715.1,Mycoplasma mycoides subsp. capri,40477,PRJEB26626,SAMEA4666027,2019,2019-02-12,private,Unknown,Complete Genome,OK,Mycoplasma mycoides,2026-09-29,1078494,1,0.2390602080308281,0,0,False,False,True,True,False,Mycoplasma,2016-2019
GCA_900489725.1,Mycoplasma mycoides subsp. capri,40477,PRJEB26626,SAMEA4666038,2019,2019-02-12,private,Unknown,Complete Genome,OK,Mycoplasma mycoides,2026-09-29,1085633,1,0.2391627741603285,0,0,False,False,True,True,False,Mycoplasma,2016-2019
GCA_900489765.1,Mycoplasma mycoides subsp. capri,40477,PRJEB26626,SAMEA4666037,2019,2019-02-12,private,Unknown,Complete Genome,OK,Mycoplasma mycoides,2026-09-29,1079265,1,0.2391479386434286,0,0,False,False,True,True,False,Mycoplasma,2016-2019
GCA_900489785.1,Mycoplasma mycoides subsp. capri,40477,PRJEB26626,SAMEA4666024,2019,2019-02-12,private,Unknown,Complete Genome,OK,Mycoplasma mycoides,2026-09-29,1085504,1,0.2391663227404044,0,0,False,False,True,True,False,Mycoplasma,2016-2019
GCA_900489795.1,Mycoplasma mycoides subsp. capri,40477,PRJEB26626,SAMEA4666040,2019,2019-02-12,private,Unknown,Complete Genome,OK,Mycoplasma mycoides,2026-09-29,1085503,1,0.2391315362555423,0,0,False,False,True,True,False,Mycoplasma,2016-2019
GCA_900489805.1,Mycoplasma mycoides subsp. capri,40477,PRJEB26626,SAMEA4666041,2019,2019-02-12,private,Unknown,Complete Genome,OK,Mycoplasma mycoides,2026-09-29,1076320,1,0.2373987290025271,0,0,False,False,True,True,False,Mycoplasma,2016-2019
GCA_900489825.1,Mycoplasma mycoides subsp. capri,40477,PRJEB26626,SAMEA4666042,2019,2019-02-12,private,Unknown,Complete Genome,OK,Mycoplasma mycoides,2026-09-29,1085764,1,0.2390556327157651,0,0,False,False,True,True,False,Mycoplasma,2016-2019
GCA_900538525.1,uncultured Mollicutes bacterium,220137,PRJEB26432,SAMEA4890734,2019,2019-01-29,Illumina,Short,Contig,Inconclusive,Fusobacterium hwasookii,2026-09-29,1602704,53,0.292395227066258,0,0,False,False,False,False,False,Mollicutes,2016-2019
GCA_900538565.1,uncultured Mollicutes bacterium,220137,PRJEB26432,SAMEA4890736,2019,2019-01-29,Illumina,Short,Contig,Inconclusive,na,2026-09-29,1269692,27,0.277568103130523,0,0,False,False,False,False,False,Mollicutes,2016-2019
GCA_900538845.1,uncultured Mollicutes bacterium,220137,PRJEB26432,SAMEA4890768,2019,2019-01-29,Illumina,Short,Contig,Inconclusive,na,2026-09-29,1525481,31,0.3005340610600853,0,0,False,False,False,False,False,Mollicutes,2016-2019
GCA_900538885.1,uncultured Mollicutes bacterium,220137,PRJEB26432,SAMEA4890775,2019,2019-01-29,Illumina,Short,Contig,Inconclusive,na,2026-09-29,1690546,109,0.3002030113347995,0,0,False,False,False,False,False,Mollicutes,2016-2019
GCA_900538895.1,uncultured Mollicutes bacterium,220137,PRJEB26432,SAMEA4890776,2019,2019-01-29,Illumina,Short,Contig,Inconclusive,na,2026-09-29,1911898,71,0.2952945188498549,0,0,False,False,False,False,False,Mollicutes,2016-2019
GCA_900539125.1,uncultured Mollicutes bacterium,220137,PRJEB26432,SAMEA4890798,2019,2019-01-29,Illumina,Short,Contig,Inconclusive,na,2026-09-29,1699832,16,0.3039676862184027,0,0,False,False,False,False,False,Mollicutes,2016-2019
GCA_900539265.1,uncultured Mollicutes bacterium,220137,PRJEB26432,SAMEA4890811,2019,2019-01-29,Illumina,Short,Contig,Inconclusive,Clostridium fallax,2026-09-29,1762340,48,0.2762877764789995,0,0,False,False,False,False,False,Mollicutes,2016-2019
GCA_900539305.1,uncultured Mollicutes bacterium,220137,PRJEB26432,SAMEA4890810,2019,2019-01-29,Illumina,Short,Contig,Inconclusive,Fusobacterium hwasookii,2026-09-29,1637568,6,0.2862476550592097,0,0,False,False,False,False,False,Mollicutes,2016-2019
GCA_900539585.1,uncultured Mollicutes bacterium,220137,PRJEB26432,SAMEA4890845,2019,2019-01-29,Illumina,Short,Contig,Inconclusive,[Mycoplasma] collis,2026-09-29,1631381,17,0.2953344436400816,0,0,False,False,False,False,False,Mollicutes,2016-2019
GCA_900539595.1,uncultured Mollicutes bacterium,220137,PRJEB26432,SAMEA4890844,2019,2019-01-29,Illumina,Short,Contig,Inconclusive,Solobacterium moorei,2026-09-29,1720271,28,0.4579452888527447,0,0,False,False,False,False,False,Mollicutes,2016-2019
GCA_900539865.1,uncultured Mollicutes bacterium,220137,PRJEB26432,SAMEA4890862,2019,2019-01-29,Illumina,Short,Contig,Inconclusive,na,2026-09-29,1349887,9,0.3820875376975999,0,0,False,False,False,False,False,Mollicutes,2016-2019
GCA_900540175.1,uncultured Mollicutes bacterium,220137,PRJEB26432,SAMEA4890905,2019,2019-01-29,Illumina,Short,Contig,Inconclusive,Merdimonas faecis,2026-09-29,1606694,35,0.400733431505937,3,0,True,False,False,False,True,Mollicutes,2016-2019
GCA_900540365.1,uncultured Mollicutes bacterium,220137,PRJEB26432,SAMEA4890918,2019,2019-01-29,Illumina,Short,Contig,Inconclusive,na,2026-09-29,1290735,18,0.2698671687062022,0,0,False,False,False,False,False,Mollicutes,2016-2019
GCA_900540385.1,uncultured Mollicutes bacterium,220137,PRJEB26432,SAMEA4890919,2019,2019-01-29,Illumina,Short,Contig,Inconclusive,Faecalibacillus intestinalis,2026-09-29,1711096,39,0.3858889273307868,0,0,False,False,False,False,False,Mollicutes,2016-2019
GCA_900540395.1,uncultured Mollicutes bacterium,220137,PRJEB26432,SAMEA4890920,2019,2019-01-29,Illumina,Short,Contig,Inconclusive,Fusobacterium canifelinum,2026-09-29,1617589,47,0.3008403247054722,0,0,False,False,False,False,False,Mollicutes,2016-2019
GCA_900540705.1,uncultured Mollicutes bacterium,220137,PRJEB26432,SAMEA4890946,2019,2019-01-29,Illumina,Short,Contig,Inconclusive,Mediterraneibacter faecis,2026-09-29,1756820,65,0.3553249621475165,0,0,False,False,False,False,False,Mollicutes,2016-2019
GCA_900541455.1,uncultured Mollicutes bacterium,220137,PRJEB26432,SAMEA4891030,2019,2019-01-29,Illumina,Short,Contig,Inconclusive,Floccifex porci,2026-09-29,1478002,164,0.3476612345585459,25,0,True,False,False,False,True,Mollicutes,2016-2019
GCA_900542595.1,uncultured Mollicutes bacterium,220137,PRJEB26432,SAMEA4891148,2019,2019-01-29,Illumina,Short,Contig,Inconclusive,Hoskinsella hominis,2026-09-29,1150803,88,0.4098312221987603,0,1,False,False,False,False,False,Mollicutes,2016-2019
GCA_900542995.1,uncultured Mollicutes bacterium,220137,PRJEB26432,SAMEA4891186,2019,2019-01-29,Illumina,Short,Contig,Inconclusive,Faecalibacillus intestinalis,2026-09-29,1588121,116,0.3399526862247902,0,0,False,False,False,False,False,Mollicutes,2016-2019
GCA_900543055.1,uncultured Mollicutes bacterium,220137,PRJEB26432,SAMEA4891195,2019,2019-01-29,Illumina,Short,Contig,Inconclusive,na,2026-09-29,1620664,100,0.2605789972505096,0,0,False,False,False,False,False,Mollicutes,2016-2019
GCA_900543075.1,uncultured Mollicutes bacterium,220137,PRJEB26432,SAMEA4891194,2019,2019-01-29,Illumina,Short,Contig,Inconclusive,Hypnocyclicus thermotrophus,2026-09-29,1314164,28,0.2603328047336558,0,0,False,False,False,False,False,Mollicutes,2016-2019
GCA_900544005.1,uncultured Mollicutes bacterium,220137,PRJEB26432,SAMEA4891290,2019,2019-01-29,Illumina,Short,Contig,Inconclusive,Clostridium oceanicum,2026-09-29,1303871,41,0.2581083558112727,0,0,False,False,False,False,False,Mollicutes,2016-2019
GCA_900544585.1,uncultured Mycoplasmataceae bacterium,300027,PRJEB26432,SAMEA4891344,2019,2019-01-29,Illumina,Short,Contig,Inconclusive,Ureaplasma parvum,2026-09-29,542109,4,0.2830740681302099,0,0,False,False,False,False,False,Mycoplasmataceae,2016-2019
GCA_900545015.1,uncultured Mollicutes bacterium,220137,PRJEB26432,SAMEA4891385,2019,2019-01-29,Illumina,Short,Contig,Inconclusive,Faecalibacillus intestinalis,2026-09-29,1556359,69,0.2883133004660236,0,0,False,False,False,False,False,Mollicutes,2016-2019
GCA_900546855.1,uncultured Mollicutes bacterium,220137,PRJEB26432,SAMEA4891561,2019,2019-01-29,Illumina,Short,Contig,Inconclusive,Clostridium thermobutyricum,2026-09-29,2114094,162,0.262986887054218,0,0,False,False,False,False,False,Mollicutes,2016-2019
GCA_900546905.1,uncultured Mollicutes bacterium,220137,PRJEB26432,SAMEA4891578,2019,2019-01-29,Illumina,Short,Contig,Inconclusive,Clostridium massiliamazoniense,2026-09-29,1434648,30,0.3081640932131087,0,0,False,False,False,False,False,Mollicutes,2016-2019
GCA_900547045.1,uncultured Mollicutes bacterium,220137,PRJEB26432,SAMEA4891585,2019,2019-01-29,Illumina,Short,Contig,Inconclusive,Mycoplasma leachii,2026-09-29,1327874,220,0.3294996362606693,0,0,False,False,False,False,False,Mollicutes,2016-2019
GCA_900548675.1,uncultured Mollicutes bacterium,220137,PRJEB26432,SAMEA4891750,2019,2019-01-29,Illumina,Short,Contig,Inconclusive,Clostridium oceanicum,2026-09-29,1602803,50,0.3079224333870101,0,0,False,False,False,False,False,Mollicutes,2016-2019
GCA_900549915.1,uncultured Mollicutes bacterium,220137,PRJEB26432,SAMEA4891882,2019,2019-01-29,Illumina,Short,Contig,Inconclusive,Agathobacter rectalis,2026-09-29,1513830,182,0.4198773970657207,11,0,True,False,False,False,True,Mollicutes,2016-2019
GCA_900549975.1,uncultured Mollicutes bacterium,220137,PRJEB26432,SAMEA4891883,2019,2019-01-29,Illumina,Short,Contig,Inconclusive,Faecalibacillus intestinalis,2026-09-29,1620364,138,0.2999955565539595,0,0,False,False,False,False,False,Mollicutes,2016-2019
GCA_900550145.1,uncultured Mollicutes bacterium,220137,PRJEB26432,SAMEA4891900,2019,2019-01-29,Illumina,Short,Contig,Inconclusive,Tepiditoga spiralis,2026-09-29,1314913,67,0.2614028456635534,0,0,False,False,False,False,False,Mollicutes,2016-2019
GCA_900550795.1,uncultured Mollicutes bacterium,220137,PRJEB26432,SAMEA4891969,2019,2019-01-29,Illumina,Short,Contig,Inconclusive,na,2026-09-29,1135281,242,0.3575951680685222,0,0,False,False,False,False,False,Mollicutes,2016-2019
GCA_900551385.1,uncultured Mollicutes bacterium,220137,PRJEB26432,SAMEA4892023,2019,2019-01-29,Illumina,Short,Contig,Inconclusive,Methanosphaera stadtmanae,2026-09-29,1864537,356,0.2556661519723127,0,0,False,False,False,False,False,Mollicutes,2016-2019
GCA_900551955.1,uncultured Mollicutes bacterium,220137,PRJEB26432,SAMEA4892087,2019,2019-01-29,Illumina,Short,Contig,Inconclusive,Staphylococcus pragensis,2026-09-29,613433,35,0.3026980941683933,0,0,False,False,False,False,False,Mollicutes,2016-2019
GCA_900553385.1,uncultured Mollicutes bacterium,220137,PRJEB26432,SAMEA4892227,2019,2019-01-29,Illumina,Short,Contig,Inconclusive,Blautia fusiformis,2026-09-29,1699890,408,0.3153957020748401,445,0,True,False,False,False,True,Mollicutes,2016-2019
GCA_900556265.1,uncultured Mollicutes bacterium,220137,PRJEB26432,SAMEA4892511,2019,2019-01-29,Illumina,Short,Contig,Inconclusive,Roseburia faecis,2026-09-29,1434698,384,0.3313387207621395,568,0,True,False,False,False,True,Mollicutes,2016-2019
GCA_900557675.1,uncultured Mollicutes bacterium,220137,PRJEB26432,SAMEA4892656,2019,2019-01-29,Illumina,Short,Contig,Inconclusive,na,2026-09-29,649850,68,0.3188428098792029,0,0,False,False,False,False,False,Mollicutes,2016-2019
GCA_900660745.1,Haploplasma axanthum,29552,PRJEB6403,SAMEA104224787,2019,2019-01-29,PacBio,Long,Complete Genome,OK,Haploplasma axanthum,2026-09-29,1883099,1,0.2806012854342761,0,0,False,False,True,False,False,Haploplasma,2016-2019
GCA_900660755.1,Acholeplasma hippikon,264636,PRJEB6403,SAMEA104224796,2019,2019-01-29,PacBio,Long,Complete Genome,OK,Acholeplasma hippikon,2026-09-29,1465667,2,0.3097367956022753,0,0,False,False,False,False,False,Acholeplasma,2016-2019
GCA_900753625.1,Acholeplasmatales bacterium,2053494,PRJEB31003,SAMEA5279868,2020,2020-06-25,Illumina HiSeq 2000,Short,Contig,Inconclusive,Bacteroides stercoris,2026-09-29,2064383,165,0.3573740919199586,0,0,False,False,False,False,False,Acholeplasmatales,2020-2022
GCA_900760985.1,Acholeplasmatales bacterium,2053494,PRJEB31003,SAMEA5279865,2020,2020-06-26,Illumina Genome Analyzer II,Short,Contig,Inconclusive,Anaeroplasma bactoclasticum,2026-09-29,1699518,197,0.3220065924573909,5,0,True,False,False,False,True,Acholeplasmatales,2020-2022
GCA_900767915.1,Acholeplasmatales bacterium,2053494,PRJEB31003,SAMEA5279866,2020,2020-06-25,Illumina HiSeq 2000,Short,Contig,Inconclusive,Bovifimicola ammoniilytica,2026-09-29,1902160,68,0.2723656264457249,0,0,False,False,False,False,False,Acholeplasmatales,2020-2022
GCA_900770055.1,Acholeplasmatales bacterium,2053494,PRJEB31003,SAMEA5279869,2020,2020-06-25,Illumina HiSeq 2000,Short,Contig,Inconclusive,Anaeroplasma bactoclasticum,2026-09-29,1902494,246,0.2891614901282212,18,0,True,False,False,False,True,Acholeplasmatales,2020-2022
GCA_900772055.1,Mycoplasmatales bacterium,2023991,PRJEB31003,SAMEA5279703,2020,2020-06-26,Illumina HiSeq 2500,Short,Contig,Inconclusive,Ureaplasma zalophigenitalium,2026-09-29,551461,16,0.2827471026962922,0,0,False,False,False,False,False,Mycoplasmatales,2020-2022
GCA_902406085.1,uncultured Mycoplasma sp.,167967,PRJEB33885,SAMEA5853768,2019,2019-08-14,Illumina,Short,Contig,Inconclusive,na,2026-09-29,785527,156,0.2755487717163127,0,0,False,False,False,False,False,Mycoplasma,2016-2019
GCA_902461605.1,uncultured Mollicutes bacterium,220137,PRJEB33885,SAMEA5849849,2021,2021-03-13,Illumina,Short,Contig,Inconclusive,Clostridium tarantellae,2026-09-29,1763421,51,0.2863343467045022,0,0,False,False,False,False,False,Mollicutes,2020-2022
GCA_902462505.1,uncultured Mycoplasma sp.,167967,PRJEB33885,SAMEA5849936,2021,2021-03-17,Illumina,Short,Contig,Inconclusive,Clostridium fallax,2026-09-29,1031211,18,0.2444553054612489,0,0,False,False,False,False,False,Mycoplasma,2020-2022
GCA_902466145.1,uncultured Mycoplasmataceae bacterium,300027,PRJEB33885,SAMEA5850305,2021,2021-03-09,Illumina,Short,Contig,Inconclusive,Ureaplasma parvum,2026-09-29,542109,4,0.2830740681302099,0,0,False,False,False,False,False,Mycoplasmataceae,2020-2022
GCA_902467675.1,uncultured Mycoplasma sp.,167967,PRJEB33885,SAMEA5850461,2021,2021-03-13,Illumina,Short,Contig,Inconclusive,Clostridium thermobutyricum,2026-09-29,1304133,23,0.2753292800657602,0,0,False,False,False,False,False,Mycoplasma,2020-2022
GCA_902468555.1,uncultured Mycoplasma sp.,167967,PRJEB33885,SAMEA5850546,2021,2021-03-17,Illumina,Short,Contig,Inconclusive,Coprobacillus cateniformis,2026-09-29,1039027,29,0.2837520102942464,0,0,False,False,False,False,False,Mycoplasma,2020-2022
GCA_902468565.1,uncultured Acholeplasma sp.,453122,PRJEB33885,SAMEA5850550,2021,2021-03-09,Illumina,Short,Contig,Inconclusive,Candidatus Methanoflexus mossambicus,2026-09-29,852144,212,0.2902983533299536,0,0,False,False,False,False,False,Acholeplasma,2020-2022
GCA_902470465.1,uncultured Mycoplasma sp.,167967,PRJEB33885,SAMEA5850742,2021,2021-04-02,Illumina,Short,Contig,Inconclusive,Allocoprobacillus halotolerans,2026-09-29,1436828,178,0.2947847619896049,0,0,False,False,False,False,False,Mycoplasma,2020-2022
GCA_902471995.1,uncultured Mycoplasma sp.,167967,PRJEB33885,SAMEA5851225,2021,2021-03-09,Illumina,Short,Contig,Inconclusive,na,2026-09-29,713786,136,0.3049877694435027,1,0,True,False,False,False,True,Mycoplasma,2020-2022
GCA_902473095.1,uncultured Acholeplasmataceae bacterium,1233398,PRJEB33885,SAMEA5851344,2021,2021-03-17,Illumina,Short,Contig,Inconclusive,na,2026-09-29,1212195,69,0.3013764287099023,0,0,False,False,False,False,False,Acholeplasmataceae,2020-2022
GCA_902474025.1,uncultured Mycoplasma sp.,167967,PRJEB33885,SAMEA5851430,2021,2021-03-17,Illumina,Short,Contig,Inconclusive,na,2026-09-29,1177391,27,0.2708870714996123,0,0,False,False,False,False,False,Mycoplasma,2020-2022
GCA_902474205.1,uncultured Mycoplasma sp.,167967,PRJEB33885,SAMEA5851450,2021,2021-04-07,Illumina,Short,Contig,Inconclusive,Oceanivirga salmonicida,2026-09-29,974231,18,0.2410752685964622,0,0,False,False,False,False,False,Mycoplasma,2020-2022
GCA_902474305.1,uncultured Acholeplasmataceae bacterium,1233398,PRJEB33885,SAMEA5851472,2021,2021-03-09,Illumina,Short,Contig,Inconclusive,Hypnocyclicus thermotrophus,2026-09-29,554060,24,0.2813973215897195,0,0,False,False,False,False,False,Acholeplasmataceae,2020-2022
GCA_902474375.1,uncultured Mycoplasma sp.,167967,PRJEB33885,SAMEA5851466,2021,2021-03-13,Illumina,Short,Contig,Inconclusive,Clostridium thermobutyricum,2026-09-29,1407635,41,0.2945124268720229,0,0,False,False,False,False,False,Mycoplasma,2020-2022
GCA_902474975.1,uncultured Mycoplasma sp.,167967,PRJEB33885,SAMEA5851528,2021,2021-03-13,Illumina,Short,Contig,Inconclusive,Phocaeicola plebeius,2026-09-29,1672135,77,0.2922102581430327,0,0,False,False,False,False,False,Mycoplasma,2020-2022
GCA_902476115.1,uncultured Mycoplasma sp.,167967,PRJEB33885,SAMEA5851643,2021,2021-04-02,Illumina,Short,Contig,Inconclusive,Clostridium thermobutyricum,2026-09-29,1540464,26,0.2998622492963159,0,0,False,False,False,False,False,Mycoplasma,2020-2022
GCA_902476285.1,uncultured Mycoplasma sp.,167967,PRJEB33885,SAMEA5851671,2021,2021-03-17,Illumina,Short,Contig,Inconclusive,na,2026-09-29,982109,125,0.3027841105213372,0,0,False,False,False,False,False,Mycoplasma,2020-2022
GCA_902476725.1,uncultured Acholeplasmataceae bacterium,1233398,PRJEB33885,SAMEA5851711,2021,2021-03-17,Illumina,Short,Contig,Inconclusive,Holdemanella hominis,2026-09-29,1045475,158,0.320064085702671,0,0,False,False,False,False,False,Acholeplasmataceae,2020-2022
GCA_902477575.1,uncultured Acholeplasma sp.,453122,PRJEB33885,SAMEA5852112,2021,2021-03-17,Illumina,Short,Contig,Inconclusive,Clostridium thermobutyricum,2026-09-29,1265326,27,0.2598958687326428,0,0,False,False,False,False,False,Acholeplasma,2020-2022
GCA_902479525.1,uncultured Mycoplasma sp.,167967,PRJEB33885,SAMEA5852309,2021,2021-03-13,Illumina,Short,Contig,Inconclusive,Paraclostridium bifermentans,2026-09-29,1413908,32,0.2828401847927871,0,0,False,False,False,False,False,Mycoplasma,2020-2022
GCA_902480195.1,uncultured Mycoplasma sp.,167967,PRJEB33885,SAMEA5852375,2021,2021-03-16,Illumina,Short,Contig,Inconclusive,na,2026-09-29,1225239,25,0.2921470831405138,0,0,False,False,False,False,False,Mycoplasma,2020-2022
GCA_902480755.1,uncultured Mycoplasma sp.,167967,PRJEB33885,SAMEA5852430,2021,2021-03-13,Illumina,Short,Contig,Inconclusive,na,2026-09-29,1410926,14,0.289864953938052,0,0,False,False,True,False,False,Mycoplasma,2020-2022
GCA_902485545.1,uncultured Mycoplasma sp.,167967,PRJEB33885,SAMEA5852913,2021,2021-03-09,Illumina,Short,Contig,Failed,Metamycoplasma hominis,2026-09-29,604572,176,0.2693856149474339,8,0,True,False,False,False,True,Mycoplasma,2020-2022
GCA_902488205.1,uncultured Mycoplasma sp.,167967,PRJEB33885,SAMEA5853171,2021,2021-03-13,Illumina,Short,Contig,Inconclusive,Allofustis seminis,2026-09-29,1605651,61,0.3180628916246432,0,4,False,False,False,False,False,Mycoplasma,2020-2022
GCA_902491065.1,uncultured Mycoplasma sp.,167967,PRJEB33885,SAMEA5853488,2021,2021-03-12,Illumina,Short,Contig,Inconclusive,na,2026-09-29,1351663,21,0.2839605730126518,0,0,False,False,False,False,False,Mycoplasma,2020-2022
GCA_902491365.1,uncultured Mycoplasma sp.,167967,PRJEB33885,SAMEA5853505,2021,2021-03-12,Illumina,Short,Contig,Inconclusive,na,2026-09-29,1573020,22,0.2722667226100113,0,0,False,False,False,False,False,Mycoplasma,2020-2022
GCA_902493475.1,uncultured Mycoplasma sp.,167967,PRJEB33885,SAMEA5853725,2021,2021-03-12,Illumina,Short,Contig,Inconclusive,na,2026-09-29,1405729,30,0.2810940088736876,0,0,False,False,False,False,False,Mycoplasma,2020-2022
GCA_902493595.1,uncultured Mycoplasma sp.,167967,PRJEB33885,SAMEA5853749,2021,2021-03-09,Illumina,Short,Contig,Inconclusive,na,2026-09-29,1292544,23,0.2558427411368588,0,0,False,False,False,False,False,Mycoplasma,2020-2022
GCA_902493805.1,uncultured Acholeplasmataceae bacterium,1233398,PRJEB33885,SAMEA5853756,2021,2021-03-12,Illumina,Short,Contig,Inconclusive,Maccoyibacter intestinihominis,2026-09-29,1339361,65,0.3028541222269425,0,0,False,False,False,False,False,Acholeplasmataceae,2020-2022
GCA_902494265.1,uncultured Mycoplasma sp.,167967,PRJEB33885,SAMEA5853840,2021,2021-03-09,Illumina,Short,Contig,Inconclusive,Methanosphaera stadtmanae,2026-09-29,764795,29,0.2795729574591884,0,0,False,False,False,False,False,Mycoplasma,2020-2022
GCA_902494425.1,uncultured Mycoplasma sp.,167967,PRJEB33885,SAMEA5853859,2021,2021-03-17,Illumina,Short,Contig,Inconclusive,Coprobacillus cateniformis,2026-09-29,1302300,13,0.2546870920678799,0,0,False,False,False,False,False,Mycoplasma,2020-2022
GCA_902494965.1,uncultured Mycoplasma sp.,167967,PRJEB33885,SAMEA5853913,2021,2021-03-09,Illumina,Short,Contig,Inconclusive,na,2026-09-29,545879,19,0.2891904616224475,0,0,False,False,False,False,False,Mycoplasma,2020-2022
GCA_902495475.1,uncultured Mycoplasma sp.,167967,PRJEB33885,SAMEA5853962,2021,2021-03-12,Illumina,Short,Contig,Inconclusive,na,2026-09-29,1511314,30,0.2802442113286848,0,0,False,False,False,False,False,Mycoplasma,2020-2022
GCA_902497105.1,uncultured Mycoplasma sp.,167967,PRJEB33885,SAMEA5854127,2021,2021-04-07,Illumina,Short,Contig,Inconclusive,na,2026-09-29,937993,153,0.2743677191620833,0,0,False,False,False,False,False,Mycoplasma,2020-2022
GCA_902712995.1,Candidatus Mycoplasma haematohominis,1494318,PRJEB35870,SAMEA6425754,2020,2020-07-30,Illumina,Short,Contig,Inconclusive,Mycoplasma haemofelis,2026-09-29,1016508,38,0.3234081778008633,0,0,False,False,False,False,False,Mycoplasma,2020-2022
GCA_902809815.1,Spiroplasma endosymbiont of Danaus chrysippus,2691041,PRJEB36924,SAMEA6590544,2020,2020-02-28,Illumina HiSeq 2500,Short,Scaffold,Inconclusive,Mycoplasma capricolum,2026-09-29,1745430,12,0.2365629099992552,0,0,False,False,False,False,False,Spiroplasma,2020-2022
GCA_905187465.1,uncultured Mycoplasma sp.,167967,PRJEB37358,SAMEA7847330,2021,2021-02-03,Illumina Genome Analyzer II,Short,Contig,Inconclusive,na,2026-09-29,1275442,36,0.2918392212268374,0,0,False,False,False,False,False,Mycoplasma,2020-2022
GCA_905193235.1,uncultured Mycoplasma sp.,167967,PRJEB37358,SAMEA7847078,2021,2021-02-03,Illumina HiSeq 2000,Short,Contig,Inconclusive,[Clostridium] colinum,2026-09-29,1134294,50,0.2521462689567255,0,0,False,False,False,False,False,Mycoplasma,2020-2022
GCA_905193675.1,uncultured Mycoplasmataceae bacterium,300027,PRJEB37358,SAMEA7846289,2021,2021-02-03,Illumina HiSeq 2500,Short,Contig,Inconclusive,Ureaplasma parvum,2026-09-29,546651,5,0.2833068996489533,0,0,False,False,False,False,False,Mycoplasmataceae,2020-2022
GCA_905196965.1,uncultured Mycoplasma sp.,167967,PRJEB37358,SAMEA7847104,2021,2021-02-03,Illumina HiSeq 2000,Short,Contig,Inconclusive,Oceanotoga teriensis,2026-09-29,1195795,21,0.2527665695206954,0,0,False,False,False,False,False,Mycoplasma,2020-2022
GCA_905197455.1,uncultured Mycoplasma sp.,167967,PRJEB37358,SAMEA7847634,2021,2021-02-03,Illumina HiSeq 2000,Short,Contig,Inconclusive,Lachnospira eligens,2026-09-29,925700,11,0.2815804256238522,0,0,False,False,False,False,False,Mycoplasma,2020-2022
GCA_905199155.1,uncultured Mycoplasma sp.,167967,PRJEB37358,SAMEA7847830,2021,2021-02-03,Illumina HiSeq 2000,Short,Contig,Inconclusive,Phocaeicola plebeius,2026-09-29,1666486,86,0.2923690928096605,0,0,False,False,False,False,False,Mycoplasma,2020-2022
GCA_905200885.1,uncultured Acholeplasma sp.,453122,PRJEB37358,SAMEA7847185,2021,2021-02-03,Illumina HiSeq 2000,Short,Contig,Inconclusive,Hypnocyclicus thermotrophus,2026-09-29,1301750,49,0.2592294987516804,0,0,False,False,False,False,False,Acholeplasma,2020-2022
GCA_905201245.1,uncultured Mycoplasma sp.,167967,PRJEB37358,SAMEA7847241,2021,2021-02-03,Illumina HiSeq 2000,Short,Contig,Inconclusive,na,2026-09-29,1320482,8,0.2844022107079081,0,0,False,False,False,False,False,Mycoplasma,2020-2022
GCA_905203475.1,uncultured Acholeplasmataceae bacterium,1233398,PRJEB37358,SAMEA7847416,2021,2021-02-03,Illumina Genome Analyzer II,Short,Contig,Inconclusive,[Clostridium] ammoniilyticum,2026-09-29,1070800,60,0.3039269704893537,0,0,False,False,False,False,False,Acholeplasmataceae,2020-2022
GCA_905204075.1,uncultured Mollicutes bacterium,220137,PRJEB37358,SAMEA7847778,2021,2021-02-03,Illumina HiSeq 2000,Short,Contig,Inconclusive,Clostridium moniliforme,2026-09-29,907628,44,0.2856533734084889,0,0,False,False,False,False,False,Mollicutes,2020-2022
GCA_905206505.1,uncultured Mycoplasma sp.,167967,PRJEB37358,SAMEA7847593,2021,2021-02-03,Illumina HiSeq 2000,Short,Contig,Inconclusive,Fusobacterium hwasookii,2026-09-29,899689,79,0.2432196014400531,0,0,False,False,False,False,False,Mycoplasma,2020-2022
GCA_905207875.1,uncultured Mycoplasma sp.,167967,PRJEB37358,SAMEA7847479,2021,2021-02-03,Illumina Genome Analyzer II,Short,Contig,Inconclusive,na,2026-09-29,787551,166,0.2880829305022785,0,0,False,False,False,False,False,Mycoplasma,2020-2022
GCA_905209745.1,uncultured Mycoplasma sp.,167967,PRJEB37358,SAMEA7847227,2021,2021-02-03,Illumina HiSeq 2000,Short,Contig,Inconclusive,Chitinophaga silvisoli,2026-09-29,1179606,260,0.2995296734672424,2,0,True,False,False,False,True,Mycoplasma,2020-2022
GCA_905210225.1,uncultured Mycoplasma sp.,167967,PRJEB37358,SAMEA7847338,2021,2021-02-03,Illumina Genome Analyzer II,Short,Contig,Inconclusive,Clostridium thermobutyricum,2026-09-29,1305656,24,0.2753175415270178,0,0,False,False,False,False,False,Mycoplasma,2020-2022
GCA_905210965.1,uncultured Mycoplasma sp.,167967,PRJEB37358,SAMEA7847567,2021,2021-02-03,Illumina HiSeq 2000,Short,Contig,Inconclusive,Clostridium saudiense,2026-09-29,958958,209,0.3090781869487506,0,0,False,False,False,False,False,Mycoplasma,2020-2022
GCA_905211065.1,uncultured Mycoplasma sp.,167967,PRJEB37358,SAMEA7847591,2021,2021-02-03,Illumina HiSeq 2000,Short,Contig,Inconclusive,na,2026-09-29,1188431,34,0.2715908622376898,0,0,False,False,False,False,False,Mycoplasma,2020-2022
GCA_905211695.1,uncultured Acholeplasmataceae bacterium,1233398,PRJEB37358,SAMEA7847375,2021,2021-02-03,Illumina Genome Analyzer II,Short,Contig,Inconclusive,na,2026-09-29,887709,154,0.3077134511422099,0,0,False,False,False,False,False,Acholeplasmataceae,2020-2022
GCA_905212865.1,uncultured Acholeplasma sp.,453122,PRJEB37358,SAMEA7847664,2021,2021-02-03,Illumina HiSeq 2000,Short,Contig,Inconclusive,Candidatus Methanoflexus mossambicus,2026-09-29,730958,183,0.2948103721417646,0,0,False,False,False,False,False,Acholeplasma,2020-2022
GCA_905213055.1,uncultured Mycoplasma sp.,167967,PRJEB37358,SAMEA7847672,2021,2021-02-03,Illumina HiSeq 2000,Short,Contig,Inconclusive,Hypnocyclicus thermotrophus,2026-09-29,1154059,37,0.2973582806424975,0,0,False,False,False,False,False,Mycoplasma,2020-2022
GCA_905235665.1,uncultured Acholeplasmatales bacterium,345904,PRJEB34458,SAMEA8030375,2021,2021-03-18,Illumina HiSeq 2000,Short,Contig,Inconclusive,Anaeroplasma bactoclasticum,2026-09-29,1802081,96,0.295849076706319,0,0,False,False,False,False,False,Acholeplasmatales,2020-2022
GCA_905236105.1,uncultured Acholeplasmatales bacterium,345904,PRJEB34458,SAMEA8030430,2021,2021-03-18,Illumina HiSeq 2000,Short,Contig,Inconclusive,na,2026-09-29,1645733,176,0.2676515570873282,0,4,False,False,False,False,False,Acholeplasmatales,2020-2022
GCA_905236435.1,uncultured Mycoplasma sp.,167967,PRJEB34458,SAMEA8030463,2021,2021-03-17,Illumina HiSeq 2000,Short,Contig,Inconclusive,Spiroplasma phoeniceum,2026-09-29,485223,92,0.294359500683191,0,6,False,False,False,False,False,Mycoplasma,2020-2022
GCA_905236965.1,uncultured Acholeplasmatales bacterium,345904,PRJEB34458,SAMEA8030472,2021,2021-03-17,Illumina HiSeq 2000,Short,Contig,Inconclusive,Clostridium tarantellae,2026-09-29,1497236,146,0.2495505050639979,0,0,False,False,False,False,False,Acholeplasmatales,2020-2022
GCA_910577745.1,uncultured Anaeroplasmataceae bacterium,658266,PRJEB45234,SAMEA8805039,2021,2021-07-07,Illumina,Short,Scaffold,Inconclusive,Haliovirga abyssi,2026-09-29,1917509,42,0.3203301783720441,0,8,False,False,False,False,False,Anaeroplasmataceae,2020-2022
GCA_910578525.1,uncultured Mycoplasmatales bacterium,749450,PRJEB45234,SAMEA8805192,2021,2021-07-07,Illumina,Short,Scaffold,Inconclusive,na,2026-09-29,1277843,162,0.2760299974253488,0,0,False,False,False,False,False,Mycoplasmatales,2020-2022
GCA_910579215.1,uncultured Anaeroplasmataceae bacterium,658266,PRJEB45234,SAMEA8805124,2021,2021-07-07,Illumina,Short,Scaffold,Inconclusive,na,2026-09-29,1909559,25,0.320931167876981,0,0,False,False,False,False,False,Anaeroplasmataceae,2020-2022
GCA_910579765.1,uncultured Mycoplasmatales bacterium,749450,PRJEB45234,SAMEA8805273,2021,2021-07-07,Illumina,Short,Scaffold,Inconclusive,Mycoplasmopsis cricetuli,2026-09-29,709206,25,0.2360837330761443,0,0,False,False,False,False,False,Mycoplasmatales,2020-2022
GCA_910584005.1,uncultured Anaeroplasmataceae bacterium,658266,PRJEB45234,SAMEA8805395,2021,2021-07-07,Illumina,Short,Scaffold,Inconclusive,na,2026-09-29,1708819,19,0.3061980233131771,0,0,False,False,False,False,False,Anaeroplasmataceae,2020-2022
GCA_910584105.1,uncultured Anaeroplasmataceae bacterium,658266,PRJEB45234,SAMEA8805392,2021,2021-07-07,Illumina,Short,Scaffold,Inconclusive,Helicobacter japonicus,2026-09-29,1943018,52,0.3486107694318838,0,0,False,False,False,False,False,Anaeroplasmataceae,2020-2022
GCA_913064935.1,uncultured Mollicutes bacterium,220137,PRJEB37807,SAMEA9694818,2021,2021-09-22,Illumina MiSeq,Short,Contig,Inconclusive,na,2026-09-29,1561829,342,0.3253525193859251,12,0,True,False,False,False,True,Mollicutes,2020-2022
GCA_913776435.1,Mycoplasmatales bacterium,2023991,PRJEB45634,SAMEA8943735,2021,2021-11-12,Illumina Hiseq,Short,Contig,Inconclusive,Mesomycoplasma neurolyticum,2026-09-29,435672,127,0.2778489322242421,2,0,True,False,False,False,True,Mycoplasmatales,2020-2022
GCA_918697755.1,Spiroplasma endosymbiont of Phyllotreta cruciferae,2886375,PRJEB47904,SAMEA10589438,2022,2022-06-24,PACBIO_SMRT,Long,Chromosome,Inconclusive,Spiroplasma phoeniceum,2026-09-29,736059,1,0.2637927122689893,0,0,False,False,False,False,False,Spiroplasma,2020-2022
GCA_927433595.1,uncultured Acholeplasmatales bacterium,345904,PRJEB48900,SAMEA11549149,2022,2022-03-05,Illumina NovaSeq 6000,Short,Contig,Inconclusive,Paracholeplasma morum,2026-09-29,1592376,133,0.3616105743869538,0,0,False,False,False,False,False,Acholeplasmatales,2020-2022
GCA_927439925.1,uncultured Acholeplasmataceae bacterium,1233398,PRJEB48900,SAMEA11549161,2022,2022-03-05,Illumina NovaSeq 6000,Short,Contig,Inconclusive,Peloplasma aerotolerans,2026-09-29,1936026,211,0.3300720134956865,0,0,False,False,False,False,False,Acholeplasmataceae,2020-2022
GCA_927441705.1,uncultured Acholeplasmataceae bacterium,1233398,PRJEB48900,SAMEA11549148,2022,2022-03-05,Illumina NovaSeq 6000,Short,Contig,Inconclusive,Mariniplasma anaerobium,2026-09-29,1759517,105,0.3092456623039163,0,0,False,False,False,False,False,Acholeplasmataceae,2020-2022
GCA_928721615.1,uncultured Mollicutes bacterium,220137,PRJEB50473,SAMEA12751983,2022,2022-02-02,PACBIO_SMRT,Long,Complete Genome,Inconclusive,Amedibacterium intestinale,2026-09-29,1706270,1,0.2964126427822091,0,0,False,False,False,False,False,Mollicutes,2020-2022
GCA_930971515.1,uncultured Mycoplasma sp.,167967,PRJEB50262,SAMEA13009030,2022,2022-02-26,Illumina NovaSeq 6000,Short,Contig,Inconclusive,na,2026-09-29,1679995,92,0.2806686924663466,0,0,False,False,False,False,False,Mycoplasma,2020-2022
GCA_930980195.1,uncultured Mycoplasma sp.,167967,PRJEB50262,SAMEA13009028,2022,2022-02-26,Illumina NovaSeq 6000,Short,Contig,Inconclusive,Fusobacterium polymorphum,2026-09-29,1602668,67,0.3078516573613499,0,0,False,False,False,False,False,Mycoplasma,2020-2022
GCA_930982015.1,uncultured Mycoplasma sp.,167967,PRJEB50262,SAMEA13008880,2022,2022-02-26,Illumina NovaSeq 6000,Short,Contig,Inconclusive,Clostridium thermobutyricum,2026-09-29,1631411,98,0.3061601276441068,0,0,False,False,False,False,False,Mycoplasma,2020-2022
GCA_930987475.1,uncultured Mollicutes bacterium,220137,PRJEB50262,SAMEA13008916,2022,2022-02-26,Illumina NovaSeq 6000,Short,Contig,Inconclusive,na,2026-09-29,1149259,25,0.2778999337834204,0,0,False,False,False,False,False,Mollicutes,2020-2022
GCA_930989445.1,uncultured Mycoplasma sp.,167967,PRJEB50262,SAMEA13008884,2022,2022-02-26,Illumina NovaSeq 6000,Short,Contig,Inconclusive,na,2026-09-29,1386607,108,0.2871260566259942,0,0,False,False,False,False,False,Mycoplasma,2020-2022
GCA_930990255.1,uncultured Mycoplasma sp.,167967,PRJEB50262,SAMEA13009011,2022,2022-02-26,Illumina NovaSeq 6000,Short,Contig,Inconclusive,Fusobacterium vincentii,2026-09-29,1348536,80,0.2860005220476131,0,0,False,False,False,False,False,Mycoplasma,2020-2022
GCA_934096045.1,uncultured Anaeroplasmataceae bacterium,658266,PRJEB49206,SAMEA13473417,2022,2022-04-15,Illlumina NovaSeq 6000,Short,Contig,Inconclusive,Anaeroplasma bactoclasticum,2026-09-29,1838392,26,0.3166022262934129,0,0,False,False,False,False,False,Anaeroplasmataceae,2020-2022
GCA_934120175.1,uncultured Anaeroplasmataceae bacterium,658266,PRJEB49206,SAMEA13476160,2022,2022-04-15,Illlumina NovaSeq 6000,Short,Contig,Inconclusive,Anaeroplasma bactoclasticum,2026-09-29,1745644,223,0.3275834018849204,0,2,False,False,False,False,False,Anaeroplasmataceae,2020-2022
GCA_934162155.1,uncultured Anaeroplasmataceae bacterium,658266,PRJEB49206,SAMEA13484388,2022,2022-04-15,Illlumina NovaSeq 6000,Short,Contig,Inconclusive,na,2026-09-29,2072467,46,0.2962599645736217,0,0,False,False,False,False,False,Anaeroplasmataceae,2020-2022
GCA_934169455.1,uncultured Anaeroplasmataceae bacterium,658266,PRJEB49206,SAMEA13487131,2022,2022-04-15,Illlumina NovaSeq 6000,Short,Contig,Inconclusive,na,2026-09-29,2143320,37,0.2932688539275516,0,0,False,False,False,False,False,Anaeroplasmataceae,2020-2022
GCA_934202395.1,uncultured Anaeroplasma sp.,538969,PRJEB49206,SAMEA13470679,2022,2022-04-15,Illlumina NovaSeq 6000,Short,Contig,Inconclusive,Anaeroplasma bactoclasticum,2026-09-29,1784686,228,0.2806247149358487,0,1,False,False,False,False,False,Anaeroplasma,2020-2022
GCA_934216145.1,uncultured Anaeroplasma sp.,538969,PRJEB49206,SAMEA13522788,2022,2022-04-15,Illlumina NovaSeq 6000,Short,Contig,Inconclusive,Anaeroplasma bactoclasticum,2026-09-29,1915831,97,0.2787276121954389,0,0,False,False,False,False,False,Anaeroplasma,2020-2022
GCA_934229535.1,uncultured Anaeroplasmataceae bacterium,658266,PRJEB49206,SAMEA13481650,2022,2022-04-15,Illlumina NovaSeq 6000,Short,Contig,Inconclusive,na,2026-09-29,1861640,61,0.291500504931136,0,0,False,False,False,False,False,Anaeroplasmataceae,2020-2022
GCA_934229785.1,uncultured Anaeroplasmataceae bacterium,658266,PRJEB49206,SAMEA13511819,2022,2022-04-15,Illlumina NovaSeq 6000,Short,Contig,Inconclusive,Anaeroplasma bactoclasticum,2026-09-29,2082008,53,0.2843250362150386,0,0,False,False,False,False,False,Anaeroplasmataceae,2020-2022
GCA_937865025.1,uncultured Acholeplasmatales bacterium,345904,PRJEB51080,SAMEA14036679,2023,2023-01-09,Illumina HiSeq 2500,Short,Contig,Inconclusive,Gemelliphila palaticanis,2026-09-29,1290449,108,0.2987262572949415,0,0,False,False,False,False,False,Acholeplasmatales,2023-2026
GCA_937868795.1,uncultured Acholeplasma sp.,453122,PRJEB51074,SAMEA14036320,2023,2023-01-10,Illumina MiSeq,Short,Contig,Inconclusive,Paracholeplasma manati,2026-09-29,1987966,155,0.3896359394476565,0,0,False,False,False,False,False,Acholeplasma,2023-2026
GCA_937871375.1,uncultured Acholeplasmataceae bacterium,1233398,PRJEB51074,SAMEA14036394,2023,2023-01-09,NextSeq 500,Unknown,Contig,Inconclusive,Acholeplasma hippikon,2026-09-29,1346505,555,0.3562979714148852,0,0,False,False,False,False,False,Acholeplasmataceae,2023-2026
GCA_937873995.1,uncultured Acholeplasmataceae bacterium,1233398,PRJEB51073,SAMEA14037323,2023,2023-01-09,Illumina HiSeq 2000,Short,Contig,Inconclusive,Hujiaoplasma nucleasis,2026-09-29,1271489,21,0.3304519347001822,0,0,False,False,False,False,False,Acholeplasmataceae,2023-2026
GCA_937875785.1,uncultured Mollicutes bacterium,220137,PRJEB50943,SAMEA14075797,2023,2023-01-09,Illumina HiSeq 2000,Short,Contig,Inconclusive,Bacteroides intestinalis,2026-09-29,1724650,76,0.3053900791464934,23,0,True,False,False,False,True,Mollicutes,2023-2026
GCA_937876935.1,uncultured Mycoplasma sp.,167967,PRJEB51895,SAMEA14080967,2023,2023-01-09,Illumina HiSeq 2000,Short,Contig,Inconclusive,Mesomycoplasma neurolyticum,2026-09-29,900457,97,0.2445547094419833,0,0,False,False,False,False,False,Mycoplasma,2023-2026
GCA_937877075.1,uncultured Acholeplasmatales bacterium,345904,PRJEB51073,SAMEA14037517,2023,2023-01-10,Illumina HiSeq 2000,Short,Contig,Inconclusive,na,2026-09-29,2133205,147,0.3429360984996754,3,0,True,False,False,False,True,Acholeplasmatales,2023-2026
GCA_937885255.1,uncultured Mollicutes bacterium,220137,PRJEB51895,SAMEA14081035,2023,2023-01-10,Illumina HiSeq 2000,Short,Contig,Inconclusive,Anaeroplasma bactoclasticum,2026-09-29,1946225,77,0.3470754922991946,0,0,False,True,False,False,True,Mollicutes,2023-2026
GCA_937889295.1,uncultured Mycoplasmataceae bacterium,300027,PRJEB50943,SAMEA14076049,2023,2023-01-09,Illumina HiSeq 2000,Short,Contig,Inconclusive,na,2026-09-29,502430,237,0.2981629281690982,0,0,False,False,False,False,False,Mycoplasmataceae,2023-2026
GCA_937893635.1,uncultured Mollicutes bacterium,220137,PRJEB51895,SAMEA14080955,2023,2023-01-10,Illumina HiSeq 2500,Short,Contig,Inconclusive,na,2026-09-29,2386581,266,0.293185523558597,1,0,True,False,False,False,True,Mollicutes,2023-2026
GCA_937894865.1,uncultured Acholeplasmataceae bacterium,1233398,PRJEB51078,SAMEA14074770,2023,2023-01-09,Illumina HiSeq 2500,Short,Contig,Inconclusive,Paracholeplasma morum,2026-09-29,534443,283,0.3363258570137508,0,0,False,False,False,False,False,Acholeplasmataceae,2023-2026
GCA_937898955.1,uncultured Mollicutes bacterium,220137,PRJEB51895,SAMEA14081068,2023,2023-01-09,Illumina HiSeq 2500,Short,Contig,Inconclusive,Anaeroplasma bactoclasticum,2026-09-29,1765596,132,0.3261827734090924,0,0,False,False,False,False,False,Mollicutes,2023-2026
GCA_937901405.1,uncultured Anaeroplasma sp.,538969,PRJEB51895,SAMEA14081147,2023,2023-01-09,Illumina HiSeq 2000,Short,Contig,OK,Anaeroplasma bactoclasticum,2026-09-29,1182745,515,0.3299764530816025,0,0,False,False,False,False,False,Anaeroplasma,2023-2026
GCA_937905855.1,uncultured Mollicutes bacterium,220137,PRJEB51895,SAMEA14080889,2023,2023-01-09,Illumina HiSeq 2500,Short,Contig,Inconclusive,na,2026-09-29,1792516,261,0.2914121826527629,1,0,True,False,False,False,True,Mollicutes,2023-2026
GCA_937906315.1,uncultured Mollicutes bacterium,220137,PRJEB51895,SAMEA14080827,2023,2023-01-09,Illumina HiSeq 2500,Short,Contig,Inconclusive,Clostridium tarantellae,2026-09-29,1698738,240,0.2922234034912976,0,0,False,False,False,False,False,Mollicutes,2023-2026
GCA_937912925.1,uncultured Mycoplasmataceae bacterium,300027,PRJEB51895,SAMEA14081023,2023,2023-01-09,Illumina HiSeq 2000,Short,Contig,Inconclusive,Malacoplasma muris,2026-09-29,1000078,126,0.2731596935439035,0,0,False,False,False,False,False,Mycoplasmataceae,2023-2026
GCA_937915425.1,uncultured Acholeplasmataceae bacterium,1233398,PRJEB51073,SAMEA14037468,2023,2023-01-09,Illumina HiSeq 2000,Short,Contig,Inconclusive,na,2026-09-29,1145120,32,0.3099683875925667,0,0,False,False,False,False,False,Acholeplasmataceae,2023-2026
GCA_937919135.1,uncultured Haloplasmataceae bacterium,1233400,PRJEB51073,SAMEA14037443,2023,2023-01-10,Illumina HiSeq 2000,Short,Contig,Inconclusive,na,2026-09-29,2250961,202,0.3023708540485597,0,0,False,False,False,False,False,Haloplasmataceae,2023-2026
GCA_937921085.1,uncultured Mollicutes bacterium,220137,PRJEB51075,SAMEA14084086,2023,2023-01-09,Illumina HiSeq 2000,Short,Contig,Inconclusive,na,2026-09-29,1385428,484,0.3564335353407034,64,0,True,False,False,False,True,Mollicutes,2023-2026
GCA_937921895.1,uncultured Mollicutes bacterium,220137,PRJEB51075,SAMEA14084061,2023,2023-01-09,Illumina HiSeq 2000,Short,Contig,Inconclusive,na,2026-09-29,1439792,115,0.3454505928634136,0,0,False,False,False,False,False,Mollicutes,2023-2026
GCA_937924825.1,uncultured Mollicutes bacterium,220137,PRJEB51075,SAMEA14083897,2023,2023-01-09,Illumina Genome Analyzer IIx,Short,Contig,Inconclusive,na,2026-09-29,1675773,135,0.3128663607779812,0,0,False,False,True,False,False,Mollicutes,2023-2026
GCA_937926565.1,uncultured Mollicutes bacterium,220137,PRJEB51075,SAMEA14084450,2023,2023-01-09,Illumina HiSeq 1000,Short,Contig,Inconclusive,Chitinophaga silvisoli,2026-09-29,1672284,75,0.28845399465641,0,0,False,False,False,False,False,Mollicutes,2023-2026
GCA_937926655.1,uncultured Acholeplasmataceae bacterium,1233398,PRJEB51075,SAMEA14083591,2023,2023-01-09,Illumina HiSeq 2500,Short,Contig,Inconclusive,Fusobacterium pseudoperiodonticum,2026-09-29,466852,212,0.3524393169569799,0,0,False,False,False,False,False,Acholeplasmataceae,2023-2026
GCA_937934685.1,uncultured Acholeplasma sp.,453122,PRJEB51072,SAMEA14082495,2023,2023-01-09,HiSeq X Ten,Short,Contig,Inconclusive,Haploplasma modicum,2026-09-29,1030233,91,0.3181309470770204,1,0,True,False,False,False,True,Acholeplasma,2023-2026
GCA_937936465.1,uncultured Mycoplasmatales bacterium,749450,PRJEB50838,SAMEA14073353,2023,2023-01-25,illumina novaseq 6000,Short,Contig,Inconclusive,Mycoplasma leachii,2026-09-29,987159,25,0.2617075871262886,0,0,False,False,False,False,False,Mycoplasmatales,2023-2026
GCA_937937935.1,uncultured Mollicutes bacterium,220137,PRJEB51075,SAMEA14083414,2023,2023-01-09,Illumina HiSeq 2000,Short,Contig,Inconclusive,Solobacterium moorei,2026-09-29,1747780,31,0.4575896279852155,0,0,False,False,False,False,False,Mollicutes,2023-2026
GCA_937941515.1,uncultured Mollicutes bacterium,220137,PRJEB51075,SAMEA14085034,2023,2023-01-09,Illumina HiSeq 2000,Short,Contig,Inconclusive,Candidatus Methanoflexus mossambicus,2026-09-29,1506523,46,0.32068876479151,0,0,False,False,False,False,False,Mollicutes,2023-2026
GCA_937942195.1,uncultured Acholeplasmataceae bacterium,1233398,PRJEB51072,SAMEA14081870,2023,2023-01-09,Illumina HiSeq 2500,Short,Contig,Inconclusive,Paracholeplasma manati,2026-09-29,1125134,534,0.381886068681597,39,0,True,False,False,False,True,Acholeplasmataceae,2023-2026
GCA_937943695.1,uncultured Mollicutes bacterium,220137,PRJEB51075,SAMEA14083712,2023,2023-01-09,Illumina HiSeq 2500,Short,Contig,Inconclusive,Fusobacterium hwasookii,2026-09-29,1704366,19,0.2855654243278732,0,0,False,False,False,False,False,Mollicutes,2023-2026
GCA_937958385.1,uncultured Mollicutes bacterium,220137,PRJEB51075,SAMEA14085924,2023,2023-01-09,NextSeq 500,Unknown,Contig,Inconclusive,na,2026-09-29,869257,371,0.2971181135153355,0,0,False,False,False,False,False,Mollicutes,2023-2026
GCA_937968105.1,uncultured Acholeplasmataceae bacterium,1233398,PRJEB51072,SAMEA14082556,2023,2023-01-09,Illumina MiSeq,Short,Contig,Inconclusive,Peloplasma aerotolerans,2026-09-29,824580,443,0.4252649833854811,3,0,True,False,False,False,True,Acholeplasmataceae,2023-2026
GCA_937973845.1,uncultured Mycoplasma sp.,167967,PRJEB51075,SAMEA14084471,2023,2023-01-09,Illumina HiSeq 2000,Short,Contig,Inconclusive,Clostridium lentum,2026-09-29,1396231,105,0.2872332730042521,0,0,False,False,False,False,False,Mycoplasma,2023-2026
GCA_937976885.1,uncultured Mollicutes bacterium,220137,PRJEB51075,SAMEA14083879,2023,2023-01-09,Illumina HiSeq 2000,Short,Contig,Inconclusive,Bacteroides parvus,2026-09-29,1735803,107,0.4069119594792727,0,0,False,False,False,False,False,Mollicutes,2023-2026
GCA_937977585.1,uncultured Mollicutes bacterium,220137,PRJEB51075,SAMEA14084449,2023,2023-01-09,Illumina HiSeq 1000,Short,Contig,Inconclusive,Coprobacter fastidiosus,2026-09-29,1393244,55,0.380425826344847,0,0,False,False,False,False,False,Mollicutes,2023-2026
GCA_937981485.1,uncultured Mycoplasmataceae bacterium,300027,PRJEB51075,SAMEA14085560,2023,2023-01-09,Illumina HiSeq 2500,Short,Contig,Inconclusive,Ureaplasma parvum,2026-09-29,582794,12,0.2835993507139744,0,0,False,False,False,False,False,Mycoplasmataceae,2023-2026
GCA_937981625.1,uncultured Mycoplasma sp.,167967,PRJEB51075,SAMEA14085946,2023,2023-01-09,Illumina HiSeq 2000,Short,Contig,Inconclusive,Oceanotoga teriensis,2026-09-29,1284523,54,0.2526525410599888,12,0,True,False,False,False,True,Mycoplasma,2023-2026
GCA_937983315.1,uncultured Acholeplasmataceae bacterium,1233398,PRJEB51072,SAMEA14082206,2023,2023-01-09,Illumina HiSeq 3000,Short,Contig,Inconclusive,Acholeplasma palmae,2026-09-29,1764596,411,0.3836798904678464,337,0,True,False,False,False,True,Acholeplasmataceae,2023-2026
GCA_937997785.1,uncultured Mollicutes bacterium,220137,PRJEB51075,SAMEA14083910,2023,2023-01-09,Illumina Genome Analyzer IIx,Short,Contig,Inconclusive,Allocoprobacillus halotolerans,2026-09-29,1596006,56,0.3002588962698135,0,0,False,False,False,False,False,Mollicutes,2023-2026
GCA_937997795.1,uncultured Mollicutes bacterium,220137,PRJEB51075,SAMEA14083900,2023,2023-01-09,Illumina Genome Analyzer IIx,Short,Contig,Inconclusive,na,2026-09-29,1446360,38,0.274802953621505,0,1,False,False,False,False,False,Mollicutes,2023-2026
GCA_938004775.1,uncultured Mollicutes bacterium,220137,PRJEB51075,SAMEA14085151,2023,2023-01-09,Illumina HiSeq 2000,Short,Contig,Inconclusive,Tepidibacter formicigenes,2026-09-29,1489685,14,0.3086095382580881,0,0,False,False,False,False,False,Mollicutes,2023-2026
GCA_938004935.1,uncultured Mycoplasma sp.,167967,PRJEB51075,SAMEA14083754,2023,2023-01-09,Illumina HiSeq 2500,Short,Contig,Inconclusive,[Clostridium] colinum,2026-09-29,986600,24,0.2408189742550172,0,0,False,False,False,False,False,Mycoplasma,2023-2026
GCA_938011645.1,uncultured Mollicutes bacterium,220137,PRJEB51075,SAMEA14083963,2023,2023-01-09,Illumina Genome Analyzer IIx,Short,Contig,Inconclusive,na,2026-09-29,1871006,130,0.2512755170213243,22,0,True,False,False,False,True,Mollicutes,2023-2026
GCA_938011725.1,uncultured Mollicutes bacterium,220137,PRJEB51075,SAMEA14084207,2023,2023-01-09,Illumina HiSeq 2000,Short,Contig,Inconclusive,Treponema rectale,2026-09-29,1035417,24,0.4183358009381727,0,0,False,False,False,False,False,Mollicutes,2023-2026
GCA_938015955.1,uncultured Mycoplasma sp.,167967,PRJEB51075,SAMEA14084102,2023,2023-01-09,Illumina HiSeq 2000,Short,Contig,Inconclusive,Hypnocyclicus thermotrophus,2026-09-29,1514005,307,0.2950109147591983,109,0,True,False,False,False,True,Mycoplasma,2023-2026
GCA_938021225.1,uncultured Mollicutes bacterium,220137,PRJEB51075,SAMEA14084187,2023,2023-01-09,Illumina Genome Analyzer IIx,Short,Contig,Inconclusive,Clostridium fallax,2026-09-29,1668782,51,0.2964551391374068,0,0,False,False,False,False,False,Mollicutes,2023-2026
GCA_938021665.1,uncultured Mollicutes bacterium,220137,PRJEB51075,SAMEA14085540,2023,2023-01-12,Illumina HiSeq 2500,Short,Contig,Inconclusive,Staphylococcus pragensis,2026-09-29,907695,99,0.3006924132004693,0,0,False,False,False,False,False,Mollicutes,2023-2026
GCA_938021725.1,uncultured Mollicutes bacterium,220137,PRJEB51075,SAMEA14084333,2023,2023-01-09,Illumina HiSeq 2000,Short,Contig,Inconclusive,na,2026-09-29,1802744,59,0.348911437231243,0,0,False,False,False,False,False,Mollicutes,2023-2026
GCA_938024315.1,uncultured Mollicutes bacterium,220137,PRJEB51075,SAMEA14083927,2023,2023-01-09,Illumina Genome Analyzer IIx,Short,Contig,Inconclusive,Clostridium tepidum,2026-09-29,1249755,59,0.2851070809878736,0,0,False,False,False,False,False,Mollicutes,2023-2026
GCA_938028895.1,uncultured Mollicutes bacterium,220137,PRJEB51075,SAMEA14085187,2023,2023-01-10,Illumina HiSeq 2000,Short,Contig,Inconclusive,Terrisporobacter othiniensis,2026-09-29,1908381,42,0.2937877708906136,0,0,False,False,False,False,False,Mollicutes,2023-2026
GCA_938030535.1,uncultured Mollicutes bacterium,220137,PRJEB51075,SAMEA14085239,2023,2023-01-09,Illumina HiSeq 2000,Short,Contig,Inconclusive,Clostridium nigeriense,2026-09-29,1613352,16,0.3354302098983979,0,0,False,False,False,False,False,Mollicutes,2023-2026
GCA_938034485.1,uncultured Mollicutes bacterium,220137,PRJEB51075,SAMEA14084315,2023,2023-01-09,Illumina HiSeq 2000,Short,Contig,Inconclusive,Clostridium fallax,2026-09-29,1518906,115,0.2821570261754184,0,0,False,False,False,False,False,Mollicutes,2023-2026
GCA_938034585.1,uncultured Mollicutes bacterium,220137,PRJEB51075,SAMEA14084358,2023,2023-01-09,Illumina HiSeq 2000,Short,Contig,Inconclusive,Faecalibacillus intestinalis,2026-09-29,1727321,40,0.3860990516528196,0,0,False,False,False,False,False,Mollicutes,2023-2026
GCA_938034805.1,uncultured Mollicutes bacterium,220137,PRJEB51075,SAMEA14083478,2023,2023-01-09,Illumina HiSeq 2500,Short,Contig,Inconclusive,na,2026-09-29,1738702,196,0.2486164966739556,0,0,False,False,False,False,False,Mollicutes,2023-2026
GCA_938035595.1,uncultured Mollicutes bacterium,220137,PRJEB51075,SAMEA14084259,2023,2023-01-09,Illumina HiSeq 2000,Short,Contig,Inconclusive,na,2026-09-29,1484401,50,0.2988841963862864,0,0,False,False,False,False,False,Mollicutes,2023-2026
GCA_938038805.1,uncultured Mycoplasma sp.,167967,PRJEB51075,SAMEA14085088,2023,2023-01-09,Illumina HiSeq 2000,Short,Contig,Inconclusive,Maccoyibacter intestinihominis,2026-09-29,1488120,249,0.2947678950622261,0,0,False,False,False,False,False,Mycoplasma,2023-2026
GCA_938039835.1,uncultured Mollicutes bacterium,220137,PRJEB51075,SAMEA14084194,2023,2023-01-09,Illumina HiSeq 2000,Short,Contig,Inconclusive,Treponema rectale,2026-09-29,1626702,38,0.4205711925109823,0,0,False,False,False,False,False,Mollicutes,2023-2026
GCA_938040695.1,uncultured Mollicutes bacterium,220137,PRJEB51075,SAMEA14083442,2023,2023-01-09,Illumina HiSeq 2000,Short,Contig,Inconclusive,[Clostridium] ammoniilyticum,2026-09-29,1347917,76,0.3057918254610632,0,0,False,False,False,False,False,Mollicutes,2023-2026
GCA_938041945.1,uncultured Acholeplasmataceae bacterium,1233398,PRJEB51075,SAMEA14083586,2023,2023-01-09,Illumina HiSeq 2500,Short,Contig,Inconclusive,Acholeplasma palmae,2026-09-29,726483,113,0.343899306659619,0,0,False,False,False,False,False,Acholeplasmataceae,2023-2026
GCA_938045765.1,uncultured Mollicutes bacterium,220137,PRJEB51075,SAMEA14084190,2023,2023-01-09,Illumina Genome Analyzer IIx,Short,Contig,Inconclusive,Holdemanella biformis,2026-09-29,1582672,124,0.2910754723657207,0,0,False,False,False,False,False,Mollicutes,2023-2026
GCA_939799495.1,uncultured Mollicutes bacterium,220137,PRJEB41442,SAMEA14251187,2022,2022-05-03,Illumina HiSeq 2500,Short,Contig,Inconclusive,Methanobrevibacter woesei,2026-09-29,1554935,187,0.3022717991427294,1,0,True,False,False,False,True,Mollicutes,2020-2022
GCA_944323055.1,uncultured Acholeplasmatales bacterium,345904,PRJEB53581,SAMEA110134556,2022,2022-06-30,ILLUMINA,Short,Contig,Inconclusive,na,2026-09-29,1621716,48,0.2725989014106045,0,1,False,False,False,False,False,Acholeplasmatales,2020-2022
GCA_944324705.1,uncultured Acholeplasmatales bacterium,345904,PRJEB53581,SAMEA110134555,2022,2022-06-30,ILLUMINA,Short,Contig,Inconclusive,na,2026-09-29,1640904,55,0.2744121533008634,0,3,False,False,False,False,False,Acholeplasmatales,2020-2022
GCA_944324725.1,uncultured Acholeplasmatales bacterium,345904,PRJEB53581,SAMEA110134554,2022,2022-06-30,ILLUMINA,Short,Contig,Inconclusive,Lactobacillus johnsonii,2026-09-29,1395454,96,0.3146209047378129,0,0,False,False,False,False,False,Acholeplasmatales,2020-2022
GCA_944324755.1,Candidatus Pelethenecus faecipullorum,2840900,PRJEB53581,SAMEA110134559,2022,2022-06-30,ILLUMINA,Short,Contig,Inconclusive,Massilicoli timonensis,2026-09-29,1576127,21,0.3893829621597752,0,0,False,False,False,False,False,Pelethenecus,2020-2022
GCA_944324795.1,uncultured Acholeplasmatales bacterium,345904,PRJEB53581,SAMEA110134552,2022,2022-06-30,ILLUMINA,Short,Contig,Inconclusive,na,2026-09-29,1702651,51,0.2598254134288236,0,0,False,False,False,False,False,Acholeplasmatales,2020-2022
GCA_944324805.1,uncultured Acholeplasmatales bacterium,345904,PRJEB53581,SAMEA110134553,2022,2022-06-30,ILLUMINA,Short,Contig,Inconclusive,Oceanotoga teriensis,2026-09-29,1825617,22,0.2862566463831132,0,0,False,False,False,False,False,Acholeplasmatales,2020-2022
GCA_944325035.1,uncultured Anaeroplasmataceae bacterium,658266,PRJEB53581,SAMEA110134558,2022,2022-06-30,ILLUMINA,Short,Contig,Inconclusive,na,2026-09-29,1550282,10,0.2844043857827156,0,0,False,False,False,False,False,Anaeroplasmataceae,2020-2022
GCA_944325695.1,uncultured Anaeroplasmataceae bacterium,658266,PRJEB53581,SAMEA110134560,2022,2022-06-30,ILLUMINA,Short,Contig,Inconclusive,na,2026-09-29,1337680,56,0.2787101548950421,0,0,False,False,False,False,False,Anaeroplasmataceae,2020-2022
GCA_944363905.1,uncultured Mycoplasmatales bacterium,749450,PRJEB53581,SAMEA110134635,2022,2022-06-30,ILLUMINA,Short,Contig,Inconclusive,Mycoplasma mycoides,2026-09-29,943220,80,0.275303746739891,1,0,True,False,False,False,True,Mycoplasmatales,2020-2022
GCA_945491605.1,uncultured Mollicutes bacterium,220137,PRJEB52589,SAMEA110310612,2022,2022-07-13,Illumina HiSeq 2500,Short,Contig,Inconclusive,Treponema rectale,2026-09-29,624310,148,0.4366949111819448,0,0,False,False,False,False,False,Mollicutes,2020-2022
GCA_945493695.1,uncultured Mollicutes bacterium,220137,PRJEB52589,SAMEA110310623,2022,2022-07-13,Illumina HiSeq 2500,Short,Contig,Inconclusive,Solobacterium moorei,2026-09-29,1428639,191,0.46446373086553,0,0,False,False,False,False,False,Mollicutes,2020-2022
GCA_945501555.1,uncultured Mollicutes bacterium,220137,PRJEB52589,SAMEA110310557,2022,2022-07-13,Illumina HiSeq 2500,Short,Contig,Inconclusive,na,2026-09-29,1483896,346,0.2889986899351437,0,0,False,False,False,False,False,Mollicutes,2020-2022
GCA_945610825.1,uncultured Mollicutes bacterium,220137,PRJEB52635,SAMEA110322006,2022,2022-07-15,Illumina NovaSeq 6000,Short,Contig,Inconclusive,Thomasclavelia cocleata,2026-09-29,1121199,180,0.3015075825076547,0,0,False,False,False,False,False,Mollicutes,2020-2022
GCA_945637315.1,uncultured Mollicutes bacterium,220137,PRJEB52635,SAMEA110322072,2022,2022-07-15,Illumina NovaSeq 6000,Short,Contig,Inconclusive,Clostridium lentum,2026-09-29,1131882,106,0.2585234149849542,0,0,False,False,False,False,False,Mollicutes,2020-2022
GCA_945827925.1,uncultured Mollicutes bacterium,220137,PRJEB52643,SAMEA110360384,2022,2022-09-10,NextSeq 500,Unknown,Contig,Inconclusive,na,2026-09-29,672449,119,0.3324787456000381,61,0,True,False,False,False,True,Mollicutes,2020-2022
GCA_945832125.1,uncultured Mollicutes bacterium,220137,PRJEB52643,SAMEA110360417,2022,2022-09-13,NextSeq 500,Unknown,Contig,Inconclusive,na,2026-09-29,1673276,68,0.420976575293018,33,0,True,False,False,False,True,Mollicutes,2020-2022
GCA_945832135.1,uncultured Mollicutes bacterium,220137,PRJEB52465,SAMEA110358521,2022,2022-09-13,Illumina HiSeq 2500,Short,Contig,Inconclusive,Peptacetobacter hominis,2026-09-29,672807,142,0.2890264221388897,0,0,False,False,False,False,False,Mollicutes,2020-2022
GCA_945835945.1,uncultured Mollicutes bacterium,220137,PRJEB53516,SAMEA110364154,2022,2022-09-15,Illumina HiSeq 2500,Short,Contig,Inconclusive,Antiquaquibacter soli,2026-09-29,1024143,131,0.5503020574275272,0,0,False,False,False,False,False,Mollicutes,2020-2022
GCA_945837345.1,uncultured Mollicutes bacterium,220137,PRJEB53516,SAMEA110364123,2022,2022-09-13,Illumina HiSeq 2500,Short,Contig,Inconclusive,Treponema rectale,2026-09-29,1054710,158,0.4315091352125229,0,0,False,False,False,False,False,Mollicutes,2020-2022
GCA_945863745.1,uncultured Mollicutes bacterium,220137,PRJEB52676,SAMEA110402136,2022,2022-09-09,NextSeq 500,Unknown,Contig,Inconclusive,na,2026-09-29,669361,118,0.3326097576643993,61,0,True,False,False,False,True,Mollicutes,2020-2022
GCA_945863975.1,uncultured Mollicutes bacterium,220137,PRJEB53025,SAMEA110403055,2022,2022-09-09,Illumina MiSeq,Short,Contig,Inconclusive,na,2026-09-29,1255634,29,0.2567834257434889,0,0,False,False,False,False,False,Mollicutes,2020-2022
GCA_945864055.1,uncultured Mollicutes bacterium,220137,PRJEB53025,SAMEA110402996,2022,2022-09-09,Illumina MiSeq,Short,Contig,Inconclusive,na,2026-09-29,1561981,138,0.260701634654967,0,0,False,False,False,False,False,Mollicutes,2020-2022
GCA_945871205.1,uncultured Mollicutes bacterium,220137,PRJEB53025,SAMEA110403112,2022,2022-09-09,Illumina MiSeq,Short,Contig,Inconclusive,na,2026-09-29,575944,132,0.5052227299876377,1,0,True,False,False,False,True,Mollicutes,2020-2022
GCA_945871225.1,uncultured Mollicutes bacterium,220137,PRJEB53025,SAMEA110403083,2022,2022-09-09,Illumina MiSeq,Short,Contig,Inconclusive,Clostridium weizhouense,2026-09-29,1100957,78,0.2649358694299595,0,0,False,False,False,False,False,Mollicutes,2020-2022
GCA_945871295.1,uncultured Mycoplasma sp.,167967,PRJEB53025,SAMEA110403120,2022,2022-09-09,Illumina MiSeq,Short,Contig,Inconclusive,na,2026-09-29,1262413,124,0.2795867913274024,1,0,True,False,False,False,True,Mycoplasma,2020-2022
GCA_945871495.1,uncultured Mollicutes bacterium,220137,PRJEB53025,SAMEA110403032,2022,2022-09-10,Illumina MiSeq,Short,Contig,Inconclusive,na,2026-09-29,1215700,74,0.3092687340626799,0,0,False,False,False,False,False,Mollicutes,2020-2022
GCA_945873045.1,uncultured Mollicutes bacterium,220137,PRJEB52638,SAMEA110402620,2022,2022-09-10,Illumina MiSeq,Short,Contig,Inconclusive,Oceanotoga teriensis,2026-09-29,1294385,63,0.2714880039555464,0,0,False,False,False,False,False,Mollicutes,2020-2022
GCA_945878155.1,uncultured Mollicutes bacterium,220137,PRJEB52676,SAMEA110402086,2022,2022-09-10,NextSeq 500,Unknown,Contig,Inconclusive,na,2026-09-29,1673276,68,0.420976575293018,33,0,True,False,False,False,True,Mollicutes,2020-2022
GCA_945878985.1,uncultured Mollicutes bacterium,220137,PRJEB53025,SAMEA110403042,2022,2022-09-10,Illumina MiSeq,Short,Contig,Inconclusive,na,2026-09-29,1157264,33,0.2664111214035864,0,0,False,False,False,False,False,Mollicutes,2020-2022
GCA_945910195.1,uncultured Mollicutes bacterium,220137,PRJEB53600,SAMEA110411990,2022,2022-09-10,Illumina HiSeq 3000,Short,Contig,Inconclusive,Fusobacterium hwasookii,2026-09-29,1303551,137,0.2928807541860656,0,0,False,False,False,False,False,Mollicutes,2020-2022
GCA_945910745.1,uncultured Mollicutes bacterium,220137,PRJEB53600,SAMEA110412164,2022,2022-09-10,Illumina HiSeq 3000,Short,Contig,Inconclusive,na,2026-09-29,1072725,135,0.308055652660281,0,0,False,False,False,False,False,Mollicutes,2020-2022
GCA_945911415.1,uncultured Mollicutes bacterium,220137,PRJEB53600,SAMEA110411698,2022,2022-09-10,Illumina HiSeq 3000,Short,Contig,Inconclusive,na,2026-09-29,1698247,88,0.3501481233295274,0,0,False,False,False,False,False,Mollicutes,2020-2022
GCA_945912385.1,uncultured Mollicutes bacterium,220137,PRJEB52947,SAMEA110414364,2022,2022-09-10,Illumina HiSeq 3000,Short,Contig,Inconclusive,Solobacterium moorei,2026-09-29,1777209,9,0.4590321115862006,0,0,False,False,False,False,False,Mollicutes,2020-2022
GCA_945912545.1,uncultured Mollicutes bacterium,220137,PRJEB52947,SAMEA110414361,2022,2022-09-10,Illumina HiSeq 3000,Short,Contig,Inconclusive,Holdemanella porci,2026-09-29,1099472,224,0.2957064845671376,0,0,False,False,False,False,False,Mollicutes,2020-2022
GCA_945915275.1,uncultured Mycoplasma sp.,167967,PRJEB52947,SAMEA110414379,2022,2022-09-10,Illumina HiSeq 3000,Short,Contig,Inconclusive,na,2026-09-29,725886,24,0.2608701641855608,0,0,False,False,False,False,False,Mycoplasma,2020-2022
GCA_945915315.1,uncultured Anaeroplasma sp.,538969,PRJEB53600,SAMEA110411767,2022,2022-09-15,Illumina HiSeq 3000,Short,Contig,Inconclusive,Anaeroplasma bactoclasticum,2026-09-29,2034312,118,0.2658289387271962,0,0,False,False,False,False,False,Anaeroplasma,2020-2022
GCA_945916195.1,uncultured Mollicutes bacterium,220137,PRJEB52947,SAMEA110414490,2022,2022-09-10,Illumina HiSeq 3000,Short,Contig,Inconclusive,na,2026-09-29,826726,84,0.2590664863570276,0,0,False,False,False,False,False,Mollicutes,2020-2022
GCA_945916445.1,uncultured Mollicutes bacterium,220137,PRJEB53600,SAMEA110411737,2022,2022-09-10,Illumina HiSeq 3000,Short,Contig,Inconclusive,Enterococcus innesii,2026-09-29,1573503,84,0.4632784303557095,0,0,False,False,False,False,False,Mollicutes,2020-2022
GCA_945919465.1,uncultured Anaeroplasma sp.,538969,PRJEB52947,SAMEA110414461,2022,2022-09-10,Illumina HiSeq 3000,Short,Contig,Inconclusive,Anaeroplasma bactoclasticum,2026-09-29,2100341,89,0.271073601857984,0,0,False,False,False,False,False,Anaeroplasma,2020-2022
GCA_945920825.1,uncultured Anaeroplasma sp.,538969,PRJEB52947,SAMEA110414611,2022,2022-09-10,Illumina HiSeq 3000,Short,Contig,OK,Anaeroplasma bactoclasticum,2026-09-29,1641372,154,0.3269630528606556,2,0,True,False,False,False,True,Anaeroplasma,2020-2022
GCA_945920865.1,uncultured Mollicutes bacterium,220137,PRJEB53600,SAMEA110411715,2022,2022-09-10,Illumina HiSeq 3000,Short,Contig,Inconclusive,Hallella mizrahii,2026-09-29,995207,201,0.420844105799095,0,0,False,False,False,False,False,Mollicutes,2020-2022
GCA_945923475.1,uncultured Mollicutes bacterium,220137,PRJEB53600,SAMEA110411721,2022,2022-09-10,Illumina HiSeq 3000,Short,Contig,Inconclusive,Coprobacillus cateniformis,2026-09-29,2450616,118,0.3033388339911271,0,0,False,False,False,False,False,Mollicutes,2020-2022
GCA_945923555.1,uncultured Mollicutes bacterium,220137,PRJEB53600,SAMEA110411717,2022,2022-09-10,Illumina HiSeq 3000,Short,Contig,Inconclusive,na,2026-09-29,2617697,117,0.3045757396673488,0,0,False,False,False,False,False,Mollicutes,2020-2022
GCA_945932475.1,uncultured Mollicutes bacterium,220137,PRJEB53600,SAMEA110412204,2022,2022-09-10,Illumina HiSeq 3000,Short,Contig,Inconclusive,na,2026-09-29,959968,96,0.2662922097403247,0,0,False,False,False,False,False,Mollicutes,2020-2022
GCA_945935945.1,uncultured Mollicutes bacterium,220137,PRJEB53600,SAMEA110412037,2022,2022-09-10,Illumina HiSeq 3000,Short,Contig,Inconclusive,na,2026-09-29,1441350,206,0.309378013667742,0,0,False,False,False,False,False,Mollicutes,2020-2022
GCA_945936125.1,uncultured Mollicutes bacterium,220137,PRJEB53600,SAMEA110412068,2022,2022-09-10,Illumina HiSeq 3000,Short,Contig,Inconclusive,na,2026-09-29,1081999,117,0.3124688654980272,0,0,False,False,False,False,False,Mollicutes,2020-2022
GCA_945936135.1,uncultured Mollicutes bacterium,220137,PRJEB53600,SAMEA110412026,2022,2022-09-10,Illumina HiSeq 3000,Short,Contig,Inconclusive,na,2026-09-29,1229536,13,0.4988947049944044,0,0,False,False,False,False,False,Mollicutes,2020-2022
GCA_945936575.1,uncultured Mollicutes bacterium,220137,PRJEB52947,SAMEA110414440,2022,2022-09-15,Illumina HiSeq 3000,Short,Contig,Inconclusive,na,2026-09-29,1265087,26,0.2579854191846094,0,0,False,False,False,False,False,Mollicutes,2020-2022
GCA_945939505.1,uncultured Mollicutes bacterium,220137,PRJEB52947,SAMEA110414391,2022,2022-09-10,Illumina HiSeq 3000,Short,Contig,Inconclusive,na,2026-09-29,1103220,214,0.3005538333242689,4,0,True,False,False,False,True,Mollicutes,2020-2022
GCA_945947035.1,uncultured Mycoplasma sp.,167967,PRJEB52947,SAMEA110414433,2022,2022-09-10,Illumina HiSeq 3000,Short,Contig,Inconclusive,Hypnocyclicus thermotrophus,2026-09-29,1168634,42,0.2466495070312861,0,0,False,False,False,False,False,Mycoplasma,2020-2022
GCA_945947245.1,uncultured Mollicutes bacterium,220137,PRJEB53600,SAMEA110411993,2022,2022-09-10,Illumina HiSeq 3000,Short,Contig,Inconclusive,na,2026-09-29,1659743,68,0.4198583756641841,0,0,False,False,False,False,False,Mollicutes,2020-2022
GCA_945948135.1,uncultured Mollicutes bacterium,220137,PRJEB52947,SAMEA110414508,2022,2022-09-10,Illumina HiSeq 3000,Short,Contig,Inconclusive,na,2026-09-29,1207361,51,0.3105475495729943,0,0,False,False,False,False,False,Mollicutes,2020-2022
GCA_945949635.1,uncultured Mollicutes bacterium,220137,PRJEB53600,SAMEA110411914,2022,2022-09-10,Illumina HiSeq 3000,Short,Contig,Inconclusive,Treponema rectale,2026-09-29,1041638,194,0.4211539901578091,0,0,False,False,False,False,False,Mollicutes,2020-2022
GCA_945950045.1,uncultured Mollicutes bacterium,220137,PRJEB53600,SAMEA110412000,2022,2022-09-10,Illumina HiSeq 3000,Short,Contig,Inconclusive,Treponema rectale,2026-09-29,1415447,52,0.4184861743322074,0,0,False,False,False,False,False,Mollicutes,2020-2022
GCA_945963925.1,uncultured Mollicutes bacterium,220137,PRJEB53042,SAMEA110424860,2022,2022-09-11,NextSeq 500,Unknown,Contig,Inconclusive,na,2026-09-29,902354,120,0.279502279593153,0,0,False,False,True,False,False,Mollicutes,2020-2022
GCA_945969495.1,uncultured Mollicutes bacterium,220137,PRJEB53042,SAMEA110424910,2022,2022-09-11,NextSeq 500,Unknown,Contig,Inconclusive,Clostridium tarantellae,2026-09-29,1030900,60,0.2670714909302551,0,0,False,False,False,False,False,Mollicutes,2020-2022
GCA_945969655.1,uncultured Mollicutes bacterium,220137,PRJEB53042,SAMEA110424934,2022,2022-09-11,NextSeq 500,Unknown,Contig,Inconclusive,na,2026-09-29,667453,151,0.2758366506705341,0,0,False,False,False,False,False,Mollicutes,2020-2022
GCA_946000925.1,uncultured Mollicutes bacterium,220137,PRJEB53041,SAMEA110426242,2022,2022-09-11,NextSeq 500,Unknown,Contig,Inconclusive,Clostridium thermobutyricum,2026-09-29,853331,171,0.2633643920120094,0,0,False,False,False,False,False,Mollicutes,2020-2022
GCA_946007355.1,uncultured Mollicutes bacterium,220137,PRJEB53042,SAMEA110424919,2022,2022-09-11,NextSeq 500,Unknown,Contig,Inconclusive,na,2026-09-29,1160735,109,0.3103972913714155,0,0,False,False,False,False,False,Mollicutes,2020-2022
GCA_946011535.1,uncultured Mollicutes bacterium,220137,PRJEB53042,SAMEA110425020,2022,2022-09-11,NextSeq 500,Unknown,Contig,Inconclusive,Methanobrevibacter wolinii,2026-09-29,992488,69,0.2611517721121061,0,0,False,False,False,False,False,Mollicutes,2020-2022
GCA_946011565.1,uncultured Mollicutes bacterium,220137,PRJEB53042,SAMEA110425009,2022,2022-09-11,NextSeq 500,Unknown,Contig,Inconclusive,Hypnocyclicus thermotrophus,2026-09-29,1309511,258,0.2899097449353232,0,0,False,False,False,False,False,Mollicutes,2020-2022
GCA_946057055.1,uncultured Mollicutes bacterium,220137,PRJEB53634,SAMEA110446583,2022,2022-09-11,Illumina HiSeq 2500,Short,Contig,Inconclusive,Treponema rectale,2026-09-29,919285,178,0.4293858814187112,0,0,False,False,False,False,False,Mollicutes,2020-2022
GCA_946188625.1,uncultured Mycoplasmataceae bacterium,300027,PRJEB54043,SAMEA110587022,2022,2022-09-11,Illumina HiSeq 2500,Short,Contig,Inconclusive,Mycoplasmoides pirum,2026-09-29,554785,8,0.2523626269635985,0,0,False,False,False,False,False,Mycoplasmataceae,2020-2022
GCA_946404325.1,uncultured Mollicutes bacterium,220137,PRJEB54957,SAMEA110653654,2022,2022-09-12,Illumina HiSeq 4000,Short,Contig,Inconclusive,Clostridium lentum,2026-09-29,1261389,108,0.2591127717143561,18,0,True,False,False,False,True,Mollicutes,2020-2022
GCA_946408735.1,uncultured Mycoplasmataceae bacterium,300027,PRJEB54748,SAMEA110643182,2022,2022-09-12,HiSeq X Ten,Short,Contig,Inconclusive,Mycoplasmoides pirum,2026-09-29,392766,51,0.2656059842247038,1,0,True,False,False,False,True,Mycoplasmataceae,2020-2022
GCA_946411715.1,uncultured Mollicutes bacterium,220137,PRJEB55242,SAMEA110666287,2022,2022-09-15,NextSeq 500,Unknown,Contig,Inconclusive,na,2026-09-29,1753155,66,0.3203447498937629,0,0,False,False,False,False,False,Mollicutes,2020-2022
GCA_946478875.1,uncultured Mycoplasmataceae bacterium,300027,PRJEB55376,SAMEA110698840,2023,2023-04-03,DNBSEQ-G400,Short,Contig,Inconclusive,Mycoplasmoides pirum,2026-09-29,681326,38,0.2514112187117474,0,0,False,False,False,False,False,Mycoplasmataceae,2023-2026
GCA_946486265.1,uncultured Mycoplasma sp.,167967,PRJEB55374,SAMEA110702662,2023,2023-04-04,DNBSEQ-G400,Short,Contig,Inconclusive,na,2026-09-29,1292349,51,0.291342354116419,0,0,False,False,False,False,False,Mycoplasma,2023-2026
GCA_946486345.1,uncultured Mollicutes bacterium,220137,PRJEB55374,SAMEA110702420,2023,2023-04-03,DNBSEQ-G400,Short,Contig,Inconclusive,na,2026-09-29,884959,85,0.2867070677850612,0,0,False,False,False,False,False,Mollicutes,2023-2026
GCA_946490605.1,uncultured Mollicutes bacterium,220137,PRJEB55374,SAMEA110702393,2023,2023-04-04,DNBSEQ-G400,Short,Contig,Inconclusive,Clostridium oceanicum,2026-09-29,1958999,59,0.2756535353004264,0,0,False,False,False,False,False,Mollicutes,2023-2026
GCA_946491805.1,uncultured Mollicutes bacterium,220137,PRJEB55374,SAMEA110702473,2023,2023-04-03,DNBSEQ-G400,Short,Contig,Inconclusive,na,2026-09-29,929681,77,0.289693991810094,0,0,False,False,False,False,False,Mollicutes,2023-2026
GCA_946492135.1,uncultured Mycoplasma sp.,167967,PRJEB55374,SAMEA110702585,2023,2023-04-04,DNBSEQ-G400,Short,Contig,Inconclusive,na,2026-09-29,1098013,117,0.2813190736357402,0,0,False,False,False,False,False,Mycoplasma,2023-2026
GCA_946495795.1,uncultured Acholeplasma sp.,453122,PRJEB55374,SAMEA110703077,2023,2023-04-03,DNBSEQ-G400,Short,Contig,Inconclusive,na,2026-09-29,829286,35,0.2883456370902197,0,0,False,False,False,False,False,Acholeplasma,2023-2026
GCA_946495815.1,uncultured Mollicutes bacterium,220137,PRJEB55374,SAMEA110703268,2023,2023-04-04,DNBSEQ-G400,Short,Contig,Inconclusive,Clostridium thermobutyricum,2026-09-29,1153749,24,0.2980622301731139,0,0,False,False,False,False,False,Mollicutes,2023-2026
GCA_946496505.1,uncultured Mycoplasma sp.,167967,PRJEB55374,SAMEA110703166,2023,2023-04-04,DNBSEQ-G400,Short,Contig,Inconclusive,[Clostridium] colinum,2026-09-29,1205261,105,0.2870988109629366,0,0,False,False,False,False,False,Mycoplasma,2023-2026
GCA_946497225.1,uncultured Mycoplasma sp.,167967,PRJEB55374,SAMEA110703245,2023,2023-04-03,DNBSEQ-G400,Short,Contig,Inconclusive,na,2026-09-29,518909,112,0.2885958809733498,1,0,True,False,False,False,True,Mycoplasma,2023-2026
GCA_946497735.1,uncultured Mycoplasma sp.,167967,PRJEB55374,SAMEA110703295,2023,2023-04-04,DNBSEQ-G400,Short,Contig,Inconclusive,na,2026-09-29,1190121,74,0.2821973564032565,0,0,False,False,False,False,False,Mycoplasma,2023-2026
GCA_946497835.1,uncultured Mollicutes bacterium,220137,PRJEB55374,SAMEA110703491,2023,2023-04-04,DNBSEQ-G400,Short,Contig,Inconclusive,Solibaculum intestinale,2026-09-29,1691574,20,0.3874752153911091,0,0,False,False,False,False,False,Mollicutes,2023-2026
GCA_946497855.1,uncultured Acholeplasma sp.,453122,PRJEB55374,SAMEA110703204,2023,2023-04-04,DNBSEQ-G400,Short,Contig,Inconclusive,Candidatus Methanoflexus mossambicus,2026-09-29,1154616,71,0.271750954429871,0,0,False,False,False,False,False,Acholeplasma,2023-2026
GCA_946498145.1,uncultured Mycoplasma sp.,167967,PRJEB55374,SAMEA110703221,2023,2023-04-03,DNBSEQ-G400,Short,Contig,Inconclusive,na,2026-09-29,679398,48,0.2742575044377522,0,0,False,False,False,False,False,Mycoplasma,2023-2026
GCA_946498685.1,uncultured Mollicutes bacterium,220137,PRJEB55374,SAMEA110703144,2023,2023-04-04,DNBSEQ-G400,Short,Contig,Inconclusive,Clostridium tarantellae,2026-09-29,1394243,60,0.2499980276035096,0,0,False,False,False,False,False,Mollicutes,2023-2026
GCA_946498845.1,uncultured Mollicutes bacterium,220137,PRJEB55374,SAMEA110703115,2023,2023-04-04,DNBSEQ-G400,Short,Contig,Inconclusive,Fusobacterium canifelinum,2026-09-29,1218424,54,0.2758670216607683,0,0,False,False,False,False,False,Mollicutes,2023-2026
GCA_946499905.1,uncultured Acholeplasma sp.,453122,PRJEB55374,SAMEA110703032,2023,2023-04-04,DNBSEQ-G400,Short,Contig,Inconclusive,Hypnocyclicus thermotrophus,2026-09-29,1316916,21,0.2668727542227446,0,0,False,False,False,False,False,Acholeplasma,2023-2026
GCA_946500365.1,uncultured Mollicutes bacterium,220137,PRJEB55374,SAMEA110702963,2023,2023-04-04,DNBSEQ-G400,Short,Contig,Inconclusive,Clostridium tarantellae,2026-09-29,1481487,112,0.2491537219023859,0,0,False,False,False,False,False,Mollicutes,2023-2026
GCA_946500425.1,uncultured Mollicutes bacterium,220137,PRJEB55374,SAMEA110703436,2023,2023-04-04,DNBSEQ-G400,Short,Contig,Inconclusive,Hypnocyclicus thermotrophus,2026-09-29,1206074,50,0.3045725220840512,0,0,False,False,False,False,False,Mollicutes,2023-2026
GCA_946500565.1,uncultured Acholeplasma sp.,453122,PRJEB55374,SAMEA110703190,2023,2023-04-04,DNBSEQ-G400,Short,Contig,Inconclusive,Hypnocyclicus thermotrophus,2026-09-29,1225725,24,0.2455656856146362,0,0,False,False,False,False,False,Acholeplasma,2023-2026
GCA_946500895.1,uncultured Mycoplasma sp.,167967,PRJEB55374,SAMEA110703237,2023,2023-04-04,DNBSEQ-G400,Short,Contig,Inconclusive,na,2026-09-29,1283985,53,0.2857463288122525,0,0,False,False,False,False,False,Mycoplasma,2023-2026
GCA_946539555.1,uncultured Mollicutes bacterium,220137,PRJEB22623,SAMEA110744731,2022,2022-09-13,Illumina HiSeq 2000,Short,Contig,Inconclusive,na,2026-09-29,968846,58,0.2954060810490005,0,0,False,False,False,False,False,Mollicutes,2020-2022
GCA_946554525.1,uncultured Mycoplasma sp.,167967,PRJEB54774,SAMEA110745057,2022,2022-09-13,Illumina NovaSeq 6000,Short,Contig,Inconclusive,Clostridium thermobutyricum,2026-09-29,1132965,23,0.2777349697475209,0,0,False,False,False,False,False,Mycoplasma,2020-2022
GCA_946566885.1,uncultured Mollicutes bacterium,220137,PRJEB54774,SAMEA110745009,2022,2022-09-13,Illumina NovaSeq 6000,Short,Contig,Inconclusive,na,2026-09-29,1714363,22,0.3078542875692021,0,0,False,False,False,False,False,Mollicutes,2020-2022
GCA_946577115.1,uncultured Acholeplasmataceae bacterium,1233398,PRJEB55375,SAMEA110745227,2023,2023-04-03,DNBSEQ-G400,Short,Contig,Inconclusive,Candidatus Phytoplasma stylosanthis,2026-09-29,441643,62,0.2748101973766141,0,0,False,False,False,False,False,Acholeplasmataceae,2023-2026
GCA_946623465.1,uncultured Mycoplasmataceae bacterium,300027,PRJEB22623,SAMEA110745657,2022,2022-09-13,Illumina HiSeq 2000,Short,Contig,Inconclusive,Malacoplasma muris,2026-09-29,640091,13,0.2487818138358452,0,0,False,False,False,False,False,Mycoplasmataceae,2020-2022
GCA_946647005.1,uncultured Anaeroplasma sp.,538969,PRJEB22623,SAMEA110746279,2022,2022-09-13,Illumina HiSeq 2000,Short,Contig,OK,Anaeroplasma bactoclasticum,2026-09-29,1552326,175,0.3286770948885736,0,0,False,False,False,False,False,Anaeroplasma,2020-2022
GCA_946998935.1,uncultured Mycoplasma sp.,167967,PRJEB53599,SAMEA111388621,2022,2022-09-25,Illumina HiSeq 4000,Short,Contig,Inconclusive,Mycoplasmopsis fermentans,2026-09-29,662833,121,0.2908817153038548,0,0,False,False,False,False,False,Mycoplasma,2020-2022
GCA_947002115.1,uncultured Mollicutes bacterium,220137,PRJEB55618,SAMEA111396748,2022,2022-10-02,Illumina HiSeq 4000,Short,Contig,Inconclusive,na,2026-09-29,1213708,241,0.325975440550775,160,0,True,False,False,False,True,Mollicutes,2020-2022
GCA_947036275.1,uncultured Mollicutes bacterium,220137,PRJEB55795,SAMEA111413025,2022,2022-10-07,Illumina HiSeq 2500,Short,Contig,Inconclusive,Anaeroplasma bactoclasticum,2026-09-29,1202817,244,0.3290209566376265,162,0,True,False,False,False,True,Mollicutes,2020-2022
GCA_947036295.1,uncultured Mycoplasma sp.,167967,PRJEB49827,SAMEA111426114,2022,2022-10-07,Illumina HiSeq 2500,Short,Contig,Inconclusive,Photobacterium iliopiscarium,2026-09-29,549311,112,0.2758200727820852,14,0,True,False,False,False,True,Mycoplasma,2020-2022
GCA_947037945.1,uncultured Mycoplasma sp.,167967,PRJEB49827,SAMEA111426145,2022,2022-10-07,Illumina HiSeq 2500,Short,Contig,Inconclusive,Mycoplasmopsis maculosa,2026-09-29,348360,84,0.2643041681019635,7,0,True,False,False,False,True,Mycoplasma,2020-2022
GCA_947038145.1,uncultured Mollicutes bacterium,220137,PRJEB49827,SAMEA111426144,2022,2022-10-07,Illumina HiSeq 2500,Short,Contig,Inconclusive,[Mycoplasma] collis,2026-09-29,627681,182,0.3021279917665183,19,0,True,False,False,False,True,Mollicutes,2020-2022
GCA_947039385.1,uncultured Mycoplasma sp.,167967,PRJEB49827,SAMEA111426146,2022,2022-10-07,Illumina HiSeq 2500,Short,Contig,Inconclusive,Mycoplasmopsis maculosa,2026-09-29,619928,43,0.2570895329780232,15,0,True,False,False,False,True,Mycoplasma,2020-2022
GCA_947039505.1,uncultured Mycoplasma sp.,167967,PRJEB49827,SAMEA111426157,2022,2022-10-07,Illumina HiSeq 2500,Short,Contig,Inconclusive,Mesomycoplasma moatsii,2026-09-29,804170,8,0.2620204683089396,0,0,False,False,False,False,False,Mycoplasma,2020-2022
GCA_947039725.1,uncultured Mycoplasmataceae bacterium,300027,PRJEB55067,SAMEA111426061,2022,2022-10-07,Illumina MiSeq,Short,Contig,Inconclusive,Mycoplasmoides pirum,2026-09-29,585364,27,0.2519082143760122,0,0,False,False,False,False,False,Mycoplasmataceae,2020-2022
GCA_947039955.1,uncultured Mycoplasma sp.,167967,PRJEB49856,SAMEA111426100,2022,2022-10-07,Illumina HiSeq 2500,Short,Contig,Inconclusive,Mesomycoplasma moatsii,2026-09-29,738935,8,0.2830966187824368,0,0,False,False,False,False,False,Mycoplasma,2020-2022
GCA_947039965.1,uncultured Mycoplasma sp.,167967,PRJEB49827,SAMEA111426143,2022,2022-10-07,Illumina HiSeq 2500,Short,Contig,Inconclusive,Mycoplasma buteonis,2026-09-29,352287,84,0.2658116819524989,15,0,True,False,False,False,True,Mycoplasma,2020-2022
GCA_947040455.1,uncultured Mycoplasma sp.,167967,PRJEB49827,SAMEA111426156,2022,2022-10-07,Illumina HiSeq 2500,Short,Contig,Inconclusive,Mesomycoplasma neurolyticum,2026-09-29,820492,16,0.2642804561165739,0,0,False,False,False,False,False,Mycoplasma,2020-2022
GCA_947040465.1,uncultured Mycoplasma sp.,167967,PRJEB49827,SAMEA111426138,2022,2022-10-07,Illumina HiSeq 2500,Short,Contig,Inconclusive,Mycoplasmopsis maculosa,2026-09-29,628813,81,0.2663749000100189,16,0,True,False,False,False,True,Mycoplasma,2020-2022
GCA_947041065.1,uncultured Mycoplasma sp.,167967,PRJEB49856,SAMEA111426103,2022,2022-10-07,Illumina HiSeq 2500,Short,Contig,Inconclusive,Mycoplasmopsis cricetuli,2026-09-29,641548,116,0.2737067218664854,22,0,True,False,False,False,True,Mycoplasma,2020-2022
GCA_947041945.1,uncultured Mycoplasmataceae bacterium,300027,PRJEB54986,SAMEA111404284,2022,2022-10-07,Illumina HiSeq 2500,Short,Contig,Inconclusive,Mycoplasmoides pirum,2026-09-29,661060,12,0.2499788218921126,0,0,False,False,False,False,False,Mycoplasmataceae,2020-2022
GCA_947054325.1,uncultured Mycoplasmataceae bacterium,300027,PRJEB55923,SAMEA111454634,2022,2022-10-12,HiSeq X Ten,Short,Contig,Inconclusive,Malacoplasma muris,2026-09-29,606220,10,0.2787865791296889,0,0,False,False,False,False,False,Mycoplasmataceae,2020-2022
GCA_947054515.1,uncultured Mollicutes bacterium,220137,PRJEB55923,SAMEA111454582,2022,2022-10-12,HiSeq X Ten,Short,Contig,Inconclusive,Clostridium tarantellae,2026-09-29,1967234,28,0.3214625204729076,0,0,False,False,False,False,False,Mollicutes,2020-2022
GCA_947057315.1,uncultured Mollicutes bacterium,220137,PRJEB56173,SAMEA111464775,2022,2022-10-14,Illumina NovaSeq 6000,Short,Contig,Inconclusive,Anaeroplasma bactoclasticum,2026-09-29,1652564,29,0.3210883209364357,7,0,True,False,False,False,True,Mollicutes,2020-2022
GCA_947059005.1,uncultured Mycoplasma sp.,167967,PRJEB56173,SAMEA111464808,2022,2022-10-14,Illumina NovaSeq 6000,Short,Contig,Inconclusive,na,2026-09-29,1429200,27,0.2692513294150573,0,0,False,False,False,False,False,Mycoplasma,2020-2022
GCA_947061565.1,uncultured Mollicutes bacterium,220137,PRJEB55680,SAMEA111463646,2022,2022-10-14,Illumina HiSeq 2500,Short,Contig,Inconclusive,na,2026-09-29,1668391,203,0.3246571097542483,5,0,True,False,False,False,True,Mollicutes,2020-2022
GCA_947064695.1,uncultured Mycoplasma sp.,167967,PRJEB56173,SAMEA111464826,2022,2022-10-14,Illumina NovaSeq 6000,Short,Contig,Inconclusive,Clostridium ihumii,2026-09-29,1139793,290,0.2767134032232168,224,1,True,False,False,False,True,Mycoplasma,2020-2022
GCA_947066065.1,uncultured Mollicutes bacterium,220137,PRJEB55680,SAMEA111463651,2022,2022-10-14,Illumina HiSeq 2000,Short,Contig,Inconclusive,na,2026-09-29,1780603,36,0.3241154822270882,0,0,False,False,False,False,False,Mollicutes,2020-2022
GCA_947072445.1,uncultured Mycoplasmataceae bacterium,300027,PRJEB56417,SAMEA111477205,2022,2022-10-17,NextSeq 550,Unknown,Contig,Inconclusive,Malacoplasma muris,2026-09-29,687538,14,0.2512893832777242,0,0,False,False,False,False,False,Mycoplasmataceae,2020-2022
GCA_947073695.1,uncultured Mycoplasmataceae bacterium,300027,PRJEB56086,SAMEA111477361,2022,2022-10-17,Illumina HiSeq 4000,Short,Contig,Inconclusive,na,2026-09-29,384878,73,0.2563253810298328,0,0,False,False,False,False,False,Mycoplasmataceae,2020-2022
GCA_947073805.1,uncultured Mollicutes bacterium,220137,PRJEB56086,SAMEA111477404,2022,2022-10-17,Illumina HiSeq 4000,Short,Contig,Inconclusive,Clostridium tarantellae,2026-09-29,1763911,54,0.3089214818661486,0,0,False,False,False,False,False,Mollicutes,2020-2022
GCA_947074005.1,uncultured Mycoplasma sp.,167967,PRJEB56086,SAMEA111477427,2022,2022-10-17,Illumina HiSeq 4000,Short,Contig,Inconclusive,na,2026-09-29,1537301,64,0.268020381174539,0,0,False,False,False,False,False,Mycoplasma,2020-2022
GCA_947088625.1,uncultured Mycoplasma sp.,167967,PRJEB56117,SAMEA111491867,2022,2022-10-21,Illumina NovaSeq 6000,Short,Contig,Inconclusive,na,2026-09-29,1150044,224,0.2618804150102083,0,0,False,False,False,False,False,Mycoplasma,2020-2022
GCA_947089015.1,uncultured Mollicutes bacterium,220137,PRJEB56117,SAMEA111491552,2022,2022-10-21,Illumina NovaSeq 6000,Short,Contig,Inconclusive,na,2026-09-29,1952210,37,0.3218782815373346,0,0,False,False,False,False,False,Mollicutes,2020-2022
GCA_947165235.1,uncultured Mycoplasmataceae bacterium,300027,PRJEB56573,SAMEA111499093,2022,2022-10-28,HiSeq X Ten,Short,Contig,Inconclusive,Mycoplasmoides pirum,2026-09-29,479183,13,0.2615493454483986,0,0,False,False,False,False,False,Mycoplasmataceae,2020-2022
GCA_947166335.1,uncultured Mollicutes bacterium,220137,PRJEB56573,SAMEA111499067,2022,2022-10-28,HiSeq X Ten,Short,Contig,Inconclusive,Anaeroplasma bactoclasticum,2026-09-29,979193,40,0.2892790287512268,0,0,False,False,False,False,False,Mollicutes,2020-2022
GCA_947169545.1,uncultured Mycoplasmataceae bacterium,300027,PRJEB56573,SAMEA111498792,2022,2022-10-28,HiSeq X Ten,Short,Contig,Inconclusive,na,2026-09-29,650871,27,0.2677427631589055,0,0,False,False,False,False,False,Mycoplasmataceae,2020-2022
GCA_947169725.1,uncultured Mycoplasmataceae bacterium,300027,PRJEB56573,SAMEA111498750,2022,2022-10-28,HiSeq X Ten,Short,Contig,Inconclusive,Malacoplasma muris,2026-09-29,603853,17,0.2837975467539285,0,0,False,False,False,False,False,Mycoplasmataceae,2020-2022
GCA_947170205.1,uncultured Mycoplasmataceae bacterium,300027,PRJEB56573,SAMEA111499144,2022,2022-10-28,HiSeq X Ten,Short,Contig,Inconclusive,na,2026-09-29,333063,41,0.2685738133626371,0,0,False,False,False,False,False,Mycoplasmataceae,2020-2022
GCA_947172195.1,uncultured Mycoplasmataceae bacterium,300027,PRJEB55619,SAMEA111499820,2022,2022-10-28,Illumina NovaSeq 6000,Short,Contig,Inconclusive,Mycoplasmoides pirum,2026-09-29,621365,12,0.2791209675472548,2,0,True,False,False,False,True,Mycoplasmataceae,2020-2022
GCA_947172735.1,uncultured Mollicutes bacterium,220137,PRJEB55922,SAMEA111500417,2022,2022-10-28,Illumina HiSeq 2500,Short,Contig,Inconclusive,Anaeroplasma bactoclasticum,2026-09-29,1550855,161,0.324893687675508,0,0,False,False,False,False,False,Mollicutes,2020-2022
GCA_947173965.1,uncultured Mollicutes bacterium,220137,PRJEB56464,SAMEA111500636,2022,2022-10-28,NextSeq 500,Unknown,Contig,Inconclusive,Arcobacter venerupis,2026-09-29,1644743,181,0.3003697234157555,0,0,False,False,False,False,False,Mollicutes,2020-2022
GCA_947173985.1,uncultured Mollicutes bacterium,220137,PRJEB56464,SAMEA111500920,2022,2022-10-28,NextSeq 500,Unknown,Contig,Inconclusive,Malacoplasma iowae,2026-09-29,1225267,299,0.3378879868632714,0,0,False,False,False,False,False,Mollicutes,2020-2022
GCA_947174035.1,uncultured Mycoplasma sp.,167967,PRJEB56464,SAMEA111500916,2022,2022-10-28,NextSeq 500,Unknown,Contig,Inconclusive,Malacoplasma muris,2026-09-29,787487,139,0.2503774665486541,0,0,False,False,False,False,False,Mycoplasma,2020-2022
GCA_947174195.1,uncultured Mycoplasma sp.,167967,PRJEB56464,SAMEA111500610,2022,2022-10-28,NextSeq 500,Unknown,Contig,Inconclusive,Malacoplasma muris,2026-09-29,740959,138,0.2424978979943559,0,0,False,False,False,False,False,Mycoplasma,2020-2022
GCA_947174315.1,uncultured Mycoplasma sp.,167967,PRJEB56464,SAMEA111500615,2022,2022-10-28,NextSeq 500,Unknown,Contig,Inconclusive,Malacoplasma muris,2026-09-29,527226,121,0.2602242681506602,0,0,False,False,False,False,False,Mycoplasma,2020-2022
GCA_947174685.1,uncultured Mollicutes bacterium,220137,PRJEB56464,SAMEA111500558,2022,2022-10-28,NextSeq 500,Unknown,Contig,Inconclusive,Anaeroplasma bactoclasticum,2026-09-29,1240625,241,0.3320850377833753,0,0,False,False,False,False,False,Mollicutes,2020-2022
GCA_947174715.1,uncultured Mollicutes bacterium,220137,PRJEB56464,SAMEA111500560,2022,2022-10-28,NextSeq 500,Unknown,Contig,Inconclusive,Anaeroplasma bactoclasticum,2026-09-29,1054901,227,0.3271292756381878,0,0,False,False,False,False,False,Mollicutes,2020-2022
GCA_947174785.1,uncultured Mollicutes bacterium,220137,PRJEB56464,SAMEA111500524,2022,2022-10-28,NextSeq 500,Unknown,Contig,Inconclusive,Anaeroplasma bactoclasticum,2026-09-29,1843220,53,0.3220760408415707,0,0,False,False,False,False,False,Mollicutes,2020-2022
GCA_947175365.1,uncultured Mycoplasmataceae bacterium,300027,PRJEB56464,SAMEA111500711,2022,2022-10-28,NextSeq 500,Unknown,Contig,Inconclusive,na,2026-09-29,501686,103,0.2998588758705645,0,0,False,False,False,False,False,Mycoplasmataceae,2020-2022
GCA_947175405.1,uncultured Mollicutes bacterium,220137,PRJEB56464,SAMEA111500735,2022,2022-10-28,NextSeq 500,Unknown,Contig,Inconclusive,Anaeroplasma bactoclasticum,2026-09-29,1699198,76,0.3325951419434345,0,0,False,False,False,False,False,Mollicutes,2020-2022
GCA_947176315.1,uncultured Mollicutes bacterium,220137,PRJEB56464,SAMEA111500442,2022,2022-10-28,NextSeq 500,Unknown,Contig,Inconclusive,Anaeroplasma bactoclasticum,2026-09-29,1798186,62,0.3232641117214793,0,1,False,False,False,False,False,Mollicutes,2020-2022
GCA_947176435.1,uncultured Mycoplasmataceae bacterium,300027,PRJEB56464,SAMEA111500471,2022,2022-10-28,NextSeq 500,Unknown,Contig,Inconclusive,Mycoplasmoides pirum,2026-09-29,699460,114,0.2845037600434621,0,0,False,False,False,False,False,Mycoplasmataceae,2020-2022
GCA_947176555.1,uncultured Mollicutes bacterium,220137,PRJEB56464,SAMEA111500616,2022,2022-10-28,NextSeq 500,Unknown,Contig,Inconclusive,Anaeroplasma bactoclasticum,2026-09-29,1322814,281,0.313220906340574,1,0,True,False,False,False,True,Mollicutes,2020-2022
GCA_947176635.1,uncultured Mycoplasmataceae bacterium,300027,PRJEB56464,SAMEA111500499,2022,2022-10-28,NextSeq 500,Unknown,Contig,Inconclusive,Mycoplasmoides pirum,2026-09-29,578348,98,0.2317981561274526,0,0,False,False,False,False,False,Mycoplasmataceae,2020-2022
GCA_947176705.1,uncultured Mollicutes bacterium,220137,PRJEB56464,SAMEA111500611,2022,2022-10-28,NextSeq 500,Unknown,Contig,Inconclusive,Anaeroplasma bactoclasticum,2026-09-29,1931915,375,0.3324100698012076,0,0,False,False,False,False,False,Mollicutes,2020-2022
GCA_947176815.1,uncultured Mollicutes bacterium,220137,PRJEB56464,SAMEA111500867,2022,2022-10-28,NextSeq 500,Unknown,Contig,Inconclusive,na,2026-09-29,1705161,89,0.3210342014625011,0,0,False,False,False,False,False,Mollicutes,2020-2022
GCA_947177025.1,uncultured Mollicutes bacterium,220137,PRJEB56464,SAMEA111500680,2022,2022-10-28,NextSeq 500,Unknown,Contig,Inconclusive,Anaeroplasma bactoclasticum,2026-09-29,1340963,111,0.3259351674878427,0,0,False,False,False,False,False,Mollicutes,2020-2022
GCA_947177125.1,uncultured Mycoplasma sp.,167967,PRJEB56464,SAMEA111500664,2022,2022-10-28,NextSeq 500,Unknown,Contig,Inconclusive,Malacoplasma muris,2026-09-29,1001992,81,0.2422624132727606,0,0,False,False,False,False,False,Mycoplasma,2020-2022
GCA_947177385.1,uncultured Mycoplasmataceae bacterium,300027,PRJEB56464,SAMEA111500634,2022,2022-10-28,NextSeq 500,Unknown,Contig,Inconclusive,Ureaplasma ceti,2026-09-29,563883,56,0.2455544855936426,0,0,False,False,False,False,False,Mycoplasmataceae,2020-2022
GCA_947177535.1,uncultured Mycoplasma sp.,167967,PRJEB56464,SAMEA111500678,2022,2022-10-28,NextSeq 500,Unknown,Contig,Inconclusive,Malacoplasma muris,2026-09-29,698752,128,0.2377080852720278,0,0,False,False,False,False,False,Mycoplasma,2020-2022
GCA_947179275.1,uncultured Mycoplasmataceae bacterium,300027,PRJEB56464,SAMEA111500459,2022,2022-10-28,NextSeq 500,Unknown,Contig,Inconclusive,Malacoplasma muris,2026-09-29,618114,116,0.2501027318585245,0,0,False,False,False,False,False,Mycoplasmataceae,2020-2022
GCA_947246865.1,uncultured Mollicutes bacterium,220137,PRJEB56768,SAMEA111529323,2022,2022-10-29,Illumina NovaSeq 6000,Short,Contig,Inconclusive,na,2026-09-29,1679887,31,0.3225145500858093,0,0,False,False,False,False,False,Mollicutes,2020-2022
GCA_947296755.1,uncultured Mollicutes bacterium,220137,PRJEB56897,SAMEA111557533,2022,2022-11-27,NextSeq 500,Unknown,Contig,Inconclusive,Anaeroplasma bactoclasticum,2026-09-29,1888928,22,0.3489571862982601,0,0,False,False,False,False,False,Mollicutes,2020-2022
GCA_947313745.1,uncultured Mycoplasmataceae bacterium,300027,PRJEB37577,SAMEA112126941,2022,2022-11-27,Illumina HiSeq 3000,Short,Contig,Inconclusive,Mesomycoplasma lagogenitalium,2026-09-29,695491,24,0.2664606731072005,0,0,False,False,False,False,False,Mycoplasmataceae,2020-2022
GCA_947313775.1,uncultured Mycoplasmataceae bacterium,300027,PRJEB37577,SAMEA112126947,2022,2022-11-27,Illumina HiSeq 3000,Short,Contig,Inconclusive,Mesomycoplasma neurolyticum,2026-09-29,809008,103,0.2342127642742717,0,0,False,False,False,False,False,Mycoplasmataceae,2020-2022
GCA_947313795.1,uncultured Entomoplasmatales bacterium,213662,PRJEB37577,SAMEA112126951,2022,2022-11-27,Illumina HiSeq 3000,Short,Contig,Inconclusive,na,2026-09-29,512840,280,0.2469639653693159,0,0,False,False,False,False,False,Entomoplasmatales,2020-2022
GCA_947313865.1,uncultured Mycoplasmataceae bacterium,300027,PRJEB37577,SAMEA112126946,2022,2022-11-27,Illumina HiSeq 3000,Short,Contig,Inconclusive,Mesomycoplasma lagogenitalium,2026-09-29,763807,52,0.2657359778059117,0,0,False,False,False,False,False,Mycoplasmataceae,2020-2022
GCA_947313895.1,uncultured Mycoplasmataceae bacterium,300027,PRJEB37577,SAMEA112126943,2022,2022-11-27,Illumina HiSeq 3000,Short,Contig,Inconclusive,[Mycoplasma] collis,2026-09-29,484248,58,0.2437098346301895,0,0,False,False,False,False,False,Mycoplasmataceae,2020-2022
GCA_947313935.1,uncultured Mollicutes bacterium,220137,PRJEB37577,SAMEA112126940,2022,2022-11-27,Illumina HiSeq 3000,Short,Contig,Inconclusive,Spiroplasma phoeniceum,2026-09-29,939335,224,0.2415496069027556,0,0,False,False,False,False,False,Mollicutes,2020-2022
GCA_947330515.1,uncultured Mycoplasmataceae bacterium,300027,PRJEB37577,SAMEA112126938,2022,2022-11-27,Illumina HiSeq 3000,Short,Contig,Inconclusive,Mesomycoplasma neurolyticum,2026-09-29,832759,85,0.2347161663818703,0,0,False,False,False,False,False,Mycoplasmataceae,2020-2022
GCA_947345825.1,uncultured Mollicutes bacterium,220137,PRJEB56583,SAMEA112132344,2022,2022-11-27,Illumina HiSeq 4000,Short,Contig,Inconclusive,Anaeroplasma bactoclasticum,2026-09-29,1647220,15,0.3090552567355908,0,0,False,False,False,False,False,Mollicutes,2020-2022
GCA_947347095.1,uncultured Mollicutes bacterium,220137,PRJEB56587,SAMEA112134442,2022,2022-11-27,Illumina NovaSeq 6000,Short,Contig,Inconclusive,na,2026-09-29,1810654,99,0.322270847991941,0,0,False,False,False,False,False,Mollicutes,2020-2022
GCA_947347355.1,uncultured Mycoplasma sp.,167967,PRJEB56587,SAMEA112134476,2022,2022-11-27,Illumina NovaSeq 6000,Short,Contig,Failed,Malacoplasma muris,2026-09-29,1045948,23,0.238295785258923,0,0,False,False,False,False,False,Mycoplasma,2020-2022
GCA_947349245.1,uncultured Mollicutes bacterium,220137,PRJEB56586,SAMEA112135699,2022,2022-11-27,Illumina HiSeq 2500,Short,Contig,Inconclusive,na,2026-09-29,1850805,97,0.3204816282644579,5,0,True,False,False,False,True,Mollicutes,2020-2022
GCA_947362665.1,uncultured Mycoplasmataceae bacterium,300027,PRJEB57082,SAMEA112143809,2022,2022-11-27,Illumina NovaSeq 6000,Short,Contig,Inconclusive,Malacoplasma iowae,2026-09-29,621279,15,0.2470854479227529,0,0,False,False,False,False,False,Mycoplasmataceae,2020-2022
GCA_947363135.1,uncultured Mollicutes bacterium,220137,PRJEB57082,SAMEA112143830,2022,2022-11-27,Illumina NovaSeq 6000,Short,Contig,Inconclusive,na,2026-09-29,1796424,25,0.3082267883305946,0,0,False,False,False,False,False,Mollicutes,2020-2022
GCA_947363865.1,uncultured Mollicutes bacterium,220137,PRJEB57209,SAMEA112143981,2022,2022-11-27,Illumina HiSeq 4000,Short,Contig,Inconclusive,na,2026-09-29,1386158,194,0.2882304903192854,2,0,True,False,False,False,True,Mollicutes,2020-2022
GCA_947365035.1,uncultured Mollicutes bacterium,220137,PRJEB57209,SAMEA112144025,2022,2022-11-27,Illumina HiSeq 4000,Short,Contig,Inconclusive,Anaeroplasma bactoclasticum,2026-09-29,1674009,146,0.3203788032202933,0,0,False,False,False,False,False,Mollicutes,2020-2022
GCA_947365155.1,uncultured Mollicutes bacterium,220137,PRJEB57209,SAMEA112144017,2022,2022-11-27,Illumina HiSeq 4000,Short,Contig,Inconclusive,na,2026-09-29,1173842,221,0.2872882381104101,0,0,False,False,False,False,False,Mollicutes,2020-2022
GCA_947365575.1,uncultured Mollicutes bacterium,220137,PRJEB57209,SAMEA112143990,2022,2022-11-27,Illumina HiSeq 4000,Short,Contig,Inconclusive,Spiroplasma taiwanense,2026-09-29,1795675,33,0.3503172901555125,0,0,False,False,False,False,False,Mollicutes,2020-2022
GCA_947383995.1,uncultured Mollicutes bacterium,220137,PRJEB55478,SAMEA112151359,2022,2022-11-27,Illumina NovaSeq 6000,Short,Contig,Inconclusive,Anaeroplasma bactoclasticum,2026-09-29,1580054,21,0.3216864740065845,0,0,False,False,False,False,False,Mollicutes,2020-2022
GCA_947385015.1,uncultured Mollicutes bacterium,220137,PRJEB55478,SAMEA112151628,2022,2022-11-27,Illumina NovaSeq 6000,Short,Contig,Inconclusive,Eubacterium ventriosum,2026-09-29,1820682,19,0.3532264283383918,0,0,False,False,False,False,False,Mollicutes,2020-2022
GCA_947388575.1,uncultured Mycoplasma sp.,167967,PRJEB57178,SAMEA112152982,2022,2022-11-27,Illumina NovaSeq 6000,Short,Contig,Inconclusive,na,2026-09-29,1539783,301,0.2633591876257888,0,0,False,False,False,False,False,Mycoplasma,2020-2022
GCA_947425345.1,uncultured Mollicutes bacterium,220137,PRJEB57762,SAMEA112165064,2022,2022-11-29,Illumina HiSeq 2500,Short,Contig,Inconclusive,na,2026-09-29,1920886,46,0.3218858380976279,0,0,False,False,False,False,False,Mollicutes,2020-2022
GCA_947428165.1,uncultured Mollicutes bacterium,220137,PRJEB57761,SAMEA112164918,2022,2022-11-29,Illumina NovaSeq 6000,Short,Contig,Inconclusive,na,2026-09-29,844331,157,0.30081567536902,0,0,False,False,False,False,False,Mollicutes,2020-2022
GCA_947429165.1,uncultured Mycoplasmataceae bacterium,300027,PRJEB57761,SAMEA112164905,2022,2022-11-29,Illumina NovaSeq 6000,Short,Contig,Inconclusive,Malacoplasma iowae,2026-09-29,709615,7,0.2900896965255807,0,0,False,False,False,False,False,Mycoplasmataceae,2020-2022
GCA_947429695.1,uncultured Mollicutes bacterium,220137,PRJEB57739,SAMEA112165160,2022,2022-11-29,Illumina NovaSeq 6000,Short,Contig,Inconclusive,na,2026-09-29,1447968,166,0.3248386704678556,4,0,True,False,False,False,True,Mollicutes,2020-2022
GCA_947542595.1,uncultured Mollicutes bacterium,220137,PRJEB55806,SAMEA112189267,2022,2022-12-09,Illumina HiSeq 2500,Short,Contig,Inconclusive,Anaeroplasma bactoclasticum,2026-09-29,1733307,81,0.3212546882923798,16,0,True,False,False,False,True,Mollicutes,2020-2022
GCA_947565485.1,uncultured Mycoplasma sp.,167967,PRJEB55801,SAMEA112223233,2022,2022-12-13,Illumina NovaSeq 6000,Short,Contig,Inconclusive,na,2026-09-29,1302075,219,0.3178012019276923,0,0,False,False,False,False,False,Mycoplasma,2020-2022
GCA_947568215.1,uncultured Mollicutes bacterium,220137,PRJEB55801,SAMEA112223387,2022,2022-12-16,Illumina NovaSeq 6000,Short,Contig,Inconclusive,na,2026-09-29,1632022,109,0.3212144199036532,0,0,False,False,False,False,False,Mollicutes,2020-2022
GCA_947573415.1,uncultured Mollicutes bacterium,220137,PRJEB57835,SAMEA112233832,2022,2022-12-16,Illumina HiSeq 4000,Short,Contig,Inconclusive,na,2026-09-29,1752441,26,0.3215954203308414,0,0,False,False,False,False,False,Mollicutes,2020-2022
GCA_947573435.1,uncultured Mollicutes bacterium,220137,PRJEB57835,SAMEA112234340,2022,2022-12-16,Illumina HiSeq 4000,Short,Contig,Inconclusive,Clostridium senegalense,2026-09-29,1724023,20,0.351345080663077,0,0,False,False,False,False,False,Mollicutes,2020-2022
GCA_947589245.1,uncultured Anaeroplasmataceae bacterium,658266,PRJEB50625,SAMEA112230079,2022,2022-12-17,ILLUMINA,Short,Contig,Inconclusive,na,2026-09-29,1279631,35,0.3061288762150964,0,0,False,False,False,False,False,Anaeroplasmataceae,2020-2022
GCA_947592005.1,uncultured Anaeroplasma sp.,538969,PRJEB50625,SAMEA112230078,2022,2022-12-17,ILLUMINA,Short,Contig,Inconclusive,Anaeroplasma bactoclasticum,2026-09-29,1492388,76,0.3326346767730643,0,0,False,False,False,False,False,Anaeroplasma,2020-2022
GCA_947629825.1,uncultured Anaeroplasmataceae bacterium,658266,PRJEB50625,SAMEA112230080,2022,2022-12-19,ILLUMINA,Short,Contig,Inconclusive,Malaciobacter molluscorum,2026-09-29,1416372,12,0.3912729141779137,0,0,False,False,False,False,False,Anaeroplasmataceae,2020-2022
GCA_947642635.1,uncultured Mycoplasma sp.,167967,PRJEB57738,SAMEA112246945,2022,2022-12-21,Illumina NovaSeq 6000,Short,Contig,Inconclusive,na,2026-09-29,1314329,45,0.2657690730403118,0,0,False,False,False,False,False,Mycoplasma,2020-2022
GCA_947644505.1,uncultured Mollicutes bacterium,220137,PRJEB57766,SAMEA112228002,2022,2022-12-21,NextSeq 550,Unknown,Contig,Inconclusive,na,2026-09-29,1924394,114,0.31943406599688,50,0,True,False,False,False,True,Mollicutes,2020-2022
GCA_947646115.1,uncultured Mycoplasma sp.,167967,PRJEB57835,SAMEA112233864,2022,2022-12-21,Illumina HiSeq 4000,Short,Contig,Inconclusive,na,2026-09-29,1233141,46,0.2676157876512094,0,0,False,False,False,False,False,Mycoplasma,2020-2022
GCA_947648205.1,uncultured Mycoplasma sp.,167967,PRJEB57738,SAMEA112246962,2022,2022-12-21,Illumina NovaSeq 6000,Short,Contig,Failed,Malacoplasma muris,2026-09-29,999747,28,0.2381342479647351,0,0,False,False,False,False,False,Mycoplasma,2020-2022
GCA_947648735.1,uncultured Mollicutes bacterium,220137,PRJEB57835,SAMEA112233902,2022,2022-12-21,Illumina HiSeq 4000,Short,Contig,Inconclusive,na,2026-09-29,1664158,54,0.3218216058811723,0,0,False,False,False,False,False,Mollicutes,2020-2022
GCA_947649445.1,uncultured Mycoplasma sp.,167967,PRJEB57834,SAMEA112247211,2022,2022-12-21,Illumina NovaSeq 6000,Short,Contig,Inconclusive,Hypnocyclicus thermotrophus,2026-09-29,1153521,51,0.2636302243305496,0,0,False,False,False,False,False,Mycoplasma,2020-2022
GCA_947649725.1,uncultured Mollicutes bacterium,220137,PRJEB57834,SAMEA112247303,2022,2022-12-21,Illumina NovaSeq 6000,Short,Contig,Inconclusive,Dubosiella muris,2026-09-29,1869253,38,0.3211293495316043,0,0,False,False,False,False,False,Mollicutes,2020-2022
GCA_947652375.1,uncultured Mollicutes bacterium,220137,PRJEB57738,SAMEA112246967,2022,2022-12-21,Illumina NovaSeq 6000,Short,Contig,Inconclusive,na,2026-09-29,1590636,54,0.2502282106025514,0,0,False,False,False,False,False,Mollicutes,2020-2022
GCA_947653365.1,uncultured Mycoplasma sp.,167967,PRJEB57738,SAMEA112246808,2022,2022-12-25,Illumina NovaSeq 6000,Short,Contig,Inconclusive,na,2026-09-29,618172,37,0.2689494186084132,0,0,False,False,False,False,False,Mycoplasma,2020-2022
GCA_948434265.1,uncultured Acholeplasmataceae bacterium,1233398,PRJEB58021,SAMEA112229493,2023,2023-02-03,Illumina HiSeq 2500,Short,Contig,Inconclusive,Romboutsia lituseburensis,2026-09-29,739990,178,0.2907633886944418,0,0,False,False,False,False,False,Acholeplasmataceae,2023-2026
GCA_948466075.1,uncultured Mollicutes bacterium,220137,PRJEB58021,SAMEA112229464,2023,2023-02-03,Illumina HiSeq 2500,Short,Contig,Inconclusive,na,2026-09-29,1929391,22,0.3228516148359767,0,0,False,False,False,False,False,Mollicutes,2023-2026
GCA_948468185.1,uncultured Mollicutes bacterium,220137,PRJEB58054,SAMEA112353929,2023,2023-02-03,Illumina NovaSeq 6000,Short,Contig,Inconclusive,Anaeroplasma bactoclasticum,2026-09-29,1792465,22,0.3541151431129757,0,0,False,False,False,False,False,Mollicutes,2023-2026
GCA_948468415.1,uncultured Mollicutes bacterium,220137,PRJEB58022,SAMEA112250399,2023,2023-02-03,Illumina NovaSeq 6000,Short,Contig,Inconclusive,Anaeroplasma bactoclasticum,2026-09-29,1628291,145,0.3526906431344274,1,0,True,False,False,False,True,Mollicutes,2023-2026
GCA_948473105.1,uncultured Mycoplasma sp.,167967,PRJEB57835,SAMEA112234070,2023,2023-02-03,Illumina HiSeq 4000,Short,Contig,Inconclusive,Fusobacterium perfoetens,2026-09-29,1455728,52,0.266973637932361,0,0,False,False,False,False,False,Mycoplasma,2023-2026
GCA_948475605.1,uncultured Anaeroplasmataceae bacterium,658266,PRJEB59335,SAMEA112418069,2023,2023-03-11,Illumina,Short,Scaffold,Inconclusive,Granulicatella elegans,2026-09-29,1315875,393,0.3620640258383205,43,0,True,False,False,False,True,Anaeroplasmataceae,2023-2026
GCA_948475785.1,uncultured Anaeroplasmataceae bacterium,658266,PRJEB59335,SAMEA112410049,2023,2023-04-11,Illumina,Short,Scaffold,Inconclusive,Sporofaciens musculi,2026-09-29,2601702,197,0.3253685472048682,31,0,True,False,False,False,True,Anaeroplasmataceae,2023-2026
GCA_948484235.1,uncultured Anaeroplasmataceae bacterium,658266,PRJEB59335,SAMEA112381017,2023,2023-03-26,Illumina,Short,Scaffold,Inconclusive,Parablautia muri,2026-09-29,2190326,210,0.3283849070868903,0,0,False,False,False,False,False,Anaeroplasmataceae,2023-2026
GCA_948485775.1,uncultured Anaeroplasmataceae bacterium,658266,PRJEB59335,SAMEA112385055,2023,2023-03-13,Illumina,Short,Scaffold,Inconclusive,na,2026-09-29,1727435,80,0.3258142853421402,0,0,False,False,False,False,False,Anaeroplasmataceae,2023-2026
GCA_948487555.1,uncultured Anaeroplasmataceae bacterium,658266,PRJEB59335,SAMEA112379192,2023,2023-03-24,Illumina,Short,Scaffold,Inconclusive,Bacteroides caecimuris,2026-09-29,2100220,94,0.3292221767243432,0,15,False,False,False,False,False,Anaeroplasmataceae,2023-2026
GCA_948491545.1,uncultured Anaeroplasmataceae bacterium,658266,PRJEB59335,SAMEA112420246,2023,2023-03-14,Illumina,Short,Scaffold,Inconclusive,Leptotrichia mesophila,2026-09-29,1788241,156,0.3598525031022105,12,0,True,False,False,False,True,Anaeroplasmataceae,2023-2026
GCA_948494255.1,uncultured Anaeroplasmataceae bacterium,658266,PRJEB59335,SAMEA112381141,2023,2023-03-15,Illumina,Short,Scaffold,Inconclusive,na,2026-09-29,1980177,28,0.3218681966309072,0,0,False,False,False,False,False,Anaeroplasmataceae,2023-2026
GCA_948495225.1,uncultured Anaeroplasmataceae bacterium,658266,PRJEB59335,SAMEA112397141,2023,2023-03-13,Illumina,Short,Contig,Inconclusive,na,2026-09-29,1814233,27,0.3076876013169201,0,0,False,False,False,False,False,Anaeroplasmataceae,2023-2026
GCA_948498705.1,uncultured Acholeplasmatales bacterium,345904,PRJEB59335,SAMEA112437066,2023,2023-03-15,Illumina,Short,Scaffold,Inconclusive,na,2026-09-29,1949890,74,0.3230633522916677,2,0,True,False,False,False,True,Acholeplasmatales,2023-2026
GCA_948499705.1,uncultured Anaeroplasmataceae bacterium,658266,PRJEB59335,SAMEA112412127,2023,2023-03-14,Illumina,Short,Contig,Inconclusive,na,2026-09-29,1947934,31,0.3224544568758489,0,0,False,False,False,False,False,Anaeroplasmataceae,2023-2026
GCA_948499905.1,uncultured Anaeroplasmataceae bacterium,658266,PRJEB59335,SAMEA112399062,2023,2023-03-14,Illumina,Short,Scaffold,Inconclusive,Amedibacterium intestinale,2026-09-29,1858774,25,0.3492350334144979,0,0,False,False,False,False,False,Anaeroplasmataceae,2023-2026
GCA_948501625.1,uncultured Anaeroplasmataceae bacterium,658266,PRJEB59335,SAMEA112404109,2023,2023-03-25,Illumina,Short,Scaffold,Inconclusive,na,2026-09-29,2115400,73,0.3191330244870946,10,0,True,False,False,False,True,Anaeroplasmataceae,2023-2026
GCA_948501715.1,uncultured Anaeroplasmataceae bacterium,658266,PRJEB59335,SAMEA112381117,2023,2023-03-14,Illumina,Short,Scaffold,Inconclusive,Anaeroplasma bactoclasticum,2026-09-29,1953278,32,0.3219101428470499,0,0,False,False,False,False,False,Anaeroplasmataceae,2023-2026
GCA_948509725.1,uncultured Anaeroplasmataceae bacterium,658266,PRJEB59335,SAMEA112403114,2023,2023-03-12,Illumina,Short,Scaffold,Inconclusive,na,2026-09-29,1617495,110,0.3244819922163592,39,0,True,False,False,False,True,Anaeroplasmataceae,2023-2026
GCA_948513515.1,uncultured Anaeroplasmataceae bacterium,658266,PRJEB59335,SAMEA112395171,2023,2023-03-13,Illumina,Short,Scaffold,Inconclusive,Arcobacter ellisii,2026-09-29,1784956,17,0.3070064472177465,0,0,False,False,False,False,False,Anaeroplasmataceae,2023-2026
GCA_948515005.1,uncultured Anaeroplasmataceae bacterium,658266,PRJEB59335,SAMEA112426220,2023,2023-03-11,Illumina,Short,Scaffold,Inconclusive,Anaeroplasma bactoclasticum,2026-09-29,1048998,434,0.3651026980032373,36,0,True,False,False,False,True,Anaeroplasmataceae,2023-2026
GCA_948516325.1,uncultured Anaeroplasmataceae bacterium,658266,PRJEB59335,SAMEA112381125,2023,2023-03-15,Illumina,Short,Scaffold,Inconclusive,na,2026-09-29,1998108,29,0.3218299511337725,0,0,False,False,False,False,False,Anaeroplasmataceae,2023-2026
GCA_948518645.1,uncultured Anaeroplasmataceae bacterium,658266,PRJEB59335,SAMEA112378121,2023,2023-04-11,Illumina,Short,Scaffold,Inconclusive,Helicobacter typhlonius,2026-09-29,2505247,393,0.3245097190017591,0,0,False,False,False,False,False,Anaeroplasmataceae,2023-2026
GCA_948519505.1,uncultured Anaeroplasmataceae bacterium,658266,PRJEB59335,SAMEA112386140,2023,2023-03-14,Illumina,Short,Contig,Inconclusive,na,2026-09-29,1926352,147,0.322094819638363,0,0,False,False,False,False,False,Anaeroplasmataceae,2023-2026
GCA_948520105.1,uncultured Anaeroplasmataceae bacterium,658266,PRJEB59335,SAMEA112410034,2023,2023-03-14,Illumina,Short,Scaffold,Inconclusive,na,2026-09-29,1817243,89,0.3206857861056557,12,0,True,False,False,False,True,Anaeroplasmataceae,2023-2026
GCA_948520655.1,uncultured Anaeroplasmataceae bacterium,658266,PRJEB59335,SAMEA112434032,2023,2023-03-14,Illumina,Short,Scaffold,Inconclusive,na,2026-09-29,1918898,36,0.3208596809210286,0,0,False,False,False,False,False,Anaeroplasmataceae,2023-2026
GCA_948522725.1,uncultured Anaeroplasmataceae bacterium,658266,PRJEB59335,SAMEA112381167,2023,2023-03-14,Illumina,Short,Scaffold,Inconclusive,na,2026-09-29,1942400,23,0.3230585873146622,0,0,False,False,False,False,False,Anaeroplasmataceae,2023-2026
GCA_948527975.1,uncultured Anaeroplasmataceae bacterium,658266,PRJEB59335,SAMEA112394210,2023,2023-03-14,Illumina,Short,Scaffold,Inconclusive,Anaeroplasma bactoclasticum,2026-09-29,1823891,55,0.3210838805608449,0,0,False,False,False,False,False,Anaeroplasmataceae,2023-2026
GCA_948534305.1,uncultured Anaeroplasmataceae bacterium,658266,PRJEB59335,SAMEA112429078,2023,2023-03-12,Illumina,Short,Contig,Inconclusive,Fusobacterium simiae,2026-09-29,1515486,480,0.3633395491611272,32,0,True,False,False,False,True,Anaeroplasmataceae,2023-2026
GCA_948539605.1,uncultured Anaeroplasmataceae bacterium,658266,PRJEB59335,SAMEA112392051,2023,2023-03-13,Illumina,Short,Scaffold,Inconclusive,na,2026-09-29,1723866,424,0.3092131290947208,1,0,True,False,False,False,True,Anaeroplasmataceae,2023-2026
GCA_948539695.1,uncultured Anaeroplasmataceae bacterium,658266,PRJEB59335,SAMEA112395059,2023,2023-03-15,Illumina,Short,Scaffold,Inconclusive,Arcobacter arenosus,2026-09-29,1992898,103,0.3064727848590344,0,0,False,False,False,False,False,Anaeroplasmataceae,2023-2026
GCA_948542405.1,uncultured Anaeroplasmataceae bacterium,658266,PRJEB59335,SAMEA112424075,2023,2023-03-11,Illumina,Short,Scaffold,Inconclusive,Anaeroplasma bactoclasticum,2026-09-29,1131134,434,0.3586356700443979,39,0,True,False,False,False,True,Anaeroplasmataceae,2023-2026
GCA_948544425.1,uncultured Anaeroplasmataceae bacterium,658266,PRJEB59335,SAMEA112404142,2023,2023-03-28,Illumina,Short,Scaffold,Inconclusive,na,2026-09-29,2319209,115,0.3208999275183909,3,0,True,False,False,False,True,Anaeroplasmataceae,2023-2026
GCA_948545985.1,uncultured Anaeroplasmataceae bacterium,658266,PRJEB59335,SAMEA112400082,2023,2023-03-11,Illumina,Short,Scaffold,Inconclusive,na,2026-09-29,1126672,561,0.3275380944942272,0,0,False,False,False,False,False,Anaeroplasmataceae,2023-2026
GCA_948547475.1,uncultured Anaeroplasmataceae bacterium,658266,PRJEB59335,SAMEA112427113,2023,2023-03-13,Illumina,Short,Contig,Inconclusive,Anaeroplasma bactoclasticum,2026-09-29,1808535,16,0.3505771245787336,0,0,False,False,False,False,False,Anaeroplasmataceae,2023-2026
GCA_948549445.1,uncultured Anaeroplasmataceae bacterium,658266,PRJEB59335,SAMEA112420021,2023,2023-03-25,Illumina,Short,Scaffold,Inconclusive,Phocaeicola vulgatus,2026-09-29,2074613,192,0.3522575053757014,19,0,True,False,False,False,True,Anaeroplasmataceae,2023-2026
GCA_948551105.1,uncultured Anaeroplasmataceae bacterium,658266,PRJEB59335,SAMEA112381193,2023,2023-03-13,Illumina,Short,Scaffold,Inconclusive,na,2026-09-29,1796665,34,0.3224663473713797,0,0,False,False,False,False,False,Anaeroplasmataceae,2023-2026
GCA_948555195.1,uncultured Anaeroplasmataceae bacterium,658266,PRJEB59335,SAMEA112430028,2023,2023-03-12,Illumina,Short,Scaffold,Inconclusive,Phocaeicola vulgatus,2026-09-29,1543183,133,0.356167091006057,22,0,True,False,False,False,True,Anaeroplasmataceae,2023-2026
GCA_948555235.1,uncultured Anaeroplasmataceae bacterium,658266,PRJEB59335,SAMEA112434240,2023,2023-03-17,Illumina,Short,Contig,Inconclusive,Defluviitalea phaphyphila,2026-09-29,1802282,69,0.3194056202081583,0,0,False,False,False,False,False,Anaeroplasmataceae,2023-2026
GCA_948555665.1,uncultured Anaeroplasmataceae bacterium,658266,PRJEB59335,SAMEA112403058,2023,2023-03-14,Illumina,Short,Scaffold,Inconclusive,na,2026-09-29,1878467,45,0.3181839233800753,0,0,False,False,False,False,False,Anaeroplasmataceae,2023-2026
GCA_948557125.1,uncultured Anaeroplasmataceae bacterium,658266,PRJEB59335,SAMEA112422185,2023,2023-03-12,Illumina,Short,Scaffold,Inconclusive,Anaeroplasma bactoclasticum,2026-09-29,1647953,156,0.3549033255195992,21,0,True,False,False,False,True,Anaeroplasmataceae,2023-2026
GCA_948557355.1,uncultured Anaeroplasmataceae bacterium,658266,PRJEB59335,SAMEA112421232,2023,2023-03-11,Illumina,Short,Scaffold,Inconclusive,Anaeroplasma bactoclasticum,2026-09-29,1032695,414,0.3638373382266787,51,0,True,False,False,False,True,Anaeroplasmataceae,2023-2026
GCA_948560715.1,uncultured Anaeroplasmataceae bacterium,658266,PRJEB59335,SAMEA112421020,2023,2023-03-12,Illumina,Short,Scaffold,Inconclusive,Anaeroplasma bactoclasticum,2026-09-29,1586752,194,0.3579475557617069,36,0,True,False,False,False,True,Anaeroplasmataceae,2023-2026
GCA_948562455.1,uncultured Anaeroplasmataceae bacterium,658266,PRJEB59335,SAMEA112412081,2023,2023-03-12,Illumina,Short,Scaffold,Inconclusive,na,2026-09-29,1415642,485,0.3269767356436161,0,0,False,False,False,False,False,Anaeroplasmataceae,2023-2026
GCA_948563465.1,uncultured Anaeroplasmataceae bacterium,658266,PRJEB59335,SAMEA112427175,2023,2023-03-12,Illumina,Short,Scaffold,Inconclusive,Anaeroplasma bactoclasticum,2026-09-29,1637376,105,0.3573308757426516,4,0,True,False,False,False,True,Anaeroplasmataceae,2023-2026
GCA_948563775.1,uncultured Anaeroplasmataceae bacterium,658266,PRJEB59335,SAMEA112420229,2023,2023-03-11,Illumina,Short,Scaffold,Inconclusive,Anaeroplasma bactoclasticum,2026-09-29,1046789,435,0.3647678758565479,47,0,True,False,False,False,True,Anaeroplasmataceae,2023-2026
GCA_948565485.1,uncultured Anaeroplasmataceae bacterium,658266,PRJEB59335,SAMEA112410164,2023,2023-03-28,Illumina,Short,Scaffold,Inconclusive,na,2026-09-29,2280182,147,0.3222909399337421,2,0,True,False,False,False,True,Anaeroplasmataceae,2023-2026
GCA_948566385.1,uncultured Anaeroplasmataceae bacterium,658266,PRJEB59335,SAMEA112381077,2023,2023-03-15,Illumina,Short,Scaffold,Inconclusive,na,2026-09-29,2003724,26,0.3218646879510352,0,0,False,False,False,False,False,Anaeroplasmataceae,2023-2026
GCA_948569185.1,uncultured Anaeroplasmataceae bacterium,658266,PRJEB59335,SAMEA112430178,2023,2023-03-13,Illumina,Short,Scaffold,Inconclusive,Anaeroplasma bactoclasticum,2026-09-29,1808517,23,0.3506287195530924,0,0,False,False,False,False,False,Anaeroplasmataceae,2023-2026
GCA_948572625.1,uncultured Anaeroplasmataceae bacterium,658266,PRJEB59335,SAMEA112410115,2023,2023-03-14,Illumina,Short,Scaffold,Inconclusive,na,2026-09-29,1950969,33,0.3205417410527794,0,0,False,False,False,False,False,Anaeroplasmataceae,2023-2026
GCA_948575735.1,uncultured Anaeroplasmataceae bacterium,658266,PRJEB59335,SAMEA112421058,2023,2023-03-14,Illumina,Short,Scaffold,Inconclusive,Anaeroplasma bactoclasticum,2026-09-29,1832860,175,0.3606516591556366,12,0,True,False,False,False,True,Anaeroplasmataceae,2023-2026
GCA_948575855.1,uncultured Anaeroplasmataceae bacterium,658266,PRJEB59335,SAMEA112426023,2023,2023-03-11,Illumina,Short,Scaffold,Inconclusive,Clostridium senegalense,2026-09-29,1353960,439,0.3619892759017992,20,0,True,False,False,False,True,Anaeroplasmataceae,2023-2026
GCA_948577095.1,uncultured Anaeroplasmataceae bacterium,658266,PRJEB59335,SAMEA112379086,2023,2023-03-14,Illumina,Short,Scaffold,Inconclusive,Clostridium senegalense,2026-09-29,1855064,25,0.3507291392641979,0,0,False,False,False,False,False,Anaeroplasmataceae,2023-2026
GCA_948577235.1,uncultured Anaeroplasmataceae bacterium,658266,PRJEB59335,SAMEA112405055,2023,2023-03-12,Illumina,Short,Scaffold,Inconclusive,na,2026-09-29,1578882,132,0.3259705285132138,35,0,True,False,False,False,True,Anaeroplasmataceae,2023-2026
GCA_948578155.1,uncultured Anaeroplasmataceae bacterium,658266,PRJEB59335,SAMEA112406034,2023,2023-03-12,Illumina,Short,Scaffold,Inconclusive,Anaeroplasma bactoclasticum,2026-09-29,1540517,135,0.3265760780309467,0,0,False,False,False,False,False,Anaeroplasmataceae,2023-2026
GCA_948579495.1,uncultured Anaeroplasmataceae bacterium,658266,PRJEB59335,SAMEA112401024,2023,2023-03-15,Illumina,Short,Scaffold,Inconclusive,Allocoprobacillus halotolerans,2026-09-29,1968761,45,0.3482738636126985,0,0,False,False,False,False,False,Anaeroplasmataceae,2023-2026
GCA_948581995.1,uncultured Anaeroplasmataceae bacterium,658266,PRJEB59335,SAMEA112426262,2023,2023-03-11,Illumina,Short,Scaffold,Inconclusive,Clostridium senegalense,2026-09-29,1078791,449,0.3587469676702902,71,0,True,False,False,False,True,Anaeroplasmataceae,2023-2026
GCA_948584375.1,uncultured Anaeroplasmataceae bacterium,658266,PRJEB59335,SAMEA112423089,2023,2023-03-24,Illumina,Short,Scaffold,Inconclusive,Anaeroplasma bactoclasticum,2026-09-29,1990874,201,0.3584511124259998,21,0,True,False,False,False,True,Anaeroplasmataceae,2023-2026
GCA_948584785.1,uncultured Anaeroplasmataceae bacterium,658266,PRJEB59335,SAMEA112381217,2023,2023-03-15,Illumina,Short,Scaffold,Inconclusive,na,2026-09-29,1990438,51,0.3198205621074356,0,0,False,False,False,False,False,Anaeroplasmataceae,2023-2026
GCA_948586535.1,uncultured Anaeroplasmataceae bacterium,658266,PRJEB59335,SAMEA112412034,2023,2023-03-14,Illumina,Short,Scaffold,Inconclusive,na,2026-09-29,1950597,29,0.3233784323466098,0,0,False,False,False,False,False,Anaeroplasmataceae,2023-2026
GCA_948589325.1,uncultured Anaeroplasmataceae bacterium,658266,PRJEB59335,SAMEA112427212,2023,2023-03-14,Illumina,Short,Scaffold,Inconclusive,Leptotrichia hongkongensis,2026-09-29,1866700,69,0.3571843359940001,3,0,True,False,False,False,True,Anaeroplasmataceae,2023-2026
GCA_948589645.1,uncultured Anaeroplasmataceae bacterium,658266,PRJEB59335,SAMEA112386194,2023,2023-03-13,Illumina,Short,Contig,Inconclusive,na,2026-09-29,1694146,145,0.3270615401506128,0,0,False,False,False,False,False,Anaeroplasmataceae,2023-2026
GCA_948595965.1,uncultured Anaeroplasmataceae bacterium,658266,PRJEB59335,SAMEA112381212,2023,2023-03-15,Illumina,Short,Scaffold,Inconclusive,na,2026-09-29,1978117,30,0.3217549821370525,0,0,False,False,False,False,False,Anaeroplasmataceae,2023-2026
GCA_948598375.1,uncultured Anaeroplasmataceae bacterium,658266,PRJEB59335,SAMEA112381090,2023,2023-03-15,Illumina,Short,Scaffold,Inconclusive,na,2026-09-29,1994970,32,0.321982786708572,0,0,False,False,False,False,False,Anaeroplasmataceae,2023-2026
GCA_948600105.1,uncultured Anaeroplasmataceae bacterium,658266,PRJEB59335,SAMEA112397094,2023,2023-03-30,Illumina,Short,Scaffold,Inconclusive,Taurinivorans muris,2026-09-29,2493970,177,0.3235712538643207,1,0,True,False,False,False,True,Anaeroplasmataceae,2023-2026
GCA_948600355.1,uncultured Anaeroplasmataceae bacterium,658266,PRJEB59335,SAMEA112397261,2023,2023-03-11,Illumina,Short,Scaffold,Inconclusive,na,2026-09-29,1318879,84,0.3076385324203357,0,0,False,False,False,False,False,Anaeroplasmataceae,2023-2026
GCA_948601965.1,uncultured Anaeroplasmataceae bacterium,658266,PRJEB59335,SAMEA112393027,2023,2023-03-26,Illumina,Short,Scaffold,Inconclusive,Parablautia muri,2026-09-29,2282312,105,0.3095317379920011,0,0,False,False,False,False,False,Anaeroplasmataceae,2023-2026
GCA_948604155.1,uncultured Anaeroplasmataceae bacterium,658266,PRJEB59335,SAMEA112399202,2023,2023-03-12,Illumina,Short,Scaffold,Inconclusive,na,2026-09-29,1541569,328,0.310100293921323,2,0,True,False,False,False,True,Anaeroplasmataceae,2023-2026
GCA_948605455.1,uncultured Anaeroplasmataceae bacterium,658266,PRJEB59335,SAMEA112378138,2023,2023-04-18,Illumina,Short,Scaffold,Inconclusive,Helicobacter typhlonius,2026-09-29,3530480,711,0.2945494663615146,1,59,True,False,False,False,True,Anaeroplasmataceae,2023-2026
GCA_948610555.1,uncultured Anaeroplasmataceae bacterium,658266,PRJEB59335,SAMEA112436129,2023,2023-03-11,Illumina,Short,Scaffold,Inconclusive,Anaeroplasma bactoclasticum,2026-09-29,1036044,399,0.354282250560787,0,0,False,False,False,False,False,Anaeroplasmataceae,2023-2026
GCA_948611095.1,uncultured Anaeroplasmataceae bacterium,658266,PRJEB59335,SAMEA112422233,2023,2023-03-11,Illumina,Short,Scaffold,Inconclusive,Anaeroplasma bactoclasticum,2026-09-29,1094276,402,0.3654471084077508,36,0,True,False,False,False,True,Anaeroplasmataceae,2023-2026
GCA_948611355.1,uncultured Anaeroplasmataceae bacterium,658266,PRJEB59335,SAMEA112381318,2023,2023-03-15,Illumina,Short,Scaffold,Inconclusive,Fusobacterium simiae,2026-09-29,1989415,39,0.3206213886996931,0,0,False,False,False,False,False,Anaeroplasmataceae,2023-2026
GCA_948611885.1,uncultured Anaeroplasmataceae bacterium,658266,PRJEB59335,SAMEA112381449,2023,2023-03-13,Illumina,Short,Scaffold,Inconclusive,na,2026-09-29,1741584,23,0.3200333719188968,0,0,False,False,False,False,False,Anaeroplasmataceae,2023-2026
GCA_948613035.1,uncultured Anaeroplasmataceae bacterium,658266,PRJEB59335,SAMEA112404042,2023,2023-03-12,Illumina,Short,Scaffold,Inconclusive,na,2026-09-29,1538597,110,0.3220869402449114,68,0,True,False,False,False,True,Anaeroplasmataceae,2023-2026
GCA_948619635.1,uncultured Anaeroplasmataceae bacterium,658266,PRJEB59335,SAMEA112411344,2023,2023-03-12,Illumina,Short,Scaffold,Inconclusive,na,2026-09-29,1561126,657,0.3167310005726635,12,0,True,False,False,False,True,Anaeroplasmataceae,2023-2026
GCA_948619685.1,uncultured Anaeroplasmataceae bacterium,658266,PRJEB59335,SAMEA112390347,2023,2023-04-16,Illumina,Short,Scaffold,Inconclusive,Lactococcus lactis,2026-09-29,2802964,168,0.3278404574586045,32,0,True,False,False,False,True,Anaeroplasmataceae,2023-2026
GCA_948620295.1,uncultured Anaeroplasmataceae bacterium,658266,PRJEB59335,SAMEA112411292,2023,2023-03-15,Illumina,Short,Contig,Inconclusive,na,2026-09-29,1933991,195,0.326255396224698,7,0,True,False,False,False,True,Anaeroplasmataceae,2023-2026
GCA_948621765.1,uncultured Anaeroplasmataceae bacterium,658266,PRJEB59335,SAMEA112378424,2023,2023-03-15,Illumina,Short,Contig,Inconclusive,na,2026-09-29,1963293,41,0.321804234008882,0,0,False,False,False,False,False,Anaeroplasmataceae,2023-2026
GCA_948622085.1,uncultured Anaeroplasmataceae bacterium,658266,PRJEB59335,SAMEA112380460,2023,2023-03-11,Illumina,Short,Scaffold,Inconclusive,Anaeroplasma bactoclasticum,2026-09-29,1339851,290,0.3294724562656594,0,0,False,False,False,False,False,Anaeroplasmataceae,2023-2026
GCA_948622675.1,uncultured Anaeroplasmataceae bacterium,658266,PRJEB59335,SAMEA112403310,2023,2023-03-23,Illumina,Short,Scaffold,Inconclusive,na,2026-09-29,2007980,40,0.3198707158437833,4,0,True,False,False,False,True,Anaeroplasmataceae,2023-2026
GCA_948624305.1,uncultured Anaeroplasmataceae bacterium,658266,PRJEB59335,SAMEA112397305,2023,2023-03-13,Illumina,Short,Contig,Inconclusive,Turicibacter faecis,2026-09-29,1832657,42,0.3074683369555787,0,0,False,False,False,False,False,Anaeroplasmataceae,2023-2026
GCA_948625875.1,uncultured Anaeroplasmataceae bacterium,658266,PRJEB59335,SAMEA112412223,2023,2023-03-16,Illumina,Short,Scaffold,Inconclusive,Clostridium moniliforme,2026-09-29,1230162,306,0.331587221845578,0,0,False,False,False,False,False,Anaeroplasmataceae,2023-2026
GCA_948629875.1,uncultured Anaeroplasmataceae bacterium,658266,PRJEB59335,SAMEA112376373,2023,2023-03-12,Illumina,Short,Scaffold,Inconclusive,Clostridium senegalense,2026-09-29,1571023,113,0.3528898049232888,0,0,False,False,False,False,False,Anaeroplasmataceae,2023-2026
GCA_948630585.1,uncultured Anaeroplasmataceae bacterium,658266,PRJEB59335,SAMEA112431421,2023,2023-03-24,Illumina,Short,Contig,Inconclusive,na,2026-09-29,1984866,173,0.3224555209268535,0,0,False,False,False,False,False,Anaeroplasmataceae,2023-2026
GCA_948631185.1,uncultured Anaeroplasmataceae bacterium,658266,PRJEB59335,SAMEA112390261,2023,2023-03-25,Illumina,Short,Scaffold,Inconclusive,na,2026-09-29,2115135,558,0.3234152902769799,139,0,True,False,False,False,True,Anaeroplasmataceae,2023-2026
GCA_948631265.1,uncultured Anaeroplasmataceae bacterium,658266,PRJEB59335,SAMEA112381256,2023,2023-03-15,Illumina,Short,Scaffold,Inconclusive,na,2026-09-29,1980065,32,0.3199036395269852,0,0,False,False,False,False,False,Anaeroplasmataceae,2023-2026
GCA_948632425.1,uncultured Anaeroplasmataceae bacterium,658266,PRJEB59335,SAMEA112391477,2023,2023-03-13,Illumina,Short,Scaffold,Inconclusive,Anaeroplasma bactoclasticum,2026-09-29,1731823,80,0.3500346167015913,0,0,False,False,False,False,False,Anaeroplasmataceae,2023-2026
GCA_948633905.1,uncultured Anaeroplasmataceae bacterium,658266,PRJEB59335,SAMEA112392288,2023,2023-03-13,Illumina,Short,Scaffold,Inconclusive,Anaeroplasma bactoclasticum,2026-09-29,1667162,66,0.3517474606546934,0,0,False,False,False,False,False,Anaeroplasmataceae,2023-2026
GCA_948636165.1,uncultured Anaeroplasmataceae bacterium,658266,PRJEB59335,SAMEA112401266,2023,2023-03-13,Illumina,Short,Scaffold,Inconclusive,na,2026-09-29,1725615,52,0.3059007947891041,0,0,False,False,False,False,False,Anaeroplasmataceae,2023-2026
GCA_948644905.1,uncultured Anaeroplasmataceae bacterium,658266,PRJEB59335,SAMEA112410222,2023,2023-03-11,Illumina,Short,Scaffold,Inconclusive,na,2026-09-29,1402653,183,0.3269618358924124,0,0,False,False,False,False,False,Anaeroplasmataceae,2023-2026
GCA_948645895.1,uncultured Anaeroplasmataceae bacterium,658266,PRJEB59335,SAMEA112431349,2023,2023-03-15,Illumina,Short,Scaffold,Inconclusive,na,2026-09-29,1966441,33,0.3209798819288247,0,0,False,False,False,False,False,Anaeroplasmataceae,2023-2026
GCA_948645965.1,uncultured Anaeroplasmataceae bacterium,658266,PRJEB59335,SAMEA112378411,2023,2023-03-30,Illumina,Short,Scaffold,Inconclusive,Lactobacillus johnsonii,2026-09-29,2427903,158,0.3256015582171116,0,3,False,False,False,False,False,Anaeroplasmataceae,2023-2026
GCA_948649315.1,uncultured Anaeroplasmataceae bacterium,658266,PRJEB59335,SAMEA112394340,2023,2023-03-24,Illumina,Short,Scaffold,Inconclusive,Anaeroplasma bactoclasticum,2026-09-29,1985778,56,0.3501735843583723,0,0,False,False,False,False,False,Anaeroplasmataceae,2023-2026
GCA_948649335.1,uncultured Anaeroplasmataceae bacterium,658266,PRJEB59335,SAMEA112390326,2023,2023-03-24,Illumina,Short,Scaffold,Inconclusive,na,2026-09-29,2044363,65,0.3244052059247795,15,0,True,False,False,False,True,Anaeroplasmataceae,2023-2026
GCA_948650255.1,uncultured Anaeroplasmataceae bacterium,658266,PRJEB59335,SAMEA112380423,2023,2023-03-13,Illumina,Short,Scaffold,Inconclusive,na,2026-09-29,1731840,108,0.3258257113821138,0,0,False,False,False,False,False,Anaeroplasmataceae,2023-2026
GCA_948650365.1,uncultured Anaeroplasmataceae bacterium,658266,PRJEB59335,SAMEA112428418,2023,2023-03-13,Illumina,Short,Scaffold,Inconclusive,Defluviitalea phaphyphila,2026-09-29,1807276,15,0.35129720087026,0,0,False,False,False,False,False,Anaeroplasmataceae,2023-2026
GCA_948651395.1,uncultured Anaeroplasmataceae bacterium,658266,PRJEB59335,SAMEA112404198,2023,2023-03-14,Illumina,Short,Scaffold,Inconclusive,na,2026-09-29,1860748,29,0.3215271492969494,1,0,True,False,False,False,True,Anaeroplasmataceae,2023-2026
GCA_948653925.1,uncultured Anaeroplasmataceae bacterium,658266,PRJEB59335,SAMEA112403259,2023,2023-03-15,Illumina,Short,Scaffold,Inconclusive,na,2026-09-29,2005267,35,0.31979581771405,2,0,True,False,False,False,True,Anaeroplasmataceae,2023-2026
GCA_948655075.1,uncultured Anaeroplasmataceae bacterium,658266,PRJEB59335,SAMEA112417294,2023,2023-03-11,Illumina,Short,Scaffold,Inconclusive,Anaeroplasma bactoclasticum,2026-09-29,1046899,422,0.3662387680186914,35,0,True,False,False,False,True,Anaeroplasmataceae,2023-2026
GCA_948656205.1,uncultured Anaeroplasmataceae bacterium,658266,PRJEB59335,SAMEA112429498,2023,2023-03-11,Illumina,Short,Contig,Inconclusive,Anaeroplasma bactoclasticum,2026-09-29,1039745,463,0.3538300256312846,26,0,True,False,False,False,True,Anaeroplasmataceae,2023-2026
GCA_948660795.1,uncultured Anaeroplasmataceae bacterium,658266,PRJEB59335,SAMEA112411244,2023,2023-03-14,Illumina,Short,Scaffold,Inconclusive,na,2026-09-29,1829309,358,0.3233986166361178,13,0,True,False,False,False,True,Anaeroplasmataceae,2023-2026
GCA_948661265.1,uncultured Anaeroplasmataceae bacterium,658266,PRJEB59335,SAMEA112424309,2023,2023-03-11,Illumina,Short,Scaffold,Inconclusive,Anaeroplasma bactoclasticum,2026-09-29,1354851,210,0.362580829921519,50,0,True,False,False,False,True,Anaeroplasmataceae,2023-2026
GCA_948661305.1,uncultured Anaeroplasmataceae bacterium,658266,PRJEB59335,SAMEA112381236,2023,2023-03-14,Illumina,Short,Scaffold,Inconclusive,na,2026-09-29,1899411,29,0.3208436720646558,0,0,False,False,False,False,False,Anaeroplasmataceae,2023-2026
GCA_948662745.1,uncultured Anaeroplasmataceae bacterium,658266,PRJEB59335,SAMEA112400109,2023,2023-03-11,Illumina,Short,Scaffold,Inconclusive,Anaeroplasma bactoclasticum,2026-09-29,1123858,504,0.3280289858683214,1,0,True,False,False,False,True,Anaeroplasmataceae,2023-2026
GCA_948663955.1,uncultured Anaeroplasmataceae bacterium,658266,PRJEB59335,SAMEA112376391,2023,2023-03-12,Illumina,Short,Scaffold,Inconclusive,Spiroplasma taiwanense,2026-09-29,1608769,267,0.3502155996292818,0,0,False,False,False,False,False,Anaeroplasmataceae,2023-2026
GCA_948666065.1,uncultured Anaeroplasmataceae bacterium,658266,PRJEB59335,SAMEA112391363,2023,2023-03-13,Illumina,Short,Scaffold,Inconclusive,Defluviitalea phaphyphila,2026-09-29,1759108,52,0.3510347289649072,0,5,False,False,False,False,False,Anaeroplasmataceae,2023-2026
GCA_948668275.1,uncultured Anaeroplasmataceae bacterium,658266,PRJEB59335,SAMEA112420383,2023,2023-03-13,Illumina,Short,Scaffold,Inconclusive,Lactobacillus rodentium,2026-09-29,1773106,227,0.3603591663442569,8,0,True,False,False,False,True,Anaeroplasmataceae,2023-2026
GCA_948668955.1,uncultured Anaeroplasmataceae bacterium,658266,PRJEB59335,SAMEA112378393,2023,2023-03-14,Illumina,Short,Scaffold,Inconclusive,Clostridium tepidum,2026-09-29,1939943,52,0.3218826532532141,0,0,False,False,False,False,False,Anaeroplasmataceae,2023-2026
GCA_948669605.1,uncultured Anaeroplasmataceae bacterium,658266,PRJEB59335,SAMEA112391430,2023,2023-03-13,Illumina,Short,Scaffold,Inconclusive,Anaeroplasma bactoclasticum,2026-09-29,1760190,47,0.3506979360182707,0,5,False,False,False,False,False,Anaeroplasmataceae,2023-2026
GCA_948671935.1,uncultured Anaeroplasmataceae bacterium,658266,PRJEB59335,SAMEA112426454,2023,2023-03-13,Illumina,Short,Scaffold,Inconclusive,Anaeroplasma bactoclasticum,2026-09-29,1773763,170,0.3605881958299953,14,0,True,False,False,False,True,Anaeroplasmataceae,2023-2026
GCA_948672215.1,uncultured Anaeroplasmataceae bacterium,658266,PRJEB59335,SAMEA112409250,2023,2023-03-11,Illumina,Short,Contig,Inconclusive,Lactobacillus johnsonii,2026-09-29,1357685,423,0.3286962734360326,0,0,False,False,False,False,False,Anaeroplasmataceae,2023-2026
GCA_948673075.1,uncultured Anaeroplasmataceae bacterium,658266,PRJEB59335,SAMEA112399362,2023,2023-03-14,Illumina,Short,Scaffold,Inconclusive,Lactobacillus johnsonii,2026-09-29,1891764,53,0.3077709481732393,0,0,False,False,False,False,False,Anaeroplasmataceae,2023-2026
GCA_948673455.1,uncultured Anaeroplasmataceae bacterium,658266,PRJEB59335,SAMEA112390355,2023,2023-03-12,Illumina,Short,Scaffold,Inconclusive,Anaeroplasma bactoclasticum,2026-09-29,1648698,55,0.324289833553507,9,0,True,False,False,False,True,Anaeroplasmataceae,2023-2026
GCA_948673725.1,uncultured Anaeroplasmataceae bacterium,658266,PRJEB59335,SAMEA112385378,2023,2023-03-11,Illumina,Short,Scaffold,Inconclusive,Anaeroplasma bactoclasticum,2026-09-29,1350727,219,0.3340593621064804,0,0,False,False,False,False,False,Anaeroplasmataceae,2023-2026
GCA_948675265.1,uncultured Anaeroplasmataceae bacterium,658266,PRJEB59335,SAMEA112390284,2023,2023-03-30,Illumina,Short,Scaffold,Inconclusive,Clostridium cibarium,2026-09-29,2352564,703,0.3250449297022312,150,0,True,False,False,False,True,Anaeroplasmataceae,2023-2026
GCA_948679735.1,uncultured Anaeroplasmataceae bacterium,658266,PRJEB59335,SAMEA112386468,2023,2023-03-11,Illumina,Short,Scaffold,Inconclusive,Anaeroplasma bactoclasticum,2026-09-29,1140769,407,0.3360496296796283,0,0,False,False,False,False,False,Anaeroplasmataceae,2023-2026
GCA_948681745.1,uncultured Anaeroplasmataceae bacterium,658266,PRJEB59335,SAMEA112405251,2023,2023-03-24,Illumina,Short,Contig,Inconclusive,na,2026-09-29,2012784,104,0.3237828798321131,0,0,False,False,False,False,False,Anaeroplasmataceae,2023-2026
GCA_948681905.1,uncultured Anaeroplasmataceae bacterium,658266,PRJEB59335,SAMEA112381337,2023,2023-03-24,Illumina,Short,Scaffold,Inconclusive,na,2026-09-29,2055109,67,0.322675342281115,0,12,False,False,False,False,False,Anaeroplasmataceae,2023-2026
GCA_948682325.1,uncultured Anaeroplasmataceae bacterium,658266,PRJEB59335,SAMEA112435522,2023,2023-03-12,Illumina,Short,Scaffold,Inconclusive,na,2026-09-29,1507956,351,0.3407977421091862,0,0,False,False,False,False,False,Anaeroplasmataceae,2023-2026
GCA_948683235.1,uncultured Anaeroplasmataceae bacterium,658266,PRJEB59335,SAMEA112386312,2023,2023-03-14,Illumina,Short,Scaffold,Inconclusive,na,2026-09-29,1859867,74,0.3229456729970476,0,0,False,False,False,False,False,Anaeroplasmataceae,2023-2026
GCA_948683665.1,uncultured Anaeroplasmataceae bacterium,658266,PRJEB59335,SAMEA112402221,2023,2023-03-14,Illumina,Short,Scaffold,Inconclusive,Lactobacillus taiwanensis,2026-09-29,1935842,64,0.3198551328052599,0,0,False,False,False,False,False,Anaeroplasmataceae,2023-2026
GCA_948686095.1,uncultured Anaeroplasmataceae bacterium,658266,PRJEB59335,SAMEA112394482,2023,2023-03-13,Illumina,Short,Scaffold,Inconclusive,na,2026-09-29,1759779,11,0.3075602106855463,0,0,False,False,False,False,False,Anaeroplasmataceae,2023-2026
GCA_948686155.1,uncultured Anaeroplasmataceae bacterium,658266,PRJEB59335,SAMEA112424338,2023,2023-03-12,Illumina,Short,Scaffold,Inconclusive,Anaeroplasma bactoclasticum,2026-09-29,1499528,283,0.3604007394326748,46,0,True,False,False,False,True,Anaeroplasmataceae,2023-2026
GCA_948686545.1,uncultured Anaeroplasmataceae bacterium,658266,PRJEB59335,SAMEA112427269,2023,2023-03-12,Illumina,Short,Scaffold,Inconclusive,Anaeroplasma bactoclasticum,2026-09-29,1458906,47,0.357699536502009,3,0,True,False,False,False,True,Anaeroplasmataceae,2023-2026
GCA_948688185.1,uncultured Anaeroplasmataceae bacterium,658266,PRJEB59335,SAMEA112405337,2023,2023-03-14,Illumina,Short,Scaffold,Inconclusive,na,2026-09-29,1859992,224,0.3284804450771831,0,0,False,False,False,False,False,Anaeroplasmataceae,2023-2026
GCA_948689075.1,uncultured Anaeroplasmataceae bacterium,658266,PRJEB59335,SAMEA112412281,2023,2023-03-11,Illumina,Short,Scaffold,Inconclusive,na,2026-09-29,1388681,425,0.3231850943449215,0,0,False,False,False,False,False,Anaeroplasmataceae,2023-2026
GCA_948692425.1,uncultured Anaeroplasmataceae bacterium,658266,PRJEB59335,SAMEA112412276,2023,2023-03-13,Illumina,Short,Scaffold,Inconclusive,Anaeroplasma bactoclasticum,2026-09-29,1764703,277,0.327953768991156,0,0,False,False,False,False,False,Anaeroplasmataceae,2023-2026
GCA_948692975.1,uncultured Anaeroplasmataceae bacterium,658266,PRJEB59335,SAMEA112378345,2023,2023-03-13,Illumina,Short,Scaffold,Inconclusive,Clostridium tepidum,2026-09-29,1751010,58,0.3225092946356674,0,3,False,False,False,False,False,Anaeroplasmataceae,2023-2026
GCA_948693585.1,uncultured Anaeroplasmataceae bacterium,658266,PRJEB59335,SAMEA112377311,2023,2023-03-12,Illumina,Short,Scaffold,Inconclusive,na,2026-09-29,1579716,427,0.3059227101580284,0,0,False,False,False,False,False,Anaeroplasmataceae,2023-2026
GCA_948697565.1,uncultured Anaeroplasmataceae bacterium,658266,PRJEB59335,SAMEA112391418,2023,2023-03-13,Illumina,Short,Scaffold,Inconclusive,Defluviitalea phaphyphila,2026-09-29,1775763,52,0.3496311163145081,0,3,False,False,False,False,False,Anaeroplasmataceae,2023-2026
GCA_948698075.1,uncultured Anaeroplasmataceae bacterium,658266,PRJEB59335,SAMEA112421402,2023,2023-03-13,Illumina,Short,Scaffold,Inconclusive,Anaeroplasma bactoclasticum,2026-09-29,1673719,135,0.355738328835366,20,0,True,False,False,False,True,Anaeroplasmataceae,2023-2026
GCA_948700235.1,uncultured Anaeroplasmataceae bacterium,658266,PRJEB59335,SAMEA112381308,2023,2023-03-15,Illumina,Short,Scaffold,Inconclusive,na,2026-09-29,1984835,34,0.3196613320502712,0,0,False,False,False,False,False,Anaeroplasmataceae,2023-2026
GCA_948701025.1,uncultured Anaeroplasmataceae bacterium,658266,PRJEB59335,SAMEA112390273,2023,2023-03-24,Illumina,Short,Scaffold,Inconclusive,Romboutsia ilealis,2026-09-29,1978483,585,0.3215564652311897,134,1,True,False,False,False,True,Anaeroplasmataceae,2023-2026
GCA_948701955.1,uncultured Anaeroplasmataceae bacterium,658266,PRJEB59335,SAMEA112390316,2023,2023-03-30,Illumina,Short,Scaffold,Inconclusive,Pseudolactococcus raffinolactis,2026-09-29,2457812,89,0.3263032323058069,12,0,True,False,False,False,True,Anaeroplasmataceae,2023-2026
GCA_948705585.1,uncultured Anaeroplasmataceae bacterium,658266,PRJEB59335,SAMEA112431267,2023,2023-03-13,Illumina,Short,Scaffold,Inconclusive,Anaeroplasma bactoclasticum,2026-09-29,1773069,22,0.3516377535222825,0,0,False,False,False,False,False,Anaeroplasmataceae,2023-2026
GCA_948706885.1,uncultured Anaeroplasmataceae bacterium,658266,PRJEB59335,SAMEA112396530,2023,2023-03-14,Illumina,Short,Scaffold,Inconclusive,Helicobacter japonicus,2026-09-29,1874555,301,0.3204461858947857,1,0,True,False,False,False,True,Anaeroplasmataceae,2023-2026
GCA_948707135.1,uncultured Anaeroplasmataceae bacterium,658266,PRJEB59335,SAMEA112378311,2023,2023-03-14,Illumina,Short,Contig,Inconclusive,na,2026-09-29,1935278,23,0.3211207898813504,0,0,False,False,False,False,False,Anaeroplasmataceae,2023-2026
GCA_948708095.1,uncultured Anaeroplasmataceae bacterium,658266,PRJEB59335,SAMEA112391468,2023,2023-03-13,Illumina,Short,Scaffold,Inconclusive,Mammaliicoccus lentus,2026-09-29,1763582,49,0.349297622679297,0,0,False,False,False,False,False,Anaeroplasmataceae,2023-2026
GCA_948710705.1,uncultured Anaeroplasmataceae bacterium,658266,PRJEB59335,SAMEA112381423,2023,2023-03-15,Illumina,Short,Contig,Inconclusive,Parablautia muri,2026-09-29,2010486,78,0.3274636083016743,0,27,False,False,False,False,False,Anaeroplasmataceae,2023-2026
GCA_948710795.1,uncultured Anaeroplasmataceae bacterium,658266,PRJEB59335,SAMEA112436235,2023,2023-03-14,Illumina,Short,Scaffold,Inconclusive,Anaeroplasma bactoclasticum,2026-09-29,1846647,47,0.3489037157615938,0,0,False,False,False,False,False,Anaeroplasmataceae,2023-2026
GCA_948712325.1,uncultured Anaeroplasmataceae bacterium,658266,PRJEB59335,SAMEA112403225,2023,2023-03-14,Illumina,Short,Scaffold,Inconclusive,na,2026-09-29,1925160,52,0.3221108894845104,5,0,True,False,False,False,True,Anaeroplasmataceae,2023-2026
GCA_948712525.1,uncultured Anaeroplasmataceae bacterium,658266,PRJEB59335,SAMEA112396337,2023,2023-03-14,Illumina,Short,Scaffold,Inconclusive,Helicobacter japonicus,2026-09-29,1962338,75,0.3091057707693578,0,0,False,False,False,False,False,Anaeroplasmataceae,2023-2026
GCA_948712895.1,uncultured Anaeroplasmataceae bacterium,658266,PRJEB59335,SAMEA112412244,2023,2023-03-14,Illumina,Short,Scaffold,Inconclusive,na,2026-09-29,1819314,123,0.3203806489698864,0,0,False,False,False,False,False,Anaeroplasmataceae,2023-2026
GCA_948713925.1,uncultured Anaeroplasmataceae bacterium,658266,PRJEB59335,SAMEA112420574,2023,2023-03-13,Illumina,Short,Scaffold,Inconclusive,Anaeroplasma bactoclasticum,2026-09-29,1733823,203,0.3599190920872546,14,0,True,False,False,False,True,Anaeroplasmataceae,2023-2026
GCA_948715825.1,uncultured Anaeroplasmataceae bacterium,658266,PRJEB59335,SAMEA112381389,2023,2023-03-26,Illumina,Short,Scaffold,Inconclusive,Sporofaciens musculi,2026-09-29,2240544,86,0.3288259458417241,0,18,False,False,False,False,False,Anaeroplasmataceae,2023-2026
GCA_948716105.1,uncultured Anaeroplasmataceae bacterium,658266,PRJEB59335,SAMEA112404305,2023,2023-03-25,Illumina,Short,Scaffold,Inconclusive,na,2026-09-29,2163560,115,0.3206465270202814,10,0,True,False,False,False,True,Anaeroplasmataceae,2023-2026
GCA_948717415.1,uncultured Anaeroplasmataceae bacterium,658266,PRJEB59335,SAMEA112412180,2023,2023-03-12,Illumina,Short,Scaffold,Inconclusive,Anaeroplasma bactoclasticum,2026-09-29,1539864,246,0.3269853701365834,0,0,False,False,False,False,False,Anaeroplasmataceae,2023-2026
GCA_948718205.1,uncultured Anaeroplasmataceae bacterium,658266,PRJEB59335,SAMEA112398304,2023,2023-03-11,Illumina,Short,Scaffold,Inconclusive,Anaeroplasma bactoclasticum,2026-09-29,1421642,92,0.3276753219164881,0,0,False,False,False,False,False,Anaeroplasmataceae,2023-2026
GCA_948719825.1,uncultured Anaeroplasmataceae bacterium,658266,PRJEB59335,SAMEA112401307,2023,2023-03-26,Illumina,Short,Scaffold,Inconclusive,na,2026-09-29,2172587,114,0.3047578762093301,0,0,False,False,False,False,False,Anaeroplasmataceae,2023-2026
GCA_948723575.1,uncultured Anaeroplasmataceae bacterium,658266,PRJEB59335,SAMEA112379347,2023,2023-03-14,Illumina,Short,Scaffold,Inconclusive,na,2026-09-29,1838645,37,0.3234262187643618,0,0,False,False,False,False,False,Anaeroplasmataceae,2023-2026
GCA_948731295.1,uncultured Anaeroplasmataceae bacterium,658266,PRJEB59335,SAMEA112434377,2023,2023-04-16,Illumina,Short,Scaffold,Inconclusive,na,2026-09-29,2730613,207,0.3209330652128295,0,0,False,False,False,False,False,Anaeroplasmataceae,2023-2026
GCA_948731715.1,uncultured Anaeroplasmataceae bacterium,658266,PRJEB59335,SAMEA112410289,2023,2023-03-26,Illumina,Short,Contig,Inconclusive,Defluviitalea phaphyphila,2026-09-29,2203068,102,0.3205193847852177,0,0,False,False,False,False,False,Anaeroplasmataceae,2023-2026
GCA_948731755.1,uncultured Anaeroplasmataceae bacterium,658266,PRJEB59335,SAMEA112409225,2023,2023-03-14,Illumina,Short,Contig,Inconclusive,na,2026-09-29,1862097,87,0.3188523476489141,0,0,False,False,False,False,False,Anaeroplasmataceae,2023-2026
GCA_948733285.1,uncultured Anaeroplasmataceae bacterium,658266,PRJEB59335,SAMEA112398476,2023,2023-03-14,Illumina,Short,Contig,Inconclusive,na,2026-09-29,1912612,21,0.3056087695779384,0,0,False,False,False,False,False,Anaeroplasmataceae,2023-2026
GCA_948735855.1,uncultured Anaeroplasmataceae bacterium,658266,PRJEB59335,SAMEA112378398,2023,2023-03-14,Illumina,Short,Scaffold,Inconclusive,na,2026-09-29,1858732,159,0.3233058881000596,0,0,False,False,False,False,False,Anaeroplasmataceae,2023-2026
GCA_948737705.1,uncultured Anaeroplasmataceae bacterium,658266,PRJEB59335,SAMEA112386290,2023,2023-03-11,Illumina,Short,Scaffold,Inconclusive,Anaeroplasma bactoclasticum,2026-09-29,1154305,415,0.3351081386635248,0,0,False,False,False,False,False,Anaeroplasmataceae,2023-2026
GCA_948739915.1,uncultured Anaeroplasmataceae bacterium,658266,PRJEB59335,SAMEA112426521,2023,2023-03-24,Illumina,Short,Scaffold,Inconclusive,Parabacteroides merdae,2026-09-29,2025508,159,0.3595547388605722,6,0,True,False,False,False,True,Anaeroplasmataceae,2023-2026
GCA_948740315.1,uncultured Anaeroplasmataceae bacterium,658266,PRJEB59335,SAMEA112402269,2023,2023-03-13,Illumina,Short,Scaffold,Inconclusive,na,2026-09-29,1758281,9,0.3076465024646231,0,0,False,False,False,False,False,Anaeroplasmataceae,2023-2026
GCA_948741475.1,uncultured Anaeroplasmataceae bacterium,658266,PRJEB59335,SAMEA112434488,2023,2023-03-15,Illumina,Short,Scaffold,Inconclusive,na,2026-09-29,1989010,52,0.321014474537584,0,0,False,False,False,False,False,Anaeroplasmataceae,2023-2026
GCA_948745715.1,uncultured Anaeroplasmataceae bacterium,658266,PRJEB59335,SAMEA112386442,2023,2023-03-24,Illumina,Short,Scaffold,Inconclusive,na,2026-09-29,2022413,46,0.322898438647299,0,0,False,False,False,False,False,Anaeroplasmataceae,2023-2026
GCA_948745865.1,uncultured Anaeroplasmataceae bacterium,658266,PRJEB59335,SAMEA112391390,2023,2023-03-13,Illumina,Short,Scaffold,Inconclusive,Defluviitalea phaphyphila,2026-09-29,1771260,62,0.3496324650248975,0,2,False,False,False,False,False,Anaeroplasmataceae,2023-2026
GCA_948745885.1,uncultured Anaeroplasmataceae bacterium,658266,PRJEB59335,SAMEA112392502,2023,2023-03-12,Illumina,Short,Contig,Inconclusive,Arcobacter arenosus,2026-09-29,1721165,12,0.3082580693890475,0,0,False,False,False,False,False,Anaeroplasmataceae,2023-2026
GCA_948746125.1,uncultured Anaeroplasmataceae bacterium,658266,PRJEB59335,SAMEA112396494,2023,2023-03-13,Illumina,Short,Scaffold,Inconclusive,Arcobacter arenosus,2026-09-29,1735737,24,0.3067140932065169,0,0,False,False,False,False,False,Anaeroplasmataceae,2023-2026
GCA_948748335.1,uncultured Anaeroplasmataceae bacterium,658266,PRJEB59335,SAMEA112386262,2023,2023-03-12,Illumina,Short,Contig,Inconclusive,Anaeroplasma bactoclasticum,2026-09-29,1649315,185,0.3266143823344843,0,0,False,False,False,False,False,Anaeroplasmataceae,2023-2026
GCA_948748715.1,uncultured Anaeroplasmataceae bacterium,658266,PRJEB59335,SAMEA112407227,2023,2023-03-14,Illumina,Short,Scaffold,Inconclusive,na,2026-09-29,1867192,305,0.3210532178801109,0,0,False,False,False,False,False,Anaeroplasmataceae,2023-2026
GCA_948750065.1,uncultured Anaeroplasmataceae bacterium,658266,PRJEB59335,SAMEA112378364,2023,2023-03-13,Illumina,Short,Scaffold,Inconclusive,na,2026-09-29,1769598,518,0.2842199188742302,0,0,False,False,False,False,False,Anaeroplasmataceae,2023-2026
GCA_948750745.1,uncultured Anaeroplasmataceae bacterium,658266,PRJEB59335,SAMEA112378245,2023,2023-03-26,Illumina,Short,Scaffold,Inconclusive,Parablautia muri,2026-09-29,2257292,136,0.3228173404238353,0,0,False,False,False,False,False,Anaeroplasmataceae,2023-2026
GCA_948751235.1,uncultured Anaeroplasmataceae bacterium,658266,PRJEB59335,SAMEA112399443,2023,2023-03-13,Illumina,Short,Scaffold,Inconclusive,na,2026-09-29,1698664,234,0.3232852406361705,1,0,True,False,False,False,True,Anaeroplasmataceae,2023-2026
GCA_948751935.1,uncultured Anaeroplasmataceae bacterium,658266,PRJEB59335,SAMEA112381362,2023,2023-03-24,Illumina,Short,Scaffold,Inconclusive,na,2026-09-29,2081348,85,0.3202804144237292,0,0,False,False,False,False,False,Anaeroplasmataceae,2023-2026
GCA_948753955.1,uncultured Anaeroplasmataceae bacterium,658266,PRJEB59335,SAMEA112390296,2023,2023-03-12,Illumina,Short,Scaffold,Inconclusive,Turicibacter faecis,2026-09-29,1604438,409,0.321712649538343,112,0,True,False,False,False,True,Anaeroplasmataceae,2023-2026
GCA_948754035.1,uncultured Anaeroplasmataceae bacterium,658266,PRJEB59335,SAMEA112404243,2023,2023-03-23,Illumina,Short,Scaffold,Inconclusive,na,2026-09-29,1995322,44,0.3195739835475176,7,0,True,False,False,False,True,Anaeroplasmataceae,2023-2026
GCA_948754565.1,uncultured Anaeroplasmataceae bacterium,658266,PRJEB59335,SAMEA112395283,2023,2023-03-11,Illumina,Short,Scaffold,Inconclusive,Anaeroplasma bactoclasticum,2026-09-29,1208473,499,0.3568453742863928,0,0,False,False,False,False,False,Anaeroplasmataceae,2023-2026
GCA_948757595.1,uncultured Anaeroplasmataceae bacterium,658266,PRJEB59335,SAMEA112412302,2023,2023-03-24,Illumina,Short,Scaffold,Inconclusive,na,2026-09-29,2052302,58,0.3227712100850654,0,0,False,False,False,False,False,Anaeroplasmataceae,2023-2026
GCA_948758565.1,uncultured Anaeroplasmataceae bacterium,658266,PRJEB59335,SAMEA112400177,2023,2023-03-24,Illumina,Short,Contig,Inconclusive,Arcobacter arenosus,2026-09-29,2121194,14,0.3059965283703423,0,0,False,False,False,False,False,Anaeroplasmataceae,2023-2026
GCA_948758705.1,uncultured Anaeroplasmataceae bacterium,658266,PRJEB59335,SAMEA112428341,2023,2023-03-12,Illumina,Short,Scaffold,Inconclusive,Anaeroplasma bactoclasticum,2026-09-29,1554266,246,0.3597974864019415,24,0,True,False,False,False,True,Anaeroplasmataceae,2023-2026
GCA_948759575.1,uncultured Anaeroplasmataceae bacterium,658266,PRJEB59335,SAMEA112394407,2023,2023-03-14,Illumina,Short,Scaffold,Inconclusive,na,2026-09-29,1814242,41,0.3226184819886211,0,0,False,False,False,False,False,Anaeroplasmataceae,2023-2026
GCA_948760705.1,uncultured Anaeroplasmataceae bacterium,658266,PRJEB59335,SAMEA112392438,2023,2023-03-11,Illumina,Short,Scaffold,Inconclusive,na,2026-09-29,1111231,344,0.3091220457312656,2,0,True,False,False,False,True,Anaeroplasmataceae,2023-2026
GCA_948768615.1,uncultured Anaeroplasmataceae bacterium,658266,PRJEB59335,SAMEA112381502,2023,2023-03-13,Illumina,Short,Scaffold,Inconclusive,na,2026-09-29,1782856,28,0.3163699143396887,0,0,False,False,False,False,False,Anaeroplasmataceae,2023-2026
GCA_948770065.1,uncultured Anaeroplasmataceae bacterium,658266,PRJEB59335,SAMEA112412415,2023,2023-03-24,Illumina,Short,Scaffold,Inconclusive,na,2026-09-29,2018258,45,0.3216709657536351,0,0,False,False,False,False,False,Anaeroplasmataceae,2023-2026
GCA_948772865.1,uncultured Anaeroplasmataceae bacterium,658266,PRJEB59335,SAMEA112387582,2023,2023-03-31,Illumina,Short,Scaffold,Inconclusive,na,2026-09-29,2540877,167,0.3220883970377157,0,0,False,False,False,False,False,Anaeroplasmataceae,2023-2026
GCA_948773085.1,uncultured Anaeroplasmataceae bacterium,658266,PRJEB59335,SAMEA112387524,2023,2023-03-11,Illumina,Short,Scaffold,Inconclusive,na,2026-09-29,1124003,325,0.3386716939367599,0,0,False,False,False,False,False,Anaeroplasmataceae,2023-2026
GCA_948774875.1,uncultured Anaeroplasmataceae bacterium,658266,PRJEB59335,SAMEA112425692,2023,2023-03-13,Illumina,Short,Scaffold,Inconclusive,Anaeroplasma bactoclasticum,2026-09-29,1738239,196,0.3600408229248107,7,0,True,False,False,False,True,Anaeroplasmataceae,2023-2026
GCA_948778155.1,uncultured Anaeroplasmataceae bacterium,658266,PRJEB59335,SAMEA112423687,2023,2023-03-11,Illumina,Short,Scaffold,Inconclusive,Anaeroplasma bactoclasticum,2026-09-29,1407465,267,0.3630306970333187,24,0,True,False,False,False,True,Anaeroplasmataceae,2023-2026
GCA_948778485.1,uncultured Anaeroplasmataceae bacterium,658266,PRJEB59335,SAMEA112403421,2023,2023-03-13,Illumina,Short,Scaffold,Inconclusive,na,2026-09-29,1718861,77,0.3241774640299594,42,0,True,False,False,False,True,Anaeroplasmataceae,2023-2026
GCA_948781665.1,uncultured Anaeroplasmataceae bacterium,658266,PRJEB59335,SAMEA112391504,2023,2023-03-14,Illumina,Short,Scaffold,Inconclusive,Ligilactobacillus murinus,2026-09-29,1834061,214,0.3538573689751867,0,0,False,False,False,False,False,Anaeroplasmataceae,2023-2026
GCA_948782175.1,uncultured Anaeroplasmataceae bacterium,658266,PRJEB59335,SAMEA112412376,2023,2023-03-14,Illumina,Short,Scaffold,Inconclusive,Anaeroplasma bactoclasticum,2026-09-29,1854856,27,0.324290403136416,0,0,False,False,False,False,False,Anaeroplasmataceae,2023-2026
GCA_948783575.1,uncultured Anaeroplasmataceae bacterium,658266,PRJEB59335,SAMEA112426697,2023,2023-03-11,Illumina,Short,Scaffold,Inconclusive,Anaeroplasma bactoclasticum,2026-09-29,1254701,401,0.362198643342119,17,0,True,False,False,False,True,Anaeroplasmataceae,2023-2026
GCA_948783775.1,uncultured Anaeroplasmataceae bacterium,658266,PRJEB59335,SAMEA112423637,2023,2023-03-13,Illumina,Short,Scaffold,Inconclusive,Anaeroplasma bactoclasticum,2026-09-29,1798300,29,0.350562197631096,0,0,False,False,False,False,False,Anaeroplasmataceae,2023-2026
GCA_948783905.1,uncultured Anaeroplasmataceae bacterium,658266,PRJEB59335,SAMEA112434633,2023,2023-03-11,Illumina,Short,Scaffold,Inconclusive,na,2026-09-29,1242599,192,0.3277404858687316,0,0,False,False,False,False,False,Anaeroplasmataceae,2023-2026
GCA_948786195.1,uncultured Anaeroplasmataceae bacterium,658266,PRJEB59335,SAMEA112396595,2023,2023-03-13,Illumina,Short,Scaffold,Inconclusive,Arcobacter arenosus,2026-09-29,1771687,12,0.3078088849779899,0,0,False,False,False,False,False,Anaeroplasmataceae,2023-2026
GCA_948787245.1,uncultured Anaeroplasmataceae bacterium,658266,PRJEB59335,SAMEA112376588,2023,2023-03-13,Illumina,Short,Scaffold,Inconclusive,Anaeroplasma bactoclasticum,2026-09-29,1721008,128,0.3498769325883435,0,0,False,False,False,False,False,Anaeroplasmataceae,2023-2026
GCA_948788765.1,uncultured Anaeroplasmataceae bacterium,658266,PRJEB59335,SAMEA112387497,2023,2023-03-11,Illumina,Short,Scaffold,Inconclusive,Anaeroplasma bactoclasticum,2026-09-29,1278301,379,0.3362353624068196,0,0,False,False,False,False,False,Anaeroplasmataceae,2023-2026
GCA_948790595.1,uncultured Anaeroplasmataceae bacterium,658266,PRJEB59335,SAMEA112411416,2023,2023-03-12,Illumina,Short,Contig,Inconclusive,na,2026-09-29,1541276,557,0.3224899369094179,98,0,True,False,False,False,True,Anaeroplasmataceae,2023-2026
GCA_948792865.1,uncultured Anaeroplasmataceae bacterium,658266,PRJEB59335,SAMEA112380558,2023,2023-03-14,Illumina,Short,Scaffold,Inconclusive,na,2026-09-29,1848438,53,0.3221595747328284,0,0,False,False,False,False,False,Anaeroplasmataceae,2023-2026
GCA_948794955.1,uncultured Anaeroplasmataceae bacterium,658266,PRJEB59335,SAMEA112405423,2023,2023-03-11,Illumina,Short,Contig,Inconclusive,Anaeroplasma bactoclasticum,2026-09-29,1222338,232,0.3341645273238662,0,0,False,False,False,False,False,Anaeroplasmataceae,2023-2026
GCA_948795835.1,uncultured Anaeroplasmataceae bacterium,658266,PRJEB59335,SAMEA112411375,2023,2023-03-12,Illumina,Short,Scaffold,Inconclusive,Anaeroplasma bactoclasticum,2026-09-29,1652786,297,0.3246826872928497,1,0,True,False,False,False,True,Anaeroplasmataceae,2023-2026
GCA_948797475.1,uncultured Anaeroplasmataceae bacterium,658266,PRJEB59335,SAMEA112381543,2023,2023-03-13,Illumina,Short,Scaffold,Inconclusive,na,2026-09-29,1724558,36,0.3214672977075865,0,0,False,False,False,False,False,Anaeroplasmataceae,2023-2026
GCA_948798935.1,uncultured Anaeroplasmataceae bacterium,658266,PRJEB59335,SAMEA112391541,2023,2023-03-14,Illumina,Short,Scaffold,Inconclusive,Duncaniella dubosii,2026-09-29,1834542,153,0.3545571592255724,0,17,False,False,False,False,False,Anaeroplasmataceae,2023-2026
GCA_948799375.1,uncultured Anaeroplasmataceae bacterium,658266,PRJEB59335,SAMEA112421627,2023,2023-03-14,Illumina,Short,Scaffold,Inconclusive,Anaeroplasma bactoclasticum,2026-09-29,1822036,159,0.3582113635515434,12,0,True,False,False,False,True,Anaeroplasmataceae,2023-2026
GCA_948800945.1,uncultured Anaeroplasmataceae bacterium,658266,PRJEB59335,SAMEA112380516,2023,2023-03-11,Illumina,Short,Scaffold,Inconclusive,Anaeroplasma bactoclasticum,2026-09-29,1331601,452,0.32820416926692,0,0,False,False,False,False,False,Anaeroplasmataceae,2023-2026
GCA_948802075.1,uncultured Anaeroplasmataceae bacterium,658266,PRJEB59335,SAMEA112381490,2023,2023-03-14,Illumina,Short,Scaffold,Inconclusive,na,2026-09-29,1906526,24,0.3211333073873632,0,0,False,False,False,False,False,Anaeroplasmataceae,2023-2026
GCA_948802625.1,uncultured Anaeroplasmataceae bacterium,658266,PRJEB59335,SAMEA112424733,2023,2023-03-11,Illumina,Short,Scaffold,Inconclusive,Anaeroplasma bactoclasticum,2026-09-29,1354468,142,0.3592473207192787,13,0,True,False,False,False,True,Anaeroplasmataceae,2023-2026
GCA_948805475.1,uncultured Anaeroplasmataceae bacterium,658266,PRJEB59335,SAMEA112394586,2023,2023-03-14,Illumina,Short,Scaffold,Inconclusive,Spiroplasma taiwanense,2026-09-29,1864447,87,0.3489844441810359,0,0,False,False,False,False,False,Anaeroplasmataceae,2023-2026
GCA_948808285.1,uncultured Anaeroplasmataceae bacterium,658266,PRJEB59335,SAMEA112412433,2023,2023-03-15,Illumina,Short,Scaffold,Inconclusive,na,2026-09-29,1960968,147,0.3178506737488832,0,0,False,False,False,False,False,Anaeroplasmataceae,2023-2026
GCA_948810425.1,uncultured Anaeroplasmataceae bacterium,658266,PRJEB59335,SAMEA112427576,2023,2023-03-11,Illumina,Short,Scaffold,Inconclusive,Anaeroplasma bactoclasticum,2026-09-29,1416497,151,0.3572481974900052,35,0,True,False,False,False,True,Anaeroplasmataceae,2023-2026
GCA_948810525.1,uncultured Anaeroplasmataceae bacterium,658266,PRJEB59335,SAMEA112376582,2023,2023-03-13,Illumina,Short,Scaffold,Inconclusive,Anaeroplasma bactoclasticum,2026-09-29,1724358,107,0.3498473054899272,0,0,False,False,False,False,False,Anaeroplasmataceae,2023-2026
GCA_948813185.1,uncultured Anaeroplasmataceae bacterium,658266,PRJEB59335,SAMEA112384525,2023,2023-03-12,Illumina,Short,Scaffold,Inconclusive,Clostridium senegalense,2026-09-29,1633690,109,0.3513579687700849,0,0,False,False,False,False,False,Anaeroplasmataceae,2023-2026
GCA_948814005.1,uncultured Anaeroplasmataceae bacterium,658266,PRJEB59335,SAMEA112434657,2023,2023-03-30,Illumina,Short,Scaffold,Inconclusive,na,2026-09-29,2468074,112,0.3218785174188456,0,0,False,False,False,False,False,Anaeroplasmataceae,2023-2026
GCA_948817715.1,uncultured Anaeroplasmataceae bacterium,658266,PRJEB59335,SAMEA112429589,2023,2023-03-11,Illumina,Short,Scaffold,Inconclusive,Anaeroplasma bactoclasticum,2026-09-29,1246445,151,0.3627404337937093,23,0,True,False,False,False,True,Anaeroplasmataceae,2023-2026
GCA_948818685.1,uncultured Anaeroplasmataceae bacterium,658266,PRJEB59335,SAMEA112383652,2023,2023-03-12,Illumina,Short,Scaffold,Inconclusive,Anaeroplasma bactoclasticum,2026-09-29,1618858,149,0.3268396610450083,0,0,False,False,False,False,False,Anaeroplasmataceae,2023-2026
GCA_948818885.1,uncultured Anaeroplasmataceae bacterium,658266,PRJEB59335,SAMEA112411367,2023,2023-03-12,Illumina,Short,Scaffold,Inconclusive,na,2026-09-29,1551617,368,0.3244363783072755,11,0,True,False,False,False,True,Anaeroplasmataceae,2023-2026
GCA_948819345.1,uncultured Anaeroplasmataceae bacterium,658266,PRJEB59335,SAMEA112381554,2023,2023-03-14,Illumina,Short,Scaffold,Inconclusive,na,2026-09-29,1903538,25,0.3205867179956481,0,0,False,False,False,False,False,Anaeroplasmataceae,2023-2026
GCA_948820955.1,uncultured Anaeroplasmataceae bacterium,658266,PRJEB59335,SAMEA112404398,2023,2023-03-12,Illumina,Short,Scaffold,Inconclusive,na,2026-09-29,1524692,395,0.3257162758117705,203,0,True,False,False,False,True,Anaeroplasmataceae,2023-2026
GCA_948823105.1,uncultured Anaeroplasmataceae bacterium,658266,PRJEB59335,SAMEA112380486,2023,2023-03-13,Illumina,Short,Scaffold,Inconclusive,na,2026-09-29,1782041,74,0.3241687480815536,0,0,False,False,False,False,False,Anaeroplasmataceae,2023-2026
GCA_948824395.1,uncultured Anaeroplasmataceae bacterium,658266,PRJEB59335,SAMEA112424692,2023,2023-03-28,Illumina,Short,Scaffold,Inconclusive,Duncaniella freteri,2026-09-29,2263074,143,0.3587187162240386,0,0,False,False,False,False,False,Anaeroplasmataceae,2023-2026
GCA_948824975.1,uncultured Anaeroplasmataceae bacterium,658266,PRJEB59335,SAMEA112404359,2023,2023-03-26,Illumina,Short,Scaffold,Inconclusive,Parablautia muri,2026-09-29,2194150,120,0.3229801973429346,11,0,True,False,False,False,True,Anaeroplasmataceae,2023-2026
GCA_948825595.1,uncultured Anaeroplasmataceae bacterium,658266,PRJEB59335,SAMEA112391553,2023,2023-03-14,Illumina,Short,Scaffold,Inconclusive,Duncaniella dubosii,2026-09-29,1775696,78,0.3504496265126463,0,0,False,False,False,False,False,Anaeroplasmataceae,2023-2026
GCA_948825635.1,uncultured Anaeroplasmataceae bacterium,658266,PRJEB59335,SAMEA112387551,2023,2023-03-14,Illumina,Short,Scaffold,Inconclusive,na,2026-09-29,1881020,48,0.3214622917353351,0,0,False,False,False,False,False,Anaeroplasmataceae,2023-2026
GCA_948825785.1,uncultured Anaeroplasmataceae bacterium,658266,PRJEB59335,SAMEA112399638,2023,2023-03-13,Illumina,Short,Scaffold,Inconclusive,Brachyspira hyodysenteriae,2026-09-29,1774447,14,0.3083467694442268,0,0,False,False,False,False,False,Anaeroplasmataceae,2023-2026
GCA_948827535.1,uncultured Anaeroplasmataceae bacterium,658266,PRJEB59335,SAMEA112384519,2023,2023-03-14,Illumina,Short,Scaffold,Inconclusive,Clostridium senegalense,2026-09-29,1861556,27,0.3488732006987702,0,0,False,False,False,False,False,Anaeroplasmataceae,2023-2026
GCA_948829555.1,uncultured Anaeroplasmataceae bacterium,658266,PRJEB59335,SAMEA112391517,2023,2023-03-24,Illumina,Short,Scaffold,Inconclusive,Duncaniella muris,2026-09-29,1963093,198,0.3539236297006815,0,2,False,False,False,False,False,Anaeroplasmataceae,2023-2026
GCA_948831025.1,uncultured Anaeroplasmataceae bacterium,658266,PRJEB59335,SAMEA112383695,2023,2023-03-11,Illumina,Short,Scaffold,Inconclusive,Anaeroplasma bactoclasticum,2026-09-29,1402704,221,0.3232107415391986,0,0,False,False,False,False,False,Anaeroplasmataceae,2023-2026
GCA_948831065.1,uncultured Anaeroplasmataceae bacterium,658266,PRJEB59335,SAMEA112403374,2023,2023-03-29,Illumina,Short,Scaffold,Inconclusive,na,2026-09-29,2333170,108,0.3212556307512954,1,0,True,False,False,False,True,Anaeroplasmataceae,2023-2026
GCA_948831665.1,uncultured Anaeroplasmataceae bacterium,658266,PRJEB59335,SAMEA112430635,2023,2023-03-11,Illumina,Short,Scaffold,Inconclusive,Phocaeicola vulgatus,2026-09-29,1119329,431,0.3526496677920432,67,0,True,False,False,False,True,Anaeroplasmataceae,2023-2026
GCA_948835145.1,uncultured Anaeroplasmataceae bacterium,658266,PRJEB59335,SAMEA112380616,2023,2023-03-14,Illumina,Short,Scaffold,Inconclusive,na,2026-09-29,1961801,31,0.3203592005509223,0,0,False,False,False,False,False,Anaeroplasmataceae,2023-2026
GCA_948835335.1,uncultured Anaeroplasmataceae bacterium,658266,PRJEB59335,SAMEA112387605,2023,2023-03-15,Illumina,Short,Scaffold,Inconclusive,na,2026-09-29,2000451,43,0.3197274014709683,0,0,False,False,False,False,False,Anaeroplasmataceae,2023-2026
GCA_948835355.1,uncultured Anaeroplasmataceae bacterium,658266,PRJEB59335,SAMEA112380606,2023,2023-03-14,Illumina,Short,Contig,Inconclusive,na,2026-09-29,1929393,33,0.32129949678474,0,0,False,False,False,False,False,Anaeroplasmataceae,2023-2026
GCA_948838075.1,uncultured Anaeroplasmataceae bacterium,658266,PRJEB59335,SAMEA112412494,2023,2023-03-24,Illumina,Short,Scaffold,Inconclusive,na,2026-09-29,2040358,61,0.3236373224698803,0,0,False,False,False,False,False,Anaeroplasmataceae,2023-2026
GCA_948839245.1,uncultured Anaeroplasmataceae bacterium,658266,PRJEB59335,SAMEA112417689,2023,2023-03-12,Illumina,Short,Scaffold,Inconclusive,Ligilactobacillus murinus,2026-09-29,1536055,142,0.3586818180338594,18,0,True,False,False,False,True,Anaeroplasmataceae,2023-2026
GCA_948840445.1,uncultured Anaeroplasmataceae bacterium,658266,PRJEB59335,SAMEA112380582,2023,2023-03-12,Illumina,Short,Scaffold,Inconclusive,Anaeroplasma bactoclasticum,2026-09-29,1625596,214,0.3259604477373222,0,0,False,False,False,False,False,Anaeroplasmataceae,2023-2026
GCA_948840685.1,uncultured Anaeroplasmataceae bacterium,658266,PRJEB59335,SAMEA112397725,2023,2023-03-11,Illumina,Short,Scaffold,Inconclusive,Mammaliicoccus lentus,2026-09-29,1339196,427,0.3266131320583395,0,0,False,False,False,False,False,Anaeroplasmataceae,2023-2026
GCA_948842095.1,uncultured Anaeroplasmataceae bacterium,658266,PRJEB59335,SAMEA112381574,2023,2023-03-14,Illumina,Short,Contig,Inconclusive,na,2026-09-29,1894267,27,0.3215206726401294,0,0,False,False,False,False,False,Anaeroplasmataceae,2023-2026
GCA_948844575.1,uncultured Anaeroplasmataceae bacterium,658266,PRJEB59335,SAMEA112415155,2023,2023-03-11,Illumina,Short,Scaffold,Inconclusive,Anaeroplasma bactoclasticum,2026-09-29,1131202,415,0.3651337250110943,36,0,True,False,False,False,True,Anaeroplasmataceae,2023-2026
GCA_948846895.1,uncultured Anaeroplasmataceae bacterium,658266,PRJEB59335,SAMEA112386662,2023,2023-03-13,Illumina,Short,Scaffold,Inconclusive,na,2026-09-29,1683464,210,0.3275971449344922,0,0,False,False,False,False,False,Anaeroplasmataceae,2023-2026
GCA_948846925.1,uncultured Anaeroplasmataceae bacterium,658266,PRJEB59335,SAMEA112378627,2023,2023-03-28,Illumina,Short,Scaffold,Inconclusive,Intestinibacter bartlettii,2026-09-29,2280580,79,0.3454928132317217,0,4,False,False,False,False,False,Anaeroplasmataceae,2023-2026
GCA_948851105.1,uncultured Anaeroplasmataceae bacterium,658266,PRJEB59335,SAMEA112386635,2023,2023-03-13,Illumina,Short,Scaffold,Inconclusive,na,2026-09-29,1723586,43,0.3237877309284248,0,0,False,False,False,False,False,Anaeroplasmataceae,2023-2026
GCA_948852795.1,uncultured Anaeroplasmataceae bacterium,658266,PRJEB59335,SAMEA112394616,2023,2023-03-12,Illumina,Short,Scaffold,Inconclusive,na,2026-09-29,1638161,139,0.3070204943225971,10,0,True,False,False,False,True,Anaeroplasmataceae,2023-2026
GCA_948859535.1,uncultured Anaeroplasmataceae bacterium,658266,PRJEB59335,SAMEA112404521,2023,2023-03-13,Illumina,Short,Scaffold,Inconclusive,na,2026-09-29,1743655,30,0.3201791638827635,5,0,True,False,False,False,True,Anaeroplasmataceae,2023-2026
GCA_948860165.1,uncultured Anaeroplasmataceae bacterium,658266,PRJEB59335,SAMEA112394670,2023,2023-03-12,Illumina,Short,Scaffold,Inconclusive,Peptoniphilus porci,2026-09-29,1651021,40,0.3515666972134212,0,0,False,False,False,False,False,Anaeroplasmataceae,2023-2026
GCA_948860245.1,uncultured Anaeroplasmataceae bacterium,658266,PRJEB59335,SAMEA112380636,2023,2023-03-12,Illumina,Short,Scaffold,Inconclusive,na,2026-09-29,1561648,330,0.3272190660123152,0,0,False,False,False,False,False,Anaeroplasmataceae,2023-2026
GCA_948860765.1,uncultured Anaeroplasmataceae bacterium,658266,PRJEB59335,SAMEA112423760,2023,2023-03-10,Illumina,Short,Scaffold,Inconclusive,Anaeroplasma bactoclasticum,2026-09-29,800366,384,0.3652441508010085,18,0,True,False,False,False,True,Anaeroplasmataceae,2023-2026
GCA_948861755.1,uncultured Anaeroplasmataceae bacterium,658266,PRJEB59335,SAMEA112391633,2023,2023-03-13,Illumina,Short,Scaffold,Inconclusive,Parablautia muri,2026-09-29,1744428,122,0.3494572432912106,0,0,False,False,False,False,False,Anaeroplasmataceae,2023-2026
GCA_948863455.1,uncultured Anaeroplasmataceae bacterium,658266,PRJEB59335,SAMEA112393641,2023,2023-03-11,Illumina,Short,Scaffold,Inconclusive,Mammaliicoccus lentus,2026-09-29,1169001,482,0.3532212547294656,0,0,False,False,False,False,False,Anaeroplasmataceae,2023-2026
GCA_948864735.1,uncultured Anaeroplasmataceae bacterium,658266,PRJEB59335,SAMEA112384593,2023,2023-03-11,Illumina,Short,Scaffold,Inconclusive,Anaeroplasma bactoclasticum,2026-09-29,909173,279,0.3532584007664108,0,0,False,False,False,False,False,Anaeroplasmataceae,2023-2026
GCA_948868855.1,uncultured Anaeroplasmataceae bacterium,658266,PRJEB59335,SAMEA112391606,2023,2023-03-11,Illumina,Short,Scaffold,Inconclusive,Anaeroplasma bactoclasticum,2026-09-29,1165288,308,0.3509046690603524,0,0,False,False,False,False,False,Anaeroplasmataceae,2023-2026
GCA_948872145.1,uncultured Anaeroplasmataceae bacterium,658266,PRJEB59335,SAMEA112403517,2023,2023-03-12,Illumina,Short,Scaffold,Inconclusive,na,2026-09-29,1608969,130,0.3262281622579428,51,0,True,False,False,False,True,Anaeroplasmataceae,2023-2026
GCA_948874635.1,uncultured Anaeroplasmataceae bacterium,658266,PRJEB59335,SAMEA112412461,2023,2023-03-24,Illumina,Short,Scaffold,Inconclusive,Lactobacillus intestinalis,2026-09-29,1982714,364,0.3178612749998235,0,0,False,False,False,False,False,Anaeroplasmataceae,2023-2026
GCA_948876195.1,uncultured Anaeroplasmataceae bacterium,658266,PRJEB59335,SAMEA112427637,2023,2023-03-12,Illumina,Short,Scaffold,Inconclusive,Anaeroplasma bactoclasticum,2026-09-29,1501772,54,0.3569822849274057,5,0,True,False,False,False,True,Anaeroplasmataceae,2023-2026
GCA_948877605.1,uncultured Anaeroplasmataceae bacterium,658266,PRJEB59335,SAMEA112380660,2023,2023-03-13,Illumina,Short,Scaffold,Inconclusive,na,2026-09-29,1767507,85,0.3250974395009468,0,0,False,False,False,False,False,Anaeroplasmataceae,2023-2026
GCA_948879115.1,uncultured Anaeroplasmataceae bacterium,658266,PRJEB59335,SAMEA112401492,2023,2023-03-14,Illumina,Short,Contig,Inconclusive,Anaeroplasma bactoclasticum,2026-09-29,1852670,25,0.3502204925863753,0,0,False,False,False,False,False,Anaeroplasmataceae,2023-2026
GCA_948879995.1,uncultured Anaeroplasmataceae bacterium,658266,PRJEB59335,SAMEA112391619,2023,2023-03-12,Illumina,Short,Scaffold,Inconclusive,Spiroplasma taiwanense,2026-09-29,1482643,302,0.3539328078303408,0,0,False,False,False,False,False,Anaeroplasmataceae,2023-2026
GCA_948880435.1,uncultured Anaeroplasmataceae bacterium,658266,PRJEB59335,SAMEA112405490,2023,2023-03-11,Illumina,Short,Contig,Inconclusive,Anaeroplasma bactoclasticum,2026-09-29,915907,379,0.3418884231696013,0,0,False,False,False,False,False,Anaeroplasmataceae,2023-2026
GCA_948889515.1,uncultured Anaeroplasmataceae bacterium,658266,PRJEB59335,SAMEA112380651,2023,2023-03-14,Illumina,Short,Scaffold,Inconclusive,na,2026-09-29,1833898,51,0.3200663286616813,0,0,False,False,False,False,False,Anaeroplasmataceae,2023-2026
GCA_948892365.1,uncultured Anaeroplasmataceae bacterium,658266,PRJEB59335,SAMEA112380709,2023,2023-03-13,Illumina,Short,Scaffold,Inconclusive,na,2026-09-29,1710450,35,0.3225221432956239,0,0,False,False,False,False,False,Anaeroplasmataceae,2023-2026
GCA_948893445.1,uncultured Anaeroplasmataceae bacterium,658266,PRJEB59335,SAMEA112377777,2023,2023-03-12,Illumina,Short,Scaffold,Inconclusive,Paraclostridium sordellii,2026-09-29,1618627,405,0.3241660987985496,0,0,False,False,False,False,False,Anaeroplasmataceae,2023-2026
GCA_948894295.1,uncultured Anaeroplasmataceae bacterium,658266,PRJEB59335,SAMEA112380733,2023,2023-03-14,Illumina,Short,Scaffold,Inconclusive,na,2026-09-29,1930076,36,0.3208526503619546,0,0,False,False,False,False,False,Anaeroplasmataceae,2023-2026
GCA_948895775.1,uncultured Anaeroplasmataceae bacterium,658266,PRJEB59335,SAMEA112393859,2023,2023-03-13,Illumina,Short,Contig,Inconclusive,na,2026-09-29,1793011,25,0.307529067027475,0,0,False,False,False,False,False,Anaeroplasmataceae,2023-2026
GCA_948897905.1,uncultured Anaeroplasmataceae bacterium,658266,PRJEB59335,SAMEA112380684,2023,2023-03-14,Illumina,Short,Scaffold,Inconclusive,na,2026-09-29,1907379,34,0.3214479136029074,0,0,False,False,False,False,False,Anaeroplasmataceae,2023-2026
GCA_948907275.1,uncultured Anaeroplasmataceae bacterium,658266,PRJEB59335,SAMEA112404681,2023,2023-03-15,Illumina,Short,Scaffold,Inconclusive,na,2026-09-29,1972580,86,0.3197994504658873,55,0,True,False,False,False,True,Anaeroplasmataceae,2023-2026
GCA_948915995.1,uncultured Anaeroplasmataceae bacterium,658266,PRJEB59335,SAMEA112378753,2023,2023-03-29,Illumina,Short,Scaffold,Inconclusive,Parablautia intestinalis,2026-09-29,2315191,208,0.3270537938338564,0,1,False,False,False,False,False,Anaeroplasmataceae,2023-2026
GCA_948916345.1,uncultured Anaeroplasmataceae bacterium,658266,PRJEB59335,SAMEA112380785,2023,2023-03-14,Illumina,Short,Scaffold,Inconclusive,na,2026-09-29,1940897,33,0.3211092603059307,0,0,False,False,False,False,False,Anaeroplasmataceae,2023-2026
GCA_948918805.1,uncultured Anaeroplasmataceae bacterium,658266,PRJEB59335,SAMEA112403661,2023,2023-03-25,Illumina,Short,Scaffold,Inconclusive,Defluviitalea phaphyphila,2026-09-29,2186220,111,0.3200583655807741,5,0,True,False,False,False,True,Anaeroplasmataceae,2023-2026
GCA_948922435.1,uncultured Anaeroplasmataceae bacterium,658266,PRJEB59335,SAMEA112419958,2023,2023-03-11,Illumina,Short,Scaffold,Inconclusive,Anaeroplasma bactoclasticum,2026-09-29,1200119,304,0.3628806809991342,41,0,True,False,False,False,True,Anaeroplasmataceae,2023-2026
GCA_948924375.1,uncultured Anaeroplasmataceae bacterium,658266,PRJEB59335,SAMEA112402680,2023,2023-03-14,Illumina,Short,Scaffold,Inconclusive,na,2026-09-29,1938530,36,0.3210974294955456,0,0,False,False,False,False,False,Anaeroplasmataceae,2023-2026
GCA_948926215.1,uncultured Anaeroplasmataceae bacterium,658266,PRJEB59335,SAMEA112392827,2023,2023-03-13,Illumina,Short,Scaffold,Inconclusive,Anaeroplasma bactoclasticum,2026-09-29,1734759,20,0.3510856551255822,0,0,False,False,False,False,False,Anaeroplasmataceae,2023-2026
GCA_948932705.1,uncultured Anaeroplasmataceae bacterium,658266,PRJEB59335,SAMEA112422858,2023,2023-03-14,Illumina,Short,Scaffold,Inconclusive,Anaeroplasma bactoclasticum,2026-09-29,1774796,135,0.3594999087219038,12,0,True,False,False,False,True,Anaeroplasmataceae,2023-2026
GCA_948934675.1,uncultured Anaeroplasmataceae bacterium,658266,PRJEB59335,SAMEA112415231,2023,2023-03-11,Illumina,Short,Scaffold,Inconclusive,Spiroplasma taiwanense,2026-09-29,1337179,428,0.3654506988219229,21,0,True,False,False,False,True,Anaeroplasmataceae,2023-2026
GCA_948936135.1,uncultured Anaeroplasmataceae bacterium,658266,PRJEB59335,SAMEA112435927,2023,2023-03-14,Illumina,Short,Scaffold,Inconclusive,Anaeroplasma bactoclasticum,2026-09-29,1833011,35,0.349114653430885,0,0,False,False,False,False,False,Anaeroplasmataceae,2023-2026
GCA_948936295.1,uncultured Anaeroplasmataceae bacterium,658266,PRJEB59335,SAMEA112380787,2023,2023-03-14,Illumina,Short,Scaffold,Inconclusive,na,2026-09-29,1921339,31,0.3208517601526852,0,0,False,False,False,False,False,Anaeroplasmataceae,2023-2026
GCA_948937335.1,uncultured Anaeroplasmataceae bacterium,658266,PRJEB59335,SAMEA112402691,2023,2023-03-14,Illumina,Short,Scaffold,Inconclusive,na,2026-09-29,1919682,29,0.3213250944687714,0,0,False,False,False,False,False,Anaeroplasmataceae,2023-2026
GCA_948942845.1,uncultured Anaeroplasmataceae bacterium,658266,PRJEB59335,SAMEA112395844,2023,2023-03-12,Illumina,Short,Scaffold,Inconclusive,Spiroplasma taiwanense,2026-09-29,1548065,290,0.3541356467590185,5,0,True,False,False,False,True,Anaeroplasmataceae,2023-2026
GCA_948943105.1,uncultured Anaeroplasmataceae bacterium,658266,PRJEB59335,SAMEA112386772,2023,2023-03-12,Illumina,Short,Scaffold,Inconclusive,na,2026-09-29,1568661,251,0.3299565680539007,0,0,False,False,False,False,False,Anaeroplasmataceae,2023-2026
GCA_948945255.1,uncultured Anaeroplasmataceae bacterium,658266,PRJEB59335,SAMEA112403577,2023,2023-03-13,Illumina,Short,Scaffold,Inconclusive,na,2026-09-29,1741688,28,0.3202341636389526,1,0,True,False,False,False,True,Anaeroplasmataceae,2023-2026
GCA_948950285.1,uncultured Anaeroplasmataceae bacterium,658266,PRJEB59335,SAMEA112433947,2023,2023-03-24,Illumina,Short,Scaffold,Inconclusive,na,2026-09-29,2025722,93,0.3204773409184478,0,0,False,False,False,False,False,Anaeroplasmataceae,2023-2026
GCA_948950295.1,uncultured Anaeroplasmataceae bacterium,658266,PRJEB59335,SAMEA112418988,2023,2023-03-11,Illumina,Short,Scaffold,Inconclusive,Anaeroplasma bactoclasticum,2026-09-29,1327400,411,0.3610222992315805,42,0,True,False,False,False,True,Anaeroplasmataceae,2023-2026
GCA_948950615.1,uncultured Anaeroplasmataceae bacterium,658266,PRJEB59335,SAMEA112386788,2023,2023-03-14,Illumina,Short,Scaffold,Inconclusive,Clostridium tepidum,2026-09-29,1907926,37,0.3226534991399037,0,0,False,False,False,False,False,Anaeroplasmataceae,2023-2026
GCA_948951105.1,uncultured Anaeroplasmataceae bacterium,658266,PRJEB59335,SAMEA112399884,2023,2023-03-14,Illumina,Short,Scaffold,Inconclusive,Spiroplasma taiwanense,2026-09-29,1871080,30,0.3485238471898582,0,0,False,False,False,False,False,Anaeroplasmataceae,2023-2026
GCA_948951755.1,uncultured Anaeroplasmataceae bacterium,658266,PRJEB59335,SAMEA112404729,2023,2023-03-14,Illumina,Short,Scaffold,Inconclusive,na,2026-09-29,1823484,93,0.3217889490667316,62,0,True,False,False,False,True,Anaeroplasmataceae,2023-2026
GCA_948953575.1,uncultured Anaeroplasmataceae bacterium,658266,PRJEB59335,SAMEA112412561,2023,2023-03-14,Illumina,Short,Scaffold,Inconclusive,na,2026-09-29,1900671,35,0.3208640527476875,0,0,False,False,False,False,False,Anaeroplasmataceae,2023-2026
GCA_948954165.1,uncultured Anaeroplasmataceae bacterium,658266,PRJEB59335,SAMEA112405588,2023,2023-03-12,Illumina,Short,Scaffold,Inconclusive,Anaeroplasma bactoclasticum,2026-09-29,1577599,310,0.3320108595403521,0,0,False,False,False,False,False,Anaeroplasmataceae,2023-2026
GCA_948955705.1,uncultured Anaeroplasmataceae bacterium,658266,PRJEB59335,SAMEA112404625,2023,2023-03-28,Illumina,Short,Scaffold,Inconclusive,na,2026-09-29,2314095,145,0.3196281915824545,5,0,True,False,False,False,True,Anaeroplasmataceae,2023-2026
GCA_948958245.1,uncultured Anaeroplasmataceae bacterium,658266,PRJEB59335,SAMEA112386703,2023,2023-03-13,Illumina,Short,Scaffold,Inconclusive,na,2026-09-29,1715322,236,0.3263853667124889,0,0,False,False,False,False,False,Anaeroplasmataceae,2023-2026
GCA_948960205.1,uncultured Anaeroplasmataceae bacterium,658266,PRJEB59335,SAMEA112405716,2023,2023-03-14,Illumina,Short,Contig,Inconclusive,na,2026-09-29,1884510,145,0.3290144387665759,0,0,False,False,False,False,False,Anaeroplasmataceae,2023-2026
GCA_948961815.1,uncultured Anaeroplasmataceae bacterium,658266,PRJEB59335,SAMEA112405640,2023,2023-03-11,Illumina,Short,Contig,Inconclusive,Anaeroplasma bactoclasticum,2026-09-29,976235,279,0.3375416779771264,0,0,False,False,False,False,False,Anaeroplasmataceae,2023-2026
GCA_948964675.1,uncultured Anaeroplasmataceae bacterium,658266,PRJEB59335,SAMEA112421911,2023,2023-03-11,Illumina,Short,Scaffold,Inconclusive,Anaeroplasma bactoclasticum,2026-09-29,1145373,373,0.3648951040403432,34,0,True,False,False,False,True,Anaeroplasmataceae,2023-2026
GCA_948977055.1,uncultured Anaeroplasmataceae bacterium,658266,PRJEB59335,SAMEA112434847,2023,2023-03-14,Illumina,Short,Scaffold,Inconclusive,na,2026-09-29,1878239,32,0.3217162459090669,0,0,False,False,False,False,False,Anaeroplasmataceae,2023-2026
GCA_948982095.1,uncultured Anaeroplasmataceae bacterium,658266,PRJEB59335,SAMEA112391681,2023,2023-03-13,Illumina,Short,Scaffold,Inconclusive,Anaeroplasma bactoclasticum,2026-09-29,1725577,78,0.3497954597215887,0,0,False,False,False,False,False,Anaeroplasmataceae,2023-2026
GCA_948984775.1,uncultured Anaeroplasmataceae bacterium,658266,PRJEB59335,SAMEA112401643,2023,2023-03-12,Illumina,Short,Scaffold,Inconclusive,na,2026-09-29,1700069,22,0.3066340248542853,0,0,False,False,False,False,False,Anaeroplasmataceae,2023-2026
GCA_948985645.1,uncultured Anaeroplasmataceae bacterium,658266,PRJEB59335,SAMEA112380725,2023,2023-03-14,Illumina,Short,Contig,Inconclusive,na,2026-09-29,1944034,32,0.3206939796320435,0,0,False,False,False,False,False,Anaeroplasmataceae,2023-2026
GCA_948988905.1,uncultured Anaeroplasmataceae bacterium,658266,PRJEB59335,SAMEA112387743,2023,2023-03-11,Illumina,Short,Scaffold,Inconclusive,na,2026-09-29,1184748,413,0.3253502010554143,0,0,False,False,False,False,False,Anaeroplasmataceae,2023-2026
GCA_948989085.1,uncultured Anaeroplasmataceae bacterium,658266,PRJEB59335,SAMEA112380694,2023,2023-03-14,Illumina,Short,Scaffold,Inconclusive,na,2026-09-29,1848346,69,0.3202695815610281,0,0,False,False,False,False,False,Anaeroplasmataceae,2023-2026
GCA_948991505.1,uncultured Anaeroplasmataceae bacterium,658266,PRJEB59335,SAMEA112391859,2023,2023-03-11,Illumina,Short,Scaffold,Inconclusive,Spiroplasma taiwanense,2026-09-29,1386889,478,0.3566341646663864,0,0,False,False,False,False,False,Anaeroplasmataceae,2023-2026
GCA_948992175.1,uncultured Anaeroplasmataceae bacterium,658266,PRJEB59335,SAMEA112401614,2023,2023-03-13,Illumina,Short,Contig,Inconclusive,na,2026-09-29,1843011,44,0.3088158453747698,0,4,False,False,False,False,False,Anaeroplasmataceae,2023-2026
GCA_948993095.1,uncultured Anaeroplasmataceae bacterium,658266,PRJEB59335,SAMEA112415277,2023,2023-03-11,Illumina,Short,Scaffold,Inconclusive,Anaeroplasma bactoclasticum,2026-09-29,987781,401,0.3664233266280683,27,0,True,False,False,False,True,Anaeroplasmataceae,2023-2026
GCA_948994605.1,uncultured Anaeroplasmataceae bacterium,658266,PRJEB59335,SAMEA112378783,2023,2023-03-12,Illumina,Short,Scaffold,Inconclusive,na,2026-09-29,1653086,32,0.3249129204409208,0,0,False,False,False,False,False,Anaeroplasmataceae,2023-2026
GCA_948995195.1,uncultured Anaeroplasmataceae bacterium,658266,PRJEB59335,SAMEA112394781,2023,2023-03-13,Illumina,Short,Scaffold,Inconclusive,Arcobacter arenosus,2026-09-29,1807531,29,0.3078923680976979,0,0,False,False,False,False,False,Anaeroplasmataceae,2023-2026
GCA_948995585.1,uncultured Anaeroplasmataceae bacterium,658266,PRJEB59335,SAMEA112380813,2023,2023-03-14,Illumina,Short,Contig,Inconclusive,na,2026-09-29,1942712,30,0.3210578819711825,0,0,False,False,False,False,False,Anaeroplasmataceae,2023-2026
GCA_948996125.1,uncultured Anaeroplasmataceae bacterium,658266,PRJEB59335,SAMEA112404797,2023,2023-03-11,Illumina,Short,Scaffold,Inconclusive,Anaeroplasma bactoclasticum,2026-09-29,1420365,342,0.3283360263030981,174,0,True,False,False,False,True,Anaeroplasmataceae,2023-2026
GCA_948998715.1,uncultured Anaeroplasmataceae bacterium,658266,PRJEB59335,SAMEA112387722,2023,2023-03-14,Illumina,Short,Scaffold,Inconclusive,na,2026-09-29,1879975,129,0.3210335243819732,0,0,False,False,False,False,False,Anaeroplasmataceae,2023-2026
GCA_949003295.1,uncultured Anaeroplasmataceae bacterium,658266,PRJEB59335,SAMEA112378856,2023,2023-03-14,Illumina,Short,Contig,Inconclusive,na,2026-09-29,1901409,45,0.3216251737527276,0,0,False,False,False,False,False,Anaeroplasmataceae,2023-2026
GCA_949004405.1,uncultured Anaeroplasmataceae bacterium,658266,PRJEB59335,SAMEA112387694,2023,2023-03-14,Illumina,Short,Contig,Inconclusive,na,2026-09-29,1961901,42,0.3204728475086154,0,0,False,False,False,False,False,Anaeroplasmataceae,2023-2026
GCA_949011645.1,uncultured Anaeroplasmataceae bacterium,658266,PRJEB59335,SAMEA112403844,2023,2023-03-26,Illumina,Short,Scaffold,Inconclusive,na,2026-09-29,2211587,97,0.3199923855584248,3,0,True,False,False,False,True,Anaeroplasmataceae,2023-2026
GCA_949013445.1,uncultured Anaeroplasmataceae bacterium,658266,PRJEB59335,SAMEA112381002,2023,2023-03-14,Illumina,Short,Scaffold,Inconclusive,na,2026-09-29,1892245,46,0.3189248749501254,0,0,False,False,False,False,False,Anaeroplasmataceae,2023-2026
GCA_949016275.1,uncultured Anaeroplasmataceae bacterium,658266,PRJEB59335,SAMEA112400635,2023,2023-03-12,Illumina,Short,Scaffold,Inconclusive,Spiroplasma taiwanense,2026-09-29,1664423,246,0.3533765154651191,0,0,False,False,False,False,False,Anaeroplasmataceae,2023-2026
GCA_949017025.1,uncultured Anaeroplasmataceae bacterium,658266,PRJEB59335,SAMEA112387905,2023,2023-03-15,Illumina,Short,Scaffold,Inconclusive,na,2026-09-29,1990177,72,0.3197253309630249,0,0,False,False,False,False,False,Anaeroplasmataceae,2023-2026
GCA_949017775.1,uncultured Anaeroplasmataceae bacterium,658266,PRJEB59335,SAMEA112391933,2023,2023-03-13,Illumina,Short,Contig,Inconclusive,na,2026-09-29,1801666,32,0.3089912336692816,0,3,False,False,False,False,False,Anaeroplasmataceae,2023-2026
GCA_949019015.1,uncultured Anaeroplasmataceae bacterium,658266,PRJEB59335,SAMEA112403722,2023,2023-03-11,Illumina,Short,Scaffold,Inconclusive,Anaeroplasma bactoclasticum,2026-09-29,1382352,429,0.3263134136601965,196,0,True,False,False,False,True,Anaeroplasmataceae,2023-2026
GCA_949019035.1,uncultured Anaeroplasmataceae bacterium,658266,PRJEB59335,SAMEA112380861,2023,2023-03-13,Illumina,Short,Scaffold,Inconclusive,na,2026-09-29,1824757,36,0.319384444065703,0,0,False,False,False,False,False,Anaeroplasmataceae,2023-2026
GCA_949024355.1,uncultured Anaeroplasmataceae bacterium,658266,PRJEB59335,SAMEA112384772,2023,2023-03-14,Illumina,Short,Scaffold,Inconclusive,Clostridium thermobutyricum,2026-09-29,1922745,71,0.3227911137462326,0,0,False,False,False,False,False,Anaeroplasmataceae,2023-2026
GCA_949026995.1,uncultured Anaeroplasmataceae bacterium,658266,PRJEB59335,SAMEA112404904,2023,2023-03-11,Illumina,Short,Scaffold,Inconclusive,Anaeroplasma bactoclasticum,2026-09-29,1131512,542,0.3278542339807266,104,0,True,False,False,False,True,Anaeroplasmataceae,2023-2026
GCA_949028385.1,uncultured Anaeroplasmataceae bacterium,658266,PRJEB59335,SAMEA112411899,2023,2023-03-13,Illumina,Short,Scaffold,Inconclusive,na,2026-09-29,1771380,250,0.3267232327338008,0,0,False,False,False,False,False,Anaeroplasmataceae,2023-2026
GCA_949036705.1,uncultured Anaeroplasmataceae bacterium,658266,PRJEB59335,SAMEA112404833,2023,2023-03-11,Illumina,Short,Scaffold,Inconclusive,Anaeroplasma bactoclasticum,2026-09-29,1458899,94,0.325832699864761,53,0,True,False,False,False,True,Anaeroplasmataceae,2023-2026
GCA_949037585.1,uncultured Anaeroplasmataceae bacterium,658266,PRJEB59335,SAMEA112402782,2023,2023-03-15,Illumina,Short,Scaffold,Inconclusive,na,2026-09-29,1986626,59,0.3218894749187819,0,0,False,False,False,False,False,Anaeroplasmataceae,2023-2026
GCA_949037595.1,uncultured Anaeroplasmataceae bacterium,658266,PRJEB59335,SAMEA112384830,2023,2023-03-14,Illumina,Short,Scaffold,Inconclusive,na,2026-09-29,1800613,113,0.3251103929606195,0,0,False,False,False,False,False,Anaeroplasmataceae,2023-2026
GCA_949041415.1,uncultured Anaeroplasmataceae bacterium,658266,PRJEB59335,SAMEA112384887,2023,2023-03-12,Illumina,Short,Scaffold,Inconclusive,Helicobacter cinaedi,2026-09-29,1641683,231,0.3296513395095155,0,1,False,False,False,False,False,Anaeroplasmataceae,2023-2026
GCA_949044655.1,uncultured Anaeroplasmataceae bacterium,658266,PRJEB59335,SAMEA112401845,2023,2023-03-12,Illumina,Short,Scaffold,Inconclusive,na,2026-09-29,1664335,26,0.3069297947829013,1,0,True,False,False,False,True,Anaeroplasmataceae,2023-2026
GCA_949045935.1,uncultured Anaeroplasmataceae bacterium,658266,PRJEB59335,SAMEA112394006,2023,2023-03-11,Illumina,Short,Scaffold,Inconclusive,Anaeroplasma bactoclasticum,2026-09-29,1069541,518,0.3552402385696294,1,0,True,False,False,False,True,Anaeroplasmataceae,2023-2026
GCA_949046325.1,uncultured Anaeroplasmataceae bacterium,658266,PRJEB59335,SAMEA112404939,2023,2023-03-11,Illumina,Short,Scaffold,Inconclusive,Anaeroplasma bactoclasticum,2026-09-29,1069964,295,0.3303438246520443,51,0,True,False,False,False,True,Anaeroplasmataceae,2023-2026
GCA_949047055.1,uncultured Anaeroplasmataceae bacterium,658266,PRJEB59335,SAMEA112411695,2023,2023-03-12,Illumina,Short,Scaffold,Inconclusive,na,2026-09-29,1675942,188,0.3264426811906378,0,0,False,False,False,False,False,Anaeroplasmataceae,2023-2026
GCA_949047225.1,uncultured Anaeroplasmataceae bacterium,658266,PRJEB59335,SAMEA112402932,2023,2023-03-14,Illumina,Short,Scaffold,Inconclusive,na,2026-09-29,1875977,49,0.321374942230102,15,0,True,False,False,False,True,Anaeroplasmataceae,2023-2026
GCA_949047885.1,uncultured Anaeroplasmataceae bacterium,658266,PRJEB59335,SAMEA112432938,2023,2023-03-14,Illumina,Short,Scaffold,Inconclusive,Anaeroplasma bactoclasticum,2026-09-29,1858632,24,0.3518765414562969,0,0,False,False,False,False,False,Anaeroplasmataceae,2023-2026
GCA_949050345.1,uncultured Anaeroplasmataceae bacterium,658266,PRJEB59335,SAMEA112430971,2023,2023-03-14,Illumina,Short,Scaffold,Inconclusive,Anaeroplasma bactoclasticum,2026-09-29,1878108,67,0.3570604033420868,6,0,True,False,False,False,True,Anaeroplasmataceae,2023-2026
GCA_949052065.1,uncultured Anaeroplasmataceae bacterium,658266,PRJEB59335,SAMEA112404858,2023,2023-03-30,Illumina,Short,Scaffold,Inconclusive,na,2026-09-29,2422976,150,0.3210019414141948,6,0,True,False,False,False,True,Anaeroplasmataceae,2023-2026
GCA_949052205.1,uncultured Anaeroplasmataceae bacterium,658266,PRJEB59335,SAMEA112380936,2023,2023-03-13,Illumina,Short,Scaffold,Inconclusive,Anaeroplasma bactoclasticum,2026-09-29,1721533,100,0.3264218577279669,0,0,False,False,False,False,False,Anaeroplasmataceae,2023-2026
GCA_949055775.1,uncultured Anaeroplasmataceae bacterium,658266,PRJEB59335,SAMEA112411765,2023,2023-03-11,Illumina,Short,Scaffold,Inconclusive,na,2026-09-29,927669,474,0.3359010595373997,0,0,False,False,False,False,False,Anaeroplasmataceae,2023-2026
GCA_949056175.1,uncultured Anaeroplasmataceae bacterium,658266,PRJEB59335,SAMEA112380920,2023,2023-03-13,Illumina,Short,Scaffold,Inconclusive,na,2026-09-29,1823458,43,0.3164608123685876,0,0,False,False,False,False,False,Anaeroplasmataceae,2023-2026
GCA_949056865.1,uncultured Anaeroplasmataceae bacterium,658266,PRJEB59335,SAMEA112384980,2023,2023-03-11,Illumina,Short,Scaffold,Inconclusive,na,2026-09-29,1088152,251,0.3330573302259243,0,0,False,False,False,False,False,Anaeroplasmataceae,2023-2026
GCA_949065035.1,uncultured Anaeroplasmataceae bacterium,658266,PRJEB59335,SAMEA112384873,2023,2023-03-13,Illumina,Short,Scaffold,Inconclusive,Anaeroplasma bactoclasticum,2026-09-29,1758645,65,0.3265081923867523,0,0,False,False,False,False,False,Anaeroplasmataceae,2023-2026
GCA_949065205.1,uncultured Anaeroplasmataceae bacterium,658266,PRJEB59335,SAMEA112409922,2023,2023-03-11,Illumina,Short,Scaffold,Inconclusive,Anaeroplasma bactoclasticum,2026-09-29,1346077,562,0.3263892035893935,25,0,True,False,False,False,True,Anaeroplasmataceae,2023-2026
GCA_949066945.1,uncultured Anaeroplasmataceae bacterium,658266,PRJEB59335,SAMEA112411752,2023,2023-03-11,Illumina,Short,Scaffold,Inconclusive,na,2026-09-29,1411958,254,0.3314227477021271,0,0,False,False,False,False,False,Anaeroplasmataceae,2023-2026
GCA_949067945.1,uncultured Anaeroplasmataceae bacterium,658266,PRJEB59335,SAMEA112391964,2023,2023-03-14,Illumina,Short,Scaffold,Inconclusive,Defluviitalea phaphyphila,2026-09-29,1890486,21,0.3509187584568201,0,0,False,False,False,False,False,Anaeroplasmataceae,2023-2026
GCA_949068325.1,uncultured Anaeroplasmataceae bacterium,658266,PRJEB59335,SAMEA112403770,2023,2023-03-11,Illumina,Short,Scaffold,Inconclusive,Anaeroplasma bactoclasticum,2026-09-29,1465808,182,0.3289141551963149,116,0,True,False,False,False,True,Anaeroplasmataceae,2023-2026
GCA_949069785.1,uncultured Anaeroplasmataceae bacterium,658266,PRJEB59335,SAMEA112411844,2023,2023-03-11,Illumina,Short,Scaffold,Inconclusive,Anaeroplasma bactoclasticum,2026-09-29,1306724,375,0.3320938469026359,0,0,False,False,False,False,False,Anaeroplasmataceae,2023-2026
GCA_949069885.1,uncultured Anaeroplasmataceae bacterium,658266,PRJEB59335,SAMEA112384961,2023,2023-03-12,Illumina,Short,Scaffold,Inconclusive,Hypnocyclicus thermotrophus,2026-09-29,1512322,344,0.3250491628105654,0,1,False,False,False,False,False,Anaeroplasmataceae,2023-2026
GCA_949071095.1,uncultured Anaeroplasmataceae bacterium,658266,PRJEB59335,SAMEA112411889,2023,2023-03-12,Illumina,Short,Scaffold,Inconclusive,na,2026-09-29,1659119,137,0.3270338052906392,0,0,False,False,False,False,False,Anaeroplasmataceae,2023-2026
GCA_949072495.1,uncultured Anaeroplasmataceae bacterium,658266,PRJEB59335,SAMEA112384985,2023,2023-03-11,Illumina,Short,Scaffold,Inconclusive,Helicobacter japonicus,2026-09-29,1106661,293,0.3329023070298854,0,0,False,False,False,False,False,Anaeroplasmataceae,2023-2026
GCA_949072725.1,uncultured Anaeroplasmataceae bacterium,658266,PRJEB59335,SAMEA112411710,2023,2023-03-11,Illumina,Short,Scaffold,Inconclusive,Anaeroplasma bactoclasticum,2026-09-29,1419902,413,0.3312763838631117,0,0,False,False,False,False,False,Anaeroplasmataceae,2023-2026
GCA_949072985.1,uncultured Anaeroplasmataceae bacterium,658266,PRJEB59335,SAMEA112405779,2023,2023-03-14,Illumina,Short,Scaffold,Inconclusive,na,2026-09-29,1860509,51,0.3253002269808961,0,0,False,False,False,False,False,Anaeroplasmataceae,2023-2026
GCA_949074495.1,uncultured Anaeroplasmataceae bacterium,658266,PRJEB59335,SAMEA112380868,2023,2023-03-15,Illumina,Short,Contig,Inconclusive,Hypnocyclicus thermotrophus,2026-09-29,1968501,46,0.3223193689004984,0,4,False,False,False,False,False,Anaeroplasmataceae,2023-2026
GCA_949076055.1,uncultured Anaeroplasmataceae bacterium,658266,PRJEB59335,SAMEA112411839,2023,2023-03-11,Illumina,Short,Scaffold,Inconclusive,na,2026-09-29,1209390,466,0.3355385772992996,0,0,False,False,False,False,False,Anaeroplasmataceae,2023-2026
GCA_949076495.1,uncultured Anaeroplasmataceae bacterium,658266,PRJEB59335,SAMEA112402816,2023,2023-03-14,Illumina,Short,Scaffold,Inconclusive,na,2026-09-29,1851164,31,0.3192958592539613,0,0,False,False,False,False,False,Anaeroplasmataceae,2023-2026
GCA_949077945.1,uncultured Anaeroplasmataceae bacterium,658266,PRJEB59335,SAMEA112380898,2023,2023-03-14,Illumina,Short,Scaffold,Inconclusive,na,2026-09-29,1872993,33,0.3201320026289473,0,0,False,False,False,False,False,Anaeroplasmataceae,2023-2026
GCA_949081495.1,uncultured Anaeroplasmataceae bacterium,658266,PRJEB59335,SAMEA112415378,2023,2023-03-14,Illumina,Short,Scaffold,Inconclusive,Anaeroplasma bactoclasticum,2026-09-29,1857534,45,0.3552365663293377,1,0,True,False,False,False,True,Anaeroplasmataceae,2023-2026
GCA_949081515.1,uncultured Anaeroplasmataceae bacterium,658266,PRJEB59335,SAMEA112401800,2023,2023-03-12,Illumina,Short,Scaffold,Inconclusive,Anaeroplasma bactoclasticum,2026-09-29,1627973,369,0.3524315206701831,0,0,False,False,False,False,False,Anaeroplasmataceae,2023-2026
GCA_949082145.1,uncultured Anaeroplasmataceae bacterium,658266,PRJEB59335,SAMEA112402978,2023,2023-03-24,Illumina,Short,Scaffold,Inconclusive,na,2026-09-29,1924260,758,0.3213734110775051,148,0,True,False,False,False,True,Anaeroplasmataceae,2023-2026
GCA_949083825.1,uncultured Anaeroplasmataceae bacterium,658266,PRJEB59335,SAMEA112405874,2023,2023-03-24,Illumina,Short,Contig,Inconclusive,Helicobacter ganmani,2026-09-29,2042136,306,0.3232179443484665,0,0,False,True,False,False,True,Anaeroplasmataceae,2023-2026
GCA_949084975.1,uncultured Anaeroplasmataceae bacterium,658266,PRJEB59335,SAMEA112393912,2023,2023-03-13,Illumina,Short,Scaffold,Inconclusive,na,2026-09-29,1796153,17,0.3073613439389628,0,0,False,False,False,False,False,Anaeroplasmataceae,2023-2026
GCA_949085815.1,uncultured Anaeroplasmataceae bacterium,658266,PRJEB59335,SAMEA112411804,2023,2023-03-11,Illumina,Short,Scaffold,Inconclusive,na,2026-09-29,1270154,530,0.3337776364125925,0,0,False,False,False,False,False,Anaeroplasmataceae,2023-2026
GCA_949086295.1,uncultured Anaeroplasmataceae bacterium,658266,PRJEB59335,SAMEA112400757,2023,2023-03-13,Illumina,Short,Scaffold,Inconclusive,Anaeroplasma bactoclasticum,2026-09-29,1738189,211,0.3240884621867932,0,0,False,False,False,False,False,Anaeroplasmataceae,2023-2026
GCA_949086675.1,uncultured Anaeroplasmataceae bacterium,658266,PRJEB59335,SAMEA112378954,2023,2023-03-13,Illumina,Short,Scaffold,Inconclusive,Anaeroplasma bactoclasticum,2026-09-29,1686605,95,0.3198371877232666,0,0,False,False,False,False,False,Anaeroplasmataceae,2023-2026
GCA_949088425.1,uncultured Anaeroplasmataceae bacterium,658266,PRJEB59335,SAMEA112403978,2023,2023-03-25,Illumina,Short,Scaffold,Inconclusive,Turicibacter faecis,2026-09-29,2156340,119,0.3212995167737926,40,0,True,False,False,False,True,Anaeroplasmataceae,2023-2026
GCA_949090965.1,uncultured Anaeroplasmataceae bacterium,658266,PRJEB59335,SAMEA112384916,2023,2023-03-17,Illumina,Short,Scaffold,Inconclusive,Anaeroplasma bactoclasticum,2026-09-29,1759016,144,0.3276843417001323,0,0,False,False,False,False,False,Anaeroplasmataceae,2023-2026
GCA_949096825.1,uncultured Anaeroplasmataceae bacterium,658266,PRJEB59335,SAMEA112432992,2023,2023-03-14,Illumina,Short,Scaffold,Inconclusive,Anaeroplasma bactoclasticum,2026-09-29,1966002,20,0.3486084958204518,0,0,False,False,False,False,False,Anaeroplasmataceae,2023-2026
GCA_949098365.1,uncultured Anaeroplasmataceae bacterium,658266,PRJEB59335,SAMEA112380970,2023,2023-03-15,Illumina,Short,Scaffold,Inconclusive,na,2026-09-29,1973006,31,0.3202772824816549,0,0,False,False,False,False,False,Anaeroplasmataceae,2023-2026
GCA_949101145.1,uncultured Anaeroplasmataceae bacterium,658266,PRJEB59335,SAMEA112403920,2023,2023-03-14,Illumina,Short,Contig,Inconclusive,na,2026-09-29,1825618,38,0.3197673335823814,0,0,False,False,False,False,False,Anaeroplasmataceae,2023-2026
GCA_949101555.1,uncultured Anaeroplasmataceae bacterium,658266,PRJEB59335,SAMEA112411918,2023,2023-03-11,Illumina,Short,Scaffold,Inconclusive,na,2026-09-29,1442335,358,0.3316206013166151,0,0,False,False,False,False,False,Anaeroplasmataceae,2023-2026
GCA_949101785.1,uncultured Anaeroplasmataceae bacterium,658266,PRJEB59335,SAMEA112403991,2023,2023-03-14,Illumina,Short,Scaffold,Inconclusive,na,2026-09-29,1833986,83,0.3194871716577989,37,0,True,False,False,False,True,Anaeroplasmataceae,2023-2026
GCA_949101845.1,uncultured Anaeroplasmataceae bacterium,658266,PRJEB59335,SAMEA112415632,2023,2023-03-12,Illumina,Short,Scaffold,Inconclusive,Anaeroplasma bactoclasticum,2026-09-29,1578374,38,0.3544869593645106,4,0,True,False,False,False,True,Anaeroplasmataceae,2023-2026
GCA_949102945.1,uncultured Anaeroplasmataceae bacterium,658266,PRJEB59335,SAMEA112409966,2023,2023-03-28,Illumina,Short,Scaffold,Inconclusive,na,2026-09-29,2286309,114,0.3217054212707031,8,0,True,False,False,False,True,Anaeroplasmataceae,2023-2026
GCA_949108825.1,uncultured Anaeroplasmataceae bacterium,658266,PRJEB59335,SAMEA112402006,2023,2023-03-11,Illumina,Short,Scaffold,Inconclusive,Anaeroplasma bactoclasticum,2026-09-29,919196,457,0.3575820608444771,0,0,False,False,False,False,False,Anaeroplasmataceae,2023-2026
GCA_949108945.1,uncultured Anaeroplasmataceae bacterium,658266,PRJEB59335,SAMEA112400904,2023,2023-03-14,Illumina,Short,Scaffold,Inconclusive,na,2026-09-29,1891013,78,0.3215995870996127,0,0,False,False,False,False,False,Anaeroplasmataceae,2023-2026
GCA_949110435.1,uncultured Anaeroplasmataceae bacterium,658266,PRJEB59335,SAMEA112411943,2023,2023-03-12,Illumina,Short,Scaffold,Inconclusive,Defluviitalea phaphyphila,2026-09-29,1645851,139,0.3282763749573928,0,0,False,False,False,False,False,Anaeroplasmataceae,2023-2026
GCA_949111075.1,uncultured Anaeroplasmataceae bacterium,658266,PRJEB59335,SAMEA112411992,2023,2023-03-13,Illumina,Short,Scaffold,Inconclusive,na,2026-09-29,1673194,76,0.3257990406372483,0,0,False,False,False,False,False,Anaeroplasmataceae,2023-2026
GCA_949112795.1,uncultured Anaeroplasmataceae bacterium,658266,PRJEB59335,SAMEA112411975,2023,2023-03-14,Illumina,Short,Scaffold,Inconclusive,Defluviitalea phaphyphila,2026-09-29,1839745,74,0.3237753058168387,0,0,False,False,False,False,False,Anaeroplasmataceae,2023-2026
GCA_949114595.1,uncultured Anaeroplasmataceae bacterium,658266,PRJEB59335,SAMEA112411906,2023,2023-03-11,Illumina,Short,Scaffold,Inconclusive,na,2026-09-29,952612,496,0.34066335507006,0,0,False,False,False,False,False,Anaeroplasmataceae,2023-2026
GCA_949116075.1,uncultured Anaeroplasmataceae bacterium,658266,PRJEB59335,SAMEA112403950,2023,2023-03-11,Illumina,Short,Scaffold,Inconclusive,Anaeroplasma bactoclasticum,2026-09-29,1243868,518,0.3291764077860352,112,0,True,False,False,False,True,Anaeroplasmataceae,2023-2026
GCA_949116145.1,uncultured Anaeroplasmataceae bacterium,658266,PRJEB59335,SAMEA112403011,2023,2023-03-11,Illumina,Short,Scaffold,Inconclusive,Anaeroplasma bactoclasticum,2026-09-29,1286507,274,0.325702075464805,80,0,True,False,False,False,True,Anaeroplasmataceae,2023-2026
GCA_949116265.1,uncultured Anaeroplasmataceae bacterium,658266,PRJEB59335,SAMEA112414953,2023,2023-03-11,Illumina,Short,Scaffold,Inconclusive,Anaeroplasma bactoclasticum,2026-09-29,1342379,449,0.3653066682360197,31,0,True,False,False,False,True,Anaeroplasmataceae,2023-2026
GCA_949121725.1,uncultured Mollicutes bacterium,220137,PRJEB58363,SAMEA112444874,2023,2023-02-03,Illumina NovaSeq 6000,Short,Contig,Inconclusive,na,2026-09-29,1733522,144,0.3230319545987879,0,0,False,False,False,False,False,Mollicutes,2023-2026
GCA_949130595.1,uncultured Mycoplasmatales bacterium,749450,PRJEB32890,SAMEA112444155,2023,2023-03-16,Illumina HiSeq 2000,Short,Contig,Inconclusive,Mesomycoplasma moatsii,2026-09-29,686627,12,0.2322716700624939,0,0,False,False,False,False,False,Mycoplasmatales,2023-2026
GCA_949132735.1,uncultured Mycoplasmatales bacterium,749450,PRJEB32890,SAMEA112444388,2023,2023-03-10,Illumina HiSeq 2000,Short,Contig,Inconclusive,Mesomycoplasma moatsii,2026-09-29,702013,10,0.2329002454370503,0,0,False,False,False,False,False,Mycoplasmatales,2023-2026
GCA_949133205.1,uncultured Mycoplasmatales bacterium,749450,PRJEB32890,SAMEA112444446,2023,2023-03-10,Illumina HiSeq 2000,Short,Contig,Inconclusive,Mesomycoplasma moatsii,2026-09-29,686488,23,0.2310207898754239,0,0,False,False,False,False,False,Mycoplasmatales,2023-2026
GCA_949135145.1,uncultured Mycoplasmatales bacterium,749450,PRJEB32890,SAMEA112444503,2023,2023-03-10,Illumina HiSeq 2000,Short,Contig,Inconclusive,Mesomycoplasma moatsii,2026-09-29,607518,169,0.2378579729324892,0,0,False,False,False,False,False,Mycoplasmatales,2023-2026
GCA_949153195.1,uncultured Mycoplasmatales bacterium,749450,PRJEB32890,SAMEA112443868,2023,2023-03-10,Illumina HiSeq 2000,Short,Contig,Inconclusive,Mesomycoplasma moatsii,2026-09-29,696665,12,0.2316177789899018,0,0,False,False,False,False,False,Mycoplasmatales,2023-2026
GCA_949154315.1,uncultured Mycoplasmatales bacterium,749450,PRJEB32890,SAMEA112443924,2023,2023-03-16,Illumina HiSeq 2000,Short,Contig,Inconclusive,Mesomycoplasma moatsii,2026-09-29,664327,48,0.2322049231778928,0,0,False,False,False,False,False,Mycoplasmatales,2023-2026
GCA_949155615.1,uncultured Mycoplasmatales bacterium,749450,PRJEB32890,SAMEA112443972,2023,2023-03-10,Illumina HiSeq 2000,Short,Contig,Inconclusive,Mesomycoplasma moatsii,2026-09-29,654228,16,0.2316898695867495,0,0,False,False,False,False,False,Mycoplasmatales,2023-2026
GCA_949156245.1,uncultured Anaeroplasmataceae bacterium,658266,PRJEB32890,SAMEA112444002,2023,2023-03-24,Illumina HiSeq 2000,Short,Contig,Inconclusive,na,2026-09-29,2053273,68,0.3212758361893426,0,0,False,False,False,False,False,Anaeroplasmataceae,2023-2026
GCA_949156495.1,uncultured Anaeroplasmataceae bacterium,658266,PRJEB32890,SAMEA112444106,2023,2023-03-11,Illumina HiSeq 2000,Short,Contig,Inconclusive,Anaeroplasma bactoclasticum,2026-09-29,1356155,28,0.32092865491039,0,0,False,False,False,False,False,Anaeroplasmataceae,2023-2026
GCA_949157225.1,uncultured Anaeroplasmataceae bacterium,658266,PRJEB32890,SAMEA112444689,2023,2023-03-14,Illumina HiSeq 2000,Short,Contig,Inconclusive,na,2026-09-29,1910464,32,0.322842513651134,0,0,False,False,False,False,False,Anaeroplasmataceae,2023-2026
GCA_949279265.1,uncultured Mycoplasmatales bacterium,749450,PRJEB32890,SAMEA112444573,2023,2023-03-10,Illumina HiSeq 2000,Short,Contig,Inconclusive,Mesomycoplasma moatsii,2026-09-29,674513,10,0.232388404671222,0,0,False,False,False,False,False,Mycoplasmatales,2023-2026
GCA_949279685.1,uncultured Mycoplasmatales bacterium,749450,PRJEB32890,SAMEA112444524,2023,2023-03-10,Illumina HiSeq 2000,Short,Contig,Inconclusive,Mesomycoplasma moatsii,2026-09-29,684724,20,0.2300970902144513,0,0,False,False,False,False,False,Mycoplasmatales,2023-2026
GCA_949280025.1,uncultured Mycoplasmatales bacterium,749450,PRJEB32890,SAMEA112444428,2023,2023-03-10,Illumina HiSeq 2000,Short,Contig,Inconclusive,Mesomycoplasma moatsii,2026-09-29,687982,14,0.2326121904352149,0,0,False,False,False,False,False,Mycoplasmatales,2023-2026
GCA_949280305.1,uncultured Anaeroplasmataceae bacterium,658266,PRJEB32890,SAMEA112444189,2023,2023-03-24,Illumina HiSeq 2000,Short,Contig,Inconclusive,Bacteroides caecimuris,2026-09-29,2023218,130,0.3208013175050835,0,0,False,False,False,False,False,Anaeroplasmataceae,2023-2026
GCA_949281105.1,uncultured Mycoplasmatales bacterium,749450,PRJEB32890,SAMEA112444700,2023,2023-03-10,Illumina HiSeq 2000,Short,Contig,Inconclusive,Mesomycoplasma moatsii,2026-09-29,410816,14,0.2341048060445552,0,0,False,False,False,False,False,Mycoplasmatales,2023-2026
GCA_949282725.1,uncultured Mycoplasmataceae bacterium,300027,PRJEB57055,SAMEA112663246,2023,2023-06-15,Illumina Novaseq,Short,Contig,Inconclusive,Malacoplasma iowae,2026-09-29,593293,6,0.2487405042702341,0,0,False,False,False,False,False,Mycoplasmataceae,2023-2026
GCA_949283985.1,uncultured Mycoplasmataceae bacterium,300027,PRJEB57055,SAMEA112663242,2023,2023-06-15,Illumina Novaseq,Short,Contig,Inconclusive,Fusobacterium perfoetens,2026-09-29,694479,137,0.24242201708043,0,0,False,False,False,False,False,Mycoplasmataceae,2023-2026
GCA_949284615.1,uncultured Mycoplasma sp.,167967,PRJEB57055,SAMEA112663236,2023,2023-06-15,Illumina Novaseq,Short,Contig,Inconclusive,Mesomycoplasma moatsii,2026-09-29,629290,91,0.2358149660728757,0,0,False,False,False,False,False,Mycoplasma,2023-2026
GCA_949285105.1,uncultured Mycoplasma sp.,167967,PRJEB57055,SAMEA112663239,2023,2023-06-16,Illumina Novaseq,Short,Contig,Inconclusive,Malacoplasma iowae,2026-09-29,1055329,67,0.2631653256946412,0,0,False,False,False,False,False,Mycoplasma,2023-2026
GCA_949287175.1,uncultured Mollicutes bacterium,220137,PRJEB57055,SAMEA112663226,2023,2023-06-16,Illumina Novaseq,Short,Contig,Inconclusive,Oceanobacillus iheyensis,2026-09-29,1091835,7,0.4203794529393178,0,0,False,False,False,False,False,Mollicutes,2023-2026
GCA_949288005.1,uncultured Mycoplasmataceae bacterium,300027,PRJEB57055,SAMEA112663244,2023,2023-06-15,Illumina Novaseq,Short,Contig,Inconclusive,Candidatus Hepatoplasma vulgare,2026-09-29,913662,95,0.2491720132828113,0,0,False,False,False,False,False,Mycoplasmataceae,2023-2026
GCA_949288045.1,uncultured Mycoplasma sp.,167967,PRJEB57055,SAMEA112663238,2023,2023-06-15,Illumina Novaseq,Short,Contig,Inconclusive,Mesomycoplasma moatsii,2026-09-29,805822,57,0.2580954602877559,0,0,False,False,False,False,False,Mycoplasma,2023-2026
GCA_949289925.1,uncultured Mycoplasmataceae bacterium,300027,PRJEB57055,SAMEA112663241,2023,2023-06-15,Illumina Novaseq,Short,Contig,Inconclusive,Malacoplasma muris,2026-09-29,648284,108,0.2359552294981829,0,0,False,False,False,False,False,Mycoplasmataceae,2023-2026
GCA_949290035.1,uncultured Mycoplasmataceae bacterium,300027,PRJEB57055,SAMEA112663240,2023,2023-06-15,Illumina Novaseq,Short,Contig,Inconclusive,Malacoplasma muris,2026-09-29,875987,159,0.2225752208651498,0,0,False,False,False,False,False,Mycoplasmataceae,2023-2026
GCA_949290735.1,uncultured Mycoplasmataceae bacterium,300027,PRJEB57055,SAMEA112663245,2023,2023-06-16,Illumina Novaseq,Short,Contig,Inconclusive,Malacoplasma iowae,2026-09-29,1062848,61,0.2448685042451978,0,0,False,False,False,False,False,Mycoplasmataceae,2023-2026
GCA_949290795.1,uncultured Mollicutes bacterium,220137,PRJEB57055,SAMEA112663225,2023,2023-06-16,Illumina Novaseq,Short,Contig,Inconclusive,Marinitoga litoralis,2026-09-29,1659896,37,0.2998127593535981,0,0,False,False,False,False,False,Mollicutes,2023-2026
GCA_949291765.1,uncultured Mollicutes bacterium,220137,PRJEB57055,SAMEA112663224,2023,2023-06-16,Illumina Novaseq,Short,Contig,Inconclusive,na,2026-09-29,1152673,20,0.2670297647294593,0,0,False,False,False,False,False,Mollicutes,2023-2026
GCA_949293065.1,uncultured Mycoplasma sp.,167967,PRJEB57055,SAMEA112663237,2023,2023-06-15,Illumina Novaseq,Short,Contig,Inconclusive,Mesomycoplasma moatsii,2026-09-29,549507,117,0.2531414522471961,0,0,False,False,False,False,False,Mycoplasma,2023-2026
GCA_949299825.1,uncultured Mycoplasmataceae bacterium,300027,PRJEB57055,SAMEA112663243,2023,2023-06-15,Illumina Novaseq,Short,Contig,Inconclusive,Malacoplasma iowae,2026-09-29,774804,97,0.2568843217123298,0,0,False,False,False,False,False,Mycoplasmataceae,2023-2026
GCA_949342775.1,uncultured Anaeroplasmataceae bacterium,658266,PRJEB32890,SAMEA112684871,2023,2023-03-15,Illumina HiSeq 2500,Short,Contig,Inconclusive,Coprococcus phoceensis,2026-09-29,2018103,14,0.3258599784054629,0,0,False,False,False,False,False,Anaeroplasmataceae,2023-2026
GCA_949343825.1,uncultured Anaeroplasmataceae bacterium,658266,PRJEB32890,SAMEA112685000,2023,2023-03-14,Illumina HiSeq 2500,Short,Contig,Inconclusive,Candidatus Phytoplasma australasiaticum,2026-09-29,1866281,13,0.3187863992614188,0,0,False,False,False,False,False,Anaeroplasmataceae,2023-2026
GCA_949344185.1,uncultured Anaeroplasmataceae bacterium,658266,PRJEB32890,SAMEA112685028,2023,2023-03-13,Illumina HiSeq 2500,Short,Contig,Inconclusive,na,2026-09-29,1762333,25,0.3217150220758505,0,0,False,False,False,False,False,Anaeroplasmataceae,2023-2026
GCA_949347085.1,uncultured Anaeroplasmataceae bacterium,658266,PRJEB32890,SAMEA112684847,2023,2023-03-14,Illumina HiSeq 2500,Short,Contig,Inconclusive,na,2026-09-29,1857635,95,0.3242741442748441,0,0,False,False,False,False,False,Anaeroplasmataceae,2023-2026
GCA_949348105.1,uncultured Anaeroplasmataceae bacterium,658266,PRJEB32890,SAMEA112684401,2023,2023-03-12,Illumina HiSeq 2500,Short,Contig,Inconclusive,Clostridium tarantellae,2026-09-29,1608427,356,0.3214911214497145,0,0,False,False,False,False,False,Anaeroplasmataceae,2023-2026
GCA_949350235.1,uncultured Anaeroplasmataceae bacterium,658266,PRJEB32890,SAMEA112685065,2023,2023-03-13,Illumina HiSeq 2500,Short,Contig,Inconclusive,Thomasclavelia cocleata,2026-09-29,1774794,58,0.3212744690369699,0,0,False,False,False,False,False,Anaeroplasmataceae,2023-2026
GCA_949350625.1,uncultured Anaeroplasmataceae bacterium,658266,PRJEB32890,SAMEA112685129,2023,2023-03-14,Illumina HiSeq 2500,Short,Contig,Inconclusive,Limosilactobacillus reuteri,2026-09-29,1886414,207,0.3193556663595584,0,0,False,False,False,False,False,Anaeroplasmataceae,2023-2026
GCA_949350805.1,uncultured Anaeroplasmataceae bacterium,658266,PRJEB32890,SAMEA112685113,2023,2023-03-12,Illumina HiSeq 2500,Short,Contig,Inconclusive,na,2026-09-29,1616202,47,0.3215043664096443,0,0,False,False,False,False,False,Anaeroplasmataceae,2023-2026
GCA_949352145.1,uncultured Anaeroplasmataceae bacterium,658266,PRJEB32890,SAMEA112685093,2023,2023-03-11,Illumina HiSeq 2500,Short,Contig,Inconclusive,Anaeroplasma bactoclasticum,2026-09-29,1323956,264,0.3233423165120291,1,0,True,False,False,False,True,Anaeroplasmataceae,2023-2026
GCA_949374075.1,uncultured Anaeroplasmataceae bacterium,658266,PRJEB32890,SAMEA112711816,2023,2023-03-23,Illumina HiSeq 2000,Short,Contig,Inconclusive,na,2026-09-29,1953015,34,0.3207097743744928,0,0,False,False,False,False,False,Anaeroplasmataceae,2023-2026
GCA_949374275.1,uncultured Anaeroplasmataceae bacterium,658266,PRJEB32890,SAMEA112712955,2023,2023-03-23,Illumina HiSeq 2000,Short,Contig,Inconclusive,na,2026-09-29,1973014,32,0.322004810913658,0,0,False,False,False,False,False,Anaeroplasmataceae,2023-2026
GCA_949374955.1,uncultured Anaeroplasmataceae bacterium,658266,PRJEB32890,SAMEA112712923,2023,2023-03-16,Illumina HiSeq 2000,Short,Contig,Inconclusive,na,2026-09-29,935495,20,0.3158188980165581,0,0,False,False,False,False,False,Anaeroplasmataceae,2023-2026
GCA_949375365.1,uncultured Anaeroplasmataceae bacterium,658266,PRJEB32890,SAMEA112712188,2023,2023-03-17,Illumina HiSeq 2000,Short,Contig,Inconclusive,na,2026-09-29,1869775,33,0.3202085812464066,0,0,False,False,False,False,False,Anaeroplasmataceae,2023-2026
GCA_949375795.1,uncultured Anaeroplasmataceae bacterium,658266,PRJEB32890,SAMEA112713075,2023,2023-03-17,Illumina HiSeq 2000,Short,Contig,Inconclusive,na,2026-09-29,1854826,31,0.3216398734975679,0,0,False,False,False,False,False,Anaeroplasmataceae,2023-2026
GCA_949376165.1,uncultured Anaeroplasmataceae bacterium,658266,PRJEB32890,SAMEA112713087,2023,2023-03-24,Illumina HiSeq 2000,Short,Contig,Inconclusive,na,2026-09-29,1919999,30,0.3206803753543621,0,0,False,False,False,False,False,Anaeroplasmataceae,2023-2026
GCA_949377455.1,uncultured Anaeroplasmataceae bacterium,658266,PRJEB32890,SAMEA112712050,2023,2023-03-23,Illumina HiSeq 2000,Short,Contig,Inconclusive,na,2026-09-29,1926010,33,0.3207574207818235,0,0,False,False,False,False,False,Anaeroplasmataceae,2023-2026
GCA_949377865.1,uncultured Anaeroplasmataceae bacterium,658266,PRJEB32890,SAMEA112712979,2023,2023-03-23,Illumina HiSeq 2000,Short,Contig,Inconclusive,na,2026-09-29,1942331,24,0.3230746973610574,0,0,False,False,False,False,False,Anaeroplasmataceae,2023-2026
GCA_949378265.1,uncultured Anaeroplasmataceae bacterium,658266,PRJEB32890,SAMEA112712997,2023,2023-03-17,Illumina HiSeq 2000,Short,Contig,Inconclusive,na,2026-09-29,1763049,34,0.3233614040222364,0,0,False,False,False,False,False,Anaeroplasmataceae,2023-2026
GCA_949378435.1,uncultured Anaeroplasmataceae bacterium,658266,PRJEB32890,SAMEA112712087,2023,2023-03-23,Illumina HiSeq 2000,Short,Contig,Inconclusive,na,2026-09-29,1936594,32,0.3210900168026959,0,0,False,False,False,False,False,Anaeroplasmataceae,2023-2026
GCA_949379255.1,uncultured Anaeroplasmataceae bacterium,658266,PRJEB32890,SAMEA112711878,2023,2023-03-17,Illumina HiSeq 2000,Short,Contig,Inconclusive,na,2026-09-29,1720752,76,0.3264247259337778,0,0,False,False,False,False,False,Anaeroplasmataceae,2023-2026
GCA_949379315.1,uncultured Anaeroplasmataceae bacterium,658266,PRJEB32890,SAMEA112712771,2023,2023-03-23,Illumina HiSeq 2000,Short,Contig,Inconclusive,na,2026-09-29,1979891,34,0.3200600437094769,0,0,False,False,False,False,False,Anaeroplasmataceae,2023-2026
GCA_949379345.1,uncultured Anaeroplasmataceae bacterium,658266,PRJEB32890,SAMEA112712763,2023,2023-03-17,Illumina HiSeq 2000,Short,Contig,Inconclusive,na,2026-09-29,1629405,121,0.3256427959899473,0,0,False,False,False,False,False,Anaeroplasmataceae,2023-2026
GCA_949380405.1,uncultured Anaeroplasmataceae bacterium,658266,PRJEB32890,SAMEA112713346,2023,2023-03-17,Illumina HiSeq 2000,Short,Contig,Inconclusive,na,2026-09-29,1774377,28,0.3203716008491994,0,0,False,False,False,False,False,Anaeroplasmataceae,2023-2026
GCA_949381185.1,uncultured Anaeroplasmataceae bacterium,658266,PRJEB32890,SAMEA112713429,2023,2023-03-17,Illumina HiSeq 2000,Short,Contig,Inconclusive,na,2026-09-29,1776817,17,0.3234801332945373,0,0,False,False,False,False,False,Anaeroplasmataceae,2023-2026
GCA_949381365.1,uncultured Anaeroplasmataceae bacterium,658266,PRJEB32890,SAMEA112713042,2023,2023-03-17,Illumina HiSeq 2000,Short,Contig,Inconclusive,na,2026-09-29,1309202,29,0.3223986825562442,0,0,False,False,False,False,False,Anaeroplasmataceae,2023-2026
GCA_949381405.1,uncultured Anaeroplasmataceae bacterium,658266,PRJEB32890,SAMEA112712126,2023,2023-03-23,Illumina HiSeq 2000,Short,Contig,Inconclusive,na,2026-09-29,1930236,29,0.320780982221863,0,0,False,False,False,False,False,Anaeroplasmataceae,2023-2026
GCA_949381985.1,uncultured Anaeroplasmataceae bacterium,658266,PRJEB32890,SAMEA112713177,2023,2023-03-17,Illumina HiSeq 2000,Short,Contig,Inconclusive,na,2026-09-29,1631039,30,0.3175969428076214,0,0,False,False,False,False,False,Anaeroplasmataceae,2023-2026
GCA_949382145.1,uncultured Anaeroplasmataceae bacterium,658266,PRJEB32890,SAMEA112712807,2023,2023-03-17,Illumina HiSeq 2000,Short,Contig,Inconclusive,na,2026-09-29,1890782,50,0.3190605791677729,0,0,False,False,False,False,False,Anaeroplasmataceae,2023-2026
GCA_949382765.1,uncultured Anaeroplasmataceae bacterium,658266,PRJEB32890,SAMEA112711504,2023,2023-03-17,Illumina HiSeq 2000,Short,Contig,Inconclusive,na,2026-09-29,1597198,121,0.3275323410121976,0,0,False,False,False,False,False,Anaeroplasmataceae,2023-2026
GCA_949382945.1,uncultured Anaeroplasmataceae bacterium,658266,PRJEB32890,SAMEA112711623,2023,2023-03-17,Illumina HiSeq 2000,Short,Contig,Inconclusive,na,2026-09-29,1836654,52,0.3225250918245897,0,0,False,False,False,False,False,Anaeroplasmataceae,2023-2026
GCA_949384115.1,uncultured Anaeroplasmataceae bacterium,658266,PRJEB32890,SAMEA112711901,2023,2023-03-17,Illumina HiSeq 2000,Short,Contig,Inconclusive,na,2026-09-29,1665196,42,0.323733662583864,0,0,False,False,False,False,False,Anaeroplasmataceae,2023-2026
GCA_949384255.1,uncultured Anaeroplasmataceae bacterium,658266,PRJEB32890,SAMEA112712001,2023,2023-03-17,Illumina HiSeq 2000,Short,Contig,Inconclusive,na,2026-09-29,1816233,32,0.3234992426632486,0,0,False,False,False,False,False,Anaeroplasmataceae,2023-2026
GCA_949384295.1,uncultured Anaeroplasmataceae bacterium,658266,PRJEB32890,SAMEA112712120,2023,2023-03-17,Illumina HiSeq 2000,Short,Contig,Inconclusive,Anaeroplasma bactoclasticum,2026-09-29,1699061,25,0.3226205533527048,0,0,False,False,False,False,False,Anaeroplasmataceae,2023-2026
GCA_949384855.1,uncultured Anaeroplasmataceae bacterium,658266,PRJEB32890,SAMEA112712939,2023,2023-03-23,Illumina HiSeq 2000,Short,Contig,Inconclusive,na,2026-09-29,1994184,30,0.3218644819134041,0,0,False,False,False,False,False,Anaeroplasmataceae,2023-2026
GCA_949386145.1,uncultured Anaeroplasmataceae bacterium,658266,PRJEB32890,SAMEA112713323,2023,2023-03-17,Illumina HiSeq 2000,Short,Contig,Inconclusive,na,2026-09-29,1906267,25,0.3211438901266192,0,0,False,False,False,False,False,Anaeroplasmataceae,2023-2026
GCA_949386165.1,uncultured Anaeroplasmataceae bacterium,658266,PRJEB32890,SAMEA112713283,2023,2023-03-17,Illumina HiSeq 2000,Short,Contig,Inconclusive,na,2026-09-29,1414473,23,0.319188842770417,0,0,False,False,False,False,False,Anaeroplasmataceae,2023-2026
GCA_949387015.1,uncultured Anaeroplasmataceae bacterium,658266,PRJEB32890,SAMEA112713375,2023,2023-03-17,Illumina HiSeq 2000,Short,Contig,Inconclusive,na,2026-09-29,1899843,30,0.3207543991793006,0,0,False,False,False,False,False,Anaeroplasmataceae,2023-2026
GCA_949388275.1,uncultured Anaeroplasmataceae bacterium,658266,PRJEB32890,SAMEA112711653,2023,2023-03-17,Illumina HiSeq 2000,Short,Contig,Inconclusive,na,2026-09-29,1411238,261,0.3303737569424859,0,0,False,False,False,False,False,Anaeroplasmataceae,2023-2026
GCA_949388665.1,uncultured Anaeroplasmataceae bacterium,658266,PRJEB32890,SAMEA112711806,2023,2023-03-17,Illumina HiSeq 2000,Short,Contig,Inconclusive,na,2026-09-29,1786700,32,0.3201248111042704,0,0,False,False,False,False,False,Anaeroplasmataceae,2023-2026
GCA_949389525.1,uncultured Anaeroplasmataceae bacterium,658266,PRJEB32890,SAMEA112713006,2023,2023-03-23,Illumina HiSeq 2000,Short,Contig,Inconclusive,na,2026-09-29,1981563,35,0.322501479892388,0,0,False,False,False,False,False,Anaeroplasmataceae,2023-2026
GCA_949390825.1,uncultured Anaeroplasmataceae bacterium,658266,PRJEB32890,SAMEA112728737,2023,2023-03-17,NextSeq 500,Unknown,Contig,Inconclusive,Anaeroplasma bactoclasticum,2026-09-29,1293593,337,0.3355653594291249,0,0,False,False,False,False,False,Anaeroplasmataceae,2023-2026
GCA_949391765.1,uncultured Anaeroplasmataceae bacterium,658266,PRJEB32890,SAMEA112728231,2023,2023-03-17,NextSeq 500,Unknown,Contig,Inconclusive,Anaeroplasma bactoclasticum,2026-09-29,1778111,135,0.3263587031405801,0,0,False,False,False,False,False,Anaeroplasmataceae,2023-2026
GCA_949392095.1,uncultured Anaeroplasmataceae bacterium,658266,PRJEB32890,SAMEA112711987,2023,2023-03-16,Illumina HiSeq 2000,Short,Contig,Inconclusive,Anaeroplasma bactoclasticum,2026-09-29,1007901,13,0.3259943188864779,0,0,False,False,False,False,False,Anaeroplasmataceae,2023-2026
GCA_949393255.1,uncultured Anaeroplasmataceae bacterium,658266,PRJEB32890,SAMEA112728265,2023,2023-03-17,NextSeq 500,Unknown,Contig,Inconclusive,na,2026-09-29,1663795,204,0.3283445376383508,0,0,False,False,False,False,False,Anaeroplasmataceae,2023-2026
GCA_949393375.1,uncultured Anaeroplasmataceae bacterium,658266,PRJEB32890,SAMEA112728365,2023,2023-03-17,NextSeq 500,Unknown,Contig,Inconclusive,Anaeroplasma bactoclasticum,2026-09-29,1562424,247,0.3306311218977691,0,0,False,False,False,False,False,Anaeroplasmataceae,2023-2026
GCA_949395055.1,uncultured Anaeroplasmataceae bacterium,658266,PRJEB32890,SAMEA112728417,2023,2023-03-16,NextSeq 500,Unknown,Contig,Inconclusive,na,2026-09-29,751488,242,0.3390912429739397,0,0,False,False,False,False,False,Anaeroplasmataceae,2023-2026
GCA_949395365.1,uncultured Anaeroplasmataceae bacterium,658266,PRJEB32890,SAMEA112712833,2023,2023-03-17,Illumina HiSeq 2000,Short,Contig,Inconclusive,na,2026-09-29,1710499,94,0.3268654351741801,0,0,False,False,False,False,False,Anaeroplasmataceae,2023-2026
GCA_949395515.1,uncultured Anaeroplasmataceae bacterium,658266,PRJEB32890,SAMEA112728313,2023,2023-03-17,NextSeq 500,Unknown,Contig,Inconclusive,Anaeroplasma bactoclasticum,2026-09-29,1336335,271,0.3340711722734195,0,0,False,False,False,False,False,Anaeroplasmataceae,2023-2026
GCA_949396545.1,uncultured Anaeroplasmataceae bacterium,658266,PRJEB32890,SAMEA112713400,2023,2023-03-17,Illumina HiSeq 2000,Short,Contig,Inconclusive,na,2026-09-29,1894267,27,0.3215201447314449,0,0,False,False,False,False,False,Anaeroplasmataceae,2023-2026
GCA_949397085.1,uncultured Anaeroplasmataceae bacterium,658266,PRJEB32890,SAMEA112711913,2023,2023-03-16,Illumina HiSeq 2000,Short,Contig,Inconclusive,Haploplasma modicum,2026-09-29,1160505,17,0.324500971559795,0,0,False,False,False,False,False,Anaeroplasmataceae,2023-2026
GCA_949397335.1,uncultured Anaeroplasmataceae bacterium,658266,PRJEB32890,SAMEA112711833,2023,2023-03-17,Illumina HiSeq 2000,Short,Contig,Inconclusive,Lactobacillus johnsonii,2026-09-29,1545044,446,0.3277388864006462,0,0,False,False,False,False,False,Anaeroplasmataceae,2023-2026
GCA_949397665.1,uncultured Anaeroplasmataceae bacterium,658266,PRJEB32890,SAMEA112711544,2023,2023-03-17,Illumina HiSeq 2000,Short,Contig,Inconclusive,na,2026-09-29,1735643,90,0.3262093644833644,0,0,False,False,False,False,False,Anaeroplasmataceae,2023-2026
GCA_949403805.1,uncultured Anaeroplasmataceae bacterium,658266,PRJEB32890,SAMEA112711595,2023,2023-03-16,Illumina HiSeq 2000,Short,Contig,Inconclusive,Anaeroplasma bactoclasticum,2026-09-29,874007,316,0.3345247806939761,0,0,False,False,False,False,False,Anaeroplasmataceae,2023-2026
GCA_949403875.1,uncultured Anaeroplasmataceae bacterium,658266,PRJEB32890,SAMEA112711520,2023,2023-03-16,Illumina HiSeq 2000,Short,Contig,Inconclusive,Anaeroplasma bactoclasticum,2026-09-29,1162618,318,0.3326552659601004,0,0,False,False,False,False,False,Anaeroplasmataceae,2023-2026
GCA_949404855.1,uncultured Anaeroplasmataceae bacterium,658266,PRJEB32890,SAMEA112713373,2023,2023-03-17,Illumina HiSeq 2000,Short,Contig,Inconclusive,na,2026-09-29,1677942,53,0.3214002629411505,0,0,False,False,False,False,False,Anaeroplasmataceae,2023-2026
GCA_949405085.1,uncultured Anaeroplasmataceae bacterium,658266,PRJEB32890,SAMEA112713147,2023,2023-03-17,Illumina HiSeq 2000,Short,Contig,Inconclusive,na,2026-09-29,1794345,41,0.3187714737132491,0,0,False,False,False,False,False,Anaeroplasmataceae,2023-2026
GCA_949406185.1,uncultured Anaeroplasmataceae bacterium,658266,PRJEB32890,SAMEA112711858,2023,2023-03-17,Illumina HiSeq 2000,Short,Contig,Inconclusive,na,2026-09-29,1818048,49,0.3199541486253388,0,0,False,False,False,False,False,Anaeroplasmataceae,2023-2026
GCA_949409805.1,uncultured Anaeroplasmataceae bacterium,658266,PRJEB32890,SAMEA112712044,2023,2023-03-23,Illumina HiSeq 2000,Short,Contig,Inconclusive,Clostridium tepidum,2026-09-29,1932921,32,0.3212630004019823,0,0,False,False,False,False,False,Anaeroplasmataceae,2023-2026
GCA_949409825.1,uncultured Anaeroplasmataceae bacterium,658266,PRJEB32890,SAMEA112711889,2023,2023-03-23,Illumina HiSeq 2000,Short,Contig,Inconclusive,na,2026-09-29,1965117,49,0.3206704740735538,0,0,False,False,False,False,False,Anaeroplasmataceae,2023-2026
GCA_949411405.1,uncultured Anaeroplasmataceae bacterium,658266,PRJEB32890,SAMEA112712907,2023,2023-03-23,Illumina HiSeq 2000,Short,Contig,Inconclusive,na,2026-09-29,1990172,32,0.3220656305083179,0,0,False,False,False,False,False,Anaeroplasmataceae,2023-2026
GCA_949411455.1,uncultured Anaeroplasmataceae bacterium,658266,PRJEB32890,SAMEA112712875,2023,2023-03-17,Illumina HiSeq 2000,Short,Contig,Inconclusive,na,2026-09-29,1866167,24,0.3209803838563215,0,0,False,False,False,False,False,Anaeroplasmataceae,2023-2026
GCA_949411535.1,uncultured Anaeroplasmataceae bacterium,658266,PRJEB32890,SAMEA112713202,2023,2023-03-17,Illumina HiSeq 2000,Short,Contig,Inconclusive,na,2026-09-29,1383526,31,0.3205028311719476,0,0,False,False,False,False,False,Anaeroplasmataceae,2023-2026
GCA_949411785.1,uncultured Anaeroplasmataceae bacterium,658266,PRJEB32890,SAMEA112713258,2023,2023-03-17,Illumina HiSeq 2000,Short,Contig,Inconclusive,na,2026-09-29,1904143,26,0.3211728320824644,0,0,False,False,False,False,False,Anaeroplasmataceae,2023-2026
GCA_949412815.1,uncultured Anaeroplasmataceae bacterium,658266,PRJEB32890,SAMEA112712207,2023,2023-03-17,Illumina HiSeq 2000,Short,Contig,Inconclusive,na,2026-09-29,1729278,38,0.3230758732835322,0,0,False,False,False,False,False,Anaeroplasmataceae,2023-2026
GCA_949416355.1,uncultured Anaeroplasmataceae bacterium,658266,PRJEB32890,SAMEA112728308,2023,2023-03-17,NextSeq 500,Unknown,Contig,Inconclusive,Anaeroplasma bactoclasticum,2026-09-29,1552980,118,0.3291272263647954,0,0,False,False,False,False,False,Anaeroplasmataceae,2023-2026
GCA_949416935.1,uncultured Anaeroplasmataceae bacterium,658266,PRJEB32890,SAMEA112728405,2023,2023-03-16,NextSeq 500,Unknown,Contig,Inconclusive,Clostridium thermobutyricum,2026-09-29,880203,295,0.338327635784018,0,0,False,False,False,False,False,Anaeroplasmataceae,2023-2026
GCA_949421535.1,uncultured Mollicutes bacterium,220137,PRJEB32890,SAMEA112719098,2023,2023-03-17,Illumina HiSeq 2500,Short,Contig,Inconclusive,Anaeroplasma bactoclasticum,2026-09-29,1727188,73,0.3499966419405415,0,0,False,False,False,False,False,Mollicutes,2023-2026
GCA_949422675.1,uncultured Mollicutes bacterium,220137,PRJEB32890,SAMEA112719086,2023,2023-03-16,Illumina HiSeq 2500,Short,Contig,Inconclusive,Anaeroplasma bactoclasticum,2026-09-29,998760,51,0.3459770114942528,0,0,False,False,False,False,False,Mollicutes,2023-2026
GCA_949422915.1,uncultured Mycoplasmatales bacterium,749450,PRJEB32890,SAMEA112729436,2023,2023-03-16,HiSeq X Ten,Short,Contig,Inconclusive,Malacoplasma muris,2026-09-29,723893,56,0.2827931752344614,0,0,False,False,False,False,False,Mycoplasmatales,2023-2026
GCA_949424775.1,uncultured Anaeroplasmataceae bacterium,658266,PRJEB32890,SAMEA112724423,2023,2023-03-17,Illumina HiSeq 2000,Short,Contig,Inconclusive,Anaeroplasma bactoclasticum,2026-09-29,1550160,215,0.3257521804200857,0,0,False,False,False,False,False,Anaeroplasmataceae,2023-2026
GCA_949434085.1,uncultured Mollicutes bacterium,220137,PRJEB32890,SAMEA112719122,2023,2023-03-16,Illumina HiSeq 2500,Short,Contig,Inconclusive,Anaeroplasma bactoclasticum,2026-09-29,790815,38,0.3481787775902075,0,0,False,False,False,False,False,Mollicutes,2023-2026
GCA_949436825.1,uncultured Mollicutes bacterium,220137,PRJEB32890,SAMEA112719053,2023,2023-03-17,Illumina HiSeq 2500,Short,Contig,Inconclusive,Anaeroplasma bactoclasticum,2026-09-29,1297572,78,0.3483475290773845,0,0,False,False,False,False,False,Mollicutes,2023-2026
GCA_949437485.1,uncultured Mycoplasmatales bacterium,749450,PRJEB32890,SAMEA112719891,2023,2023-03-16,Illumina HiSeq 2000,Short,Contig,Inconclusive,Malacoplasma muris,2026-09-29,810504,73,0.2795310078667101,0,0,False,False,False,False,False,Mycoplasmatales,2023-2026
GCA_949440235.1,uncultured Anaeroplasmataceae bacterium,658266,PRJEB32890,SAMEA112724384,2023,2023-03-23,Illumina HiSeq 2000,Short,Contig,Inconclusive,na,2026-09-29,1916918,70,0.3199547398480268,0,0,False,False,False,False,False,Anaeroplasmataceae,2023-2026
GCA_949440655.1,uncultured Anaeroplasmataceae bacterium,658266,PRJEB32890,SAMEA112724484,2023,2023-03-24,Illumina HiSeq 2000,Short,Contig,Inconclusive,na,2026-09-29,2013998,50,0.3206065745844832,0,0,False,False,False,False,False,Anaeroplasmataceae,2023-2026
GCA_949442815.1,uncultured Mollicutes bacterium,220137,PRJEB32890,SAMEA112719158,2023,2023-03-16,Illumina HiSeq 2500,Short,Contig,Inconclusive,Anaeroplasma bactoclasticum,2026-09-29,1226814,70,0.3505584383614794,0,0,False,False,False,False,False,Mollicutes,2023-2026
GCA_949442905.1,uncultured Mollicutes bacterium,220137,PRJEB32890,SAMEA112719202,2023,2023-03-17,Illumina HiSeq 2500,Short,Contig,Inconclusive,Anaeroplasma bactoclasticum,2026-09-29,1712199,137,0.3496702194079076,0,0,False,False,False,False,False,Mollicutes,2023-2026
GCA_949444255.1,uncultured Anaeroplasmataceae bacterium,658266,PRJEB32890,SAMEA112724263,2023,2023-03-23,Illumina HiSeq 2000,Short,Contig,Inconclusive,Anaeroplasma bactoclasticum,2026-09-29,1935236,81,0.3225709939252887,0,0,False,False,False,False,False,Anaeroplasmataceae,2023-2026
GCA_949444345.1,uncultured Anaeroplasmataceae bacterium,658266,PRJEB32890,SAMEA112724330,2023,2023-03-23,Illumina HiSeq 2000,Short,Contig,Inconclusive,na,2026-09-29,1949925,51,0.3206395117760939,0,0,False,False,False,False,False,Anaeroplasmataceae,2023-2026
GCA_949444665.1,uncultured Anaeroplasmataceae bacterium,658266,PRJEB32890,SAMEA112725888,2023,2023-03-16,Illumina HiSeq 2500,Short,Contig,Inconclusive,na,2026-09-29,900548,15,0.323639606106504,0,0,False,False,False,False,False,Anaeroplasmataceae,2023-2026
GCA_949445135.1,uncultured Mycoplasmatales bacterium,749450,PRJEB32890,SAMEA112719798,2023,2023-03-16,Illumina HiSeq 2000,Short,Contig,Inconclusive,Malacoplasma muris,2026-09-29,797712,120,0.2780853240267164,0,0,False,False,False,False,False,Mycoplasmatales,2023-2026
GCA_949446985.1,uncultured Mollicutes bacterium,220137,PRJEB32890,SAMEA112719163,2023,2023-03-16,Illumina HiSeq 2500,Short,Contig,Inconclusive,Anaeroplasma bactoclasticum,2026-09-29,1161745,94,0.3437682107519292,0,0,False,False,False,False,False,Mollicutes,2023-2026
GCA_949448385.1,uncultured Mollicutes bacterium,220137,PRJEB32890,SAMEA112719229,2023,2023-03-16,Illumina HiSeq 2500,Short,Contig,Inconclusive,Anaeroplasma bactoclasticum,2026-09-29,1234813,90,0.3440375182315055,0,0,False,False,False,False,False,Mollicutes,2023-2026
GCA_949448475.1,uncultured Mollicutes bacterium,220137,PRJEB32890,SAMEA112719242,2023,2023-03-17,Illumina HiSeq 2500,Short,Contig,Inconclusive,Anaeroplasma bactoclasticum,2026-09-29,1714478,125,0.3499508305151772,0,0,False,False,False,False,False,Mollicutes,2023-2026
GCA_949448495.1,uncultured Mollicutes bacterium,220137,PRJEB32890,SAMEA112719206,2023,2023-03-17,Illumina HiSeq 2500,Short,Contig,Inconclusive,Anaeroplasma bactoclasticum,2026-09-29,1303155,107,0.3453088849753099,0,0,False,False,False,False,False,Mollicutes,2023-2026
GCA_949449755.1,uncultured Anaeroplasmataceae bacterium,658266,PRJEB32890,SAMEA112726193,2023,2023-03-17,NextSeq 500,Unknown,Contig,Inconclusive,Anaeroplasma bactoclasticum,2026-09-29,1601700,221,0.3263576200287195,0,0,False,False,False,False,False,Anaeroplasmataceae,2023-2026
GCA_949450725.1,uncultured Mycoplasmatales bacterium,749450,PRJEB32890,SAMEA112729479,2023,2023-03-16,HiSeq X Ten,Short,Contig,Inconclusive,Malacoplasma muris,2026-09-29,841835,174,0.2834724144280054,0,0,False,False,False,False,False,Mycoplasmatales,2023-2026
GCA_949451005.1,uncultured Anaeroplasmataceae bacterium,658266,PRJEB32890,SAMEA112730361,2023,2023-03-16,Illumina HiSeq 2500,Short,Contig,Inconclusive,Bacteroides muris (ex Afrizal et al. 2022),2026-09-29,1092336,295,0.3351661027376192,0,0,False,False,False,False,False,Anaeroplasmataceae,2023-2026
GCA_949453445.1,uncultured Mycoplasmatales bacterium,749450,PRJEB32890,SAMEA112729821,2023,2023-03-16,HiSeq X Ten,Short,Contig,Inconclusive,Mycoplasmoides pirum,2026-09-29,700027,15,0.2809105934485384,0,0,False,False,False,False,False,Mycoplasmatales,2023-2026
GCA_949453645.1,uncultured Anaeroplasmataceae bacterium,658266,PRJEB32890,SAMEA112717895,2023,2023-03-23,Illumina HiSeq 2500,Short,Contig,Inconclusive,na,2026-09-29,1960083,38,0.3231031543052003,0,0,False,False,False,False,False,Anaeroplasmataceae,2023-2026
GCA_949455965.1,uncultured Mollicutes bacterium,220137,PRJEB32890,SAMEA112719577,2023,2023-03-17,Illumina HiSeq 2500,Short,Contig,Inconclusive,Anaeroplasma bactoclasticum,2026-09-29,1739464,33,0.3499399815115461,0,0,False,False,False,False,False,Mollicutes,2023-2026
GCA_949456135.1,uncultured Mollicutes bacterium,220137,PRJEB32890,SAMEA112719533,2023,2023-03-16,Illumina HiSeq 2500,Short,Contig,Inconclusive,na,2026-09-29,906009,23,0.3587602330661174,0,0,False,False,False,False,False,Mollicutes,2023-2026
GCA_949456175.1,uncultured Mollicutes bacterium,220137,PRJEB32890,SAMEA112719526,2023,2023-03-16,Illumina HiSeq 2500,Short,Contig,Inconclusive,na,2026-09-29,893610,13,0.3565112297310907,0,0,False,False,False,False,False,Mollicutes,2023-2026
GCA_949456225.1,uncultured Mollicutes bacterium,220137,PRJEB32890,SAMEA112719516,2023,2023-03-17,Illumina HiSeq 2500,Short,Contig,Inconclusive,Anaeroplasma bactoclasticum,2026-09-29,1347325,226,0.3550501920472046,0,0,False,False,False,False,False,Mollicutes,2023-2026
GCA_949456325.1,uncultured Mollicutes bacterium,220137,PRJEB32890,SAMEA112719488,2023,2023-03-17,Illumina HiSeq 2500,Short,Contig,Inconclusive,Anaeroplasma bactoclasticum,2026-09-29,1730264,32,0.3500795254365808,0,0,False,False,False,False,False,Mollicutes,2023-2026
GCA_949457355.1,uncultured Mollicutes bacterium,220137,PRJEB32890,SAMEA112719434,2023,2023-03-17,Illumina HiSeq 2500,Short,Contig,Inconclusive,Anaeroplasma bactoclasticum,2026-09-29,1524439,21,0.3521196978035854,0,0,False,False,False,False,False,Mollicutes,2023-2026
GCA_949457375.1,uncultured Mollicutes bacterium,220137,PRJEB32890,SAMEA112719460,2023,2023-03-17,Illumina HiSeq 2500,Short,Contig,Inconclusive,Anaeroplasma bactoclasticum,2026-09-29,1731120,23,0.3501351726050187,0,0,False,False,False,False,False,Mollicutes,2023-2026
GCA_949459055.1,uncultured Mycoplasmatales bacterium,749450,PRJEB32890,SAMEA112727363,2023,2023-03-16,Illumina HiSeq 2000,Short,Contig,Inconclusive,Mesomycoplasma moatsii,2026-09-29,526728,7,0.2324159718108777,0,0,False,False,False,False,False,Mycoplasmatales,2023-2026
GCA_949459235.1,uncultured Anaeroplasmataceae bacterium,658266,PRJEB32890,SAMEA112720327,2023,2023-03-17,Illumina HiSeq 2500,Short,Contig,Inconclusive,Anaeroplasma bactoclasticum,2026-09-29,1317770,81,0.3277916480114132,0,0,False,False,False,False,False,Anaeroplasmataceae,2023-2026
GCA_949459545.1,uncultured Mycoplasmatales bacterium,749450,PRJEB32890,SAMEA112724224,2023,2023-03-16,Illumina HiSeq 2000,Short,Contig,Inconclusive,[Mycoplasma] collis,2026-09-29,547768,214,0.236351886199997,0,0,False,False,False,False,False,Mycoplasmatales,2023-2026
GCA_949468025.1,uncultured Mycoplasmatales bacterium,749450,PRJEB32890,SAMEA112719689,2023,2023-03-16,Illumina HiSeq 2000,Short,Contig,Inconclusive,Mesomycoplasma neurolyticum,2026-09-29,1110710,213,0.2378532650286753,0,0,False,False,False,False,False,Mycoplasmatales,2023-2026
GCA_949469875.1,uncultured Mollicutes bacterium,220137,PRJEB32890,SAMEA112719440,2023,2023-03-17,Illumina HiSeq 2500,Short,Contig,Inconclusive,Anaeroplasma bactoclasticum,2026-09-29,1587182,21,0.352275920467848,0,0,False,False,False,False,False,Mollicutes,2023-2026
GCA_949469905.1,uncultured Mollicutes bacterium,220137,PRJEB32890,SAMEA112719481,2023,2023-03-16,Illumina HiSeq 2500,Short,Contig,Inconclusive,na,2026-09-29,758529,41,0.3631660753906574,0,0,False,False,False,False,False,Mollicutes,2023-2026
GCA_949470055.1,uncultured Mycoplasmatales bacterium,749450,PRJEB32890,SAMEA112718528,2023,2023-03-16,Illumina HiSeq 4000,Short,Contig,Inconclusive,Mesomycoplasma moatsii,2026-09-29,610797,98,0.231140624462792,0,0,False,False,False,False,False,Mycoplasmatales,2023-2026
GCA_949471065.1,uncultured Anaeroplasmataceae bacterium,658266,PRJEB32890,SAMEA112731650,2023,2023-03-17,HiSeq X Ten,Short,Contig,Inconclusive,Anaeroplasma bactoclasticum,2026-09-29,1435714,26,0.3193414565853645,0,0,False,False,False,False,False,Anaeroplasmataceae,2023-2026
GCA_949472315.1,uncultured Mollicutes bacterium,220137,PRJEB32890,SAMEA112719575,2023,2023-03-16,Illumina HiSeq 2500,Short,Contig,Inconclusive,na,2026-09-29,1147765,16,0.3533310390193114,0,0,False,False,False,False,False,Mollicutes,2023-2026
GCA_949472405.1,uncultured Mollicutes bacterium,220137,PRJEB32890,SAMEA112719571,2023,2023-03-17,Illumina HiSeq 2500,Short,Contig,Inconclusive,Anaeroplasma bactoclasticum,2026-09-29,1513036,19,0.3529182385614089,0,0,False,False,False,False,False,Mollicutes,2023-2026
GCA_949472825.1,uncultured Mollicutes bacterium,220137,PRJEB32890,SAMEA112719506,2023,2023-03-17,Illumina HiSeq 2500,Short,Contig,Inconclusive,Anaeroplasma bactoclasticum,2026-09-29,1735021,27,0.3500845234726265,0,0,False,False,False,False,False,Mollicutes,2023-2026
GCA_949472915.1,uncultured Mollicutes bacterium,220137,PRJEB32890,SAMEA112719466,2023,2023-03-16,Illumina HiSeq 2500,Short,Contig,Inconclusive,na,2026-09-29,849499,10,0.3594400935139417,0,0,False,False,False,False,False,Mollicutes,2023-2026
GCA_949472945.1,uncultured Mollicutes bacterium,220137,PRJEB32890,SAMEA112719415,2023,2023-03-17,Illumina HiSeq 2500,Short,Contig,Inconclusive,Anaeroplasma bactoclasticum,2026-09-29,1478441,20,0.3542312476453237,0,0,False,False,False,False,False,Mollicutes,2023-2026
GCA_949473245.1,uncultured Mollicutes bacterium,220137,PRJEB32890,SAMEA112719411,2023,2023-03-17,Illumina HiSeq 2500,Short,Contig,Inconclusive,Anaeroplasma bactoclasticum,2026-09-29,1746787,113,0.349655109638439,0,0,False,False,False,False,False,Mollicutes,2023-2026
GCA_949473365.1,uncultured Mollicutes bacterium,220137,PRJEB32890,SAMEA112719375,2023,2023-03-17,Illumina HiSeq 2500,Short,Contig,Inconclusive,Anaeroplasma bactoclasticum,2026-09-29,1711767,124,0.3496311121782345,0,0,False,False,False,False,False,Mollicutes,2023-2026
GCA_949473485.1,uncultured Mollicutes bacterium,220137,PRJEB32890,SAMEA112719341,2023,2023-03-17,Illumina HiSeq 2500,Short,Contig,Inconclusive,Spiroplasma taiwanense,2026-09-29,1465222,237,0.3549168658401253,0,0,False,False,False,False,False,Mollicutes,2023-2026
GCA_949473725.1,uncultured Mollicutes bacterium,220137,PRJEB32890,SAMEA112719313,2023,2023-03-17,Illumina HiSeq 2500,Short,Contig,Inconclusive,Anaeroplasma bactoclasticum,2026-09-29,1351915,280,0.3514644041970094,0,0,False,False,False,False,False,Mollicutes,2023-2026
GCA_949474275.1,uncultured Mollicutes bacterium,220137,PRJEB32890,SAMEA112719254,2023,2023-03-16,Illumina HiSeq 2500,Short,Contig,Inconclusive,Anaeroplasma bactoclasticum,2026-09-29,1053518,71,0.3442788827528338,0,0,False,False,False,False,False,Mollicutes,2023-2026
GCA_949474325.1,uncultured Mollicutes bacterium,220137,PRJEB32890,SAMEA112719274,2023,2023-03-16,Illumina HiSeq 2500,Short,Contig,Inconclusive,Anaeroplasma bactoclasticum,2026-09-29,1121913,91,0.3427529585627406,0,0,False,False,False,False,False,Mollicutes,2023-2026
GCA_949478355.1,uncultured Anaeroplasmataceae bacterium,658266,PRJEB32890,SAMEA112724197,2023,2023-03-23,Illumina HiSeq 2000,Short,Contig,Inconclusive,na,2026-09-29,1907079,109,0.3218251577412367,0,0,False,False,False,False,False,Anaeroplasmataceae,2023-2026
GCA_949481535.1,uncultured Anaeroplasmataceae bacterium,658266,PRJEB32890,SAMEA112731667,2023,2023-03-17,HiSeq X Ten,Short,Contig,Inconclusive,na,2026-09-29,1842277,39,0.3204404115124924,0,0,False,False,False,False,False,Anaeroplasmataceae,2023-2026
GCA_949482865.1,uncultured Mycoplasmatales bacterium,749450,PRJEB32890,SAMEA112724688,2023,2023-03-16,Illumina HiSeq 1500,Short,Contig,Inconclusive,Mesomycoplasma moatsii,2026-09-29,473901,132,0.242580201350071,1,0,True,False,False,False,True,Mycoplasmatales,2023-2026
GCA_949483705.1,uncultured Anaeroplasmataceae bacterium,658266,PRJEB32890,SAMEA112717820,2023,2023-03-17,Illumina HiSeq 2500,Short,Contig,Inconclusive,Paraclostridium benzoelyticum,2026-09-29,1680635,55,0.3250479729387999,6,0,True,False,False,False,True,Anaeroplasmataceae,2023-2026
GCA_949483995.1,uncultured Mollicutes bacterium,220137,PRJEB32890,SAMEA112720095,2023,2023-03-16,Illumina HiSeq 2000,Short,Contig,Inconclusive,Anaeroplasma bactoclasticum,2026-09-29,1248744,19,0.3422142568853183,0,0,False,False,False,False,False,Mollicutes,2023-2026
GCA_949484275.1,uncultured Anaeroplasmataceae bacterium,658266,PRJEB32890,SAMEA112730196,2023,2023-03-16,Illumina HiSeq 2500,Short,Contig,Inconclusive,Xylanibacter rodentium,2026-09-29,1074126,277,0.3333715039017769,0,0,False,False,False,False,False,Anaeroplasmataceae,2023-2026
GCA_949484315.1,uncultured Anaeroplasmataceae bacterium,658266,PRJEB32890,SAMEA112717737,2023,2023-03-17,Illumina HiSeq 2500,Short,Contig,Inconclusive,Turicibacter faecis,2026-09-29,1784829,475,0.318321811221131,110,0,True,False,False,False,True,Anaeroplasmataceae,2023-2026
GCA_949488255.1,uncultured Mycoplasmatales bacterium,749450,PRJEB32890,SAMEA112727295,2023,2023-03-16,Illumina HiSeq 2000,Short,Contig,Inconclusive,[Mycoplasma] collis,2026-09-29,572928,6,0.2331130613270777,0,0,False,False,False,False,False,Mycoplasmatales,2023-2026
GCA_949488785.1,uncultured Anaeroplasmataceae bacterium,658266,PRJEB32890,SAMEA112732660,2023,2023-03-16,HiSeq X Ten,Short,Contig,Inconclusive,Anaeroplasma bactoclasticum,2026-09-29,1218621,25,0.3184304225842161,0,0,False,False,False,False,False,Anaeroplasmataceae,2023-2026
GCA_949489115.1,uncultured Anaeroplasmataceae bacterium,658266,PRJEB32890,SAMEA112732463,2023,2023-03-17,HiSeq X Ten,Short,Contig,Inconclusive,na,2026-09-29,1406221,140,0.3279278292672347,0,0,False,False,False,False,False,Anaeroplasmataceae,2023-2026
GCA_949489125.1,uncultured Anaeroplasmataceae bacterium,658266,PRJEB32890,SAMEA112732480,2023,2023-03-17,HiSeq X Ten,Short,Contig,Inconclusive,na,2026-09-29,1804652,120,0.3198821711886834,0,0,False,False,False,False,False,Anaeroplasmataceae,2023-2026
GCA_949491435.1,uncultured Mycoplasmatales bacterium,749450,PRJEB32890,SAMEA112727406,2023,2023-03-16,Illumina HiSeq 2000,Short,Contig,Inconclusive,Mycoplasma phocimorsus,2026-09-29,675689,15,0.2329696058393728,0,0,False,False,False,False,False,Mycoplasmatales,2023-2026
GCA_949491825.1,uncultured Mycoplasmatales bacterium,749450,PRJEB32890,SAMEA112727488,2023,2023-03-16,Illumina HiSeq 2000,Short,Contig,Inconclusive,[Mycoplasma] collis,2026-09-29,461892,8,0.231692690066076,0,0,False,False,False,False,False,Mycoplasmatales,2023-2026
GCA_949492645.1,uncultured Anaeroplasmataceae bacterium,658266,PRJEB32890,SAMEA112717720,2023,2023-03-23,Illumina HiSeq 2500,Short,Contig,Inconclusive,Turicibacter faecis,2026-09-29,1941749,494,0.3127453651321566,107,0,True,False,False,False,True,Anaeroplasmataceae,2023-2026
GCA_949493455.1,uncultured Anaeroplasmataceae bacterium,658266,PRJEB32890,SAMEA112725792,2023,2023-03-17,Illumina HiSeq 2500,Short,Contig,Inconclusive,na,2026-09-29,1337256,55,0.3200494146221815,0,0,False,False,False,False,False,Anaeroplasmataceae,2023-2026
GCA_949493585.1,uncultured Anaeroplasmataceae bacterium,658266,PRJEB32890,SAMEA112725755,2023,2023-03-16,Illumina HiSeq 2500,Short,Contig,Inconclusive,na,2026-09-29,995655,14,0.321129306838212,0,0,False,False,False,False,False,Anaeroplasmataceae,2023-2026
GCA_949497365.1,uncultured Anaeroplasmataceae bacterium,658266,PRJEB32890,SAMEA112717859,2023,2023-03-23,Illumina HiSeq 2500,Short,Contig,Inconclusive,na,2026-09-29,1998655,38,0.3220350685836224,0,0,False,False,False,False,False,Anaeroplasmataceae,2023-2026
GCA_949499605.1,uncultured Anaeroplasmataceae bacterium,658266,PRJEB32890,SAMEA112717840,2023,2023-03-16,Illumina HiSeq 2500,Short,Contig,Inconclusive,na,2026-09-29,1182520,17,0.3215751107803673,1,0,True,False,False,False,True,Anaeroplasmataceae,2023-2026
GCA_949499645.1,uncultured Anaeroplasmataceae bacterium,658266,PRJEB32890,SAMEA112717804,2023,2023-03-17,Illumina HiSeq 2500,Short,Contig,Inconclusive,na,2026-09-29,1754620,69,0.3220617569616213,11,0,True,False,False,False,True,Anaeroplasmataceae,2023-2026
GCA_949499855.1,uncultured Anaeroplasmataceae bacterium,658266,PRJEB32890,SAMEA112730545,2023,2023-03-17,Illumina HiSeq 2500,Short,Contig,Inconclusive,Fusobacterium simiae,2026-09-29,1650169,154,0.3255939240162674,0,0,False,False,False,False,False,Anaeroplasmataceae,2023-2026
GCA_949501015.1,uncultured Anaeroplasmataceae bacterium,658266,PRJEB32890,SAMEA112717878,2023,2023-03-17,Illumina HiSeq 2500,Short,Contig,Inconclusive,na,2026-09-29,1885071,43,0.3209799524792435,0,0,False,False,False,False,False,Anaeroplasmataceae,2023-2026
GCA_949501815.1,uncultured Anaeroplasmataceae bacterium,658266,PRJEB32890,SAMEA112717787,2023,2023-03-17,Illumina HiSeq 2500,Short,Contig,Inconclusive,Clostridium thermobutyricum,2026-09-29,1677021,50,0.3243227127149868,9,0,True,False,False,False,True,Anaeroplasmataceae,2023-2026
GCA_949501855.1,uncultured Anaeroplasmataceae bacterium,658266,PRJEB32890,SAMEA112717772,2023,2023-03-17,Illumina HiSeq 2500,Short,Contig,Inconclusive,na,2026-09-29,1771431,50,0.32207125199909,9,0,True,False,False,False,True,Anaeroplasmataceae,2023-2026
GCA_949503395.1,uncultured Anaeroplasmataceae bacterium,658266,PRJEB32890,SAMEA112730527,2023,2023-03-17,Illumina HiSeq 2500,Short,Contig,Inconclusive,na,2026-09-29,1739008,42,0.3236224330192845,0,0,False,False,False,False,False,Anaeroplasmataceae,2023-2026
GCA_949506845.1,uncultured Anaeroplasmataceae bacterium,658266,PRJEB32890,SAMEA112731565,2023,2023-03-17,HiSeq X Ten,Short,Contig,Inconclusive,na,2026-09-29,1810136,65,0.3205096191667366,6,0,True,False,False,False,True,Anaeroplasmataceae,2023-2026
GCA_949508265.1,uncultured Anaeroplasmataceae bacterium,658266,PRJEB32890,SAMEA112732686,2023,2023-03-17,NextSeq 500,Unknown,Contig,Inconclusive,Mesomycoplasma moatsii,2026-09-29,1819169,237,0.3235752148371042,0,0,False,False,False,False,False,Anaeroplasmataceae,2023-2026
GCA_949508385.1,uncultured Anaeroplasmataceae bacterium,658266,PRJEB32890,SAMEA112732766,2023,2023-03-16,NextSeq 500,Unknown,Contig,Inconclusive,na,2026-09-29,931139,38,0.3235048687682505,0,0,False,False,False,False,False,Anaeroplasmataceae,2023-2026
GCA_949510105.1,uncultured Anaeroplasmataceae bacterium,658266,PRJEB32890,SAMEA112717758,2023,2023-03-24,Illumina HiSeq 2500,Short,Contig,Inconclusive,Turicibacter faecis,2026-09-29,1989691,506,0.3126450288009545,131,0,True,False,False,False,True,Anaeroplasmataceae,2023-2026
GCA_949512675.1,uncultured Anaeroplasmataceae bacterium,658266,PRJEB32890,SAMEA112730179,2023,2023-03-17,Illumina HiSeq 2500,Short,Contig,Inconclusive,na,2026-09-29,1612942,123,0.3254816354214844,0,0,False,False,False,False,False,Anaeroplasmataceae,2023-2026
GCA_949514205.1,uncultured Anaeroplasmataceae bacterium,658266,PRJEB32890,SAMEA112732557,2023,2023-03-16,HiSeq X Ten,Short,Contig,Inconclusive,na,2026-09-29,1033173,15,0.322747497272964,0,0,False,False,False,False,False,Anaeroplasmataceae,2023-2026
GCA_949516485.1,uncultured Anaeroplasmataceae bacterium,658266,PRJEB32890,SAMEA112730225,2023,2023-03-17,Illumina HiSeq 2500,Short,Contig,Inconclusive,na,2026-09-29,1712125,53,0.3234121340439512,0,0,False,False,False,False,False,Anaeroplasmataceae,2023-2026
GCA_949516805.1,uncultured Anaeroplasmataceae bacterium,658266,PRJEB32890,SAMEA112730060,2023,2023-03-17,Illumina HiSeq 2500,Short,Contig,Inconclusive,na,2026-09-29,1750209,55,0.3233179580267271,0,0,False,False,False,False,False,Anaeroplasmataceae,2023-2026
GCA_949518795.1,uncultured Mycoplasmatales bacterium,749450,PRJEB32890,SAMEA112726779,2023,2023-03-16,Illumina HiSeq 2000,Short,Contig,Inconclusive,[Mycoplasma] collis,2026-09-29,770784,105,0.2313981608336447,10,0,True,False,False,False,True,Mycoplasmatales,2023-2026
GCA_949519995.1,uncultured Mycoplasmatales bacterium,749450,PRJEB32890,SAMEA112727659,2023,2023-03-16,Illumina HiSeq 2000,Short,Contig,Inconclusive,Mycoplasma phocimorsus,2026-09-29,666264,7,0.2327951082453802,0,0,False,False,False,False,False,Mycoplasmatales,2023-2026
GCA_949521025.1,uncultured Anaeroplasmataceae bacterium,658266,PRJEB32890,SAMEA112730664,2023,2023-03-17,Illumina HiSeq 2500,Short,Contig,Inconclusive,na,2026-09-29,1771996,34,0.3218460989753927,0,0,False,False,False,False,False,Anaeroplasmataceae,2023-2026
GCA_949523375.1,uncultured Mycoplasmatales bacterium,749450,PRJEB32890,SAMEA112728015,2023,2023-03-16,Illumina HiSeq 2000,Short,Contig,Inconclusive,Mesomycoplasma moatsii,2026-09-29,472195,10,0.2325268162517604,1,0,True,False,False,False,True,Mycoplasmatales,2023-2026
GCA_949525875.1,uncultured Anaeroplasmataceae bacterium,658266,PRJEB32890,SAMEA112732256,2023,2023-03-17,HiSeq X Ten,Short,Contig,Inconclusive,na,2026-09-29,1769730,33,0.3195272725217971,0,0,False,False,False,False,False,Anaeroplasmataceae,2023-2026
GCA_949527455.1,uncultured Mycoplasmatales bacterium,749450,PRJEB32890,SAMEA112724194,2023,2023-03-16,Illumina HiSeq 2000,Short,Contig,Inconclusive,Mesomycoplasma moatsii,2026-09-29,432023,155,0.2350638739141203,0,0,False,False,False,False,False,Mycoplasmatales,2023-2026
GCA_949528195.1,uncultured Mycoplasmatales bacterium,749450,PRJEB32890,SAMEA112726547,2023,2023-03-16,Illumina HiSeq 2000,Short,Contig,Inconclusive,Mycoplasma phocimorsus,2026-09-29,652728,18,0.2332901300388523,0,0,False,False,False,False,False,Mycoplasmatales,2023-2026
GCA_949528435.1,uncultured Mycoplasmatales bacterium,749450,PRJEB32890,SAMEA112728103,2023,2023-03-16,Illumina HiSeq 2000,Short,Contig,Inconclusive,Mesomycoplasma moatsii,2026-09-29,396776,2,0.2299408230336512,0,0,False,False,False,False,False,Mycoplasmatales,2023-2026
GCA_949528525.1,uncultured Mollicutes bacterium,220137,PRJEB32890,SAMEA112720178,2023,2023-03-16,Illumina HiSeq 2000,Short,Contig,Inconclusive,Anaeroplasma bactoclasticum,2026-09-29,1015113,304,0.3545073307109652,0,0,False,False,False,False,False,Mollicutes,2023-2026
GCA_949530765.1,uncultured Anaeroplasmataceae bacterium,658266,PRJEB32890,SAMEA112730590,2023,2023-03-17,Illumina HiSeq 2500,Short,Contig,Inconclusive,na,2026-09-29,1686600,169,0.3258792837661567,0,0,False,False,False,False,False,Anaeroplasmataceae,2023-2026
GCA_949531005.1,uncultured Anaeroplasmataceae bacterium,658266,PRJEB32890,SAMEA112730116,2023,2023-03-17,Illumina HiSeq 2500,Short,Contig,Inconclusive,na,2026-09-29,1754046,132,0.3265096810459931,0,0,False,False,False,False,False,Anaeroplasmataceae,2023-2026
GCA_949534495.1,uncultured Mycoplasmatales bacterium,749450,PRJEB32890,SAMEA112726725,2023,2023-03-16,Illumina HiSeq 2000,Short,Contig,Inconclusive,Mesomycoplasma moatsii,2026-09-29,277434,2,0.229149996035093,0,0,False,False,False,False,False,Mycoplasmatales,2023-2026
GCA_949536885.1,uncultured Anaeroplasmataceae bacterium,658266,PRJEB32890,SAMEA112732142,2023,2023-03-24,HiSeq X Ten,Short,Contig,Inconclusive,na,2026-09-29,2054815,117,0.3193158508186868,0,0,False,False,False,False,False,Anaeroplasmataceae,2023-2026
GCA_949539005.1,uncultured Anaeroplasmataceae bacterium,658266,PRJEB32890,SAMEA112732118,2023,2023-03-17,HiSeq X Ten,Short,Contig,Inconclusive,na,2026-09-29,1345448,21,0.3190974307442576,0,0,False,False,False,False,False,Anaeroplasmataceae,2023-2026
GCA_949539825.1,uncultured Mycoplasmatales bacterium,749450,PRJEB32890,SAMEA112720015,2023,2023-03-16,Illumina HiSeq 2000,Short,Contig,Inconclusive,Malacoplasma muris,2026-09-29,569370,41,0.2795563517572053,0,0,False,False,False,False,False,Mycoplasmatales,2023-2026
GCA_949540055.1,uncultured Anaeroplasmataceae bacterium,658266,PRJEB32890,SAMEA112732162,2023,2023-03-16,HiSeq X Ten,Short,Contig,Inconclusive,na,2026-09-29,1034201,14,0.3226925907052884,0,0,False,False,False,False,False,Anaeroplasmataceae,2023-2026
GCA_949540165.1,uncultured Anaeroplasmataceae bacterium,658266,PRJEB32890,SAMEA112732213,2023,2023-03-17,HiSeq X Ten,Short,Contig,Inconclusive,na,2026-09-29,1870933,54,0.3198756983815027,0,0,False,False,False,False,False,Anaeroplasmataceae,2023-2026
GCA_949540275.1,uncultured Anaeroplasmataceae bacterium,658266,PRJEB32890,SAMEA112732354,2023,2023-03-17,HiSeq X Ten,Short,Contig,Inconclusive,na,2026-09-29,1296794,22,0.3183127003980586,0,0,False,False,False,False,False,Anaeroplasmataceae,2023-2026
GCA_949541005.1,uncultured Mollicutes bacterium,220137,PRJEB32890,SAMEA112720154,2023,2023-03-17,Illumina HiSeq 2000,Short,Contig,Inconclusive,Anaeroplasma bactoclasticum,2026-09-29,1575605,57,0.3532033726727194,0,0,False,False,False,False,False,Mollicutes,2023-2026
GCA_949544815.1,uncultured Mycoplasmatales bacterium,749450,PRJEB32890,SAMEA112727895,2023,2023-03-16,Illumina HiSeq 2000,Short,Contig,Inconclusive,Mesomycoplasma moatsii,2026-09-29,362698,18,0.2356395679049788,0,0,False,False,False,False,False,Mycoplasmatales,2023-2026
GCA_949545395.1,uncultured Mycoplasmatales bacterium,749450,PRJEB32890,SAMEA112728083,2023,2023-03-16,Illumina HiSeq 2000,Short,Contig,Inconclusive,Mycoplasma phocimorsus,2026-09-29,633471,181,0.2339996621786948,13,0,True,False,False,False,True,Mycoplasmatales,2023-2026
GCA_949546815.1,uncultured Anaeroplasmataceae bacterium,658266,PRJEB32890,SAMEA112730631,2023,2023-03-17,Illumina HiSeq 2500,Short,Contig,Inconclusive,Anaeroplasma bactoclasticum,2026-09-29,1497328,171,0.3286794877274718,0,0,False,False,False,False,False,Anaeroplasmataceae,2023-2026
GCA_949547555.1,uncultured Anaeroplasmataceae bacterium,658266,PRJEB32890,SAMEA112732189,2023,2023-03-23,HiSeq X Ten,Short,Contig,Inconclusive,na,2026-09-29,1904877,171,0.3178646180304555,0,0,False,False,False,False,False,Anaeroplasmataceae,2023-2026
GCA_949547715.1,uncultured Anaeroplasmataceae bacterium,658266,PRJEB32890,SAMEA112732271,2023,2023-03-25,HiSeq X Ten,Short,Contig,Inconclusive,na,2026-09-29,2109378,66,0.3193315754691667,0,0,False,False,False,False,False,Anaeroplasmataceae,2023-2026
GCA_949552535.1,uncultured Anaeroplasmataceae bacterium,658266,PRJEB32890,SAMEA112732094,2023,2023-03-16,HiSeq X Ten,Short,Contig,Inconclusive,na,2026-09-29,1230742,17,0.3234447187144015,0,0,False,False,False,False,False,Anaeroplasmataceae,2023-2026
GCA_949737885.1,uncultured Mycoplasmatales bacterium,749450,PRJEB32890,SAMEA112816430,2023,2023-04-03,"Illumina HiSeq 2000, Illumina MiSeq, Illumina HiSeq 2500",Short,Contig,Inconclusive,Mesomycoplasma moatsii,2026-09-29,695985,108,0.2356171469212698,0,7,False,False,False,False,False,Mycoplasmatales,2023-2026
GCA_949744565.1,uncultured Anaeroplasmataceae bacterium,658266,PRJEB32890,SAMEA112816192,2023,2023-04-04,"Illumina HiSeq 2000, Illumina MiSeq, Illumina HiSeq 2500",Short,Contig,Inconclusive,Fusobacterium simiae,2026-09-29,1890458,183,0.3226503841926136,1,4,True,False,False,False,True,Anaeroplasmataceae,2023-2026
GCA_949744585.1,uncultured Mollicutes bacterium,220137,PRJEB32890,SAMEA112816231,2023,2023-04-04,"Illumina HiSeq 2000, Illumina MiSeq, Illumina HiSeq 2500",Short,Contig,Inconclusive,Anaeroplasma bactoclasticum,2026-09-29,1796673,110,0.3539870638674928,0,4,False,False,False,False,False,Mollicutes,2023-2026
GCA_949747275.1,uncultured Anaeroplasmataceae bacterium,658266,PRJEB32890,SAMEA112816282,2023,2023-04-04,"Illumina HiSeq 2000, Illumina MiSeq, Illumina HiSeq 2500",Short,Contig,Inconclusive,na,2026-09-29,1628972,141,0.3213106179848395,0,1,False,False,False,False,False,Anaeroplasmataceae,2023-2026
GCA_949840955.1,uncultured Anaeroplasmataceae bacterium,658266,PRJEB29020,SAMEA112936163,2023,2023-04-29,Illumina NovaSeq 6000,Short,Contig,Inconclusive,Anaeroplasma bactoclasticum,2026-09-29,2101806,34,0.331730901900556,0,0,False,False,False,False,False,Anaeroplasmataceae,2023-2026
GCA_949841475.1,uncultured Anaeroplasmataceae bacterium,658266,PRJEB31298,SAMEA112936276,2023,2023-04-29,Illumina NovaSeq 6000,Short,Contig,Inconclusive,Arcobacter arenosus,2026-09-29,1731525,12,0.3088283449560358,0,0,False,False,False,False,False,Anaeroplasmataceae,2023-2026
GCA_950022305.1,uncultured Anaeroplasmataceae bacterium,658266,PRJEB20796,SAMEA112629984,2023,2023-04-29,Illumina HiSeq 2500,Short,Scaffold,Inconclusive,na,2026-09-29,1728162,64,0.3242051381757034,0,0,False,False,False,False,False,Anaeroplasmataceae,2023-2026
GCA_950022895.1,uncultured Anaeroplasmataceae bacterium,658266,PRJEB20796,SAMEA112629915,2023,2023-04-29,Illumina HiSeq 2500,Short,Scaffold,Inconclusive,na,2026-09-29,1789914,186,0.3249262255058064,0,0,False,False,False,False,False,Anaeroplasmataceae,2023-2026
GCA_950058685.1,uncultured Anaeroplasmataceae bacterium,658266,PRJEB20796,SAMEA112629892,2023,2023-05-01,Illumina HiSeq 2500,Short,Scaffold,Inconclusive,na,2026-09-29,1808292,53,0.3236667529359196,0,0,False,False,False,False,False,Anaeroplasmataceae,2023-2026
GCA_950064415.1,uncultured Anaeroplasmataceae bacterium,658266,PRJEB20796,SAMEA112629926,2023,2023-05-01,Illumina HiSeq 2500,Short,Scaffold,Inconclusive,na,2026-09-29,1917443,37,0.3219261276606397,0,0,False,False,False,False,False,Anaeroplasmataceae,2023-2026
GCA_950082235.1,uncultured Anaeroplasmataceae bacterium,658266,PRJEB20796,SAMEA112635032,2023,2023-05-01,Illumina HiSeq 2500,Short,Contig,Inconclusive,Lepagella muris,2026-09-29,1995100,82,0.3234424339632099,0,0,False,False,False,False,False,Anaeroplasmataceae,2023-2026
GCA_951801415.1,uncultured Mycoplasmatales bacterium,749450,PRJNA341282,SAMEA112936567,2023,2023-05-27,Illumina HiSeq 2000,Short,Contig,Inconclusive,Malacoplasma muris,2026-09-29,699862,38,0.2801680902806553,0,0,False,False,False,False,False,Mycoplasmatales,2023-2026
GCA_958352875.1,uncultured Mycoplasma sp.,167967,PRJEB62820,SAMEA114062933,2023,2023-07-18,Illumina HiSeq 2000,Short,Contig,Inconclusive,Oceanotoga teriensis,2026-09-29,1149472,68,0.2517225299963809,0,0,False,False,False,False,False,Mycoplasma,2023-2026
GCA_958402465.1,uncultured Mollicutes bacterium,220137,PRJEB62821,SAMEA114064032,2023,2023-07-18,Illumina NovaSeq 6000,Short,Contig,Inconclusive,Anaeroplasma bactoclasticum,2026-09-29,1686030,18,0.3532202867090147,0,0,False,False,False,False,False,Mollicutes,2023-2026
GCA_958404535.1,uncultured Mycoplasma sp.,167967,PRJEB62821,SAMEA114063840,2023,2023-07-18,Illumina NovaSeq 6000,Short,Contig,Inconclusive,Clostridium fallax,2026-09-29,1236988,38,0.2546281774762568,0,0,False,False,False,False,False,Mycoplasma,2023-2026
GCA_958411775.1,uncultured Mycoplasma sp.,167967,PRJEB62838,SAMEA114061222,2023,2023-07-18,unspecified,Unknown,Contig,Inconclusive,Hypnocyclicus thermotrophus,2026-09-29,883774,55,0.2428980712263542,0,0,False,False,False,False,False,Mycoplasma,2023-2026
GCA_958417735.1,uncultured Mycoplasma sp.,167967,PRJEB62824,SAMEA114064412,2023,2023-07-18,Illumina NovaSeq 6000,Short,Contig,Inconclusive,Oceanivirga salmonicida,2026-09-29,993521,17,0.2413235351844601,0,0,False,False,False,False,False,Mycoplasma,2023-2026
GCA_958417855.1,uncultured Mycoplasma sp.,167967,PRJEB62820,SAMEA114063731,2023,2023-07-18,Illumina HiSeq 2000,Short,Contig,Inconclusive,Clostridium tarantellae,2026-09-29,974747,22,0.2404275160631425,0,0,False,False,False,False,False,Mycoplasma,2023-2026
GCA_958421075.1,uncultured Mycoplasma sp.,167967,PRJEB62820,SAMEA114063294,2023,2023-07-18,Illumina HiSeq 2000,Short,Contig,Inconclusive,Clostridium thermobutyricum,2026-09-29,1370114,39,0.2739487371123862,0,0,False,False,False,False,False,Mycoplasma,2023-2026
GCA_958424785.1,uncultured Mycoplasma sp.,167967,PRJEB62820,SAMEA114063612,2023,2023-07-18,Illumina HiSeq 2000,Short,Contig,Inconclusive,na,2026-09-29,1470248,21,0.2711365701568715,0,0,False,False,False,False,False,Mycoplasma,2023-2026
GCA_958427525.1,uncultured Mollicutes bacterium,220137,PRJEB62820,SAMEA114063679,2023,2023-07-18,Illumina HiSeq 2000,Short,Contig,Inconclusive,na,2026-09-29,2042155,21,0.2611917312838643,0,0,False,False,False,False,False,Mollicutes,2023-2026
GCA_958427565.1,uncultured Mycoplasma sp.,167967,PRJEB62820,SAMEA114063658,2023,2023-07-18,Illumina HiSeq 2000,Short,Contig,Inconclusive,Clostridium tarantellae,2026-09-29,911954,30,0.2430462501398096,0,0,False,False,False,False,False,Mycoplasma,2023-2026
GCA_958428075.1,uncultured Acholeplasma sp.,453122,PRJEB62820,SAMEA114063261,2023,2023-07-18,Illumina HiSeq 2000,Short,Contig,Inconclusive,Spiroplasma floricola,2026-09-29,1084677,31,0.2596192230498111,0,0,False,False,False,False,False,Acholeplasma,2023-2026
GCA_958436285.1,uncultured Mycoplasma sp.,167967,PRJEB63158,SAMEA114065044,2023,2023-07-18,Illumina NovaSeq 6000,Short,Contig,Inconclusive,[Clostridium] colinum,2026-09-29,1027618,63,0.2406789293297704,0,0,False,False,False,False,False,Mycoplasma,2023-2026
GCA_958450885.1,uncultured Mycoplasma sp.,167967,PRJEB63166,SAMEA114066350,2023,2023-07-18,Illumina HiSeq X,Short,Contig,Inconclusive,na,2026-09-29,1552551,17,0.270639740659083,0,0,False,False,False,False,False,Mycoplasma,2023-2026
GCA_958454365.1,uncultured Mycoplasma sp.,167967,PRJEB63152,SAMEA114064864,2023,2023-07-18,Illumina NovaSeq 6000,Short,Contig,Inconclusive,Clostridium botulinum,2026-09-29,1422661,24,0.2838434454870134,0,0,False,False,False,False,False,Mycoplasma,2023-2026
GCA_958454955.1,uncultured Mycoplasma sp.,167967,PRJEB63158,SAMEA114065125,2023,2023-07-18,Illumina NovaSeq 6000,Short,Contig,Inconclusive,Intestinibacter bartlettii,2026-09-29,1365612,43,0.2530140332686004,0,0,False,False,False,False,False,Mycoplasma,2023-2026
GCA_959597275.1,uncultured Acholeplasma sp.,453122,PRJEB63522,SAMEA114122757,2023,2023-07-23,Illumina HiSeq 2500,Short,Contig,Inconclusive,Spiroplasma litorale,2026-09-29,1184321,32,0.2602267459582326,0,0,False,False,False,False,False,Acholeplasma,2023-2026
GCA_959597795.1,uncultured Acholeplasmataceae bacterium,1233398,PRJEB63522,SAMEA114122455,2023,2023-07-23,Illumina HiSeq 2500,Short,Contig,Inconclusive,Aureivirga marina,2026-09-29,1094044,111,0.3044073181700187,0,0,False,False,False,False,False,Acholeplasmataceae,2023-2026
GCA_959599195.1,uncultured Mycoplasma sp.,167967,PRJEB63522,SAMEA114122513,2023,2023-07-23,Illumina HiSeq 2500,Short,Contig,Inconclusive,Clostridium tarantellae,2026-09-29,1116119,19,0.2422044602770851,0,0,False,False,False,False,False,Mycoplasma,2023-2026
GCA_959602935.1,uncultured Mycoplasma sp.,167967,PRJEB63522,SAMEA114122387,2023,2023-07-23,Illumina HiSeq 2500,Short,Contig,Inconclusive,Hypnocyclicus thermotrophus,2026-09-29,1411028,23,0.2719116842472296,0,0,False,False,False,False,False,Mycoplasma,2023-2026
GCA_959603175.1,uncultured Mycoplasma sp.,167967,PRJEB63522,SAMEA114122333,2023,2023-07-23,Illumina HiSeq 2500,Short,Contig,Inconclusive,Malaciobacter molluscorum,2026-09-29,1054362,15,0.2461498043366509,0,0,False,False,False,False,False,Mycoplasma,2023-2026
GCA_959603945.1,uncultured Mycoplasma sp.,167967,PRJEB63522,SAMEA114121927,2023,2023-07-23,Illumina HiSeq 2500,Short,Contig,Inconclusive,Oceanotoga teriensis,2026-09-29,1346845,38,0.2520334559656085,0,0,False,False,False,False,False,Mycoplasma,2023-2026
GCA_959604365.1,uncultured Mycoplasma sp.,167967,PRJEB63177,SAMEA114095773,2023,2023-07-23,Illumina HiSeq 2500,Short,Contig,Inconclusive,Eubacterium multiforme,2026-09-29,1319141,15,0.2551933417276849,0,0,False,False,False,False,False,Mycoplasma,2023-2026
GCA_963533875.1,uncultured Mycoplasma sp.,167967,PRJEB57339,SAMEA114447202,2023,2023-10-01,Illumina MiSeq,Short,Contig,Inconclusive,Metamycoplasma neophronis,2026-09-29,739091,38,0.2434111631720586,0,0,False,False,False,False,False,Mycoplasma,2023-2026
GCA_963534175.1,uncultured Acholeplasmataceae bacterium,1233398,PRJEB57339,SAMEA114447207,2023,2023-10-01,Illumina MiSeq,Short,Contig,Inconclusive,Candidatus Phytoplasma australasiaticum,2026-09-29,593014,94,0.3418047465995744,2,0,True,False,False,False,True,Acholeplasmataceae,2023-2026
GCA_963539535.1,uncultured Acholeplasmataceae bacterium,1233398,PRJEB65450,SAMEA114448811,2023,2023-10-01,HiSeq X Five,Short,Contig,Inconclusive,na,2026-09-29,693852,49,0.3442535295711477,0,0,False,False,False,False,False,Acholeplasmataceae,2023-2026
GCA_963539545.1,uncultured Acholeplasmataceae bacterium,1233398,PRJEB65450,SAMEA114448799,2023,2023-10-01,HiSeq X Five,Short,Contig,Inconclusive,Mesoplasma coleopterae,2026-09-29,326108,78,0.3479522121505758,0,0,False,False,False,False,False,Acholeplasmataceae,2023-2026
GCA_963539565.1,uncultured Acholeplasmataceae bacterium,1233398,PRJEB65450,SAMEA114448858,2023,2023-10-01,HiSeq X Five,Short,Contig,Inconclusive,na,2026-09-29,470952,100,0.3432133211027875,0,0,False,False,False,False,False,Acholeplasmataceae,2023-2026
GCA_963539735.1,uncultured Mycoplasma sp.,167967,PRJEB65450,SAMEA114448414,2023,2023-10-01,HiSeq X Five,Short,Contig,Inconclusive,Metamycoplasma neophronis,2026-09-29,748828,28,0.2438704215120161,0,0,False,False,False,False,False,Mycoplasma,2023-2026
GCA_963539745.1,uncultured Acholeplasmataceae bacterium,1233398,PRJEB65450,SAMEA114448680,2023,2023-10-01,HiSeq X Five,Short,Contig,Inconclusive,Candidatus Tyloplasma litorale,2026-09-29,677004,54,0.3434026977684031,0,0,False,False,False,False,False,Acholeplasmataceae,2023-2026
GCA_963539755.1,uncultured Acholeplasmataceae bacterium,1233398,PRJEB65450,SAMEA114448373,2023,2023-10-01,HiSeq X Five,Short,Contig,Inconclusive,na,2026-09-29,728384,21,0.3431939746068008,0,0,False,False,False,False,False,Acholeplasmataceae,2023-2026
GCA_963539835.1,uncultured Acholeplasmataceae bacterium,1233398,PRJEB65450,SAMEA114448581,2023,2023-10-01,HiSeq X Five,Short,Contig,Inconclusive,Acholeplasma equifetale,2026-09-29,734010,5,0.3444775956730834,0,0,False,False,False,False,False,Acholeplasmataceae,2023-2026
GCA_963540225.1,uncultured Acholeplasmataceae bacterium,1233398,PRJEB65450,SAMEA114448583,2023,2023-10-01,HiSeq X Five,Short,Contig,Inconclusive,na,2026-09-29,800116,46,0.2591399247109169,0,0,False,False,False,False,False,Acholeplasmataceae,2023-2026
GCA_963540865.1,uncultured Mycoplasma sp.,167967,PRJEB65450,SAMEA114448805,2023,2023-10-01,HiSeq X Five,Short,Contig,Inconclusive,Metamycoplasma cloacale,2026-09-29,676069,54,0.2433139220996673,0,0,False,False,False,False,False,Mycoplasma,2023-2026
GCA_963540875.1,uncultured Acholeplasmataceae bacterium,1233398,PRJEB65450,SAMEA114448594,2023,2023-10-01,HiSeq X Five,Short,Contig,Inconclusive,Fusobacterium nucleatum,2026-09-29,1125414,23,0.274761110133693,0,0,False,False,False,False,False,Acholeplasmataceae,2023-2026
GCA_963540905.1,uncultured Acholeplasmataceae bacterium,1233398,PRJEB65450,SAMEA114448430,2023,2023-10-01,HiSeq X Five,Short,Contig,Inconclusive,Mycoplasmopsis lipophila,2026-09-29,559141,96,0.3456230181653644,0,0,False,False,False,False,False,Acholeplasmataceae,2023-2026
GCA_963541405.1,uncultured Acholeplasmataceae bacterium,1233398,PRJEB65450,SAMEA114448454,2023,2023-10-01,HiSeq X Five,Short,Contig,Inconclusive,Candidatus Phytoplasma gossypii,2026-09-29,639203,80,0.3437734178343969,0,0,False,False,False,False,False,Acholeplasmataceae,2023-2026
GCA_963541505.1,uncultured Acholeplasmataceae bacterium,1233398,PRJEB65450,SAMEA114448461,2023,2023-10-01,HiSeq X Five,Short,Contig,Inconclusive,na,2026-09-29,737874,27,0.3437700745655762,0,0,False,False,False,False,False,Acholeplasmataceae,2023-2026
GCA_963541565.1,uncultured Acholeplasmataceae bacterium,1233398,PRJEB65450,SAMEA114448688,2023,2023-10-01,HiSeq X Five,Short,Contig,Inconclusive,na,2026-09-29,663917,50,0.3442056763119486,0,0,False,False,False,False,False,Acholeplasmataceae,2023-2026
GCA_963542265.1,uncultured Mycoplasma sp.,167967,PRJEB65450,SAMEA114448599,2023,2023-10-01,HiSeq X Five,Short,Contig,Inconclusive,[Mycoplasma] collis,2026-09-29,685069,28,0.2421887430317238,0,0,False,False,False,False,False,Mycoplasma,2023-2026
GCA_963542545.1,uncultured Acholeplasmataceae bacterium,1233398,PRJEB65450,SAMEA114448720,2023,2023-10-01,HiSeq X Five,Short,Contig,Inconclusive,Spiroplasma tabanidicola,2026-09-29,759186,13,0.3445558795868206,0,0,False,False,False,False,False,Acholeplasmataceae,2023-2026
GCA_963542825.1,uncultured Acholeplasmataceae bacterium,1233398,PRJEB65450,SAMEA114448654,2023,2023-10-01,HiSeq X Five,Short,Contig,Inconclusive,na,2026-09-29,971081,24,0.3385309773335077,0,0,False,False,False,False,False,Acholeplasmataceae,2023-2026
GCA_963543155.1,uncultured Acholeplasmataceae bacterium,1233398,PRJEB65450,SAMEA114448431,2023,2023-10-01,HiSeq X Five,Short,Contig,Inconclusive,na,2026-09-29,717978,19,0.3439617927011691,0,0,False,False,False,False,False,Acholeplasmataceae,2023-2026
GCA_963543345.1,uncultured Acholeplasmataceae bacterium,1233398,PRJEB65450,SAMEA114448845,2023,2023-10-01,HiSeq X Five,Short,Contig,Inconclusive,na,2026-09-29,599850,90,0.3450729349003917,0,0,False,False,False,False,False,Acholeplasmataceae,2023-2026
GCA_963543845.1,uncultured Acholeplasmataceae bacterium,1233398,PRJEB65450,SAMEA114448653,2023,2023-10-01,HiSeq X Five,Short,Contig,Inconclusive,Fusobacterium watanabei,2026-09-29,994570,33,0.2736006515378505,0,0,False,False,False,False,False,Acholeplasmataceae,2023-2026
GCA_963543865.1,uncultured Mycoplasmataceae bacterium,300027,PRJEB65450,SAMEA114448664,2023,2023-10-01,HiSeq X Five,Short,Contig,Inconclusive,Mycoplasmopsis lipophila,2026-09-29,790287,16,0.2315956102023695,0,0,False,False,False,False,False,Mycoplasmataceae,2023-2026
GCA_963544075.1,uncultured Acholeplasmataceae bacterium,1233398,PRJEB65450,SAMEA114448423,2023,2023-10-01,HiSeq X Five,Short,Contig,Inconclusive,na,2026-09-29,736869,33,0.3440340141870536,0,0,False,False,False,False,False,Acholeplasmataceae,2023-2026
GCA_963544405.1,uncultured Acholeplasmataceae bacterium,1233398,PRJEB65450,SAMEA114448761,2023,2023-10-01,HiSeq X Five,Short,Contig,Inconclusive,na,2026-09-29,710097,22,0.3437699356566779,0,0,False,False,False,False,False,Acholeplasmataceae,2023-2026
GCA_963544545.1,uncultured Acholeplasmataceae bacterium,1233398,PRJEB65450,SAMEA114448385,2023,2023-10-01,HiSeq X Five,Short,Contig,Inconclusive,Candidatus Phytoplasma australasiaticum,2026-09-29,515472,96,0.3466434646304746,0,0,False,False,False,False,False,Acholeplasmataceae,2023-2026
GCA_963544825.1,uncultured Acholeplasmataceae bacterium,1233398,PRJEB65450,SAMEA114448614,2023,2023-10-01,HiSeq X Five,Short,Contig,Inconclusive,na,2026-09-29,726893,17,0.3433600268540211,0,0,False,False,False,False,False,Acholeplasmataceae,2023-2026
GCA_963545125.1,uncultured Acholeplasmataceae bacterium,1233398,PRJEB65450,SAMEA114448448,2023,2023-10-01,HiSeq X Five,Short,Contig,Inconclusive,na,2026-09-29,467561,100,0.3498452608322764,0,0,False,False,False,False,False,Acholeplasmataceae,2023-2026
GCA_963545195.1,uncultured Acholeplasmataceae bacterium,1233398,PRJEB65450,SAMEA114448870,2023,2023-10-01,HiSeq X Five,Short,Contig,Inconclusive,na,2026-09-29,705519,48,0.3438645876298157,0,0,False,False,False,False,False,Acholeplasmataceae,2023-2026
GCA_963547655.1,uncultured Mycoplasma sp.,167967,PRJEB65452,SAMEA114449541,2023,2023-10-01,Illumina NovaSeq 6000,Short,Contig,Inconclusive,[Mycoplasma] collis,2026-09-29,666634,82,0.2419513556164252,0,0,False,False,False,False,False,Mycoplasma,2023-2026
GCA_963587185.1,uncultured Mollicutes bacterium,220137,PRJEB68160,SAMEA114586410,2023,2023-12-09,illumina,Short,Scaffold,Inconclusive,Vescimonas coprocola,2026-09-29,1649483,230,0.6273923405091171,0,0,False,False,False,False,False,Mollicutes,2023-2026
GCA_963587235.1,Anaeroplasmataceae bacterium,2793037,PRJEB68160,SAMEA114582362,2023,2023-12-10,illumina,Short,Scaffold,Inconclusive,Treponema succinifaciens,2026-09-29,2356810,220,0.3841883732672553,0,0,False,False,False,False,False,Anaeroplasmataceae,2023-2026
GCA_963589705.1,Anaeroplasmataceae bacterium,2793037,PRJEB68160,SAMEA114582552,2023,2023-12-09,illumina,Short,Scaffold,Inconclusive,Eubacterium coprostanoligenes,2026-09-29,1887316,97,0.3964603701764834,0,0,False,False,False,False,False,Anaeroplasmataceae,2023-2026
GCA_963590725.1,Anaeroplasmataceae bacterium,2793037,PRJEB68160,SAMEA114585526,2023,2023-12-09,illumina,Short,Scaffold,Inconclusive,na,2026-09-29,1940150,175,0.2942097260521094,0,0,False,False,False,False,False,Anaeroplasmataceae,2023-2026
GCA_963590845.1,Anaeroplasmataceae bacterium,2793037,PRJEB68160,SAMEA114582562,2023,2023-12-10,illumina,Short,Scaffold,Inconclusive,Prevotellamassilia timonensis,2026-09-29,2331623,53,0.5926060945530216,0,0,False,False,False,False,False,Anaeroplasmataceae,2023-2026
GCA_963596915.1,Anaeroplasmataceae bacterium,2793037,PRJEB68160,SAMEA114586263,2023,2023-12-09,illumina,Short,Scaffold,Inconclusive,Phascolarctobacterium succinatutens,2026-09-29,1559121,168,0.5018391773313297,0,0,False,False,False,False,False,Anaeroplasmataceae,2023-2026
GCA_963597215.1,Mycoplasma sp. CAG:472,1262904,PRJEB68160,SAMEA114587949,2023,2023-12-09,illumina,Short,Scaffold,Inconclusive,Treponema rectale,2026-09-29,495524,136,0.4380312558019389,0,0,False,False,False,False,False,Mycoplasma,2023-2026
GCA_963600465.1,Anaeroplasmataceae bacterium,2793037,PRJEB68160,SAMEA114582477,2023,2023-12-07,illumina,Short,Scaffold,Inconclusive,Candidatus Cryptobacteroides faecihippi,2026-09-29,2671222,465,0.4750840626499781,0,0,False,False,False,False,False,Anaeroplasmataceae,2023-2026
GCA_963606765.1,Anaeroplasmataceae bacterium,2793037,PRJEB68160,SAMEA114584140,2023,2023-12-09,illumina,Short,Contig,Inconclusive,Eubacterium coprostanoligenes,2026-09-29,1587556,284,0.5405938436187447,0,2,False,False,False,False,False,Anaeroplasmataceae,2023-2026
GCA_963608345.1,Anaeroplasmataceae bacterium,2793037,PRJEB68160,SAMEA114582499,2023,2023-12-06,illumina,Short,Scaffold,Inconclusive,Prevotellamassilia timonensis,2026-09-29,2156114,190,0.5573508636370804,0,0,False,False,False,False,False,Anaeroplasmataceae,2023-2026
GCA_963611225.1,Anaeroplasmataceae bacterium,2793037,PRJEB68160,SAMEA114588302,2023,2023-12-07,illumina,Short,Scaffold,Inconclusive,Sutterella faecalis,2026-09-29,1758945,147,0.4785556114602787,0,0,False,False,False,False,False,Anaeroplasmataceae,2023-2026
GCA_963611655.1,uncultured Mollicutes bacterium,220137,PRJEB68160,SAMEA114581901,2023,2023-12-10,illumina,Short,Scaffold,Inconclusive,Ruthenibacterium lactatiformans,2026-09-29,3206957,66,0.5826969304546334,0,0,False,False,False,False,False,Mollicutes,2023-2026
GCA_963613745.1,Anaeroplasmataceae bacterium,2793037,PRJEB68160,SAMEA114583852,2023,2023-12-10,illumina,Short,Scaffold,Inconclusive,Bacteroides rodentium,2026-09-29,2224033,121,0.5289741654013227,0,0,False,False,False,False,False,Anaeroplasmataceae,2023-2026
GCA_963615015.1,Anaeroplasmataceae bacterium,2793037,PRJEB68160,SAMEA114584486,2023,2023-12-10,illumina,Short,Contig,Inconclusive,Jutongia huaianensis,2026-09-29,2561752,135,0.4073309984729201,0,0,False,False,False,False,False,Anaeroplasmataceae,2023-2026
GCA_963620485.1,Anaeroplasmataceae bacterium,2793037,PRJEB68160,SAMEA114582663,2023,2023-12-07,illumina,Short,Contig,Inconclusive,Prevotella merdae,2026-09-29,2645614,50,0.5389822551589158,0,0,False,False,False,False,False,Anaeroplasmataceae,2023-2026
GCA_963627515.1,Anaeroplasmataceae bacterium,2793037,PRJEB68160,SAMEA114583945,2023,2023-12-10,illumina,Short,Scaffold,Inconclusive,Gallalistipes aquisgranensis,2026-09-29,2854850,172,0.5147177610032051,0,0,False,False,False,False,False,Anaeroplasmataceae,2023-2026
GCA_963631215.1,Anaeroplasmataceae bacterium,2793037,PRJEB68160,SAMEA114583911,2023,2023-12-09,illumina,Short,Scaffold,Inconclusive,Leyella stercorea,2026-09-29,1533469,317,0.5363114611381123,0,0,False,False,False,False,False,Anaeroplasmataceae,2023-2026
GCA_963634635.1,Anaeroplasmataceae bacterium,2793037,PRJEB68160,SAMEA114582998,2023,2023-12-10,illumina,Short,Contig,Inconclusive,Xylanibacter muris,2026-09-29,2468268,51,0.4661300960835695,0,0,False,False,False,False,False,Anaeroplasmataceae,2023-2026
GCA_963635205.1,Mycoplasma sp. CAG:611,1262905,PRJEB68160,SAMEA114587678,2023,2023-12-07,illumina,Short,Scaffold,Inconclusive,Butyricicoccus intestinisimiae,2026-09-29,2492897,97,0.4888200354848194,0,0,False,False,False,False,False,Mycoplasma,2023-2026
GCA_963636645.1,Anaeroplasmataceae bacterium,2793037,PRJEB68160,SAMEA114588480,2023,2023-12-06,illumina,Short,Scaffold,Inconclusive,Senegalimassilia anaerobia,2026-09-29,2216755,132,0.6131552652413099,0,0,False,False,False,False,False,Anaeroplasmataceae,2023-2026
GCA_963637775.1,uncultured Mollicutes bacterium,220137,PRJEB68160,SAMEA114586973,2023,2023-12-06,illumina,Short,Scaffold,Inconclusive,Anaerofilum hominis,2026-09-29,1942538,53,0.5187028516301869,0,0,False,False,False,False,False,Mollicutes,2023-2026
GCA_963641245.1,Mycoplasma sp. CAG:956,1262908,PRJEB68160,SAMEA114587769,2023,2023-12-09,illumina,Short,Scaffold,Inconclusive,na,2026-09-29,1818934,231,0.3292483399617578,0,0,False,False,False,False,False,Mycoplasma,2023-2026
GCA_963642575.1,Anaeroplasmataceae bacterium,2793037,PRJEB68160,SAMEA114588387,2023,2023-12-10,illumina,Short,Scaffold,Inconclusive,Bifidobacterium erythrocebi,2026-09-29,2298204,54,0.5793798113657447,0,0,False,False,False,False,False,Anaeroplasmataceae,2023-2026
GCA_963642805.1,Mycoplasma sp. CAG:472,1262904,PRJEB68160,SAMEA114587528,2023,2023-12-10,illumina,Short,Scaffold,Inconclusive,Dialister massiliensis,2026-09-29,2183623,231,0.4529243372138872,0,3,False,False,False,False,False,Mycoplasma,2023-2026
GCA_963643955.1,Anaeroplasmataceae bacterium,2793037,PRJEB68160,SAMEA114588423,2023,2023-12-06,illumina,Short,Scaffold,Inconclusive,Coprococcus aceti,2026-09-29,1925978,180,0.4535773513508461,0,0,False,False,False,False,False,Anaeroplasmataceae,2023-2026
GCA_963644735.1,Anaeroplasmataceae bacterium,2793037,PRJEB68160,SAMEA114588449,2023,2023-12-09,illumina,Short,Scaffold,Inconclusive,na,2026-09-29,1699888,132,0.4096316933821522,0,1,False,False,False,False,False,Anaeroplasmataceae,2023-2026
GCA_963649725.1,Anaeroplasmataceae bacterium,2793037,PRJEB68160,SAMEA114582997,2023,2023-12-09,illumina,Short,Scaffold,Inconclusive,Candidatus Methanarcanum hacksteinii,2026-09-29,623540,202,0.5109086826827469,0,0,False,False,False,False,False,Anaeroplasmataceae,2023-2026
GCA_963649945.1,Acholeplasmatales bacterium,2053494,PRJEB68160,SAMEA114582076,2023,2023-12-10,illumina,Short,Scaffold,Inconclusive,Candidatus Kaistia colombiensis,2026-09-29,2145185,341,0.5686199558546232,0,0,False,False,False,False,False,Acholeplasmatales,2023-2026
GCA_963650105.1,Anaeroplasmataceae bacterium,2793037,PRJEB68160,SAMEA114586874,2023,2023-12-06,illumina,Short,Scaffold,Inconclusive,na,2026-09-29,1327906,210,0.501122067375251,0,0,False,False,False,False,False,Anaeroplasmataceae,2023-2026
GCA_963653695.1,Acholeplasmatales bacterium,2053494,PRJEB68160,SAMEA114583041,2023,2023-12-10,illumina,Short,Scaffold,Inconclusive,Bifidobacterium pongonis,2026-09-29,2298983,27,0.5767184881314912,0,0,False,False,False,False,False,Acholeplasmatales,2023-2026
GCA_963659595.1,Anaeroplasmataceae bacterium,2793037,PRJEB68160,SAMEA114588896,2023,2023-12-07,illumina,Short,Scaffold,Inconclusive,Pumilibacter muris,2026-09-29,1791450,175,0.4675436099249211,0,0,False,False,False,False,False,Anaeroplasmataceae,2023-2026
GCA_963659795.1,Anaeroplasmataceae bacterium,2793037,PRJEB68160,SAMEA114585013,2023,2023-12-06,illumina,Short,Contig,Inconclusive,na,2026-09-29,1047107,69,0.3146641174206647,0,0,False,False,False,False,False,Anaeroplasmataceae,2023-2026
GCA_963667565.1,Acholeplasmataceae bacterium,1898209,PRJEB67189,SAMEA114406847,2023,2023-11-17,"PacBio,Arima",Long,Complete Genome,Inconclusive,Acholeplasma palmae,2026-09-29,1750088,1,0.3127534158282326,0,0,False,False,False,False,False,Acholeplasmataceae,2023-2026
GCA_963668065.1,Acholeplasmataceae bacterium,1898209,PRJEB69036,SAMEA114407007,2023,2023-11-17,"PacBio,Arima",Long,Complete Genome,Inconclusive,Acholeplasma palmae,2026-09-29,1763780,1,0.3127725680073479,0,0,False,False,False,False,False,Acholeplasmataceae,2023-2026
GCA_963675245.1,Acholeplasmataceae bacterium,1898209,PRJEB69548,SAMEA114409205,2023,2023-11-17,"PacBio,Arima",Long,Complete Genome,Inconclusive,Peloplasma aerotolerans,2026-09-29,1626300,1,0.3386736764434606,0,0,False,False,False,False,False,Acholeplasmataceae,2023-2026
GCA_963676425.1,Acholeplasmataceae bacterium,1898209,PRJEB69791,SAMEA114409434,2023,2023-11-18,"PacBio,Arima",Long,Complete Genome,Inconclusive,Acholeplasma palmae,2026-09-29,1837626,1,0.306722913149901,0,0,False,False,False,False,False,Acholeplasmataceae,2023-2026
GCA_963676765.1,Acholeplasmataceae bacterium,1898209,PRJEB71122,SAMEA114409356,2023,2023-11-18,"PacBio,Arima",Long,Complete Genome,Inconclusive,Haploplasma modicum,2026-09-29,1564485,1,0.3351741947030492,0,0,False,False,False,False,False,Acholeplasmataceae,2023-2026
GCA_963678355.1,Acholeplasmataceae bacterium,1898209,PRJEB69780,SAMEA114407721,2023,2023-11-18,"PacBio,Arima",Long,Complete Genome,Inconclusive,Acholeplasma palmae,2026-09-29,1706949,1,0.3165630607592845,0,0,False,False,False,False,False,Acholeplasmataceae,2023-2026
GCA_963692675.1,Mycoplasmatales bacterium,2023991,PRJEB70554,SAMEA114659253,2023,2023-12-06,"PacBio,Arima",Long,Complete Genome,Inconclusive,na,2026-09-29,791436,1,0.2922308310463511,0,0,False,False,False,False,False,Mycoplasmatales,2023-2026
GCA_963824615.1,uncultured Haloplasmataceae bacterium,1233400,PRJEB58634,SAMEA114821875,2025,2025-01-19,Nanopore,Long,Contig,Inconclusive,Clostridium ihumii,2026-09-29,3637907,8,0.2966219312368348,0,0,False,False,False,False,False,Haloplasmataceae,2023-2026
GCA_963928995.1,uncultured Mollicutes bacterium,220137,PRJEB64517,SAMEA115146159,2024,2024-05-09,Sequel IIe,Unknown,Contig,Inconclusive,Thomasclavelia spiroformis,2026-09-29,1725586,19,0.2788333934095432,0,0,False,False,False,False,False,Mollicutes,2023-2026
GCA_963977635.1,uncultured Acholeplasmataceae bacterium,1233398,PRJEB46727,SAMEA115288909,2024,2024-03-10,Illumina Genome Analyzer IIx,Short,Contig,Inconclusive,Acholeplasma palmae,2026-09-29,919934,52,0.3368926466463898,0,0,False,False,False,False,False,Acholeplasmataceae,2023-2026
GCA_964018925.1,uncultured Anaeroplasmataceae bacterium,658266,PRJEB73981,SAMEA115430768,2024,2024-03-29,"ILLUMINA,PACBIO_SMRT",Hybrid,Scaffold,Inconclusive,Clostridium tepidum,2026-09-29,2111252,26,0.3184276438814504,0,0,False,False,False,False,False,Anaeroplasmataceae,2023-2026
GCA_964019485.1,Spiroplasma endosymbiont of Agriotes lineatus,3077930,PRJEB74386,SAMEA115290490,2024,2024-03-29,"PacBio,Arima",Long,Complete Genome,Inconclusive,Spiroplasma phoeniceum,2026-09-29,1243119,1,0.2590106015594645,0,0,False,False,False,False,False,Spiroplasma,2023-2026
GCA_964019495.1,Spiroplasma endosymbiont of Dasysyrphus albostriatus,3066299,PRJEB74378,SAMEA114450272,2024,2024-03-29,"PacBio,Arima",Long,Complete Genome,Inconclusive,Spiroplasma floricola,2026-09-29,1764474,1,0.2360097116761142,0,0,False,False,False,False,False,Spiroplasma,2023-2026
GCA_964019505.1,Spiroplasma endosymbiont of Othius punctulatus,3066289,PRJEB74391,SAMEA114450261,2024,2024-03-29,"PacBio,Arima",Long,Complete Genome,Inconclusive,Spiroplasma taiwanense,2026-09-29,822087,1,0.2999816321143626,0,0,False,False,False,False,False,Spiroplasma,2023-2026
GCA_964019525.1,Spiroplasma endosymbiont of Eupeodes luniger,3066300,PRJEB74379,SAMEA114450273,2024,2024-03-29,"PacBio,Arima",Long,Complete Genome,Inconclusive,Spiroplasma attinicola,2026-09-29,1103341,1,0.2597673792599024,0,0,False,False,False,False,False,Spiroplasma,2023-2026
GCA_964019535.1,Spiroplasma endosymbiont of Tricholauxania praeusta,3066296,PRJEB74388,SAMEA114450269,2024,2024-03-29,"PacBio,Arima",Long,Complete Genome,Inconclusive,Mycoplasma capricolum,2026-09-29,1495235,1,0.2368296622270078,0,0,False,False,False,False,False,Spiroplasma,2023-2026
GCA_964019575.1,Spiroplasma endosymbiont of Andrena trimmerana,3066316,PRJEB74390,SAMEA114450603,2024,2024-03-29,"PacBio,Arima",Long,Complete Genome,Inconclusive,Spiroplasma phoeniceum,2026-09-29,1656894,1,0.2375939559199321,0,0,False,False,False,False,False,Spiroplasma,2023-2026
GCA_964019595.1,Spiroplasma endosymbiont of Sarcophaga carnaria,3066303,PRJEB74389,SAMEA114450355,2024,2024-03-29,"PacBio,Arima",Long,Complete Genome,Inconclusive,Spiroplasma phoeniceum,2026-09-29,1998896,1,0.2662629771633942,0,0,False,False,False,False,False,Spiroplasma,2023-2026
GCA_964019625.1,Spiroplasma endosymbiont of Diplazon laetatorius,3066322,PRJEB74397,SAMEA114450622,2024,2024-03-29,"PacBio,Arima",Long,Complete Genome,Inconclusive,Spiroplasma monobiae,2026-09-29,979438,1,0.2714495455557166,0,0,False,False,False,False,False,Spiroplasma,2023-2026
GCA_964019665.1,Spiroplasma endosymbiont of Cantharis rufa,3066279,PRJEB74396,SAMEA114450253,2024,2024-03-29,"PacBio,Arima",Long,Complete Genome,Inconclusive,Spiroplasma cantharicola,2026-09-29,1242918,1,0.249051828036926,0,0,False,False,False,False,False,Spiroplasma,2023-2026
GCA_964019705.1,Spiroplasma endosymbiont of Panzeria rudis,3066301,PRJEB74395,SAMEA114450288,2024,2024-03-29,"PacBio,Arima",Long,Complete Genome,Inconclusive,Spiroplasma phoeniceum,2026-09-29,1376578,1,0.2396006619312527,0,0,False,False,False,False,False,Spiroplasma,2023-2026
GCA_964019715.1,Spiroplasma endosymbiont of Lonchoptera lutea,3066297,PRJEB74381,SAMEA114450270,2024,2024-03-29,"PacBio,Arima",Long,Complete Genome,Inconclusive,Spiroplasma citri,2026-09-29,1332076,1,0.2594919509097078,0,0,False,False,False,False,False,Spiroplasma,2023-2026
GCA_964019725.1,Spiroplasma endosymbiont of Antitype chi,3066308,PRJEB74376,SAMEA114450598,2024,2024-03-29,"PacBio,Arima",Long,Complete Genome,Inconclusive,Spiroplasma phoeniceum,2026-09-29,2430423,1,0.2303409735671527,0,0,False,False,False,False,False,Spiroplasma,2023-2026
GCA_964019735.1,Spiroplasma endosymbiont of Thecophora atra,3066294,PRJEB74377,SAMEA114450620,2024,2024-03-29,"PacBio,Arima",Long,Complete Genome,Inconclusive,Mycoplasma capricolum,2026-09-29,1513007,1,0.2363875381938087,0,0,False,False,False,False,False,Spiroplasma,2023-2026
GCA_964019755.1,Spiroplasma endosymbiont of Polydrusus cervinus,3066287,PRJEB74375,SAMEA114450249,2024,2024-03-29,"PacBio,Arima",Long,Complete Genome,Inconclusive,Spiroplasma citri,2026-09-29,1120781,1,0.2624196876999164,0,0,False,False,False,False,False,Spiroplasma,2023-2026
GCA_964019765.1,Spiroplasma endosymbiont of Panorpa germanica,3066314,PRJEB74387,SAMEA114450601,2024,2024-03-29,"PacBio,Arima",Long,Complete Genome,Inconclusive,Spiroplasma sabaudiense,2026-09-29,1054068,1,0.3037470068344737,0,0,False,False,False,False,False,Spiroplasma,2023-2026
GCA_964019825.1,Spiroplasma endosymbiont of Lasioglossum calceatum,3066318,PRJEB74371,SAMEA114450605,2024,2024-03-29,"PacBio,Arima",Long,Complete Genome,Inconclusive,Spiroplasma phoeniceum,2026-09-29,2257122,1,0.2468820914421108,0,0,False,False,False,False,False,Spiroplasma,2023-2026
GCA_964019845.1,Spiroplasma endosymbiont of Labia minor,3066305,PRJEB74372,SAMEA114450438,2024,2024-03-29,"PacBio,Arima",Long,Complete Genome,Inconclusive,Spiroplasma culicicola,2026-09-29,984411,1,0.2593997832206263,0,0,False,False,False,False,False,Spiroplasma,2023-2026
GCA_964019925.1,Spiroplasma endosymbiont of Cantharis nigra,3066278,PRJEB74366,SAMEA114450623,2024,2024-03-29,"PacBio,Arima",Long,Complete Genome,Inconclusive,Spiroplasma cantharicola,2026-09-29,1237520,1,0.2511215980347792,0,0,False,False,False,False,False,Spiroplasma,2023-2026
GCA_964019975.1,Spiroplasma endosymbiont of Monopis laevigella,3066312,PRJEB74369,SAMEA114450621,2024,2024-03-29,"PacBio,Arima",Long,Complete Genome,Inconclusive,Mycoplasma capricolum,2026-09-29,1381161,1,0.2417270687486831,0,0,False,False,False,False,False,Spiroplasma,2023-2026
GCA_964020005.1,Spiroplasma endosymbiont of Atherix ibis,3066291,PRJEB74370,SAMEA114450264,2024,2024-03-29,"PacBio,Arima",Long,Complete Genome,Inconclusive,Spiroplasma floricola,2026-09-29,1072050,1,0.2337848048132083,0,0,False,False,False,False,False,Spiroplasma,2023-2026
GCA_964020035.1,Spiroplasma endosymbiont of Crioceris asparagi,3066286,PRJEB74373,SAMEA114450259,2024,2024-03-29,"PacBio,Arima",Long,Complete Genome,Inconclusive,Spiroplasma litorale,2026-09-29,701400,1,0.2645067008839464,0,0,False,False,False,False,False,Spiroplasma,2023-2026
GCA_964020065.1,Spiroplasma endosymbiont of Lasioglossum malachurum,3066319,PRJEB74420,SAMEA114450606,2024,2024-03-29,PacBio,Long,Complete Genome,Inconclusive,Spiroplasma floricola,2026-09-29,1299709,1,0.2429366881355749,0,0,False,False,False,False,False,Spiroplasma,2023-2026
GCA_964020095.1,Spiroplasma endosymbiont of Colias croceus,3066310,PRJEB74412,SAMEA114450629,2024,2024-03-29,"PacBio,Arima",Long,Complete Genome,Inconclusive,Spiroplasma floricola,2026-09-29,2449395,1,0.2247893867669363,0,0,False,False,False,False,False,Spiroplasma,2023-2026
GCA_964020195.1,Spiroplasma endosymbiont of Lasioglossum villosulum,3066320,PRJEB74408,SAMEA114450607,2024,2024-03-29,"PacBio,Arima",Long,Complete Genome,Inconclusive,Mycoplasma mycoides,2026-09-29,1512716,1,0.2358770582184627,0,0,False,False,False,False,False,Spiroplasma,2023-2026
GCA_964020205.1,Spiroplasma endosymbiont of Apeira syringaria,3066307,PRJEB74419,SAMEA114450597,2024,2024-03-29,"PacBio,Arima",Long,Complete Genome,Inconclusive,Spiroplasma phoeniceum,2026-09-29,2002988,1,0.2500164753857736,0,0,False,False,False,False,False,Spiroplasma,2023-2026
GCA_964020225.1,Spiroplasma endosymbiont of Tiphia femorata,3066326,PRJEB74409,SAMEA114450612,2024,2024-03-29,"PacBio,Arima",Long,Complete Genome,Inconclusive,Spiroplasma floricola,2026-09-29,1723414,1,0.2359583942105611,0,0,False,False,False,False,False,Spiroplasma,2023-2026
GCA_964020235.1,Spiroplasma endosymbiont of Seladonia tumulorum,3066321,PRJEB74413,SAMEA114450608,2024,2024-03-29,"PacBio,Arima",Long,Complete Genome,Inconclusive,Spiroplasma phoeniceum,2026-09-29,2137610,1,0.2541562773377744,0,0,False,False,False,False,False,Spiroplasma,2023-2026
GCA_964020965.1,Spiroplasma endosymbiont of Ammophila pubescens,3066315,PRJEB74430,SAMEA115457227,2024,2024-03-30,"PacBio,Arima",Long,Complete Genome,Inconclusive,Spiroplasma phoeniceum,2026-09-29,1730451,1,0.2549433644755038,0,0,False,False,False,False,False,Spiroplasma,2023-2026
GCA_964030635.1,Spiroplasma endosymbiont of Polydrusus pterygomalis,3139327,PRJEB75086,SAMEA115496731,2024,2024-04-19,"PacBio,Arima",Long,Complete Genome,Inconclusive,Spiroplasma citri,2026-09-29,1791938,1,0.2581406276333221,0,0,False,False,False,False,False,Spiroplasma,2023-2026
GCA_964030645.1,Spiroplasma endosymbiont of Amphibalanus improvisus,3066327,PRJEB75075,SAMEA114450613,2024,2024-04-20,"PacBio,Arima",Long,Contig,Inconclusive,Spiroplasma taiwanense,2026-09-29,750054,4,0.2626104253827058,0,0,False,False,False,False,False,Spiroplasma,2023-2026
GCA_964030655.1,Spiroplasma endosymbiont of Poecilobothrus nobilitatus,1209220,PRJEB75081,SAMEA114450268,2024,2024-04-19,"PacBio,Arima",Long,Complete Genome,Inconclusive,Spiroplasma phoeniceum,2026-09-29,1434273,1,0.2601506128888991,0,0,False,False,False,False,False,Spiroplasma,2023-2026
GCA_964030685.1,Spiroplasma endosymbiont of Dilophus febrilis,3066292,PRJEB75076,SAMEA114450265,2024,2024-04-19,"PacBio,Arima",Long,Complete Genome,Inconclusive,Spiroplasma attinicola,2026-09-29,1022979,1,0.264261534205492,0,0,False,False,False,False,False,Spiroplasma,2023-2026
GCA_964030795.1,Spiroplasma endosymbiont of Nomada ruficornis,3066325,PRJEB75136,SAMEA114450611,2024,2024-04-19,"PacBio,Arima",Long,Complete Genome,Inconclusive,Spiroplasma floricola,2026-09-29,1583009,1,0.2375728754542772,0,0,False,False,False,False,False,Spiroplasma,2023-2026
GCA_964030805.1,Spiroplasma endosymbiont of Zeiraphera isertana,3066313,PRJEB75134,SAMEA114450600,2024,2024-04-19,PacBio,Long,Complete Genome,Inconclusive,Spiroplasma floricola,2026-09-29,2363561,1,0.2385129895103193,0,0,False,False,False,False,False,Spiroplasma,2023-2026
GCA_964030825.1,Spiroplasma endosymbiont of Polydrusus pterygomalis,3139327,PRJEB75135,SAMEA115496730,2024,2024-04-19,"PacBio,Arima",Long,Complete Genome,Inconclusive,Spiroplasma citri,2026-09-29,1385709,1,0.2384974045777288,0,0,False,False,False,False,False,Spiroplasma,2023-2026
GCA_964030835.1,Spiroplasma endosymbiont of Nephrotoma flavescens,3066302,PRJEB75096,SAMEA114450314,2024,2024-04-20,"PacBio,Arima",Long,Complete Genome,Inconclusive,Spiroplasma phoeniceum,2026-09-29,1107293,1,0.262611612283289,0,0,False,False,False,False,False,Spiroplasma,2023-2026
GCA_964030855.1,Spiroplasma endosymbiont of Cantharis lateralis,3066277,PRJEB75099,SAMEA114450252,2024,2024-04-21,"PacBio,Arima",Long,Contig,Inconclusive,Spiroplasma cantharicola,2026-09-29,1184163,8,0.2538206311124397,0,0,False,False,False,False,False,Spiroplasma,2023-2026
GCA_964030865.1,Spiroplasma endosymbiont of Dioctria linearis,3066290,PRJEB75095,SAMEA114450263,2024,2024-04-20,"PacBio,Arima",Long,Complete Genome,Inconclusive,Spiroplasma cantharicola,2026-09-29,1230581,1,0.2522369514887683,0,0,False,False,False,False,False,Spiroplasma,2023-2026
GCA_964030895.1,Spiroplasma endosymbiont of Nebria brevicollis,3066284,PRJEB75098,SAMEA114450258,2024,2024-04-20,"PacBio,Arima",Long,Complete Genome,Inconclusive,Spiroplasma citri,2026-09-29,1490306,1,0.2585985696897147,0,0,False,False,False,False,False,Spiroplasma,2023-2026
GCA_964030925.1,Spiroplasma endosymbiont of Villa modesta,3066293,PRJEB75091,SAMEA114450266,2024,2024-04-20,PacBio,Long,Complete Genome,Inconclusive,Spiroplasma citri,2026-09-29,1970454,1,0.227427283255534,0,0,False,False,False,False,False,Spiroplasma,2023-2026
GCA_964030965.1,Spiroplasma endosymbiont of Amphimallon solstitiale,3066288,PRJEB75107,SAMEA114450260,2024,2024-04-20,"PacBio,Arima",Long,Complete Genome,Inconclusive,Spiroplasma phoeniceum,2026-09-29,2118897,1,0.2331783942305831,0,0,False,False,False,False,False,Spiroplasma,2023-2026
GCA_964030985.1,Spiroplasma endosymbiont of Notiophilus biguttatus,3066285,PRJEB75120,SAMEA114450619,2024,2024-04-20,"PacBio,Arima",Long,Complete Genome,Inconclusive,Spiroplasma floricola,2026-09-29,1383962,1,0.2424213959631839,0,0,False,False,False,False,False,Spiroplasma,2023-2026
GCA_964030995.1,Spiroplasma endosymbiont of Tenthredo amoena,3139325,PRJEB75100,SAMEA115496728,2024,2024-04-20,"PacBio,Arima",Long,Complete Genome,Inconclusive,Spiroplasma cantharicola,2026-09-29,1243066,1,0.2509094448725972,0,0,False,False,False,False,False,Spiroplasma,2023-2026
GCA_964031045.1,Spiroplasma endosymbiont of Aspidapion aeneum,3066276,PRJEB75110,SAMEA114450251,2024,2024-04-20,"PacBio,Arima",Long,Complete Genome,Inconclusive,Spiroplasma turonicum,2026-09-29,1209723,1,0.2635380165542029,0,0,False,False,False,False,False,Spiroplasma,2023-2026
GCA_964031075.1,Spiroplasma endosymbiont of Melanargia galathea,3066309,PRJEB75089,SAMEA114450628,2024,2024-04-20,"PacBio,Arima",Long,Complete Genome,Inconclusive,Spiroplasma apis,2026-09-29,1162950,1,0.2816372157014489,0,0,False,False,False,False,False,Spiroplasma,2023-2026
GCA_964031085.1,Spiroplasma endosymbiont of Asaphidion curtum,3066281,PRJEB75116,SAMEA114450255,2024,2024-04-20,PacBio,Long,Complete Genome,Inconclusive,Spiroplasma phoeniceum,2026-09-29,1313897,1,0.2528622867698153,0,0,False,False,False,False,False,Spiroplasma,2023-2026
GCA_964031115.1,Spiroplasma endosymbiont of Clivina fossor,3066282,PRJEB75088,SAMEA114450256,2024,2024-04-20,"PacBio,Arima",Long,Complete Genome,Inconclusive,Spiroplasma phoeniceum,2026-09-29,2045693,1,0.2525540244797239,0,0,False,False,False,False,False,Spiroplasma,2023-2026
GCA_964031135.1,Spiroplasma endosymbiont of Aleiodes alternator,3139329,PRJEB75125,SAMEA115496733,2024,2024-04-20,"PacBio,Arima",Long,Complete Genome,Inconclusive,Spiroplasma platyhelix,2026-09-29,1229206,1,0.2400858765739835,0,0,False,False,False,False,False,Spiroplasma,2023-2026
GCA_964031155.1,Spiroplasma endosymbiont of Dromius quadrimaculatus,3066283,PRJEB75122,SAMEA114450257,2024,2024-04-20,"PacBio,Arima",Long,Complete Genome,Inconclusive,Spiroplasma phoeniceum,2026-09-29,1343660,1,0.2613428992453448,0,0,False,False,False,False,False,Spiroplasma,2023-2026
GCA_964031175.1,Spiroplasma endosymbiont of Melieria omissa,3139324,PRJEB75118,SAMEA115496727,2024,2024-04-20,"PacBio,Arima",Long,Complete Genome,Inconclusive,Spiroplasma phoeniceum,2026-09-29,1620688,1,0.235709155617861,0,0,False,False,False,False,False,Spiroplasma,2023-2026
GCA_964031195.1,Spiroplasma endosymbiont of Phycita roborella,3066311,PRJEB75123,SAMEA114450599,2024,2024-04-21,"PacBio,Arima",Long,Contig,Inconclusive,Mycoplasma mycoides,2026-09-29,1676742,7,0.2368569523516438,0,0,False,False,False,False,False,Spiroplasma,2023-2026
GCA_964031205.1,Spiroplasma endosymbiont of Stenodema calcarata,3139328,PRJEB75113,SAMEA115496732,2024,2024-04-20,"PacBio,Arima",Long,Complete Genome,Inconclusive,Spiroplasma citri,2026-09-29,1473560,1,0.2728433182225359,0,0,False,False,False,False,False,Spiroplasma,2023-2026
GCA_964031275.1,Spiroplasma endosymbiont of Acasis viretata,3066306,PRJEB75127,SAMEA114450596,2024,2024-04-20,PacBio,Long,Complete Genome,Inconclusive,Mycoplasma mycoides,2026-09-29,1484762,1,0.2409234611338382,0,0,False,False,False,False,False,Spiroplasma,2023-2026
GCA_964035735.1,Spiroplasma endosymbiont of Calodromius spilotus,3077929,PRJEB75419,SAMEA115290489,2024,2024-05-03,PacBio,Long,Contig,Inconclusive,Spiroplasma phoeniceum,2026-09-29,1443198,2,0.2605491415592316,0,0,False,False,False,False,False,Spiroplasma,2023-2026
GCA_964229415.1,Acholeplasmataceae bacterium,1898209,PRJEB78949,SAMEA115926430,2024,2024-08-26,Illumina,Short,Contig,Inconclusive,Candidatus Phytoplasma stylosanthis,2026-09-29,779765,93,0.3314575545196309,3,0,True,False,False,False,True,Acholeplasmataceae,2023-2026
GCA_964230965.1,Acholeplasmataceae bacterium,1898209,PRJEB78949,SAMEA115926348,2024,2024-08-26,Illumina,Short,Contig,Inconclusive,Acholeplasma oculi,2026-09-29,867523,97,0.332988289647652,2,0,True,False,False,False,True,Acholeplasmataceae,2023-2026
GCA_964250295.1,uncultured Mycoplasmatales bacterium,749450,PRJEB77567,SAMEA115955271,2024,2024-09-21,Illumina HiSeq 2000,Short,Contig,Inconclusive,na,2026-09-29,224622,2,0.3709387326263678,0,0,False,False,False,False,False,Mycoplasmatales,2023-2026
GCA_964263215.1,Spiroplasma endosymbiont of Rhagonycha fulva,3066280,PRJEB79952,SAMEA114450254,2024,2024-09-11,"PacBio,Arima",Long,Complete Genome,Inconclusive,Spiroplasma cantharicola,2026-09-29,1133032,1,0.251713985130164,0,0,False,False,False,False,False,Spiroplasma,2023-2026
GCA_964263245.1,Spiroplasma endosymbiont of Polydrusus formosus,3139326,PRJEB79948,SAMEA115496729,2024,2024-09-11,"PacBio,Arima",Long,Complete Genome,Inconclusive,Spiroplasma phoeniceum,2026-09-29,1417791,1,0.2464333600650589,0,0,False,False,False,False,False,Spiroplasma,2023-2026
GCA_964264745.1,Spiroplasma endosymbiont of Virgichneumon dumeticola,3139323,PRJEB80263,SAMEA115496726,2024,2024-09-18,"PacBio,Arima",Long,Complete Genome,Inconclusive,Spiroplasma citri,2026-09-29,1499752,1,0.26835970213742,0,0,False,False,False,False,False,Spiroplasma,2023-2026
GCA_964264785.1,Spiroplasma endosymbiont of Tipula paludosa,3066295,PRJEB80265,SAMEA114450267,2024,2024-09-18,"PacBio,Arima",Long,Complete Genome,Inconclusive,Spiroplasma attinicola,2026-09-29,1315956,1,0.261507983549602,0,0,False,False,False,False,False,Spiroplasma,2023-2026
GCA_964273375.1,Spiroplasma endosymbiont of Cleonymus obscurus,3066324,PRJEB80743,SAMEA114450610,2024,2024-11-07,"PacBio,Arima",Long,Contig,Inconclusive,Spiroplasma floricola,2026-09-29,1365969,3,0.2417426749801789,0,0,False,False,False,False,False,Spiroplasma,2023-2026
GCA_964273395.1,Spiroplasma endosymbiont of Megachile willughbiella,3066323,PRJEB80744,SAMEA114450609,2024,2024-11-06,"PacBio,Arima",Long,Complete Genome,Inconclusive,Spiroplasma apis,2026-09-29,1148291,1,0.2833950627497734,0,0,False,False,False,False,False,Spiroplasma,2023-2026
GCA_964273555.1,Spiroplasma endosymbiont of Harpalus anxius,3077931,PRJEB80760,SAMEA115290491,2024,2024-10-03,"PacBio,Arima",Long,Complete Genome,Inconclusive,Spiroplasma citri,2026-09-29,2005978,1,0.233550916311146,0,0,False,False,False,False,False,Spiroplasma,2023-2026
GCA_964277355.1,Spiroplasma endosymbiont of Nomada rufipes,3077933,PRJEB81406,SAMEA115290493,2024,2024-10-22,"PacBio,Arima",Long,Complete Genome,Inconclusive,Spiroplasma floricola,2026-09-29,1155877,1,0.2400255390495701,0,0,False,False,False,False,False,Spiroplasma,2023-2026
GCA_964345805.1,uncultured Mycoplasma sp.,167967,PRJEB82487,SAMEA117293847,2025,2025-01-05,Illumina HiSeq 4000,Short,Scaffold,Inconclusive,Candidatus Phytoplasma stylosanthis,2026-09-29,917360,44,0.260853972268248,0,0,False,False,False,False,False,Mycoplasma,2023-2026
GCA_964367605.1,uncultured Candidatus Izemoplasmatales bacterium,3076545,PRJEB82487,SAMEA117387506,2025,2025-01-07,Illumina NovaSeq 6000,Short,Scaffold,Inconclusive,Acholeplasma oculi,2026-09-29,1431127,277,0.3505111705669727,0,0,False,False,False,False,False,Izemoplasmatales,2023-2026
GCA_964368345.1,uncultured Mariniplasma sp.,2903104,PRJEB82487,SAMEA117119959,2025,2025-01-07,Illumina NovaSeq 6000,Short,Scaffold,Inconclusive,Paracholeplasma morum,2026-09-29,1501240,176,0.3277950227811675,0,0,False,False,False,False,False,Mariniplasma,2023-2026
GCA_964368415.1,uncultured Acholeplasmataceae bacterium,1233398,PRJEB82487,SAMEA117119966,2025,2025-01-06,Illumina NovaSeq 6000,Short,Scaffold,Inconclusive,Paracholeplasma morum,2026-09-29,1081105,172,0.3274677297764787,0,0,False,False,False,False,False,Acholeplasmataceae,2023-2026
GCA_964368865.1,uncultured Candidatus Izemoplasmatales bacterium,3076545,PRJEB82487,SAMEA117119936,2025,2025-01-06,Illumina NovaSeq 6000,Short,Scaffold,Inconclusive,Peloplasma aerotolerans,2026-09-29,1196369,265,0.3623146370392412,0,0,False,False,False,False,False,Izemoplasmatales,2023-2026
GCA_964368955.1,uncultured Mariniplasma sp.,2903104,PRJEB82487,SAMEA117119928,2025,2025-01-07,Illumina NovaSeq 6000,Short,Scaffold,OK,Mariniplasma anaerobium,2026-09-29,1611596,296,0.3177545737269142,0,0,False,False,False,False,False,Mariniplasma,2023-2026
GCA_964384655.1,uncultured Mariniplasma sp.,2903104,PRJEB82487,SAMEA117376448,2025,2025-01-06,"Illumina HiSeq 2500,Illumina HiSeq 2000",Short,Scaffold,Inconclusive,Mariniplasma anaerobium,2026-09-29,1266083,246,0.3869217105039716,0,0,False,False,False,False,False,Mariniplasma,2023-2026
GCA_964386055.1,uncultured Candidatus Izemoplasmatales bacterium,3076545,PRJEB82487,SAMEA117373377,2025,2025-01-07,Illumina HiSeq 2000,Short,Scaffold,Inconclusive,Hujiaoplasma nucleasis,2026-09-29,1543460,66,0.357573892423516,0,0,False,False,False,False,False,Izemoplasmatales,2023-2026
GCA_964387195.1,uncultured Acholeplasmataceae bacterium,1233398,PRJEB82487,SAMEA117372717,2025,2025-01-05,Illumina HiSeq 2500,Short,Scaffold,Inconclusive,Paracholeplasma morum,2026-09-29,903475,57,0.3386325022828523,0,0,False,False,False,False,False,Acholeplasmataceae,2023-2026
GCA_964388735.1,uncultured Candidatus Izemoplasmatales bacterium,3076545,PRJEB82487,SAMEA117125220,2025,2025-01-07,Illumina MiSeq,Short,Scaffold,Inconclusive,Hujiaoplasma nucleasis,2026-09-29,1693553,86,0.3238233465383132,0,0,False,False,False,False,False,Izemoplasmatales,2023-2026
GCA_964390675.1,uncultured Mariniplasma sp.,2903104,PRJEB82487,SAMEA117393205,2025,2025-01-07,Illumina HiSeq 2500,Short,Scaffold,Inconclusive,Mariniplasma anaerobium,2026-09-29,1756438,380,0.3791041869966375,0,4,False,False,False,False,False,Mariniplasma,2023-2026
GCA_964395055.1,uncultured Candidatus Izemoplasmatales bacterium,3076545,PRJEB82487,SAMEA117125216,2025,2025-01-07,Illumina MiSeq,Short,Scaffold,Inconclusive,na,2026-09-29,1763718,122,0.3626044526392541,0,0,False,False,False,False,False,Izemoplasmatales,2023-2026
GCA_964397695.1,uncultured Candidatus Izemoplasmatales bacterium,3076545,PRJEB82487,SAMEA117296148,2025,2025-01-06,Illumina HiSeq 4000,Short,Scaffold,Inconclusive,na,2026-09-29,1309358,322,0.4641328040154029,0,0,False,False,False,False,False,Izemoplasmatales,2023-2026
GCA_964401545.1,uncultured Candidatus Izemoplasmatales bacterium,3076545,PRJEB82487,SAMEA117292392,2025,2025-01-08,NextSeq 500,Unknown,Scaffold,Inconclusive,Candidatus Izemoplasma acidinucleici,2026-09-29,1951804,552,0.2992861988191437,0,0,False,False,False,False,False,Izemoplasmatales,2023-2026
GCA_964411015.1,uncultured Candidatus Izemoplasmatales bacterium,3076545,PRJEB82487,SAMEA117383507,2025,2025-01-06,Illumina HiSeq 2500,Short,Scaffold,Inconclusive,Hujiaoplasma nucleasis,2026-09-29,1147090,337,0.39670993557611,0,0,False,False,False,False,False,Izemoplasmatales,2023-2026
GCA_964418795.1,uncultured Paracholeplasma sp.,2903119,PRJEB82487,SAMEA117373090,2025,2025-01-06,HiSeq X Ten,Short,Scaffold,OK,Paracholeplasma manati,2026-09-29,1195087,359,0.3739987130644045,0,0,False,False,False,False,False,Paracholeplasma,2023-2026
GCA_964427635.1,uncultured Candidatus Izemoplasmatales bacterium,3076545,PRJEB82487,SAMEA117385095,2025,2025-01-06,Illumina HiSeq 2500,Short,Scaffold,Inconclusive,Acholeplasma equifetale,2026-09-29,1247921,301,0.3251592047894057,0,1,False,False,False,False,False,Izemoplasmatales,2023-2026
GCA_964430375.1,uncultured Mycoplasma sp.,167967,PRJEB82487,SAMEA117124679,2025,2025-01-06,Illumina HiSeq 4000,Short,Scaffold,Inconclusive,Clostridium tarantellae,2026-09-29,1072877,115,0.2438033437197367,0,0,False,False,False,False,False,Mycoplasma,2023-2026
GCA_964430785.1,uncultured Mycoplasma sp.,167967,PRJEB82487,SAMEA117384194,2025,2025-01-05,Illumina HiSeq 2500,Short,Scaffold,Inconclusive,na,2026-09-29,980557,57,0.2494571962670196,0,0,False,False,False,False,False,Mycoplasma,2023-2026
GCA_964433055.1,uncultured Candidatus Izemoplasmatales bacterium,3076545,PRJEB82487,SAMEA117382586,2025,2025-01-06,Illumina HiSeq 2500,Short,Scaffold,Inconclusive,na,2026-09-29,959555,253,0.4852280484182772,0,0,False,False,False,False,False,Izemoplasmatales,2023-2026
GCA_964435595.1,uncultured Candidatus Izemoplasmatales bacterium,3076545,PRJEB82487,SAMEA117370394,2025,2025-01-07,"Illumina MiSeq,Illumina HiSeq 2500,Illumina HiSeq 2500,Illumina HiSeq 2500,Illumina HiSeq 2000",Short,Scaffold,Inconclusive,Candidatus Izemoplasma acidinucleici,2026-09-29,1784907,46,0.3273380629915172,0,0,False,False,False,False,False,Izemoplasmatales,2023-2026
GCA_964439655.1,uncultured Mycoplasmataceae bacterium,300027,PRJEB82487,SAMEA117289071,2025,2025-01-05,NextSeq 500,Unknown,Scaffold,Inconclusive,Mycoplasma phocimorsus,2026-09-29,678267,86,0.3010893939997081,0,0,False,False,False,False,False,Mycoplasmataceae,2023-2026
GCA_964441815.1,uncultured Anaeroplasmataceae bacterium,658266,PRJEB82487,SAMEA117293409,2025,2025-01-07,Illumina HiSeq 4000,Short,Scaffold,Inconclusive,na,2026-09-29,1499923,63,0.2576105573419435,0,0,False,False,False,False,False,Anaeroplasmataceae,2023-2026
GCA_964442215.1,uncultured Acholeplasmataceae bacterium,1233398,PRJEB82487,SAMEA117372730,2025,2025-01-06,Illumina HiSeq 2500,Short,Scaffold,Inconclusive,Acholeplasma laidlawii,2026-09-29,1122826,25,0.3454275194909986,0,1,False,False,False,False,False,Acholeplasmataceae,2023-2026
GCA_964442245.1,uncultured Candidatus Izemoplasmatales bacterium,3076545,PRJEB82487,SAMEA117364748,2025,2025-01-05,"Illumina HiSeq 2500,Illumina NovaSeq 6000",Short,Scaffold,Inconclusive,Ureibacillus galli,2026-09-29,870718,56,0.417153429698249,0,0,False,False,False,False,False,Izemoplasmatales,2023-2026
GCA_964444805.1,uncultured Acholeplasmataceae bacterium,1233398,PRJEB82487,SAMEA117375564,2025,2025-01-08,Illumina HiSeq 2500,Short,Contig,Inconclusive,Mariniplasma anaerobium,2026-09-29,1802194,103,0.4792985660811211,0,0,False,False,False,False,False,Acholeplasmataceae,2023-2026
GCA_964445515.1,uncultured Mycoplasma sp.,167967,PRJEB82487,SAMEA117297817,2025,2025-01-04,Illumina NovaSeq 6000,Short,Scaffold,Inconclusive,Candidatus Hepatoplasma vulgare,2026-09-29,559830,35,0.3043888323240984,0,2,False,False,False,False,False,Mycoplasma,2023-2026
GCA_964447705.1,uncultured Mycoplasmataceae bacterium,300027,PRJEB82487,SAMEA117304919,2025,2025-01-04,Illumina HiSeq 2500,Short,Scaffold,Inconclusive,na,2026-09-29,571772,178,0.2936152872123853,0,0,False,False,False,False,False,Mycoplasmataceae,2023-2026
GCA_964455135.1,uncultured Mycoplasma sp.,167967,PRJEB82487,SAMEA117372263,2025,2025-01-05,"Illumina NovaSeq 6000,HiSeq X Ten",Short,Scaffold,Inconclusive,na,2026-09-29,909329,100,0.2675588263433807,0,0,False,False,False,False,False,Mycoplasma,2023-2026
GCA_964456195.1,uncultured Candidatus Izemoplasmatales bacterium,3076545,PRJEB82487,SAMEA117290549,2025,2025-01-07,Illumina NovaSeq 6000,Short,Scaffold,Inconclusive,Candidatus Izemoplasma acidinucleici,2026-09-29,1512385,142,0.3027020236249367,0,0,False,False,False,False,False,Izemoplasmatales,2023-2026
GCA_964459895.1,uncultured Candidatus Izemoplasmatales bacterium,3076545,PRJEB82487,SAMEA117386119,2025,2025-01-07,Illumina HiSeq 2500,Short,Scaffold,Inconclusive,na,2026-09-29,1594621,128,0.3939023755487981,0,0,False,False,False,False,False,Izemoplasmatales,2023-2026
GCA_964460565.1,uncultured Mycoplasma sp.,167967,PRJEB82487,SAMEA117296696,2025,2025-01-06,Illumina NovaSeq 6000,Short,Scaffold,Inconclusive,na,2026-09-29,994816,205,0.2509328358208955,0,0,False,False,False,False,False,Mycoplasma,2023-2026
GCA_964461565.1,uncultured Candidatus Izemoplasmatales bacterium,3076545,PRJEB82487,SAMEA117371482,2025,2025-01-07,Illumina HiSeq 2500,Short,Scaffold,Inconclusive,Hujiaoplasma nucleasis,2026-09-29,1641563,100,0.3012653184800096,0,1,False,False,False,False,False,Izemoplasmatales,2023-2026
GCA_964462935.1,uncultured Candidatus Izemoplasmatales bacterium,3076545,PRJEB82487,SAMEA117371500,2025,2025-01-07,Illumina HiSeq 2500,Short,Scaffold,Inconclusive,Hujiaoplasma nucleasis,2026-09-29,1499918,126,0.3021831860141687,0,0,False,False,False,False,False,Izemoplasmatales,2023-2026
GCA_964470055.1,uncultured Mycoplasma sp.,167967,PRJEB82487,SAMEA117297225,2025,2025-01-06,Illumina HiSeq 2500,Short,Contig,Inconclusive,na,2026-09-29,1372585,87,0.299283468783354,0,0,False,False,False,False,False,Mycoplasma,2023-2026
GCA_964472735.1,uncultured Candidatus Izemoplasmatales bacterium,3076545,PRJEB82487,SAMEA117372534,2025,2025-01-07,"Illumina HiSeq 2500,Illumina HiSeq 2500,Illumina HiSeq 2500,Illumina NovaSeq 6000",Short,Scaffold,Inconclusive,na,2026-09-29,1759110,272,0.303130560340172,0,0,False,False,False,False,False,Izemoplasmatales,2023-2026
GCA_964473015.1,uncultured Anaeroplasmataceae bacterium,658266,PRJEB82487,SAMEA117291704,2025,2025-01-07,Illumina HiSeq 2500,Short,Scaffold,Inconclusive,na,2026-09-29,1720347,27,0.3023151724622998,0,3,False,False,False,False,False,Anaeroplasmataceae,2023-2026
GCA_964473425.1,uncultured Candidatus Izemoplasmatales bacterium,3076545,PRJEB82487,SAMEA117372532,2025,2025-01-07,"Illumina HiSeq 2500,Illumina NovaSeq 6000",Short,Scaffold,Inconclusive,Candidatus Izemoplasma acidinucleici,2026-09-29,1406962,230,0.3078000685164205,0,0,False,False,False,False,False,Izemoplasmatales,2023-2026
GCA_964475085.1,uncultured Candidatus Izemoplasmatales bacterium,3076545,PRJEB82487,SAMEA117289524,2025,2025-01-06,NextSeq 500,Unknown,Scaffold,Inconclusive,na,2026-09-29,1312021,329,0.4979775476154726,0,0,False,False,False,False,False,Izemoplasmatales,2023-2026
GCA_964477825.1,uncultured Candidatus Izemoplasmatales bacterium,3076545,PRJEB82487,SAMEA117365746,2025,2025-01-06,Illumina HiSeq 2500,Short,Scaffold,Inconclusive,Candidatus Izemoplasma acidinucleici,2026-09-29,1313592,103,0.3035287973739182,0,0,False,False,False,False,False,Izemoplasmatales,2023-2026
GCA_964478425.1,uncultured Anaeroplasmatales bacterium,1159227,PRJEB82487,SAMEA117124621,2025,2025-01-06,Illumina HiSeq 4000,Short,Contig,Inconclusive,Fusobacterium polymorphum,2026-09-29,1122154,29,0.228741331403711,0,0,False,False,False,False,False,Anaeroplasmatales,2023-2026
GCA_964479895.1,uncultured Candidatus Izemoplasmatales bacterium,3076545,PRJEB82487,SAMEA117373361,2025,2025-01-07,Illumina HiSeq 2000,Short,Scaffold,Inconclusive,Methanocalculus natronophilus,2026-09-29,1637213,248,0.3557851055421622,0,0,False,False,False,False,False,Izemoplasmatales,2023-2026
GCA_964480415.1,uncultured Candidatus Izemoplasmatales bacterium,3076545,PRJEB82487,SAMEA117365092,2025,2025-01-06,Illumina NovaSeq 6000,Short,Scaffold,Inconclusive,Hujiaoplasma nucleasis,2026-09-29,1153164,199,0.4019228834753773,0,0,False,False,False,False,False,Izemoplasmatales,2023-2026
GCA_964481475.1,uncultured Acholeplasmataceae bacterium,1233398,PRJEB82487,SAMEA117373967,2025,2025-01-06,Illumina NovaSeq 6000,Short,Scaffold,Inconclusive,Hathewaya limosa,2026-09-29,983774,67,0.2983032688402011,0,0,False,False,False,False,False,Acholeplasmataceae,2023-2026
GCA_964483655.1,uncultured Candidatus Izemoplasmatales bacterium,3076545,PRJEB82487,SAMEA117385039,2025,2025-01-09,Illumina HiSeq 2000,Short,Scaffold,Inconclusive,Pseudogracilibacillus auburnensis,2026-09-29,2205916,134,0.3997949151282279,0,1,False,False,False,False,False,Izemoplasmatales,2023-2026
GCA_964485375.1,uncultured Mycoplasmatales bacterium,749450,PRJEB82487,SAMEA117370132,2025,2025-01-04,Illumina NovaSeq 6000,Short,Scaffold,Inconclusive,na,2026-09-29,655972,36,0.2300967114450007,0,0,False,False,False,False,False,Mycoplasmatales,2023-2026
GCA_964487215.1,uncultured Mycoplasma sp.,167967,PRJEB82487,SAMEA117291281,2025,2025-01-05,Illumina HiSeq 2500,Short,Scaffold,Inconclusive,Hypnocyclicus thermotrophus,2026-09-29,837376,85,0.2460770311066952,0,0,False,False,False,False,False,Mycoplasma,2023-2026
GCA_964489375.1,uncultured Mariniplasma sp.,2903104,PRJEB82487,SAMEA117372695,2025,2025-01-07,Illumina HiSeq 2500,Short,Scaffold,OK,Mariniplasma anaerobium,2026-09-29,1620525,72,0.3070831983462149,0,0,False,False,False,False,False,Mariniplasma,2023-2026
GCA_964491445.1,uncultured Mycoplasma sp.,167967,PRJEB82487,SAMEA117296755,2025,2025-01-05,Illumina NovaSeq 6000,Short,Scaffold,Inconclusive,na,2026-09-29,998911,145,0.2698018141756372,0,0,False,False,False,False,False,Mycoplasma,2023-2026
GCA_964495265.1,uncultured Mariniplasma sp.,2903104,PRJEB82487,SAMEA117372767,2025,2025-01-07,Illumina HiSeq 2500,Short,Scaffold,Inconclusive,Paracholeplasma manati,2026-09-29,1537747,116,0.3694190266669354,0,0,False,False,False,False,False,Mariniplasma,2023-2026
GCA_964495545.1,uncultured Acholeplasma sp.,453122,PRJEB82487,SAMEA117305306,2025,2025-01-06,Illumina HiSeq 2500,Short,Scaffold,Inconclusive,Acholeplasma equifetale,2026-09-29,1194597,152,0.3329315241876549,0,0,False,False,False,False,False,Acholeplasma,2023-2026
GCA_964497075.1,uncultured Acholeplasma sp.,453122,PRJEB82487,SAMEA117363300,2025,2025-01-06,"Illumina HiSeq 4000,Illumina HiSeq 2500",Short,Scaffold,Inconclusive,Acholeplasma hippikon,2026-09-29,1080243,285,0.272551638844223,0,0,False,False,False,False,False,Acholeplasma,2023-2026
GCA_964498675.1,uncultured Candidatus Izemoplasmatales bacterium,3076545,PRJEB82487,SAMEA117383935,2025,2025-01-06,Illumina HiSeq 2500,Short,Scaffold,Inconclusive,Acholeplasma laidlawii,2026-09-29,1319168,53,0.4457195747622744,0,0,False,False,False,False,False,Izemoplasmatales,2023-2026
GCA_964499645.1,uncultured Mycoplasma sp.,167967,PRJEB82487,SAMEA117290649,2025,2025-01-05,Illumina HiSeq 2500,Short,Scaffold,Inconclusive,na,2026-09-29,844777,90,0.2443721834282893,0,0,False,False,False,False,False,Mycoplasma,2023-2026
GCA_964500495.1,uncultured Acholeplasmataceae bacterium,1233398,PRJEB82487,SAMEA117372669,2025,2025-01-06,Illumina HiSeq 2500,Short,Scaffold,Inconclusive,Fusobacterium polymorphum,2026-09-29,1214700,141,0.2755215279492879,0,0,False,False,False,False,False,Acholeplasmataceae,2023-2026
GCA_964501315.1,uncultured Candidatus Izemoplasmatales bacterium,3076545,PRJEB82487,SAMEA117383583,2025,2025-01-08,Illumina HiSeq 2000,Short,Scaffold,Inconclusive,Mariniplasma anaerobium,2026-09-29,1837333,83,0.4088077664745585,0,6,False,False,False,False,False,Izemoplasmatales,2023-2026
GCA_964501415.1,uncultured Candidatus Izemoplasmatales bacterium,3076545,PRJEB82487,SAMEA117373350,2025,2025-01-07,Illumina HiSeq 2000,Short,Scaffold,Inconclusive,na,2026-09-29,1527271,45,0.3909227635436016,0,0,False,False,False,False,False,Izemoplasmatales,2023-2026
GCA_964501715.1,uncultured Candidatus Izemoplasmatales bacterium,3076545,PRJEB82487,SAMEA117373352,2025,2025-01-07,Illumina HiSeq 2000,Short,Scaffold,Inconclusive,na,2026-09-29,1517567,54,0.5079703235507889,0,0,False,False,False,False,False,Izemoplasmatales,2023-2026
GCA_964504015.1,uncultured Mariniplasma sp.,2903104,PRJEB82487,SAMEA117365586,2025,2025-01-07,NextSeq 500,Unknown,Scaffold,Inconclusive,Mariniplasma anaerobium,2026-09-29,1454610,273,0.3373110318229628,0,0,False,False,False,False,False,Mariniplasma,2023-2026
GCA_964506765.1,uncultured Anaeroplasmataceae bacterium,658266,PRJEB82487,SAMEA117304984,2025,2025-01-06,Illumina NovaSeq 6000,Short,Scaffold,Inconclusive,Anaeroplasma bactoclasticum,2026-09-29,1109985,270,0.2737892854407942,0,0,False,False,False,False,False,Anaeroplasmataceae,2023-2026
GCA_964506895.1,uncultured Candidatus Izemoplasmatales bacterium,3076545,PRJEB82487,SAMEA117382582,2025,2025-01-06,Illumina HiSeq 2500,Short,Scaffold,Inconclusive,Hujiaoplasma nucleasis,2026-09-29,1312199,319,0.3417903839280475,0,3,False,False,False,False,False,Izemoplasmatales,2023-2026
GCA_964510115.1,uncultured Mycoplasma sp.,167967,PRJEB82487,SAMEA117286907,2025,2025-01-05,Illumina HiSeq 4000,Short,Scaffold,Inconclusive,na,2026-09-29,864446,114,0.2900551335768804,0,7,False,False,False,False,False,Mycoplasma,2023-2026
GCA_964514865.1,uncultured Mariniplasma sp.,2903104,PRJEB82487,SAMEA117385097,2025,2025-01-07,Illumina HiSeq 2000,Short,Scaffold,Inconclusive,Acholeplasma equirhinis,2026-09-29,1769729,113,0.3570422364102074,0,2,False,False,False,False,False,Mariniplasma,2023-2026
GCA_964519115.1,uncultured Candidatus Izemoplasmatales bacterium,3076545,PRJEB82487,SAMEA117386123,2025,2025-01-07,Illumina HiSeq 2500,Short,Scaffold,Inconclusive,na,2026-09-29,1539830,244,0.5436944338011339,0,1,False,False,False,False,False,Izemoplasmatales,2023-2026
GCA_964521545.1,uncultured Acholeplasmataceae bacterium,1233398,PRJEB82487,SAMEA117387783,2025,2025-01-06,Illumina NovaSeq 6000,Short,Scaffold,Inconclusive,Acholeplasma equifetale,2026-09-29,1158568,73,0.3354382306433459,0,0,False,False,False,False,False,Acholeplasmataceae,2023-2026
GCA_964522645.1,uncultured Mycoplasmatales bacterium,749450,PRJEB82487,SAMEA117297824,2025,2025-01-07,Illumina NovaSeq 6000,Short,Scaffold,Inconclusive,na,2026-09-29,1408256,148,0.2981432353208507,0,0,False,False,False,False,False,Mycoplasmatales,2023-2026
GCA_964526805.1,uncultured Acholeplasma sp.,453122,PRJEB82487,SAMEA117363846,2025,2025-01-06,Illumina HiSeq 2500,Short,Scaffold,OK,Acholeplasma laidlawii,2026-09-29,1083033,118,0.3242274242797772,0,0,False,False,False,False,False,Acholeplasma,2023-2026
GCA_964528885.1,uncultured Mycoplasma sp.,167967,PRJEB82487,SAMEA117391676,2025,2025-01-06,Illumina HiSeq 2500,Short,Scaffold,Inconclusive,na,2026-09-29,1293877,108,0.2788819957383893,0,0,False,False,False,False,False,Mycoplasma,2023-2026
GCA_964529565.1,uncultured Acholeplasma sp.,453122,PRJEB82487,SAMEA117304879,2025,2025-01-07,Illumina HiSeq 2500,Short,Scaffold,Inconclusive,Acholeplasma hippikon,2026-09-29,1398279,300,0.3406480394828214,0,0,False,False,False,False,False,Acholeplasma,2023-2026
GCA_964533195.1,uncultured Candidatus Izemoplasmatales bacterium,3076545,PRJEB82487,SAMEA117372644,2025,2025-01-07,Illumina HiSeq 2500,Short,Scaffold,Inconclusive,Hujiaoplasma nucleasis,2026-09-29,1513129,263,0.3309341107070184,0,18,False,False,False,False,False,Izemoplasmatales,2023-2026
GCA_964535005.1,uncultured Candidatus Izemoplasmatales bacterium,3076545,PRJEB82487,SAMEA117372499,2025,2025-01-08,Illumina NovaSeq 6000,Short,Scaffold,Inconclusive,Hujiaoplasma nucleasis,2026-09-29,1887816,93,0.3101589349809515,0,0,False,False,False,False,False,Izemoplasmatales,2023-2026
GCA_964536315.1,uncultured Candidatus Izemoplasmatales bacterium,3076545,PRJEB82487,SAMEA117289642,2025,2025-01-08,Illumina HiSeq 2500,Short,Scaffold,Inconclusive,na,2026-09-29,2106670,526,0.2992846530306123,0,0,False,False,False,False,False,Izemoplasmatales,2023-2026
GCA_964538205.1,uncultured Mycoplasma sp.,167967,PRJEB82487,SAMEA117293392,2025,2025-01-06,Illumina HiSeq 4000,Short,Scaffold,Inconclusive,na,2026-09-29,1087300,77,0.2693249333210705,0,0,False,False,False,False,False,Mycoplasma,2023-2026
GCA_964538585.1,uncultured Mycoplasmatales bacterium,749450,PRJEB82487,SAMEA117288390,2025,2025-01-04,Illumina HiSeq 3000,Short,Scaffold,Inconclusive,Mycoplasmoides pirum,2026-09-29,597010,60,0.26604244485017,0,0,False,False,False,False,False,Mycoplasmatales,2023-2026
GCA_964543675.1,uncultured Acholeplasma sp.,453122,PRJEB82487,SAMEA117304828,2025,2025-01-06,Illumina HiSeq 2500,Short,Scaffold,Inconclusive,Acholeplasma hippikon,2026-09-29,1265300,158,0.3558049474432941,0,0,False,False,False,False,False,Acholeplasma,2023-2026
GCA_964544095.1,uncultured Anaeroplasmataceae bacterium,658266,PRJEB82487,SAMEA117118686,2025,2025-01-07,Illumina HiSeq 2500,Short,Scaffold,Inconclusive,Clostridium ihumii,2026-09-29,1710665,149,0.2912902292383371,0,6,False,False,False,False,False,Anaeroplasmataceae,2023-2026
GCA_964544325.1,uncultured Candidatus Izemoplasmatales bacterium,3076545,PRJEB82487,SAMEA117371542,2025,2025-01-06,Illumina HiSeq 2500,Short,Scaffold,Inconclusive,Hujiaoplasma nucleasis,2026-09-29,1145995,76,0.3020397122151493,0,0,False,False,False,False,False,Izemoplasmatales,2023-2026
GCA_964545135.1,uncultured Mycoplasma sp.,167967,PRJEB82487,SAMEA117384247,2025,2025-01-05,"Illumina NovaSeq 6000,HiSeq X Ten",Short,Scaffold,Inconclusive,na,2026-09-29,781823,149,0.2571592291349832,0,0,False,False,False,False,False,Mycoplasma,2023-2026
GCA_964546185.1,uncultured Mycoplasma sp.,167967,PRJEB82487,SAMEA117118593,2025,2025-01-05,Illumina HiSeq 2500,Short,Scaffold,Inconclusive,na,2026-09-29,843938,186,0.2528455881830181,0,0,False,False,False,False,False,Mycoplasma,2023-2026
GCA_964547945.1,uncultured Anaeroplasmataceae bacterium,658266,PRJEB82487,SAMEA117288334,2025,2025-01-06,Illumina HiSeq 3000,Short,Scaffold,Inconclusive,na,2026-09-29,1319105,97,0.2699595559110154,0,0,False,False,False,False,False,Anaeroplasmataceae,2023-2026
GCA_964548855.1,uncultured Anaeroplasmataceae bacterium,658266,PRJEB82487,SAMEA117296748,2025,2025-01-07,Illumina NovaSeq 6000,Short,Scaffold,Inconclusive,Clostridium weizhouense,2026-09-29,1679077,48,0.2699072168816558,0,0,False,False,False,False,False,Anaeroplasmataceae,2023-2026
GCA_964552625.1,uncultured Acholeplasmataceae bacterium,1233398,PRJEB82487,SAMEA117370262,2025,2025-01-07,Illumina HiSeq 2500,Short,Scaffold,Inconclusive,na,2026-09-29,1692606,71,0.3167027648489962,0,7,False,False,False,False,False,Acholeplasmataceae,2023-2026
GCA_964553065.1,uncultured Candidatus Izemoplasmatales bacterium,3076545,PRJEB82487,SAMEA117125244,2025,2025-01-07,Illumina MiSeq,Short,Scaffold,Inconclusive,Liberiplasma polymorphum,2026-09-29,1454353,186,0.3314092245830276,0,0,False,False,False,False,False,Izemoplasmatales,2023-2026
GCA_964553585.1,uncultured Acholeplasma sp.,453122,PRJEB82487,SAMEA117383020,2025,2025-01-04,Illumina HiSeq 4000,Short,Contig,Inconclusive,Candidatus Phytoplasma asiaticum,2026-09-29,395867,161,0.3301942319011183,0,4,False,False,False,False,False,Acholeplasma,2023-2026
GCA_964553665.1,uncultured Mariniplasma sp.,2903104,PRJEB82487,SAMEA117372502,2025,2025-01-07,Illumina NovaSeq 6000,Short,Scaffold,Inconclusive,Mariniplasma anaerobium,2026-09-29,1519720,78,0.3251033085041981,0,0,False,False,False,False,False,Mariniplasma,2023-2026
GCA_964553755.1,uncultured Acholeplasmataceae bacterium,1233398,PRJEB82487,SAMEA117383968,2025,2025-01-07,"Illumina HiSeq 1500,Illumina NovaSeq 6000",Short,Scaffold,Inconclusive,Acholeplasma brassicae,2026-09-29,1566782,26,0.4062894518829039,0,0,False,False,False,False,False,Acholeplasmataceae,2023-2026
GCA_964555755.1,uncultured Mycoplasma sp.,167967,PRJEB82487,SAMEA117206231,2025,2025-01-05,Illumina NovaSeq 6000,Short,Scaffold,Inconclusive,na,2026-09-29,810965,155,0.2714408143384733,1,0,True,False,False,False,True,Mycoplasma,2023-2026
GCA_964557695.1,uncultured Candidatus Izemoplasmatales bacterium,3076545,PRJEB82487,SAMEA117386118,2025,2025-01-08,Illumina HiSeq 2500,Short,Contig,Inconclusive,Mariniplasma anaerobium,2026-09-29,2077560,54,0.3822758428156106,0,0,False,False,False,False,False,Izemoplasmatales,2023-2026
GCA_964563575.1,uncultured Acholeplasma sp.,453122,PRJEB82487,SAMEA117363835,2025,2025-01-06,Illumina HiSeq 2500,Short,Scaffold,Inconclusive,Acholeplasma laidlawii,2026-09-29,1021038,281,0.3431801754684938,0,0,False,False,False,False,False,Acholeplasma,2023-2026
GCA_964566285.1,uncultured Mariniplasma sp.,2903104,PRJEB82487,SAMEA117371889,2025,2025-01-07,Illumina HiSeq 2500,Short,Scaffold,Inconclusive,Mariniplasma anaerobium,2026-09-29,1666723,46,0.3221687106975784,0,0,False,False,False,False,False,Mariniplasma,2023-2026
GCA_964567465.1,uncultured Candidatus Izemoplasmatales bacterium,3076545,PRJEB82487,SAMEA117371543,2025,2025-01-06,Illumina HiSeq 2500,Short,Scaffold,Inconclusive,Hujiaoplasma nucleasis,2026-09-29,1171387,109,0.3186649672567648,0,0,False,False,False,False,False,Izemoplasmatales,2023-2026
GCA_964571505.1,uncultured Mycoplasma sp.,167967,PRJEB82487,SAMEA117293211,2025,2025-01-04,Illumina HiSeq 2500,Short,Scaffold,Inconclusive,na,2026-09-29,405412,75,0.2881315797263031,0,0,False,False,False,False,False,Mycoplasma,2023-2026
GCA_964574705.1,uncultured Candidatus Izemoplasmatales bacterium,3076545,PRJEB82487,SAMEA117386127,2025,2025-01-08,Illumina HiSeq 2500,Short,Scaffold,Inconclusive,Hujiaoplasma nucleasis,2026-09-29,1811505,54,0.3749583909511704,0,0,False,False,False,False,False,Izemoplasmatales,2023-2026
GCA_964581705.1,uncultured Candidatus Izemoplasmatales bacterium,3076545,PRJEB82487,SAMEA117373329,2025,2025-01-06,Illumina HiSeq 2000,Short,Scaffold,Inconclusive,na,2026-09-29,1354648,39,0.4646705269560801,0,0,False,False,False,False,False,Izemoplasmatales,2023-2026
GCA_964586345.1,uncultured Mycoplasmatales bacterium,749450,PRJEB82487,SAMEA117296770,2025,2025-01-05,Illumina NovaSeq 6000,Short,Scaffold,Inconclusive,Rhodanobacter denitrificans,2026-09-29,758011,103,0.5836960149654821,0,0,False,False,False,False,False,Mycoplasmatales,2023-2026
GCA_964587475.1,uncultured Mariniplasma sp.,2903104,PRJEB82487,SAMEA117386100,2025,2025-01-07,Illumina HiSeq 2500,Short,Scaffold,Inconclusive,Acholeplasma palmae,2026-09-29,1657354,64,0.3381576899081306,0,0,False,False,False,False,False,Mariniplasma,2023-2026
GCA_964589075.1,uncultured Candidatus Izemoplasmatales bacterium,3076545,PRJEB82487,SAMEA117292396,2025,2025-01-07,NextSeq 500,Unknown,Contig,Inconclusive,na,2026-09-29,1826125,12,0.3251694161133547,0,0,False,False,False,False,False,Izemoplasmatales,2023-2026
GCA_964595145.1,uncultured Anaeroplasmataceae bacterium,658266,PRJEB82487,SAMEA117296720,2025,2025-01-06,Illumina NovaSeq 6000,Short,Scaffold,Inconclusive,na,2026-09-29,1300090,147,0.2581744340776408,0,7,False,False,False,False,False,Anaeroplasmataceae,2023-2026
GCA_964598285.1,uncultured Mycoplasma sp.,167967,PRJEB82487,SAMEA117287380,2025,2025-01-05,Illumina HiSeq 2500,Short,Scaffold,Inconclusive,na,2026-09-29,805276,104,0.2471984760504473,0,4,False,False,False,False,False,Mycoplasma,2023-2026
GCA_964600625.1,uncultured Acholeplasmataceae bacterium,1233398,PRJEB82487,SAMEA117373963,2025,2025-01-07,Illumina NovaSeq 6000,Short,Scaffold,Inconclusive,Allocoprobacillus halotolerans,2026-09-29,1379963,155,0.3098285968536837,0,0,False,False,False,False,False,Acholeplasmataceae,2023-2026
GCA_964600775.1,uncultured Acholeplasma sp.,453122,PRJEB82487,SAMEA117363839,2025,2025-01-06,Illumina HiSeq 2500,Short,Scaffold,OK,Acholeplasma laidlawii,2026-09-29,1371408,185,0.3204042852309451,0,0,False,False,False,False,False,Acholeplasma,2023-2026
GCA_964602265.1,uncultured Acholeplasmataceae bacterium,1233398,PRJEB82487,SAMEA117391959,2025,2025-01-05,Illumina HiSeq 2500,Short,Scaffold,Inconclusive,Mariniplasma anaerobium,2026-09-29,756613,115,0.3337743337743338,0,0,False,False,False,False,False,Acholeplasmataceae,2023-2026
GCA_964603705.1,uncultured Acholeplasmataceae bacterium,1233398,PRJEB82487,SAMEA117370202,2025,2025-01-06,Illumina HiSeq 2500,Short,Scaffold,Inconclusive,Haploplasma modicum,2026-09-29,1080514,107,0.3009012377442587,0,0,False,False,False,False,False,Acholeplasmataceae,2023-2026
GCA_964606905.1,uncultured Anaeroplasmataceae bacterium,658266,PRJEB82487,SAMEA117297056,2025,2025-01-07,Illumina HiSeq 2500,Short,Scaffold,Inconclusive,na,2026-09-29,1530152,217,0.2950543475419435,0,5,False,False,False,False,False,Anaeroplasmataceae,2023-2026
GCA_964610285.1,uncultured Candidatus Izemoplasmatales bacterium,3076545,PRJEB82487,SAMEA117371503,2025,2025-01-06,Illumina HiSeq 2500,Short,Scaffold,Inconclusive,Hujiaoplasma nucleasis,2026-09-29,1144213,118,0.3233235420328208,0,0,False,False,False,False,False,Izemoplasmatales,2023-2026
GCA_964610325.1,uncultured Candidatus Izemoplasmatales bacterium,3076545,PRJEB82487,SAMEA117391870,2025,2025-01-08,Illumina NovaSeq 6000,Short,Scaffold,Inconclusive,Hujiaoplasma nucleasis,2026-09-29,2125208,34,0.3201140782455176,0,0,False,False,False,False,False,Izemoplasmatales,2023-2026
GCA_964611005.1,uncultured Candidatus Izemoplasmatales bacterium,3076545,PRJEB82487,SAMEA117288955,2025,2025-01-07,Illumina HiSeq 2500,Short,Scaffold,Inconclusive,Clostridium tarantellae,2026-09-29,1410048,205,0.2863228769517066,0,0,False,False,False,False,False,Izemoplasmatales,2023-2026
GCA_964614725.1,uncultured Mycoplasmataceae bacterium,300027,PRJEB82487,SAMEA117292766,2025,2025-01-04,Illumina HiSeq 2500,Short,Scaffold,Inconclusive,Candidatus Tyloplasma litorale,2026-09-29,493211,167,0.2898982382793571,0,0,False,False,False,False,False,Mycoplasmataceae,2023-2026
GCA_964616405.1,uncultured Mycoplasma sp.,167967,PRJEB82487,SAMEA117286844,2025,2025-01-06,Illumina HiSeq 4000,Short,Scaffold,Inconclusive,na,2026-09-29,1242705,76,0.2937181390595515,0,2,False,False,False,False,False,Mycoplasma,2023-2026
GCA_964622615.1,uncultured Candidatus Izemoplasmatales bacterium,3076545,PRJEB82487,SAMEA117372523,2025,2025-01-07,"Illumina HiSeq 2500,Illumina HiSeq 2500,Illumina HiSeq 2500,Illumina NovaSeq 6000",Short,Scaffold,Inconclusive,Malaciobacter molluscorum,2026-09-29,1636904,309,0.3252573150288593,0,0,False,False,False,False,False,Izemoplasmatales,2023-2026
GCA_964625435.1,uncultured Mariniplasma sp.,2903104,PRJEB82487,SAMEA117372527,2025,2025-01-07,"Illumina HiSeq 2500,Illumina HiSeq 2500,Illumina HiSeq 2500,Illumina NovaSeq 6000",Short,Scaffold,Inconclusive,Mariniplasma anaerobium,2026-09-29,1762410,108,0.3294199420112232,0,2,False,False,False,False,False,Mariniplasma,2023-2026
GCA_964634385.1,uncultured Candidatus Izemoplasmatales bacterium,3076545,PRJEB82487,SAMEA117374264,2025,2025-01-07,Illumina HiSeq 2500,Short,Scaffold,Inconclusive,Defluviitalea phaphyphila,2026-09-29,1461165,39,0.2817587336132469,0,0,False,False,False,False,False,Izemoplasmatales,2023-2026
GCA_964634685.1,uncultured Anaeroplasmatales bacterium,1159227,PRJEB82487,SAMEA117372899,2025,2025-01-09,"Illumina NovaSeq 6000,Illumina HiSeq 2500",Short,Scaffold,Inconclusive,na,2026-09-29,2266229,87,0.325475051285638,0,4,False,False,False,False,False,Anaeroplasmatales,2023-2026
GCA_964634865.1,uncultured Mycoplasma sp.,167967,PRJEB82487,SAMEA117124675,2025,2025-01-05,Illumina HiSeq 4000,Short,Scaffold,Inconclusive,na,2026-09-29,839864,215,0.2474579217587609,0,0,False,False,False,False,False,Mycoplasma,2023-2026
GCA_964639045.1,uncultured Candidatus Izemoplasmatales bacterium,3076545,PRJEB82487,SAMEA117382694,2025,2025-01-07,Illumina HiSeq 2500,Short,Scaffold,Inconclusive,na,2026-09-29,1535548,368,0.4906717341300955,0,0,False,False,False,False,False,Izemoplasmatales,2023-2026
GCA_964640095.1,uncultured Mariniplasma sp.,2903104,PRJEB82487,SAMEA117363282,2025,2025-01-05,"Illumina HiSeq 4000,Illumina HiSeq 2500",Short,Scaffold,Inconclusive,Acholeplasma brassicae,2026-09-29,683688,225,0.366284035993026,0,5,False,False,False,False,False,Mariniplasma,2023-2026
GCA_964641335.1,uncultured Paracholeplasma sp.,2903119,PRJEB82487,SAMEA117293098,2025,2025-01-07,HiSeq X Ten,Short,Scaffold,OK,Paracholeplasma manati,2026-09-29,1614895,158,0.3727078231092424,0,0,False,False,False,False,False,Paracholeplasma,2023-2026
GCA_964641525.1,uncultured Candidatus Izemoplasmatales bacterium,3076545,PRJEB82487,SAMEA117372964,2025,2025-01-05,"Illumina HiSeq 2000,Illumina MiSeq",Short,Scaffold,Inconclusive,Candidatus Xianfuyuplasma coldseepsis,2026-09-29,757540,176,0.4195765240119333,0,0,False,False,False,False,False,Izemoplasmatales,2023-2026
GCA_964643385.1,uncultured Candidatus Izemoplasmatales bacterium,3076545,PRJEB82487,SAMEA117125238,2025,2025-01-07,Illumina MiSeq,Short,Scaffold,Inconclusive,Hujiaoplasma nucleasis,2026-09-29,1477019,107,0.3558654289484427,0,0,False,False,False,False,False,Izemoplasmatales,2023-2026
GCA_964648225.1,uncultured Acholeplasma sp.,453122,PRJEB82487,SAMEA117305454,2025,2025-01-07,Illumina NovaSeq 6000,Short,Scaffold,OK,Acholeplasma laidlawii,2026-09-29,1489944,23,0.321546984316189,0,0,False,False,False,False,False,Acholeplasma,2023-2026
GCA_964648785.1,uncultured Acholeplasmataceae bacterium,1233398,PRJEB82487,SAMEA117372977,2025,2025-01-05,"Illumina HiSeq 2000,Illumina MiSeq",Short,Scaffold,Inconclusive,Mariniplasma anaerobium,2026-09-29,850365,128,0.3349314706037995,0,0,False,False,False,False,False,Acholeplasmataceae,2023-2026
GCA_964649865.1,uncultured Acholeplasmataceae bacterium,1233398,PRJEB82487,SAMEA117373968,2025,2025-01-07,Illumina NovaSeq 6000,Short,Scaffold,Inconclusive,Fusobacterium hwasookii,2026-09-29,1582951,105,0.3530349328564182,0,15,False,False,False,False,False,Acholeplasmataceae,2023-2026
GCA_964651765.1,uncultured Mycoplasmatales bacterium,749450,PRJEB82487,SAMEA117289039,2025,2025-01-04,NextSeq 500,Unknown,Scaffold,Inconclusive,Mycoplasmopsis cricetuli,2026-09-29,483057,148,0.2786793276983875,0,0,False,False,False,False,False,Mycoplasmatales,2023-2026
GCA_964652375.1,uncultured Candidatus Izemoplasmatales bacterium,3076545,PRJEB82487,SAMEA117376089,2025,2025-01-07,Illumina HiSeq 2500,Short,Scaffold,Inconclusive,Candidatus Xianfuyuplasma coldseepsis,2026-09-29,1708548,51,0.339288682553841,0,0,False,False,False,False,False,Izemoplasmatales,2023-2026
GCA_964654395.1,uncultured Candidatus Izemoplasmatales bacterium,3076545,PRJEB82487,SAMEA117390245,2025,2025-01-05,NextSeq 500,Unknown,Scaffold,Inconclusive,Candidatus Xianfuyuplasma coldseepsis,2026-09-29,916571,193,0.3626538478743054,1,0,True,False,False,False,True,Izemoplasmatales,2023-2026
GCA_964655335.1,uncultured Candidatus Izemoplasmatales bacterium,3076545,PRJEB82487,SAMEA117390202,2025,2025-01-06,Illumina HiSeq 2500,Short,Scaffold,Inconclusive,Izemobacterium crustae (SeqCode),2026-09-29,1199117,346,0.3298093513810579,0,0,False,False,False,False,False,Izemoplasmatales,2023-2026
GCA_964655445.1,uncultured Mariniplasma sp.,2903104,PRJEB82487,SAMEA117390201,2025,2025-01-08,"Illumina HiSeq 1500,Illumina NovaSeq 6000",Short,Scaffold,Inconclusive,Acholeplasma brassicae,2026-09-29,1858924,28,0.3357087218197194,0,0,False,False,False,False,False,Mariniplasma,2023-2026
GCA_964655885.1,uncultured Candidatus Izemoplasmatales bacterium,3076545,PRJEB82487,SAMEA117371524,2025,2025-01-07,Illumina HiSeq 2500,Short,Scaffold,Inconclusive,Hujiaoplasma nucleasis,2026-09-29,1654866,156,0.2908936433523922,0,0,False,False,False,False,False,Izemoplasmatales,2023-2026
GCA_965114655.1,uncultured Candidatus Pelethenecus sp.,3391930,PRJEB83251,SAMEA117612283,2025,2025-05-29,Illumina NovaSeq 6000,Short,Scaffold,Inconclusive,Anaeroplasma bactoclasticum,2026-09-29,1809003,30,0.321030423940701,0,0,False,False,False,False,False,Pelethenecus,2023-2026
GCA_965115705.1,uncultured Candidatus Pelethenecus sp.,3391930,PRJEB83251,SAMEA117612332,2025,2025-05-29,Illumina NovaSeq 6000,Short,Scaffold,Inconclusive,na,2026-09-29,1753750,75,0.3236567355666429,0,0,False,False,False,False,False,Pelethenecus,2023-2026
GCA_965140505.1,Acholeplasmataceae bacterium,1898209,PRJEB85473,SAMEA114501242,2025,2025-02-11,"PacBio,Arima",Long,Complete Genome,Inconclusive,Acholeplasma palmae,2026-09-29,1691679,1,0.3190475261559669,0,0,False,False,False,False,False,Acholeplasmataceae,2023-2026
GCA_965140535.1,Acholeplasmataceae bacterium,1898209,PRJEB85473,SAMEA114501241,2025,2025-02-11,"PacBio,Arima",Long,Complete Genome,Inconclusive,Haploplasma modicum,2026-09-29,1537179,1,0.3356356026201242,0,0,False,False,False,False,False,Acholeplasmataceae,2023-2026
GCA_965178695.1,Spiroplasma endosymbiont of Sarcophaga variegata,3066304,PRJEB86325,SAMEA114450377,2025,2025-03-04,"PacBio,Arima",Long,Contig,Inconclusive,Spiroplasma phoeniceum,2026-09-29,2029690,2,0.2654296961604974,0,0,False,False,False,False,False,Spiroplasma,2023-2026
GCA_965196725.1,Mycoplasmatales bacterium,2023991,PRJEB85486,SAMEA115466161,2025,2025-03-05,PacBio,Long,Complete Genome,Inconclusive,[Mycoplasma] collis,2026-09-29,399034,1,0.3475117408541628,0,0,False,False,False,False,False,Mycoplasmatales,2023-2026
GCA_965200445.1,Mycoplasmatales bacterium,2023991,PRJEB86289,SAMEA117735964,2025,2025-03-13,PacBio,Long,Chromosome,Inconclusive,Spiroplasma mirum,2026-09-29,944614,10,0.347182023556712,0,0,False,False,False,False,False,Mycoplasmatales,2023-2026
GCA_965200605.1,Mycoplasmatales bacterium,2023991,PRJEB86289,SAMEA117735965,2025,2025-03-13,PacBio,Long,Contig,Inconclusive,Spiroplasma taiwanense,2026-09-29,641538,2,0.2762985201188394,0,0,False,False,False,False,False,Mycoplasmatales,2023-2026
GCA_965200915.1,Mycoplasmatales bacterium,2023991,PRJEB85510,SAMEA117648545,2025,2025-03-11,PacBio,Long,Complete Genome,Inconclusive,Mesomycoplasma neurolyticum,2026-09-29,420644,1,0.2666197544717148,0,0,False,False,False,False,False,Mycoplasmatales,2023-2026
GCA_965212725.1,Mycoplasma marinum,1937190,PRJEB85433,SAMEA117660579,2025,2025-03-20,Illumina NextSeq 500,Short,Scaffold,OK,Mycoplasma marinum,2026-09-29,1074511,45,0.2849342631206195,0,1,False,False,False,False,False,Mycoplasma,2023-2026
GCA_965212735.1,Mycoplasma todarodis,1937191,PRJEB85433,SAMEA117660580,2025,2025-03-20,Illumina NextSeq 500,Short,Scaffold,Inconclusive,Mycoplasma todarodis,2026-09-29,892935,10,0.3093483848208436,0,2,False,False,False,False,False,Mycoplasma,2023-2026
GCA_965214965.1,Mycoplasmatales bacterium,2023991,PRJEB85495,SAMEA115837773,2025,2025-03-18,PacBio,Long,Complete Genome,Inconclusive,Spiroplasma floricola,2026-09-29,538537,1,0.295896103703181,0,0,False,False,False,False,False,Mycoplasmatales,2023-2026
GCA_965222545.1,Mycoplasmatales bacterium,2023991,PRJEB86562,SAMEA117786384,2025,2025-03-20,PacBio,Long,Complete Genome,Inconclusive,[Mycoplasma] collis,2026-09-29,641330,1,0.2432647778834609,0,0,False,False,False,False,False,Mycoplasmatales,2023-2026
GCA_965222755.1,Mycoplasmatales bacterium,2023991,PRJEB86562,SAMEA117786385,2025,2025-03-23,PacBio,Long,Contig,Inconclusive,Mycoplasma leachii,2026-09-29,833837,2,0.2699604359125345,0,0,False,False,False,False,False,Mycoplasmatales,2023-2026
GCA_965222855.1,Mycoplasmatales bacterium,2023991,PRJEB86933,SAMEA117795564,2025,2025-03-23,PacBio,Long,Contig,Inconclusive,Spiroplasma phoeniceum,2026-09-29,1009080,16,0.2807448368811194,0,0,False,False,False,False,False,Mycoplasmatales,2023-2026
GCA_965226165.1,Mycoplasmatales bacterium,2023991,PRJEB86285,SAMEA117735925,2025,2025-03-28,PacBio,Long,Chromosome,Inconclusive,Mycoplasma capricolum,2026-09-29,879752,3,0.2692031390664642,0,0,False,False,False,False,False,Mycoplasmatales,2023-2026
GCA_965226525.1,Spiroplasma sp.,2135,PRJEB86281,SAMEA117735857,2025,2025-03-25,PacBio,Long,Complete Genome,Inconclusive,[Mycoplasma] collis,2026-09-29,609297,1,0.2997569329899868,0,0,False,False,False,False,False,Spiroplasma,2023-2026
GCA_965237585.1,Mycoplasmatales bacterium,2023991,PRJEB87729,SAMEA117886662,2025,2025-04-09,PacBio,Long,Complete Genome,Inconclusive,Spiroplasma tabanidicola,2026-09-29,981211,1,0.2861810558585258,0,0,False,False,False,False,False,Mycoplasmatales,2023-2026
GCA_965261505.1,Mycoplasmatales bacterium,2023991,PRJEB88771,SAMEA118013116,2025,2025-04-24,PacBio,Long,Complete Genome,Inconclusive,Spiroplasma taiwanense,2026-09-29,986356,1,0.3057415375381708,0,0,False,False,False,False,False,Mycoplasmatales,2023-2026
GCA_965337375.1,Anaeroplasma sp.,1872523,PRJEB89408,SAMEA118409738,2025,2025-06-27,Illumina NovaSeq X,Short,Contig,Inconclusive,Malacoplasma iowae,2026-09-29,1149002,91,0.3029272359839234,0,2,False,False,False,False,False,Anaeroplasma,2023-2026
GCA_965342165.1,Anaeroplasma sp.,1872523,PRJEB89408,SAMEA118405570,2025,2025-06-27,Illumina NovaSeq X,Short,Contig,Inconclusive,Anaeroplasma bactoclasticum,2026-09-29,702417,155,0.3242005817057389,0,0,False,False,False,False,False,Anaeroplasma,2023-2026
GCA_965352815.1,Anaeroplasma sp.,1872523,PRJEB89408,SAMEA118409740,2025,2025-06-29,Illumina NovaSeq X,Short,Contig,Inconclusive,Clostridium lamae,2026-09-29,2168307,72,0.2968781634703942,0,1,False,False,False,False,False,Anaeroplasma,2023-2026
GCA_965554445.1,uncultured Acholeplasmataceae bacterium,1233398,PRJEB89958,SAMEA118547523,2025,2025-07-03,Illumina HiSeq 2500,Short,Contig,Inconclusive,Mariniplasma anaerobium,2026-09-29,1820360,31,0.3050737216814256,0,0,False,False,False,False,False,Acholeplasmataceae,2023-2026
GCA_965645755.1,Candidatus Pelethenecus sp.,3022886,PRJEB90935,SAMEA118799351,2025,2025-07-31,"ILLUMINA,PACBIO_SMRT",Hybrid,Contig,Inconclusive,Hypnocyclicus thermotrophus,2026-09-29,2050005,29,0.3230177487371982,0,1,False,False,False,False,False,Pelethenecus,2023-2026
GCA_965656585.1,Candidatus Izemoplasmataceae bacterium,3107147,PRJEB90443,SAMEA118800600,2025,2025-08-04,Illumina NovaSeq 6000,Short,Scaffold,Inconclusive,Liberiplasma polymorphum,2026-09-29,1009450,169,0.4383614839764228,0,0,False,False,False,False,False,Izemoplasmataceae,2023-2026
GCA_965657915.1,Acholeplasmataceae bacterium,1898209,PRJEB90443,SAMEA118800910,2025,2025-08-04,Illumina NovaSeq 6000,Short,Scaffold,Inconclusive,Acholeplasma granularum,2026-09-29,1045347,29,0.3403109206799273,0,0,False,False,False,False,False,Acholeplasmataceae,2023-2026
GCA_965659955.1,Candidatus Izemoplasmataceae bacterium,3107147,PRJEB90443,SAMEA118800849,2025,2025-08-04,Illumina NovaSeq 6000,Short,Scaffold,Inconclusive,Liberiplasma polymorphum,2026-09-29,902461,57,0.4370837077724134,0,1,False,False,False,False,False,Izemoplasmataceae,2023-2026
GCA_975960335.1,Hujiaoplasmataceae bacterium,3107429,PRJEB96880,SAMEA120084077,2025,2025-10-11,BGISEQ,Short,Contig,Inconclusive,na,2026-09-29,2027925,235,0.3958948185953622,0,0,False,False,False,False,False,Hujiaoplasmataceae,2023-2026
GCA_975971315.1,Hujiaoplasmataceae bacterium,3107429,PRJEB96880,SAMEA120084097,2025,2025-10-09,BGISEQ,Short,Contig,Inconclusive,na,2026-09-29,1407341,522,0.3987235502980443,0,0,False,False,False,False,False,Hujiaoplasmataceae,2023-2026
GCA_976989895.1,uncultured Acholeplasmataceae bacterium,1233398,PRJEB88082,SAMEA120312041,2025,2025-11-09,Illumina NovaSeq X,Short,Contig,Inconclusive,na,2026-09-29,622784,116,0.3462645154660363,0,0,False,False,False,False,False,Acholeplasmataceae,2023-2026
GCA_976991235.1,uncultured Acholeplasmataceae bacterium,1233398,PRJEB88082,SAMEA120312057,2025,2025-11-09,Illumina NovaSeq X,Short,Contig,Inconclusive,Streptococcus constellatus,2026-09-29,436962,172,0.3508199797694079,0,0,False,False,False,False,False,Acholeplasmataceae,2023-2026
GCA_976991265.1,uncultured Acholeplasmataceae bacterium,1233398,PRJEB88082,SAMEA120312099,2025,2025-11-09,Illumina NovaSeq X,Short,Contig,Inconclusive,na,2026-09-29,847056,90,0.2908036776789256,0,0,False,False,False,False,False,Acholeplasmataceae,2023-2026
GCA_976993235.1,uncultured Mollicutes bacterium,220137,PRJEB98119,SAMEA120313104,2025,2025-11-09,NextSeq 500,Unknown,Contig,Inconclusive,na,2026-09-29,1129403,434,0.4233387019513849,0,0,False,False,False,False,False,Mollicutes,2023-2026
GCA_977000445.1,Mycoplasma mycoides subsp. capri str. GM12,436113,PRJEB99006,SAMEA120322932,2025,2025-11-19,PacBio Revio,Long,Complete Genome,OK,Mycoplasma mycoides,2026-09-29,1084591,1,0.2383027334728022,0,0,False,False,True,False,False,Mycoplasma,2023-2026
GCA_977002775.1,uncultured Acholeplasmataceae bacterium,1233398,PRJEB88590,SAMEA120324162,2025,2025-11-09,Illumina NovaSeq 6000,Short,Contig,Inconclusive,na,2026-09-29,605545,147,0.3425046858614967,0,0,False,False,False,False,False,Acholeplasmataceae,2023-2026
GCA_977002805.1,uncultured Acholeplasmataceae bacterium,1233398,PRJEB88590,SAMEA120324214,2025,2025-11-09,Illumina NovaSeq 6000,Short,Contig,Inconclusive,Haploplasma modicum,2026-09-29,692334,134,0.3443236934774256,0,0,False,False,False,False,False,Acholeplasmataceae,2023-2026
GCA_977038695.1,Mycoplasma sp.,2108,PRJEB102291,SAMEA120502362,2025,2025-11-13,Illumina,Short,Scaffold,Inconclusive,Coprobacillus cateniformis,2026-09-29,1575630,16,0.2712007260587828,0,1,False,False,False,False,False,Mycoplasma,2023-2026
GCA_977039025.1,Mycoplasmataceae bacterium,2685873,PRJEB102291,SAMEA120502480,2025,2025-11-13,Illumina,Short,Contig,Inconclusive,Ureaplasma zalophigenitalium,2026-09-29,559002,8,0.2831259995491966,0,0,False,False,False,False,False,Mycoplasmataceae,2023-2026
GCA_977039175.1,Mycoplasma sp.,2108,PRJEB102291,SAMEA120502240,2025,2025-11-13,Illumina,Short,Scaffold,Inconclusive,na,2026-09-29,1213155,97,0.284979248323586,0,0,False,False,False,False,False,Mycoplasma,2023-2026
GCA_977051155.1,Mycoplasma sp.,2108,PRJEB102291,SAMEA120501358,2025,2025-11-13,Illumina,Short,Contig,Inconclusive,na,2026-09-29,1528102,23,0.2710702557813549,0,1,False,False,False,False,False,Mycoplasma,2023-2026
GCA_977076875.1,uncultured Mycoplasma sp.,167967,PRJEB98580,SAMEA120615278,2025,2025-12-05,Illumina MiSeq,Short,Contig,Inconclusive,Spiroplasma tabanidicola,2026-09-29,1431025,166,0.277839310983386,0,1,False,False,False,False,False,Mycoplasma,2023-2026
GCA_977077205.1,uncultured Mycoplasma sp.,167967,PRJEB98580,SAMEA120616024,2025,2025-12-05,Illumina MiSeq,Short,Contig,Inconclusive,Hypnocyclicus thermotrophus,2026-09-29,942491,35,0.2411619845706749,0,0,False,False,False,False,False,Mycoplasma,2023-2026
GCA_977110965.1,Spiroplasma endosymbiont of Dactylopius coccus,3473534,PRJEB100833,SAMEA120642261,2025,2025-12-01,PacBio,Long,Complete Genome,Inconclusive,Spiroplasma floricola,2026-09-29,1888154,1,0.2365755123787572,0,0,False,False,False,False,False,Spiroplasma,2023-2026
GCA_977537785.1,Mycoplasmatales bacterium,2023991,PRJEB104710,SAMEA120723178,2026,2026-02-05,ILLUMINA,Short,Scaffold,Inconclusive,Mycoplasmoides pirum,2026-09-29,667094,31,0.219694675712868,0,0,False,False,False,False,False,Mycoplasmatales,2023-2026
GCA_977538835.1,Mycoplasmatales bacterium,2023991,PRJEB104710,SAMEA120723179,2026,2026-01-29,ILLUMINA,Short,Scaffold,Inconclusive,na,2026-09-29,483213,125,0.233195298967536,0,0,False,False,False,False,False,Mycoplasmatales,2023-2026
GCA_977572745.1,Mycoplasmatales bacterium,2023991,PRJEB104710,SAMEA120723546,2026,2026-02-05,ILLUMINA,Short,Scaffold,Inconclusive,Mycoplasmoides pirum,2026-09-29,541933,49,0.2174124845691257,0,0,False,False,False,False,False,Mycoplasmatales,2023-2026
GCA_977867305.1,Anaeroplasmataceae bacterium,2793037,PRJEB89408,SAMEA118405569,2026,2026-01-19,Illumina NovaSeq X,Short,Contig,Inconclusive,Haploplasma axanthum,2026-09-29,1076134,210,0.3258376744903515,0,0,False,False,False,False,False,Anaeroplasmataceae,2023-2026
GCA_977869695.1,Anaeroplasma sp.,1872523,PRJEB89408,SAMEA118409737,2026,2026-01-23,Illumina NovaSeq X,Short,Contig,Inconclusive,Clostridium tarantellae,2026-09-29,1979657,24,0.3331723626870715,0,0,False,False,False,False,False,Anaeroplasma,2023-2026
GCA_977872325.1,Anaeroplasma sp.,1872523,PRJEB89408,SAMEA118409739,2026,2026-01-22,Illumina NovaSeq X,Short,Contig,Inconclusive,Clostridium moniliforme,2026-09-29,1780916,39,0.2975906780555624,0,2,False,False,False,False,False,Anaeroplasma,2023-2026
GCA_977961695.1,uncultured Mycoplasma sp.,167967,PRJEB98642,SAMEA120811238,2026,2026-01-21,HiSeq X Ten,Short,Contig,Inconclusive,Oceanotoga teriensis,2026-09-29,1195163,32,0.2513791005913001,0,0,False,False,False,False,False,Mycoplasma,2023-2026
GCA_977978635.1,uncultured Mycoplasma sp.,167967,PRJEB98972,SAMEA120849177,2026,2026-01-21,Illumina NovaSeq 6000,Short,Contig,Inconclusive,Eubacterium multiforme,2026-09-29,1258215,41,0.2572032601741356,0,0,False,False,False,False,False,Mycoplasma,2023-2026
GCA_977980625.1,uncultured Mycoplasma sp.,167967,PRJEB98972,SAMEA120848829,2026,2026-01-19,Illumina NovaSeq 6000,Short,Contig,Inconclusive,Romboutsia timonensis,2026-09-29,962550,31,0.2403272557269752,0,0,False,False,False,False,False,Mycoplasma,2023-2026
GCA_978018445.1,Spiroplasma endosymbiont of Halictus nicosiae,3473538,PRJEB106249,SAMEA120911063,2026,2026-01-20,PacBio,Long,Complete Genome,Inconclusive,Spiroplasma phoeniceum,2026-09-29,2485679,1,0.2515771344570236,0,0,False,False,False,False,False,Spiroplasma,2023-2026
GCA_978563805.1,Brinjal little leaf phytoplasma,85647,PRJNA1300801,SAMN50427621,2026,2026-02-14,Illumina NOVA Seq,Short,Contig,OK,Candidatus Phytoplasma stylosanthis,2026-09-29,476098,12,0.2186398598607849,0,0,False,False,False,False,False,Brinjal,2023-2026
GCA_979072975.1,Mycoplasmatales bacterium,2023991,PRJEB104710,SAMEA121276380,2026,2026-02-14,ILLUMINA,Short,Scaffold,Inconclusive,Spiroplasma eriocheiris,2026-09-29,591955,131,0.3454924783133853,0,0,False,False,False,False,False,Mycoplasmatales,2023-2026
GCA_981434595.1,uncultured Mycoplasma sp.,167967,PRJEB107199,SAMEA121781494,2026,2026-03-01,Illumina NovaSeq 6000,Short,Contig,Inconclusive,Anaerofustis butyriciformans,2026-09-29,1800726,20,0.2834995440727795,0,1,False,False,False,False,False,Mycoplasma,2023-2026
GCA_981438785.1,uncultured Mycoplasma sp.,167967,PRJEB107199,SAMEA121781607,2026,2026-03-01,Illumina NovaSeq 6000,Short,Contig,Inconclusive,na,2026-09-29,980741,178,0.2483010295276734,0,0,False,False,False,False,False,Mycoplasma,2023-2026
GCA_981441445.1,uncultured Mycoplasma sp.,167967,PRJEB107199,SAMEA121782768,2026,2026-03-01,Illumina NovaSeq 6000,Short,Contig,Inconclusive,Oceanotoga teriensis,2026-09-29,1304732,15,0.2525047289405027,0,0,False,False,False,False,False,Mycoplasma,2023-2026
GCA_981445695.1,uncultured Mycoplasma sp.,167967,PRJEB107199,SAMEA121781600,2026,2026-03-01,Illumina NovaSeq 6000,Short,Contig,Inconclusive,Fusobacterium hwasookii,2026-09-29,1054756,77,0.2826748556064151,0,0,False,False,False,False,False,Mycoplasma,2023-2026
GCA_981446035.1,uncultured Acholeplasma sp.,453122,PRJEB107199,SAMEA121782610,2026,2026-03-01,Illumina NovaSeq 6000,Short,Contig,Inconclusive,na,2026-09-29,1179712,36,0.2600388908479357,0,0,False,False,False,False,False,Acholeplasma,2023-2026
GCA_981451875.1,uncultured Mycoplasma sp.,167967,PRJEB107199,SAMEA121781943,2026,2026-03-01,Illumina NovaSeq 6000,Short,Contig,Inconclusive,Clostridium thermobutyricum,2026-09-29,966141,30,0.2438836567333339,0,0,False,False,False,False,False,Mycoplasma,2023-2026
GCA_981455205.1,uncultured Mollicutes bacterium,220137,PRJEB107199,SAMEA121782758,2026,2026-03-01,Illumina NovaSeq 6000,Short,Contig,Inconclusive,Romboutsia timonensis,2026-09-29,644953,37,0.3065959845136002,0,0,False,False,False,False,False,Mollicutes,2023-2026
GCA_981805975.1,uncultured Mycoplasma sp.,167967,PRJEB108519,SAMEA121861515,2026,2026-03-06,unspecified,Unknown,Contig,Inconclusive,Clostridium tarantellae,2026-09-29,1074667,17,0.2420089199724193,0,0,False,False,False,False,False,Mycoplasma,2023-2026
GCA_982194525.1,Acholeplasmataceae bacterium,1898209,PRJEB104944,SAMEA121741650,2026,2026-04-30,ILLUMINA,Short,Scaffold,Inconclusive,Fusobacterium hwasookii,2026-09-29,668846,45,0.3443303839747864,0,0,False,False,False,False,False,Acholeplasmataceae,2023-2026
GCA_982197345.1,Acholeplasmataceae bacterium,1898209,PRJEB104944,SAMEA121741965,2026,2026-04-30,ILLUMINA,Short,Scaffold,Inconclusive,na,2026-09-29,488183,162,0.3520196319822689,0,0,False,False,False,False,False,Acholeplasmataceae,2023-2026
GCA_982198605.1,Acholeplasmataceae bacterium,1898209,PRJEB104944,SAMEA121741942,2026,2026-04-30,ILLUMINA,Short,Scaffold,Inconclusive,Candidatus Phytoplasma gossypii,2026-09-29,370482,68,0.3465809405045319,0,0,False,False,False,False,False,Acholeplasmataceae,2023-2026
GCA_982199195.1,Acholeplasmataceae bacterium,1898209,PRJEB104944,SAMEA121741603,2026,2026-04-30,ILLUMINA,Short,Scaffold,Inconclusive,na,2026-09-29,388214,68,0.345809270144817,0,0,False,False,False,False,False,Acholeplasmataceae,2023-2026
GCA_982199585.1,Acholeplasmataceae bacterium,1898209,PRJEB104944,SAMEA121741544,2026,2026-05-04,ILLUMINA,Short,Scaffold,Inconclusive,na,2026-09-29,566098,128,0.2966164868980283,0,0,False,False,False,False,False,Acholeplasmataceae,2023-2026
GCA_982210095.1,Acholeplasmataceae bacterium,1898209,PRJEB104944,SAMEA121742836,2026,2026-04-30,ILLUMINA,Short,Contig,Inconclusive,na,2026-09-29,316381,75,0.3472111157117526,0,0,False,False,False,False,False,Acholeplasmataceae,2023-2026
GCA_982211665.1,Acholeplasmataceae bacterium,1898209,PRJEB104944,SAMEA121742835,2026,2026-05-04,ILLUMINA,Short,Scaffold,Inconclusive,na,2026-09-29,548242,73,0.3452581159415003,0,0,False,False,False,False,False,Acholeplasmataceae,2023-2026
GCA_982212235.1,Acholeplasmataceae bacterium,1898209,PRJEB104944,SAMEA121742743,2026,2026-04-30,ILLUMINA,Short,Contig,Inconclusive,na,2026-09-29,373312,122,0.3068934296245499,0,0,False,False,False,False,False,Acholeplasmataceae,2023-2026
GCA_982212325.1,Acholeplasmataceae bacterium,1898209,PRJEB104944,SAMEA121742735,2026,2026-05-04,ILLUMINA,Short,Contig,Inconclusive,na,2026-09-29,361835,110,0.3487473572208327,0,0,False,False,False,False,False,Acholeplasmataceae,2023-2026
GCA_982214865.1,Acholeplasmataceae bacterium,1898209,PRJEB104944,SAMEA121742738,2026,2026-04-30,ILLUMINA,Short,Contig,Inconclusive,na,2026-09-29,573194,97,0.3451117771644504,0,0,False,False,False,False,False,Acholeplasmataceae,2023-2026
GCA_982227945.1,uncultured Mollicutes bacterium,220137,PRJEB108473,SAMEA121938072,2026,2026-03-13,Illumina HiSeq 2000,Short,Contig,Inconclusive,na,2026-09-29,1193904,155,0.3112486431069834,0,0,False,False,False,False,False,Mollicutes,2023-2026
GCA_982231125.1,uncultured Mycoplasma sp.,167967,PRJEB108473,SAMEA121937905,2026,2026-03-13,Illumina HiSeq 2000,Short,Contig,Inconclusive,Fusobacterium hwasookii,2026-09-29,1109551,17,0.2431334837244975,0,0,False,False,False,False,False,Mycoplasma,2023-2026
GCA_982232735.1,uncultured Mollicutes bacterium,220137,PRJEB108473,SAMEA121938821,2026,2026-03-13,Illumina HiSeq 2000,Short,Contig,Inconclusive,Faecalibacillus intestinalis,2026-09-29,892275,58,0.3031027429884284,0,0,False,False,False,False,False,Mollicutes,2023-2026
GCA_982236775.1,uncultured Mycoplasma sp.,167967,PRJEB108575,SAMEA121942328,2026,2026-03-13,unspecified,Unknown,Contig,Inconclusive,na,2026-09-29,1375316,32,0.2904954206887726,0,0,False,False,False,False,False,Mycoplasma,2023-2026
GCA_982256495.1,uncultured Mollicutes bacterium,220137,PRJEB108575,SAMEA121943168,2026,2026-03-13,unspecified,Unknown,Contig,Inconclusive,Merdimonas faecis,2026-09-29,1688939,19,0.3889773402118134,0,0,False,False,False,False,False,Mollicutes,2023-2026
GCA_982268815.1,Acholeplasmataceae bacterium,1898209,PRJEB104944,SAMEA121929640,2026,2026-04-30,ILLUMINA,Short,Scaffold,Inconclusive,na,2026-09-29,394908,65,0.3470099364915373,0,0,False,False,False,False,False,Acholeplasmataceae,2023-2026
GCA_982269525.1,Mycoplasma sp.,2108,PRJEB104944,SAMEA121929846,2026,2026-04-30,ILLUMINA,Short,Scaffold,Inconclusive,Metamycoplasma salivarium,2026-09-29,583134,139,0.2417969111730751,0,0,False,False,False,False,False,Mycoplasma,2023-2026
GCA_982270605.1,Acholeplasmataceae bacterium,1898209,PRJEB104944,SAMEA121929979,2026,2026-04-30,ILLUMINA,Short,Scaffold,Inconclusive,na,2026-09-29,387131,88,0.3472519638055335,0,0,False,False,False,False,False,Acholeplasmataceae,2023-2026
GCA_982271705.1,Acholeplasmataceae bacterium,1898209,PRJEB104944,SAMEA121929965,2026,2026-04-30,ILLUMINA,Short,Scaffold,Inconclusive,na,2026-09-29,398990,8,0.3422015589363142,0,0,False,False,False,False,False,Acholeplasmataceae,2023-2026
GCA_982271715.1,Mycoplasma sp.,2108,PRJEB104944,SAMEA121930002,2026,2026-04-30,ILLUMINA,Short,Scaffold,Inconclusive,Metamycoplasma cloacale,2026-09-29,539298,97,0.2433978987498563,0,0,False,False,False,False,False,Mycoplasma,2023-2026
GCA_982271985.1,Acholeplasmataceae bacterium,1898209,PRJEB104944,SAMEA121930173,2026,2026-04-30,ILLUMINA,Short,Scaffold,Inconclusive,na,2026-09-29,468017,107,0.2778296514870186,0,0,False,False,False,False,False,Acholeplasmataceae,2023-2026
GCA_982272455.1,Mycoplasma sp.,2108,PRJEB104944,SAMEA121930336,2026,2026-04-30,ILLUMINA,Short,Scaffold,Inconclusive,Metamycoplasma buccale,2026-09-29,597492,62,0.2394860516960896,0,0,False,False,False,False,False,Mycoplasma,2023-2026
GCA_982272605.1,Acholeplasmataceae bacterium,1898209,PRJEB104944,SAMEA121930307,2026,2026-04-30,ILLUMINA,Short,Scaffold,Inconclusive,na,2026-09-29,389642,85,0.3462203766534408,0,0,False,False,False,False,False,Acholeplasmataceae,2023-2026
GCA_982272695.1,Acholeplasmataceae bacterium,1898209,PRJEB104944,SAMEA121930153,2026,2026-05-02,ILLUMINA,Short,Scaffold,Inconclusive,na,2026-09-29,456585,17,0.3454690802369767,0,0,False,False,False,False,False,Acholeplasmataceae,2023-2026
GCA_982272885.1,Mycoplasma sp.,2108,PRJEB104944,SAMEA121930420,2026,2026-04-30,ILLUMINA,Short,Scaffold,Inconclusive,Metamycoplasma buccale,2026-09-29,387981,145,0.2492725159221714,0,0,False,False,False,False,False,Mycoplasma,2023-2026
GCA_982273555.1,Mycoplasma sp.,2108,PRJEB104944,SAMEA121930092,2026,2026-04-30,ILLUMINA,Short,Scaffold,Inconclusive,Metamycoplasma neophronis,2026-09-29,755296,26,0.2430318709486082,0,0,False,False,False,False,False,Mycoplasma,2023-2026
GCA_982273595.1,Mycoplasma amphoriforme,273136,PRJEB104944,SAMEA121930085,2026,2026-04-30,ILLUMINA,Short,Scaffold,OK,Mycoplasma amphoriforme,2026-09-29,637617,306,0.3245553365107894,0,0,False,False,False,False,False,Mycoplasma,2023-2026
GCA_982274135.1,Acholeplasmataceae bacterium,1898209,PRJEB104944,SAMEA121930175,2026,2026-04-30,ILLUMINA,Short,Scaffold,Inconclusive,na,2026-09-29,403746,67,0.3460839240512599,0,0,False,False,False,False,False,Acholeplasmataceae,2023-2026
GCA_982274145.1,Mycoplasma sp.,2108,PRJEB104944,SAMEA121930162,2026,2026-04-30,ILLUMINA,Short,Scaffold,Inconclusive,Metamycoplasma salivarium,2026-09-29,563358,103,0.2403391804145854,0,0,False,False,False,False,False,Mycoplasma,2023-2026
GCA_982274535.1,Acholeplasmataceae bacterium,1898209,PRJEB104944,SAMEA121930189,2026,2026-04-30,ILLUMINA,Short,Scaffold,Inconclusive,na,2026-09-29,365146,8,0.3447360781714711,0,0,False,False,False,False,False,Acholeplasmataceae,2023-2026
GCA_982275415.1,Mycoplasma sp.,2108,PRJEB104944,SAMEA121930296,2026,2026-05-02,ILLUMINA,Short,Scaffold,Inconclusive,Metamycoplasma salivarium,2026-09-29,458176,198,0.248411090934488,0,0,False,False,False,False,False,Mycoplasma,2023-2026
GCA_982275745.1,Mycoplasma sp.,2108,PRJEB104944,SAMEA121930224,2026,2026-04-30,ILLUMINA,Short,Scaffold,Inconclusive,Metamycoplasma salivarium,2026-09-29,480062,166,0.2443017776870487,0,0,False,False,False,False,False,Mycoplasma,2023-2026
GCA_982276785.1,Mycoplasma sp.,2108,PRJEB104944,SAMEA121930979,2026,2026-04-30,ILLUMINA,Short,Scaffold,Inconclusive,[Mycoplasma] collis,2026-09-29,650859,60,0.2423919773714429,0,0,False,False,False,False,False,Mycoplasma,2023-2026
GCA_982276885.1,Acholeplasmataceae bacterium,1898209,PRJEB104944,SAMEA121930996,2026,2026-04-30,ILLUMINA,Short,Scaffold,Inconclusive,na,2026-09-29,530645,14,0.2725023320675781,0,0,False,False,False,False,False,Acholeplasmataceae,2023-2026
GCA_982277855.1,Mycoplasma sp.,2108,PRJEB104944,SAMEA121930943,2026,2026-04-30,ILLUMINA,Short,Scaffold,Inconclusive,[Mycoplasma] collis,2026-09-29,664833,15,0.2420517633751633,0,0,False,False,False,False,False,Mycoplasma,2023-2026
GCA_982277875.1,Acholeplasmataceae bacterium,1898209,PRJEB104944,SAMEA121930748,2026,2026-04-30,ILLUMINA,Short,Scaffold,Inconclusive,na,2026-09-29,307468,19,0.3417363758179713,0,0,False,False,False,False,False,Acholeplasmataceae,2023-2026
GCA_982277885.1,Acholeplasmataceae bacterium,1898209,PRJEB104944,SAMEA121930747,2026,2026-04-30,ILLUMINA,Short,Scaffold,Inconclusive,na,2026-09-29,472077,136,0.2752029859535627,0,0,False,False,False,False,False,Acholeplasmataceae,2023-2026
GCA_982278045.1,Mycoplasma sp.,2108,PRJEB104944,SAMEA121930871,2026,2026-05-04,ILLUMINA,Short,Scaffold,Inconclusive,Metamycoplasma salivarium,2026-09-29,685546,69,0.2432105212487564,0,0,False,False,False,False,False,Mycoplasma,2023-2026
GCA_982278085.1,Acholeplasmataceae bacterium,1898209,PRJEB104944,SAMEA121930926,2026,2026-04-30,ILLUMINA,Short,Scaffold,Inconclusive,na,2026-09-29,351244,16,0.3441254512532598,0,0,False,False,False,False,False,Acholeplasmataceae,2023-2026
GCA_982278395.1,Mycoplasma sp.,2108,PRJEB104944,SAMEA121930752,2026,2026-04-30,ILLUMINA,Short,Scaffold,Inconclusive,[Mycoplasma] collis,2026-09-29,597532,156,0.2425426588032105,0,0,False,False,False,False,False,Mycoplasma,2023-2026
GCA_982279415.1,Acholeplasmataceae bacterium,1898209,PRJEB104944,SAMEA121930982,2026,2026-04-30,ILLUMINA,Short,Scaffold,Inconclusive,na,2026-09-29,552151,38,0.2763229623780451,0,0,False,False,False,False,False,Acholeplasmataceae,2023-2026
GCA_982281085.1,Acholeplasmataceae bacterium,1898209,PRJEB104944,SAMEA121930865,2026,2026-05-04,ILLUMINA,Short,Scaffold,Inconclusive,na,2026-09-29,543065,19,0.2568661209984071,0,0,False,False,False,False,False,Acholeplasmataceae,2023-2026
GCA_982281565.1,Mycoplasma sp.,2108,PRJEB104944,SAMEA121931025,2026,2026-04-30,ILLUMINA,Short,Scaffold,Inconclusive,[Mycoplasma] collis,2026-09-29,673550,42,0.2440145497735877,0,0,False,False,False,False,False,Mycoplasma,2023-2026
GCA_982282175.1,Acholeplasmataceae bacterium,1898209,PRJEB104944,SAMEA121931361,2026,2026-04-30,ILLUMINA,Short,Scaffold,Inconclusive,na,2026-09-29,606752,70,0.344331786298191,0,0,False,False,False,False,False,Acholeplasmataceae,2023-2026
GCA_982282295.1,Mycoplasma sp.,2108,PRJEB104944,SAMEA121931152,2026,2026-05-04,ILLUMINA,Short,Scaffold,Inconclusive,Mesomycoplasma neurolyticum,2026-09-29,650692,118,0.2390009405371512,0,0,False,False,False,False,False,Mycoplasma,2023-2026
GCA_982284245.1,Acholeplasmataceae bacterium,1898209,PRJEB104944,SAMEA121931116,2026,2026-04-30,ILLUMINA,Short,Scaffold,Inconclusive,na,2026-09-29,380135,97,0.343059702474121,0,0,False,False,False,False,False,Acholeplasmataceae,2023-2026
GCA_982284485.1,Acholeplasmataceae bacterium,1898209,PRJEB104944,SAMEA121931408,2026,2026-04-30,ILLUMINA,Short,Scaffold,Inconclusive,Clostridium pasteurianum,2026-09-29,621967,47,0.3414682772558672,0,0,False,False,False,False,False,Acholeplasmataceae,2023-2026
GCA_982285275.1,Mycoplasmataceae bacterium,2685873,PRJEB104944,SAMEA121931073,2026,2026-04-30,ILLUMINA,Short,Scaffold,Inconclusive,Mycoplasmopsis lipophila,2026-09-29,808092,8,0.2316728788306282,0,0,False,False,False,False,False,Mycoplasmataceae,2023-2026
GCA_982285585.1,Mycoplasma sp.,2108,PRJEB104944,SAMEA121931131,2026,2026-04-30,ILLUMINA,Short,Scaffold,Inconclusive,Metamycoplasma buccale,2026-09-29,506059,187,0.2417405875599485,0,0,False,False,False,False,False,Mycoplasma,2023-2026
GCA_982285745.1,Mycoplasma sp.,2108,PRJEB104944,SAMEA121931120,2026,2026-04-30,ILLUMINA,Short,Scaffold,Inconclusive,Metamycoplasma buccale,2026-09-29,572055,141,0.244390836545437,0,0,False,False,False,False,False,Mycoplasma,2023-2026
GCA_982286005.1,Mycoplasma sp.,2108,PRJEB104944,SAMEA121931221,2026,2026-04-30,ILLUMINA,Short,Scaffold,Inconclusive,Mycoplasma struthionis,2026-09-29,499490,132,0.2433001661694928,0,0,False,False,False,False,False,Mycoplasma,2023-2026
GCA_982286475.1,Acholeplasmataceae bacterium,1898209,PRJEB104944,SAMEA121931856,2026,2026-04-30,ILLUMINA,Short,Scaffold,Inconclusive,na,2026-09-29,348264,21,0.3440349849539429,0,0,False,False,False,False,False,Acholeplasmataceae,2023-2026
GCA_982289805.1,Acholeplasmataceae bacterium,1898209,PRJEB104944,SAMEA121931742,2026,2026-04-30,ILLUMINA,Short,Scaffold,Inconclusive,na,2026-09-29,327620,56,0.3447866430620841,0,0,False,False,False,False,False,Acholeplasmataceae,2023-2026
GCA_982290295.1,Mycoplasma sp.,2108,PRJEB104944,SAMEA121931568,2026,2026-04-30,ILLUMINA,Short,Scaffold,Inconclusive,Metamycoplasma cloacale,2026-09-29,698152,45,0.2428998269717769,0,0,False,False,False,False,False,Mycoplasma,2023-2026
GCA_982290475.1,Acholeplasmataceae bacterium,1898209,PRJEB104944,SAMEA121931557,2026,2026-04-30,ILLUMINA,Short,Scaffold,Inconclusive,na,2026-09-29,351925,109,0.3441983377140015,0,0,False,False,False,False,False,Acholeplasmataceae,2023-2026
GCA_982394075.1,Mollicutes bacterium,37628,PRJEB98859,SAMEA122087585,2026,2026-04-10,,Unknown,Contig,Inconclusive,na,2026-09-29,1626014,73,0.3505055922027731,0,0,False,False,False,False,False,Mollicutes,2023-2026
GCA_982420525.1,Mollicutes bacterium,37628,PRJEB98859,SAMEA122090105,2026,2026-04-13,,Unknown,Contig,Inconclusive,na,2026-09-29,861455,183,0.3179098153705069,0,0,False,False,False,False,False,Mollicutes,2023-2026
GCA_982445305.1,Mycoplasma sp.,2108,PRJEB98859,SAMEA122092320,2026,2026-04-13,,Unknown,Contig,Inconclusive,Defluviitalea phaphyphila,2026-09-29,1352633,25,0.2774943388191771,0,0,False,False,False,False,False,Mycoplasma,2023-2026
GCA_982632655.1,Candidatus Izemoplasma sp.,2979197,PRJEB72909,SAMEA122205044,2026,2026-04-29,ILLUMINA,Short,Scaffold,OK,Candidatus Izemoplasma acidinucleici,2026-09-29,1867192,97,0.3332281843538318,0,8,False,False,False,False,False,Izemoplasma,2023-2026
GCA_982632705.1,Candidatus Izemoplasma sp.,2979197,PRJEB72909,SAMEA122205015,2026,2026-04-29,ILLUMINA,Short,Scaffold,OK,Candidatus Izemoplasma acidinucleici,2026-09-29,1754713,119,0.322502882237722,0,1,False,False,False,False,False,Izemoplasma,2023-2026
GCA_982632895.1,Candidatus Izemoplasma sp.,2979197,PRJEB72909,SAMEA122205022,2026,2026-04-29,ILLUMINA,Short,Scaffold,Inconclusive,Candidatus Izemoplasma acidinucleici,2026-09-29,1069034,315,0.3194931124735041,0,0,False,False,False,False,False,Izemoplasma,2023-2026
GCA_982678585.1,Mycoplasmatales bacterium,2023991,PRJEB72924,SAMEA122233145,2026,2026-05-04,ILLUMINA,Short,Scaffold,Inconclusive,Mycoplasma todarodis,2026-09-29,995644,25,0.2853519932827396,0,0,False,False,False,False,False,Mycoplasmatales,2023-2026
GCA_982678675.1,Mycoplasmatales bacterium,2023991,PRJEB72924,SAMEA122233143,2026,2026-05-04,ILLUMINA,Short,Scaffold,Inconclusive,na,2026-09-29,943575,86,0.2697051108814879,0,0,False,False,False,False,False,Mycoplasmatales,2023-2026
GCA_982681695.1,Mycoplasmataceae bacterium,2685873,PRJEB72924,SAMEA122232992,2026,2026-05-04,ILLUMINA,Short,Scaffold,Inconclusive,Spiroplasma tabanidicola,2026-09-29,758721,211,0.286530885529727,0,3,False,False,False,False,False,Mycoplasmataceae,2023-2026
GCA_982685615.1,Mycoplasmataceae bacterium,2685873,PRJEB72924,SAMEA122233281,2026,2026-05-05,ILLUMINA,Short,Scaffold,Inconclusive,Candidatus Hepatoplasma vulgare,2026-09-29,1183026,567,0.3285625168001379,0,38,False,False,False,False,False,Mycoplasmataceae,2023-2026
GCA_982699665.1,Mycoplasmatales bacterium,2023991,PRJEB72934,SAMEA122243851,2026,2026-05-04,ILLUMINA,Short,Scaffold,Inconclusive,Mycoplasma mycoides,2026-09-29,424613,110,0.3269141547715213,0,0,False,False,False,False,False,Mycoplasmatales,2023-2026
GCA_982701875.1,Mycoplasmatales bacterium,2023991,PRJEB72934,SAMEA122243836,2026,2026-05-24,ILLUMINA,Short,Scaffold,Inconclusive,na,2026-09-29,651099,133,0.2735943381882018,0,0,False,False,False,False,False,Mycoplasmatales,2023-2026
GCA_982711455.1,Mycoplasmatales bacterium,2023991,PRJEB72934,SAMEA122243872,2026,2026-05-24,ILLUMINA,Short,Scaffold,Inconclusive,Mycoplasma mycoides,2026-09-29,681427,13,0.3273982392831513,0,0,False,False,False,False,False,Mycoplasmatales,2023-2026
GCA_982712525.1,Mycoplasma sp.,2108,PRJEB72934,SAMEA122243847,2026,2026-05-15,ILLUMINA,Short,Scaffold,Inconclusive,Candidatus Phytoplasma australasiaticum,2026-09-29,465071,136,0.2318355691926609,0,0,False,False,False,False,False,Mycoplasma,2023-2026
GCA_982715415.1,Mycoplasmataceae bacterium,2685873,PRJEB72940,SAMEA122242906,2026,2026-05-15,ILLUMINA,Short,Scaffold,Inconclusive,Candidatus Tyloplasma litorale,2026-09-29,354162,78,0.3103184418429984,0,1,False,False,False,False,False,Mycoplasmataceae,2023-2026
GCA_982729365.1,Candidatus Izemoplasmataceae bacterium,3107147,PRJEB72991,SAMEA122255605,2026,2026-05-15,ILLUMINA,Short,Scaffold,Inconclusive,Arcobacter defluvii,2026-09-29,1415557,93,0.3559425724290862,0,7,False,False,False,False,False,Izemoplasmataceae,2023-2026
GCA_982746155.1,Hujiaoplasma sp.,3078173,PRJEB73000,SAMEA122259050,2026,2026-05-31,ILLUMINA,Short,Scaffold,Inconclusive,Aliarcobacter cibarius,2026-09-29,1389692,256,0.3314669725377997,0,13,False,False,False,False,False,Hujiaoplasma,2023-2026
GCA_982779425.1,Mycoplasmataceae bacterium,2685873,PRJEB72990,SAMEA122254834,2026,2026-05-15,ILLUMINA,Short,Scaffold,Inconclusive,Mesoplasma tabanidae,2026-09-29,619576,50,0.282420558575542,0,0,False,False,False,False,False,Mycoplasmataceae,2023-2026
GCA_982836805.1,Mollicutes bacterium,37628,PRJEB72964,SAMEA122255396,2026,2026-05-16,ILLUMINA,Short,Scaffold,Inconclusive,Izemobacterium crustae (SeqCode),2026-09-29,1898962,32,0.3291956342464989,0,9,False,False,False,False,False,Mollicutes,2023-2026
GCA_983021865.1,Candidatus Izemoplasma sp.,2979197,PRJEB73089,SAMEA122304978,2026,2026-05-16,ILLUMINA,Short,Scaffold,Inconclusive,Candidatus Izemoplasma acidinucleici,2026-09-29,1726182,92,0.3017682955794927,0,0,False,False,False,False,False,Izemoplasma,2023-2026
GCA_983053055.1,Mollicutes bacterium,37628,PRJEB73206,SAMEA122359542,2026,2026-05-15,ILLUMINA,Short,Scaffold,Inconclusive,na,2026-09-29,394744,65,0.3306725371379932,0,0,False,False,False,False,False,Mollicutes,2023-2026
GCA_983072385.1,Mollicutes bacterium,37628,PRJEB73206,SAMEA122359541,2026,2026-05-24,ILLUMINA,Short,Scaffold,Inconclusive,na,2026-09-29,411631,58,0.3314983565377729,0,0,False,False,False,False,False,Mollicutes,2023-2026
GCA_983118355.1,Spiroplasma sp.,2135,PRJEB73244,SAMEA122368200,2026,2026-05-24,ILLUMINA,Short,Scaffold,Inconclusive,Hepatoplasma crinochetorum (SeqCode),2026-09-29,290436,5,0.3205077882907077,0,0,False,False,False,False,False,Spiroplasma,2023-2026
GCA_983118405.1,Spiroplasma sp.,2135,PRJEB73244,SAMEA122368197,2026,2026-05-15,ILLUMINA,Short,Scaffold,Inconclusive,Hepatoplasma crinochetorum (SeqCode),2026-09-29,437521,3,0.3087371806153304,0,0,False,False,False,False,False,Spiroplasma,2023-2026
GCA_983118425.1,Spiroplasma sp.,2135,PRJEB73244,SAMEA122368203,2026,2026-05-24,ILLUMINA,Short,Scaffold,Inconclusive,Hepatoplasma crinochetorum (SeqCode),2026-09-29,406899,5,0.3095559340278546,0,0,False,False,False,False,False,Spiroplasma,2023-2026
GCA_983119715.1,Mollicutes bacterium,37628,PRJEB73244,SAMEA122368195,2026,2026-05-15,ILLUMINA,Short,Scaffold,Inconclusive,na,2026-09-29,328824,103,0.2504014305525144,0,0,False,False,False,False,False,Mollicutes,2023-2026
GCA_983119775.1,Spiroplasma sp.,2135,PRJEB73244,SAMEA122368194,2026,2026-05-15,ILLUMINA,Short,Scaffold,Inconclusive,Candidatus Hepatoplasma vulgare,2026-09-29,411444,18,0.3102755174458735,0,0,False,False,False,False,False,Spiroplasma,2023-2026
GCA_983120325.1,Mollicutes bacterium,37628,PRJEB73244,SAMEA122368201,2026,2026-05-15,ILLUMINA,Short,Scaffold,Inconclusive,Candidatus Phytoplasma stylosanthis,2026-09-29,436538,15,0.2483563859274564,0,0,False,False,False,False,False,Mollicutes,2023-2026
GCA_983121595.1,Spiroplasma sp.,2135,PRJEB73244,SAMEA122368202,2026,2026-05-15,ILLUMINA,Short,Scaffold,Inconclusive,Hepatoplasma crinochetorum (SeqCode),2026-09-29,427165,6,0.3115236501117835,0,0,False,False,False,False,False,Spiroplasma,2023-2026
GCA_984348075.1,Mollicutes bacterium,37628,PRJEB103743,SAMEA122647285,2026,2026-06-19,ILLUMINA,Short,Scaffold,Inconclusive,Mycoplasma mycoides,2026-09-29,551929,14,0.3141201132754394,0,0,False,False,False,False,False,Mollicutes,2023-2026
GCA_984348095.1,Mollicutes bacterium,37628,PRJEB103743,SAMEA122647278,2026,2026-06-19,ILLUMINA,Short,Scaffold,Inconclusive,Mycoplasma mycoides,2026-09-29,580843,21,0.3171080653464017,0,0,False,False,False,False,False,Mollicutes,2023-2026
GCA_984348305.1,Mollicutes bacterium,37628,PRJEB103743,SAMEA122647270,2026,2026-06-19,ILLUMINA,Short,Scaffold,Inconclusive,Mycoplasma mycoides,2026-09-29,500054,8,0.3104344730769077,0,0,False,False,False,False,False,Mollicutes,2023-2026
GCA_984360715.1,Spiroplasma sp.,2135,PRJEB103743,SAMEA122647429,2026,2026-06-21,ILLUMINA,Short,Scaffold,Inconclusive,Spiroplasma litorale,2026-09-29,871400,55,0.335375258205187,0,0,False,False,False,False,False,Spiroplasma,2023-2026
GCA_984374485.1,Mycoplasmatales bacterium,2023991,PRJEB103743,SAMEA122647261,2026,2026-06-21,ILLUMINA,Short,Scaffold,Inconclusive,Mycoplasma mycoides,2026-09-29,356660,9,0.3257640329725789,0,0,False,False,False,False,False,Mycoplasmatales,2023-2026
GCA_984408465.1,Spiroplasma sp.,2135,PRJEB103743,SAMEA122650077,2026,2026-06-18,ILLUMINA,Short,Scaffold,Inconclusive,na,2026-09-29,366432,39,0.445239498733735,0,1,False,False,False,False,False,Spiroplasma,2023-2026
GCA_984797195.1,Mycoplasma sp. CAG:472,1262904,PRJEB33885,SAMEA122783886,2026,2026-06-26,Illumina Genome Analyzer II,Short,Contig,Inconclusive,Candidatus Methanoflexus mossambicus,2026-09-29,1187451,23,0.2528786450977767,0,0,False,False,False,False,False,Mycoplasma,2023-2026
GCA_985150705.1,Acholeplasma sp. CAG:878,1262686,PRJEB33885,SAMEA122841177,2026,2026-06-27,missing: third party data,Unknown,Contig,Inconclusive,Clostridium thermobutyricum,2026-09-29,1107849,36,0.258405251979286,0,0,False,False,False,False,False,Acholeplasma,2023-2026
GCA_986075335.1,Mycoplasma sp. CAG:472,1262904,PRJEB33885,SAMEA122898305,2026,2026-06-28,missing: third party data,Unknown,Contig,Inconclusive,Oceanotoga teriensis,2026-09-29,1289296,56,0.2517715094128889,4,0,True,False,False,False,True,Mycoplasma,2023-2026
GCA_986093065.1,Mycoplasma sp. CAG:956,1262908,PRJEB33885,SAMEA122920551,2026,2026-06-28,missing: third party data,Unknown,Contig,Inconclusive,na,2026-09-29,1524033,25,0.2699593775200405,0,0,False,False,False,False,False,Mycoplasma,2023-2026
GCA_986099815.1,Mycoplasma sp. CAG:611,1262905,PRJEB33885,SAMEA122922162,2026,2026-06-28,missing: third party data,Unknown,Contig,Inconclusive,Clostridium tarantellae,2026-09-29,939886,39,0.2395896949204478,0,0,False,False,False,False,False,Mycoplasma,2023-2026
GCA_986103685.1,Mycoplasma sp. CAG:611,1262905,PRJEB33885,SAMEA122920596,2026,2026-06-28,missing: third party data,Unknown,Contig,Inconclusive,Oceanivirga salmonicida,2026-09-29,1035119,23,0.2428802871940327,0,0,False,False,False,False,False,Mycoplasma,2023-2026
GCA_986121085.1,Mycoplasma sp. CAG:472,1262904,PRJEB33885,SAMEA122923767,2026,2026-06-28,missing: third party data,Unknown,Contig,Inconclusive,na,2026-09-29,1219857,174,0.2583663494983428,0,0,False,False,False,False,False,Mycoplasma,2023-2026
GCA_986123795.1,Mycoplasma sp. CAG:472,1262904,PRJEB33885,SAMEA122923516,2026,2026-06-28,missing: third party data,Unknown,Contig,Inconclusive,na,2026-09-29,799639,70,0.2504129988657381,0,0,False,False,False,False,False,Mycoplasma,2023-2026
GCA_986126745.1,Mycoplasma sp. CAG:611,1262905,PRJEB33885,SAMEA122921448,2026,2026-06-28,missing: third party data,Unknown,Contig,Inconclusive,Clostridium tarantellae,2026-09-29,949412,70,0.2407289985801738,0,0,False,False,False,False,False,Mycoplasma,2023-2026
GCA_986132455.1,Mycoplasma sp. CAG:956,1262908,PRJEB33885,SAMEA122923110,2026,2026-06-28,missing: third party data,Unknown,Contig,Inconclusive,na,2026-09-29,1498562,29,0.27054669743394,0,0,False,False,False,False,False,Mycoplasma,2023-2026
GCA_986144485.1,Mycoplasma sp. CAG:472,1262904,PRJEB33885,SAMEA122922675,2026,2026-06-28,missing: third party data,Unknown,Contig,Inconclusive,na,2026-09-29,1107614,221,0.2525067397125713,0,0,False,False,False,False,False,Mycoplasma,2023-2026
GCA_988211095.1,Candidatus Izemoplasmatales bacterium,3018265,PRJEB114667,SAMEA123386784,2026,2026-09-03,,Unknown,Contig,Inconclusive,Candidatus Izemoplasma acidinucleici,2026-09-29,1788589,8,0.3289022799536394,0,0,False,False,False,False,False,Izemoplasmatales,2023-2026
GCA_988213905.1,Candidatus Izemoplasmatales bacterium,3018265,PRJEB114667,SAMEA123386901,2026,2026-09-03,,Unknown,Contig,Inconclusive,Candidatus Izemoplasma acidinucleici,2026-09-29,1746061,4,0.3301768953089268,0,0,False,False,False,False,False,Izemoplasmatales,2023-2026
GCA_988214775.1,Candidatus Izemoplasmatales bacterium,3018265,PRJEB114667,SAMEA123387380,2026,2026-09-03,,Unknown,Contig,Inconclusive,Izemobacterium crustae (SeqCode),2026-09-29,1171256,8,0.3180790535971641,0,0,False,False,False,False,False,Izemoplasmatales,2023-2026
